id,CustomerId,Surname,CreditScore,Geography,Gender,Age,Tenure,Balance,NumOfProducts,HasCrCard,IsActiveMember,EstimatedSalary,Exited
6666,15786308,Millar,730,Spain,Female,33.0,8,0.0,2,0.0,0.0,176576.62,0
6667,15629155,Lai,602,Germany,Male,34.0,5,150679.22,2,0.0,0.0,66929.41,0
6668,15765173,Nkemjika,646,Germany,Female,48.0,0,142326.48,1,0.0,0.0,171364.18,1
6669,15591130,Trevisani,684,Spain,Male,30.0,0,0.0,1,0.0,0.0,163830.64,0
6670,15612455,Hunter,426,France,Male,40.0,0,0.0,1,1.0,1.0,82870.75,0
6671,15636595,Loton,757,France,Female,37.0,3,107592.89,1,1.0,0.0,153122.73,0
6672,15608845,Okwudilichukwu,598,France,Male,55.0,1,80926.0,1,1.0,0.0,110112.42,1
6673,15792250,Kao,678,France,Female,32.0,3,0.0,2,1.0,0.0,138871.12,0
6674,15802617,Hudson,697,Spain,Male,33.0,4,115371.94,1,0.0,0.0,64139.1,0
6675,15684519,Yudina,635,France,Female,45.0,9,0.0,1,0.0,1.0,103931.35,1
6676,15672797,Uspensky,635,France,Female,35.0,1,150126.43,1,1.0,0.0,93733.15,0
6677,15579892,Hs?eh,627,Spain,Male,36.0,9,0.0,2,1.0,1.0,122960.86,0
6678,15800811,Cremonesi,703,Spain,Male,33.0,8,0.0,2,1.0,1.0,140893.03,0
6679,15705899,Pardey,550,France,Male,28.0,10,121164.11,1,1.0,1.0,173386.95,0
6680,15736413,John,619,Germany,Female,33.0,8,95900.04,1,1.0,0.0,145567.34,1
6681,15579387,Trevisani,744,France,Female,48.0,1,136855.81,1,0.0,0.0,173386.79,1
6682,15776404,Williamson,598,France,Male,76.0,7,0.0,2,0.0,1.0,124571.09,0
6683,15706394,T'ao,698,Germany,Male,46.0,8,117300.02,1,1.0,1.0,41970.72,1
6684,15652030,Ni,752,France,Female,28.0,3,66220.17,1,1.0,1.0,81485.1,0
6685,15671104,Aksakova,637,Spain,Male,43.0,4,172196.23,1,1.0,1.0,104769.96,0
6686,15718773,Ugochukwu,590,France,Male,56.0,10,0.0,1,1.0,0.0,54487.47,1
6687,15782419,Teng,581,France,Male,31.0,10,0.0,2,1.0,1.0,86510.19,0
6688,15657565,Nnanna,741,France,Male,38.0,9,126873.52,2,0.0,1.0,143980.27,0
6689,15808845,Ritchie,627,France,Female,31.0,3,0.0,1,0.0,1.0,158735.1,0
6690,15718216,Toscani,659,France,Female,54.0,9,145056.31,1,1.0,0.0,184474.12,1
6691,15726153,Hsiung,850,France,Male,26.0,1,0.0,2,0.0,0.0,9551.49,0
6692,15679810,Onyekachi,755,France,Male,22.0,2,139729.8,2,0.0,1.0,121551.08,0
6693,15662865,Tuan,663,France,Male,46.0,8,0.0,2,1.0,0.0,51565.98,0
6694,15785559,Ch'eng,743,France,Male,34.0,4,109003.76,1,1.0,1.0,8814.78,0
6695,15671148,Hsueh,628,France,Male,31.0,2,0.0,2,1.0,1.0,73066.72,0
6696,15786612,Chuang,713,France,Female,33.0,4,119963.88,1,0.0,0.0,159597.28,0
6697,15618258,Udegbulam,733,France,Male,37.0,2,0.0,2,1.0,1.0,91510.62,0
6698,15797389,Hsia,534,Spain,Female,35.0,9,124577.33,1,0.0,1.0,61581.2,0
6699,15799641,Chinweuba,605,Germany,Female,35.0,6,181166.44,2,0.0,1.0,53710.22,0
6700,15622230,Ozerova,696,France,Male,31.0,1,0.0,2,1.0,0.0,52341.15,0
6701,15700650,T'ao,637,Germany,Female,45.0,2,124829.38,1,1.0,0.0,124775.88,1
6702,15676895,Echezonachukwu,685,France,Female,29.0,6,0.0,1,1.0,0.0,50485.8,0
6703,15775294,Weber,692,France,Female,30.0,9,0.0,2,1.0,0.0,91829.17,0
6704,15730137,Udegbulam,639,France,Male,50.0,0,88421.81,1,0.0,0.0,72350.47,0
6705,15660263,Baresi,573,France,Female,41.0,2,0.0,2,1.0,0.0,91673.6,0
6706,15652698,Tien,710,Spain,Female,28.0,1,0.0,2,1.0,0.0,113581.05,0
6707,15787772,Hansen,759,France,Female,38.0,8,94521.17,2,1.0,0.0,194926.86,1
6708,15764409,Smith,711,France,Male,46.0,1,0.0,2,1.0,1.0,56905.08,0
6709,15660301,Dellucci,491,Germany,Male,27.0,8,148745.92,2,1.0,1.0,17818.33,0
6710,15768163,Ozerova,648,France,Female,32.0,1,182781.74,1,0.0,1.0,72849.38,0
6711,15578738,Liao,620,Spain,Female,26.0,3,0.0,1,0.0,0.0,152039.67,0
6712,15579207,Lucciano,705,France,Male,41.0,6,0.0,2,1.0,1.0,123866.43,0
6713,15740104,Yuryeva,727,France,Female,26.0,6,0.0,1,1.0,1.0,172618.52,0
6714,15764431,Hicks,791,Germany,Female,35.0,3,163700.78,1,1.0,1.0,35600.25,0
6715,15618391,Nnaife,565,Germany,Male,52.0,7,125870.5,1,1.0,0.0,180329.83,1
6716,15630106,Lu,652,Germany,Male,22.0,6,117325.53,1,1.0,0.0,143980.28,0
6717,15660101,Lettiere,691,Spain,Male,32.0,7,0.0,2,0.0,0.0,142995.35,0
6718,15582847,Yermakova,662,France,Male,26.0,0,0.0,2,0.0,0.0,72929.96,0
6719,15683522,Y?an,642,France,Male,34.0,6,105229.53,1,1.0,0.0,135925.72,0
6720,15582016,Fiorentini,619,Spain,Female,51.0,3,0.0,1,0.0,0.0,60721.4,1
6721,15613471,Onyemauchechukwu,604,Germany,Male,49.0,9,108716.69,1,1.0,0.0,164835.29,1
6722,15777958,Ch'en,698,Spain,Female,39.0,1,171848.38,1,0.0,0.0,16957.45,1
6723,15649418,Repina,764,Germany,Male,24.0,4,98148.61,1,1.0,0.0,119446.64,1
6724,15779586,Olisaemeka,657,Germany,Female,36.0,1,94047.75,2,1.0,0.0,34749.65,0
6725,15658969,Ukaegbunam,644,France,Male,34.0,7,0.0,1,1.0,0.0,53817.23,0
6726,15764284,Milne,516,France,Female,37.0,8,0.0,2,1.0,1.0,49089.38,0
6727,15773804,Nwankwo,751,Spain,Female,30.0,6,0.0,1,1.0,1.0,184474.74,1
6728,15704861,Hao,615,France,Male,37.0,3,87949.75,1,1.0,1.0,162960.99,0
6729,15668521,Macvitie,648,France,Male,43.0,3,132944.34,1,1.0,0.0,181270.84,1
6730,15576723,Ts'ai,745,France,Female,37.0,7,0.0,2,1.0,1.0,194270.91,0
6731,15798885,Rischbieth,631,Germany,Female,51.0,1,128100.28,1,1.0,0.0,107839.03,1
6732,15813911,Hayes-Williams,705,Germany,Female,38.0,1,115518.07,1,0.0,0.0,76544.9,0
6733,15773869,Onwudiwe,758,France,Male,38.0,3,0.0,2,1.0,1.0,93624.55,0
6734,15745355,Hsia,641,France,Female,33.0,8,0.0,2,0.0,1.0,160586.65,0
6735,15667440,Kao,564,Spain,Male,39.0,2,0.0,2,0.0,1.0,142373.38,0
6736,15806964,Lai,479,France,Male,40.0,2,0.0,2,1.0,0.0,103570.8,0
6737,15704586,Nkemjika,554,France,Male,25.0,2,0.0,2,1.0,1.0,177528.6,0
6738,15722083,Ch'ang,591,Spain,Male,39.0,8,0.0,2,1.0,0.0,42392.24,0
6739,15696744,Thompson,705,France,Female,30.0,5,115625.07,1,1.0,0.0,182528.44,0
6740,15589969,T'ien,679,Spain,Male,32.0,4,0.0,1,1.0,1.0,73066.92,0
6741,15807983,Cattaneo,850,France,Male,61.0,4,0.0,1,1.0,1.0,78899.19,0
6742,15702801,White,569,Spain,Male,34.0,5,0.0,1,1.0,0.0,46811.77,0
6743,15682757,Hsiung,705,France,Female,39.0,5,0.0,2,1.0,0.0,49826.68,0
6744,15701605,O'Brien,573,Spain,Male,40.0,2,0.0,2,1.0,1.0,108419.97,0
6745,15771942,Tsao,658,Germany,Male,50.0,8,93716.72,1,1.0,0.0,171060.01,1
6746,15691369,Nwankwo,587,Spain,Female,33.0,2,0.0,2,1.0,0.0,103902.68,0
6747,15702430,H?,763,Spain,Female,32.0,3,0.0,1,1.0,0.0,71178.09,1
6748,15800062,Trevisano,730,France,Female,37.0,6,0.0,2,1.0,1.0,137058.96,0
6749,15672397,Ozerova,587,France,Female,39.0,4,0.0,1,1.0,0.0,109805.17,1
6750,15674541,Robinson,637,France,Male,40.0,8,125470.81,2,1.0,1.0,174536.17,1
6751,15592999,Fang,683,France,Female,42.0,9,64900.32,1,1.0,1.0,48249.88,0
6752,15682533,Lo,726,France,Female,32.0,5,0.0,1,0.0,0.0,106781.59,0
6753,15633108,Ebelegbulam,733,Spain,Female,45.0,3,102994.04,1,1.0,1.0,158747.42,0
6754,15597594,Chien,704,Germany,Female,43.0,3,127510.88,1,1.0,0.0,163426.68,1
6755,15801630,Yen,576,France,Male,40.0,6,0.0,1,1.0,0.0,173844.89,0
6756,15772030,Yevseyev,633,Germany,Male,41.0,4,141749.74,2,0.0,1.0,90928.02,0
6757,15601503,Iadanza,773,Germany,Female,32.0,7,83348.89,2,1.0,1.0,116816.54,0
6758,15794424,Kuykendall,573,Spain,Male,25.0,9,0.0,2,1.0,1.0,187944.64,0
6759,15603565,Nwankwo,604,Spain,Female,24.0,5,0.0,2,1.0,1.0,70668.77,0
6760,15794468,P'eng,681,France,Male,46.0,8,0.0,2,1.0,1.0,106981.03,0
6761,15740147,Cremonesi,725,France,Female,44.0,7,0.0,1,0.0,0.0,93777.61,0
6762,15683524,Harrison,687,France,Female,27.0,5,0.0,2,0.0,0.0,81753.92,0
6763,15614212,Pagnotto,660,France,Female,36.0,3,0.0,2,1.0,0.0,49594.02,0
6764,15685500,Ch'ien,632,Germany,Male,37.0,2,142882.49,2,1.0,0.0,51871.95,0
6765,15706799,Dickson,683,France,Female,36.0,5,0.0,2,1.0,0.0,160891.7,0
6766,15688860,Mazzanti,554,France,Male,29.0,10,121031.05,1,1.0,0.0,139481.53,0
6767,15732020,Nnanna,638,France,Male,47.0,7,0.0,1,1.0,1.0,105817.37,0
6768,15730059,Milani,642,France,Male,29.0,2,0.0,2,1.0,0.0,97938.59,0
6769,15703588,Hsiung,635,France,Male,58.0,3,0.0,2,1.0,1.0,119817.19,0
6770,15567807,Pirozzi,616,France,Male,30.0,5,87915.73,1,1.0,0.0,162267.28,0
6771,15763274,Milanesi,643,France,Female,32.0,2,0.0,2,1.0,0.0,100304.13,0
6772,15657603,Finch,850,France,Female,35.0,3,81684.97,2,1.0,0.0,824.0,0
6773,15752801,Onyekachukwu,673,France,Male,46.0,7,0.0,2,1.0,1.0,127557.09,0
6774,15793085,Ebelechukwu,705,Spain,Female,46.0,4,0.0,2,1.0,0.0,81406.0,0
6775,15770091,Edwards,684,Germany,Male,28.0,9,160858.13,2,0.0,0.0,27149.27,0
6776,15778526,Ginn,682,France,Female,29.0,3,0.0,2,1.0,1.0,192486.24,0
6777,15595588,Nwoye,562,Spain,Male,38.0,9,0.0,1,1.0,1.0,161253.08,1
6778,15598162,Lo,659,Spain,Male,37.0,2,0.0,2,1.0,1.0,30772.86,0
6779,15772650,H?,696,Spain,Female,40.0,10,0.0,1,1.0,0.0,111421.95,1
6780,15672144,Mao,667,France,Female,38.0,5,144432.04,1,1.0,1.0,73963.17,1
6781,15679963,Okechukwu,644,Spain,Female,36.0,9,0.0,1,1.0,1.0,122925.4,0
6782,15702601,Maclean,682,Spain,Female,39.0,9,0.0,2,1.0,0.0,90977.83,0
6783,15665790,Hsia,727,Germany,Female,38.0,2,116270.72,1,1.0,1.0,110560.16,0
6784,15691785,Buccho,613,Germany,Female,41.0,8,90757.64,1,1.0,1.0,169183.66,0
6785,15699446,Ch'eng,613,France,Female,40.0,1,135216.36,1,1.0,0.0,122266.84,0
6786,15802560,Moran,731,France,Male,41.0,8,140576.11,2,1.0,0.0,116971.05,1
6787,15743714,Genovesi,682,Spain,Female,36.0,2,0.0,2,1.0,1.0,26920.43,0
6788,15786389,Chuang,635,Spain,Female,41.0,10,106089.2,3,1.0,1.0,86587.37,1
6789,15715184,Omeokachie,652,France,Female,35.0,7,0.0,2,0.0,0.0,68730.91,0
6790,15649744,Folliero,646,France,Male,32.0,3,0.0,1,0.0,0.0,125710.53,0
6791,15705001,Milne,775,Germany,Female,47.0,8,143595.87,1,1.0,1.0,83617.51,0
6792,15674916,L?,670,France,Female,41.0,8,0.0,1,1.0,0.0,80435.16,1
6793,15589715,Fulks,584,France,Female,66.0,2,0.0,1,1.0,1.0,49553.38,0
6794,15731865,Tuan,681,Germany,Female,34.0,4,137712.01,1,1.0,0.0,103945.58,0
6795,15569410,Aitken,687,Spain,Male,43.0,6,86542.48,2,0.0,1.0,164741.15,0
6796,15600708,Calabresi,640,Spain,Female,34.0,1,0.0,1,1.0,0.0,168544.85,1
6797,15671165,Bibi,807,Spain,Female,37.0,9,0.0,2,1.0,0.0,103372.79,0
6798,15631451,Chukwukadibia,816,Spain,Male,22.0,0,0.0,2,1.0,0.0,121210.09,0
6799,15685500,Smith,644,Germany,Female,41.0,7,120875.15,2,0.0,0.0,92840.21,0
6800,15705403,Seleznyova,682,Germany,Female,52.0,4,106521.49,1,0.0,1.0,86587.37,1
6801,15809558,Lo,678,France,Female,54.0,7,0.0,1,1.0,0.0,51919.71,1
6802,15580149,Ch'ang,596,Germany,Female,42.0,1,121525.5,1,1.0,1.0,140553.53,1
6803,15812073,Lettiere,807,Spain,Female,37.0,5,0.0,2,1.0,0.0,71862.79,0
6804,15750776,Pinto,678,France,Male,32.0,6,0.0,2,1.0,1.0,130173.39,0
6805,15696043,Olisaemeka,591,Spain,Male,31.0,8,0.0,1,1.0,1.0,87413.42,0
6806,15604158,Smith,554,France,Male,28.0,10,0.0,2,1.0,0.0,18391.93,0
6807,15656717,Madueke,773,Spain,Male,42.0,8,0.0,2,1.0,1.0,162760.96,0
6808,15604782,Ugochukwu,774,Spain,Male,37.0,0,0.0,2,1.0,1.0,138344.7,0
6809,15756471,Pirozzi,711,France,Female,30.0,7,0.0,2,1.0,1.0,134599.53,0
6810,15728709,Lai,525,France,Male,42.0,1,115463.16,1,1.0,0.0,114448.89,0
6811,15672481,Kelly,600,Germany,Male,67.0,2,141428.99,1,1.0,1.0,136934.91,0
6812,15678725,Fennell,683,France,Female,39.0,4,0.0,1,1.0,1.0,77965.44,0
6813,15677946,Clements,547,Spain,Male,33.0,3,133964.4,1,1.0,0.0,187946.55,0
6814,15761600,Uwakwe,596,France,Male,52.0,6,0.0,2,1.0,0.0,105746.94,0
6815,15593496,Teng,561,France,Female,49.0,9,0.0,1,1.0,0.0,167778.98,1
6816,15710315,Chukwukadibia,681,Germany,Male,41.0,1,146202.93,2,1.0,1.0,93783.0,0
6817,15602500,Maslova,667,Spain,Male,29.0,1,146343.98,1,0.0,1.0,103902.11,0
6818,15610903,Manna,575,Spain,Female,38.0,9,0.0,2,1.0,0.0,140857.82,0
6819,15587640,White,850,France,Male,39.0,9,96863.13,1,0.0,1.0,121681.19,0
6820,15793813,Ch'ien,526,France,Male,28.0,6,0.0,1,0.0,0.0,61569.07,1
6821,15790599,Ts'ao,619,Spain,Female,33.0,5,115766.71,1,1.0,0.0,56791.92,0
6822,15781678,Palermo,622,Spain,Male,40.0,7,0.0,2,1.0,0.0,85522.84,0
6823,15797748,Zito,586,France,Female,53.0,4,113672.18,1,0.0,0.0,182775.08,1
6824,15591257,Liao,725,Germany,Female,24.0,0,143330.56,1,1.0,1.0,113810.12,0
6825,15752956,Stanley,629,France,Male,30.0,6,0.0,1,1.0,1.0,88842.8,0
6826,15570076,Tsao,646,Germany,Female,35.0,8,114318.41,1,1.0,1.0,44214.81,0
6827,15603065,Lai,582,France,Male,44.0,0,95853.39,1,0.0,1.0,140130.22,0
6828,15660155,Lorenzo,792,France,Female,36.0,5,92140.15,2,1.0,0.0,67468.67,1
6829,15721937,Romilly,686,France,Male,38.0,0,138131.34,2,0.0,1.0,115927.85,0
6830,15763274,Ch'in,661,Germany,Male,48.0,3,120320.54,1,0.0,0.0,96463.25,1
6831,15674929,Ch'ien,545,France,Male,37.0,2,126811.71,1,1.0,1.0,132498.59,0
6832,15798964,Nkemakolam,714,France,Male,35.0,1,35016.6,2,1.0,0.0,53667.08,0
6833,15614049,Martin,782,France,Male,52.0,1,81571.05,1,1.0,1.0,182960.46,0
6834,15611371,McElhone,626,France,Male,29.0,0,0.0,2,1.0,1.0,52856.88,0
6835,15693199,Shao,739,France,Male,39.0,8,114415.84,1,1.0,0.0,191557.1,1
6836,15581748,Ndubueze,605,Spain,Male,30.0,4,0.0,2,1.0,1.0,49826.68,0
6837,15651581,Bischof,746,Germany,Male,28.0,6,127122.79,2,1.0,1.0,183868.01,0
6838,15790750,Lucchesi,749,France,Male,37.0,6,0.0,2,0.0,1.0,116944.3,0
6839,15633866,Hsia,850,France,Male,26.0,8,0.0,2,1.0,0.0,27308.74,0
6840,15772573,Simpson,745,Spain,Male,55.0,2,0.0,2,0.0,1.0,163516.16,0
6841,15616954,Kambinachi,716,France,Female,60.0,5,0.0,1,1.0,0.0,175235.99,1
6842,15590810,Mazzanti,749,Germany,Female,44.0,1,123845.56,1,1.0,1.0,59905.29,1
6843,15766137,Hsiung,634,France,Female,25.0,8,0.0,2,1.0,0.0,93769.89,0
6844,15699384,Zikoranachidimma,653,Germany,Male,57.0,0,104789.52,1,1.0,0.0,119996.64,0
6845,15700801,Nnanna,746,France,Male,41.0,6,0.0,2,1.0,0.0,63736.17,0
6846,15621893,Bellucci,754,France,Male,18.0,7,133550.67,1,1.0,1.0,46941.41,0
6847,15796958,Lahti,592,France,Male,43.0,2,0.0,2,1.0,1.0,172930.28,0
6848,15781598,K?,616,France,Male,37.0,3,0.0,2,1.0,0.0,81898.81,0
6849,15742632,Hargreaves,619,France,Female,43.0,7,0.0,1,1.0,0.0,96881.97,1
6850,15694765,Ch'eng,678,France,Female,29.0,6,0.0,2,1.0,0.0,4493.12,0
6851,15737026,Brownlow,628,France,Male,36.0,10,0.0,1,0.0,1.0,170122.66,0
6852,15681180,Onyemauchechukwu,676,France,Male,34.0,10,0.0,2,0.0,0.0,147081.29,0
6853,15761364,Nkemjika,576,France,Male,30.0,7,65643.3,1,1.0,0.0,157871.55,0
6854,15629279,Tipton,685,Germany,Female,42.0,9,108477.49,2,1.0,0.0,112771.95,0
6855,15690958,Cantrell,575,Germany,Male,23.0,2,139542.82,1,1.0,1.0,28038.28,0
6856,15791958,Biryukov,724,France,Male,49.0,4,0.0,2,0.0,0.0,132418.19,0
6857,15698664,Liang,543,France,Female,42.0,6,59486.31,2,1.0,0.0,162858.29,0
6858,15622122,Aitken,687,France,Male,35.0,8,0.0,2,1.0,0.0,166957.95,0
6859,15590213,Chiedozie,652,France,Male,40.0,7,0.0,2,1.0,1.0,34702.92,0
6860,15696361,Parkin,536,France,Female,54.0,2,0.0,1,0.0,0.0,121299.14,0
6861,15659399,Hsueh,743,France,Female,32.0,8,0.0,2,1.0,1.0,93717.07,0
6862,15750602,Hixson,526,Germany,Female,46.0,9,125155.84,1,1.0,1.0,69291.84,0
6863,15690670,Ni,717,France,Female,40.0,4,0.0,2,0.0,1.0,80618.47,0
6864,15669922,Cattaneo,759,Spain,Male,30.0,2,128393.29,1,1.0,1.0,180593.45,0
6865,15749964,Tien,645,France,Female,36.0,9,0.0,2,1.0,1.0,129964.67,0
6866,15664808,Pisano,591,France,Male,39.0,4,0.0,1,1.0,0.0,82709.8,0
6867,15589428,Manners,544,Spain,Male,72.0,6,83549.79,1,1.0,1.0,136035.82,0
6868,15640953,Bligh,611,France,Male,26.0,4,152212.88,1,1.0,0.0,120219.14,0
6869,15750181,Chukwujamuike,769,Germany,Male,29.0,9,149814.54,1,1.0,1.0,10598.29,1
6870,15801351,Dickson,685,France,Female,40.0,2,0.0,2,1.0,0.0,125830.97,0
6871,15672945,Hsueh,704,Spain,Female,36.0,4,99842.5,1,1.0,0.0,79577.4,0
6872,15683363,Goddard,743,France,Male,32.0,9,0.0,1,1.0,0.0,142680.64,0
6873,15665766,Chiu,571,France,Female,38.0,6,127421.84,1,1.0,0.0,183572.39,0
6874,15776047,Nicholls,620,France,Female,34.0,3,0.0,1,1.0,1.0,153392.28,0
6875,15706799,Pirozzi,756,France,Male,28.0,3,0.0,2,1.0,0.0,114522.68,0
6876,15686611,Yobanna,721,France,Male,36.0,7,0.0,2,1.0,0.0,163516.16,0
6877,15772363,Hilton,772,Germany,Male,33.0,0,101979.16,1,1.0,0.0,90928.48,1
6878,15763415,Hsia,597,Germany,Female,54.0,8,114450.19,1,1.0,0.0,71249.29,1
6879,15730059,Hsia,516,Spain,Female,35.0,3,0.0,2,0.0,1.0,161453.33,0
6880,15603925,Young,644,France,Female,38.0,3,0.0,2,1.0,0.0,81603.5,0
6881,15683562,Udokamma,676,France,Female,28.0,9,0.0,2,1.0,1.0,91036.08,0
6882,15661903,Hsia,699,France,Female,43.0,3,0.0,2,1.0,0.0,199378.58,0
6883,15770811,Wallace,519,France,Male,31.0,9,0.0,2,0.0,1.0,145562.4,0
6884,15787602,Bellucci,701,France,Female,35.0,9,115725.24,2,1.0,0.0,172668.39,0
6885,15637476,Alexandrova,583,Germany,Male,57.0,9,124548.99,2,0.0,0.0,9221.78,0
6886,15576263,Cheng,683,Spain,Male,47.0,4,0.0,2,1.0,0.0,33823.5,1
6887,15690130,Wyatt,638,France,Female,32.0,1,0.0,2,0.0,1.0,198766.61,1
6888,15680346,Ts'ui,686,France,Female,46.0,3,0.0,1,1.0,1.0,93835.52,1
6889,15798084,Nnanna,682,France,Male,31.0,6,0.0,1,1.0,0.0,88837.15,0
6890,15674811,Ting,667,France,Male,41.0,3,66840.15,1,1.0,1.0,87834.41,0
6891,15812850,Stradford,494,France,Male,67.0,5,0.0,2,1.0,0.0,85890.16,0
6892,15723488,Okwudiliolisa,662,France,Male,31.0,4,0.0,2,0.0,1.0,58632.53,0
6893,15734588,Brownless,595,France,Male,38.0,9,93320.94,1,1.0,1.0,134888.54,0
6894,15774796,Genovese,591,France,Male,46.0,4,64897.45,1,1.0,0.0,105986.01,0
6895,15692234,Y?an,709,France,Male,31.0,4,0.0,2,1.0,1.0,60737.47,0
6896,15758073,Cunningham,595,Spain,Male,35.0,8,0.0,1,0.0,1.0,100015.79,0
6897,15717191,Chia,792,Germany,Male,39.0,8,127785.39,1,1.0,0.0,152290.59,0
6898,15615091,Lucciano,706,Spain,Female,32.0,1,0.0,1,1.0,0.0,160574.09,0
6899,15698510,Fan,696,Germany,Male,44.0,4,119499.42,1,1.0,0.0,174027.3,1
6900,15629985,Scott,726,Spain,Male,31.0,9,0.0,2,1.0,1.0,53313.21,0
6901,15688095,Nwokezuike,752,France,Female,41.0,10,0.0,1,0.0,0.0,123662.0,1
6902,15751203,Mazzi,624,France,Male,25.0,8,0.0,2,1.0,0.0,182528.59,0
6903,15758025,Ts'ai,657,Germany,Female,58.0,9,126384.42,1,1.0,0.0,179175.79,1
6904,15583371,McGregor,735,France,Male,30.0,7,0.0,1,0.0,1.0,40320.3,0
6905,15586517,Nwabugwu,659,France,Female,35.0,2,132835.56,1,1.0,1.0,57553.62,0
6906,15781554,McGregor,583,Germany,Male,37.0,2,123537.28,1,1.0,0.0,182065.65,1
6907,15643496,Hs?,725,Spain,Male,31.0,6,0.0,2,1.0,0.0,131924.38,0
6908,15693893,Davis,625,Germany,Male,59.0,9,122451.46,2,1.0,1.0,15807.07,0
6909,15691624,Onwuamaeze,694,France,Female,31.0,1,94222.53,1,0.0,1.0,74835.65,0
6910,15741417,Rossi,624,France,Male,34.0,3,0.0,2,0.0,0.0,163667.56,0
6911,15572390,Ch'in,551,Germany,Female,32.0,9,81287.18,1,0.0,0.0,59961.97,1
6912,15742854,Liao,585,Spain,Male,38.0,1,0.0,2,0.0,0.0,189992.97,0
6913,15726103,T'ao,662,France,Male,43.0,1,0.0,2,1.0,0.0,105599.67,0
6914,15718245,Pirozzi,757,France,Male,44.0,2,145618.37,2,0.0,0.0,86414.41,0
6915,15572778,Walker,645,France,Female,38.0,9,0.0,2,1.0,1.0,125877.83,0
6916,15778481,Hsia,579,France,Female,58.0,6,112211.61,1,1.0,1.0,24472.23,0
6917,15710404,Tsao,607,Spain,Male,30.0,1,0.0,1,1.0,1.0,183490.99,0
6918,15658067,Ts'ai,706,Germany,Male,36.0,6,174851.9,2,0.0,1.0,82951.12,0
6919,15802869,Ball,737,Germany,Female,46.0,2,99169.67,2,1.0,0.0,78650.95,1
6920,15601169,Chubb,583,France,Male,37.0,10,0.0,1,1.0,0.0,13018.96,0
6921,15649420,White,512,France,Male,39.0,6,93920.47,2,1.0,0.0,27231.26,0
6922,15689268,Fitzpatrick,595,Germany,Male,36.0,9,0.0,1,1.0,1.0,105818.51,0
6923,15681675,T'ao,677,France,Male,59.0,0,129824.28,1,1.0,1.0,105592.28,0
6924,15635141,Chidi,491,France,Male,26.0,7,0.0,2,1.0,0.0,187800.61,0
6925,15763613,Onyemauchechukwu,778,France,Female,29.0,7,0.0,2,0.0,1.0,127587.22,0
6926,15749489,Defalco,672,France,Female,44.0,8,0.0,2,1.0,1.0,154639.72,0
6927,15702377,Knorr,788,Spain,Male,48.0,1,0.0,2,1.0,1.0,78899.22,0
6928,15668057,Cattaneo,821,Spain,Male,42.0,4,0.0,3,1.0,0.0,183491.11,0
6929,15765257,Chukwudi,652,France,Male,39.0,2,91219.07,1,1.0,0.0,82419.07,0
6930,15612103,Oguejiofor,627,Germany,Female,35.0,7,109632.85,2,1.0,1.0,16149.13,0
6931,15692406,Liao,571,Spain,Male,38.0,3,0.0,2,0.0,1.0,104469.06,0
6932,15696733,Chinedum,706,Germany,Male,39.0,9,147531.82,1,1.0,0.0,64345.61,0
6933,15806360,Fanucci,762,France,Male,31.0,0,0.0,2,1.0,0.0,62232.6,0
6934,15743538,Pickering,744,France,Female,34.0,8,0.0,2,1.0,0.0,20081.3,0
6935,15658890,Nnachetam,509,Germany,Male,55.0,4,103902.52,1,1.0,0.0,120830.83,1
6936,15690169,Niu,850,France,Female,54.0,2,0.0,2,1.0,0.0,160976.85,1
6937,15744582,Goddard,612,France,Female,46.0,5,0.0,2,1.0,0.0,156868.21,0
6938,15731543,Milne,756,France,Male,35.0,1,0.0,1,1.0,0.0,116848.52,0
6939,15605293,McKay,559,Spain,Male,43.0,0,0.0,1,0.0,1.0,196645.87,1
6940,15576683,Trevisano,695,France,Male,43.0,5,0.0,2,0.0,1.0,125870.5,0
6941,15602405,Chinedum,633,Spain,Male,32.0,3,105728.98,1,1.0,0.0,72350.47,0
6942,15707696,Galkin,779,France,Male,38.0,5,0.0,2,0.0,0.0,82975.25,0
6943,15757837,King,778,Germany,Female,35.0,5,148088.11,2,0.0,1.0,53949.98,0
6944,15812534,Chiemenam,455,France,Male,40.0,5,0.0,3,0.0,1.0,129975.34,0
6945,15793679,Liao,705,France,Male,37.0,4,0.0,2,1.0,0.0,50454.4,0
6946,15681671,T'ien,577,France,Male,61.0,8,0.0,2,1.0,1.0,102628.98,0
6947,15593128,Vinogradoff,608,France,Female,40.0,10,129255.2,2,1.0,0.0,142492.04,0
6948,15791174,Nwankwo,705,Germany,Female,51.0,1,102730.17,1,0.0,1.0,91561.96,1
6949,15731829,Folliero,706,France,Male,40.0,9,106344.73,1,1.0,1.0,62449.07,0
6950,15806923,Martin,773,Spain,Male,27.0,8,0.0,1,0.0,0.0,114722.15,0
6951,15588614,Walton,671,Spain,Female,56.0,8,0.0,1,1.0,1.0,94820.85,0
6952,15659325,Scott,696,France,Male,41.0,3,0.0,2,1.0,0.0,70778.63,0
6953,15585067,Ibezimako,699,France,Male,37.0,9,0.0,1,1.0,1.0,180712.44,0
6954,15761076,Kao,597,Spain,Male,38.0,7,0.0,2,1.0,0.0,1843.24,0
6955,15697318,Uspenskaya,669,Spain,Male,32.0,4,0.0,2,1.0,1.0,48849.89,0
6956,15593949,Tsao,561,Spain,Male,33.0,3,0.0,2,1.0,0.0,94003.11,0
6957,15738220,Toscani,706,France,Female,38.0,8,0.0,2,0.0,0.0,79637.35,0
6958,15667620,Dreyer,732,France,Female,43.0,6,0.0,2,1.0,1.0,65731.53,0
6959,15661827,Brown,850,Spain,Female,49.0,4,0.0,2,1.0,1.0,26589.56,0
6960,15772909,Nwokezuike,756,France,Male,35.0,1,0.0,2,1.0,0.0,168820.17,0
6961,15651958,Giles,655,France,Male,27.0,5,0.0,2,1.0,0.0,157932.75,0
6962,15798846,Manna,568,France,Male,36.0,6,0.0,1,1.0,0.0,142670.58,0
6963,15604044,Mitchell,604,France,Female,30.0,0,134811.3,2,1.0,0.0,1299.75,0
6964,15570859,Fanucci,521,France,Female,45.0,9,0.0,2,1.0,1.0,161241.65,0
6965,15759874,Iadanza,731,France,Male,32.0,1,0.0,2,1.0,0.0,67578.62,0
6966,15784124,Emenike,494,Germany,Male,25.0,2,93925.3,1,1.0,1.0,123982.14,0
6967,15593496,Ruse,659,Spain,Male,37.0,9,115895.22,1,1.0,1.0,1795.93,0
6968,15792489,Polyakova,675,Spain,Male,38.0,9,0.0,2,1.0,0.0,119969.99,0
6969,15770041,Manna,592,Spain,Female,31.0,0,128412.61,1,1.0,1.0,139024.31,0
6970,15793811,Kao,669,France,Male,27.0,5,0.0,2,1.0,0.0,163587.9,0
6971,15612465,Siciliano,684,Spain,Male,34.0,9,100628.0,2,1.0,1.0,190263.78,1
6972,15650018,Ch'eng,714,Germany,Male,47.0,1,101827.51,1,1.0,0.0,146652.01,1
6973,15773723,Longo,579,Spain,Female,23.0,2,53299.96,1,1.0,1.0,163534.75,0
6974,15597536,Nkemjika,576,Spain,Male,30.0,5,133618.01,1,0.0,0.0,135244.87,0
6975,15593679,T'ien,588,Spain,Female,37.0,2,0.0,2,1.0,1.0,72930.17,0
6976,15664539,Bruce,709,Spain,Male,35.0,9,61172.04,1,0.0,0.0,82951.12,0
6977,15696552,Chiagoziem,846,Spain,Male,33.0,9,0.0,2,1.0,0.0,93524.19,0
6978,15804075,Quinn,740,France,Male,43.0,9,0.0,1,0.0,0.0,96528.0,0
6979,15809999,Gordon,709,France,Female,67.0,3,150300.65,1,1.0,0.0,71672.86,1
6980,15702488,Macleod,648,France,Female,30.0,3,0.0,2,1.0,0.0,162865.48,0
6981,15623478,Maslova,676,Germany,Female,36.0,2,131753.41,1,1.0,1.0,134942.45,0
6982,15664539,Bruce,683,Spain,Male,35.0,9,0.0,1,0.0,0.0,82951.12,1
6983,15657439,Donaldson,738,France,Male,18.0,5,0.0,1,1.0,1.0,47799.15,0
6984,15760521,Thompson,796,France,Female,49.0,1,94164.0,1,1.0,0.0,189414.74,0
6985,15687421,Highland,611,France,Male,67.0,9,125919.35,2,1.0,1.0,175910.95,0
6986,15593969,Hargreaves,684,France,Male,36.0,6,0.0,1,1.0,1.0,183542.08,0
6987,15727291,Okwuadigbo,732,Spain,Male,69.0,6,0.0,1,1.0,0.0,131501.59,1
6988,15633043,Fedorova,545,Spain,Female,39.0,6,0.0,1,1.0,0.0,38410.74,0
6989,15667588,Arcuri,724,Spain,Female,32.0,5,0.0,1,1.0,0.0,182650.15,0
6990,15592926,Yevseyev,687,France,Male,39.0,8,0.0,2,1.0,0.0,72876.64,0
6991,15804516,Builder,549,France,Male,38.0,2,0.0,1,0.0,0.0,79915.28,0
6992,15797767,Iadanza,673,Spain,Male,38.0,8,0.0,2,1.0,1.0,83700.66,0
6993,15804787,Ndukaku,644,Germany,Male,32.0,2,134936.05,1,0.0,1.0,187905.85,0
6994,15583049,Ndubueze,724,France,Male,38.0,6,0.0,1,0.0,1.0,80120.19,0
6995,15706463,Yang,597,France,Female,36.0,9,0.0,2,1.0,0.0,7156.09,0
6996,15566594,Dreyer,615,France,Female,25.0,9,116324.36,1,1.0,0.0,166513.11,0
6997,15691828,Uchenna,679,Germany,Male,25.0,6,97624.04,2,1.0,0.0,131300.24,0
6998,15685300,Yevdokimova,683,Germany,Male,30.0,3,128306.7,2,0.0,0.0,103832.58,0
6999,15803977,Obiajulu,627,Spain,Male,28.0,2,0.0,2,1.0,0.0,92815.85,0
7000,15696588,Ibezimako,669,Spain,Female,34.0,8,0.0,1,1.0,0.0,160979.66,0
7001,15676526,Hs?,616,France,Male,32.0,1,0.0,1,1.0,1.0,172576.43,0
7002,15714006,Kao,544,Spain,Female,59.0,5,0.0,1,1.0,1.0,44731.8,1
7003,15589435,Nnaife,756,France,Male,29.0,4,0.0,2,0.0,0.0,134769.31,0
7004,15618243,Yefremova,637,Spain,Female,31.0,2,0.0,2,1.0,1.0,103944.37,0
7005,15630466,Maclean,797,France,Male,45.0,9,0.0,2,0.0,1.0,125110.02,0
7006,15681757,Calabresi,827,France,Male,28.0,6,0.0,2,1.0,1.0,145586.41,0
7007,15677712,Ch'iu,573,Germany,Female,36.0,1,111743.6,2,1.0,0.0,52851.27,0
7008,15669994,Greece,651,Germany,Male,31.0,1,128663.81,2,1.0,1.0,121555.51,0
7009,15680303,Tien,683,France,Male,31.0,5,0.0,1,1.0,0.0,48260.72,0
7010,15763381,Chukwudi,748,Spain,Male,40.0,8,130878.81,1,1.0,0.0,123881.49,0
7011,15582229,Walker,594,France,Female,34.0,7,0.0,2,1.0,1.0,28461.29,0
7012,15658768,Zaytseva,627,France,Male,42.0,2,0.0,2,1.0,0.0,71139.31,0
7013,15697597,Lucchese,588,France,Male,23.0,7,127864.4,1,0.0,0.0,132973.17,0
7014,15722090,Cameron,607,Germany,Male,41.0,3,98365.33,2,1.0,0.0,114514.64,0
7015,15744240,Shen,688,Germany,Female,46.0,0,74458.25,1,0.0,0.0,6866.31,1
7016,15594898,King,599,France,Male,37.0,2,0.0,2,1.0,1.0,143739.29,0
7017,15713604,Rossi,425,Germany,Male,37.0,2,166776.6,2,0.0,1.0,172646.88,0
7018,15806822,Myers,668,France,Female,36.0,0,0.0,1,1.0,1.0,133465.57,0
7019,15772412,Corser,554,Spain,Male,30.0,6,135370.12,1,1.0,1.0,179689.05,0
7020,15614168,Nwachinemelu,704,France,Female,48.0,1,93817.3,2,1.0,0.0,89520.75,0
7021,15757827,Loyau,634,France,Male,34.0,3,0.0,2,1.0,1.0,139431.0,0
7022,15690620,Fiorentino,635,France,Male,31.0,7,108867.0,1,1.0,1.0,91025.78,0
7023,15588923,T'ien,593,Germany,Female,29.0,3,129980.72,1,1.0,0.0,145700.22,1
7024,15575409,Mironova,850,France,Male,40.0,7,0.0,2,0.0,1.0,120853.83,0
7025,15638884,Milanesi,741,France,Male,23.0,5,0.0,2,1.0,1.0,131628.71,0
7026,15808930,Cremonesi,495,France,Female,32.0,1,0.0,1,0.0,0.0,119782.89,0
7027,15702601,Teng,652,France,Female,34.0,2,0.0,2,1.0,1.0,176692.02,0
7028,15721457,Dancy,717,France,Male,44.0,6,0.0,2,1.0,0.0,176692.81,0
7029,15801125,Kegley,554,France,Female,32.0,1,0.0,1,0.0,0.0,106851.7,0
7030,15720463,Ts'ui,676,Germany,Female,39.0,1,122501.23,1,1.0,0.0,80553.92,1
7031,15601184,Abramovich,604,Spain,Female,26.0,2,0.0,2,1.0,0.0,155248.62,0
7032,15728693,Pagnotto,526,France,Female,30.0,1,0.0,2,1.0,0.0,74965.9,0
7033,15655389,Leckie,512,France,Male,37.0,6,155726.85,1,1.0,0.0,88890.05,0
7034,15622528,Fetherstonhaugh,586,Spain,Male,33.0,4,106570.39,1,0.0,1.0,143621.48,0
7035,15623966,Yermakov,578,France,Female,26.0,2,103219.47,1,0.0,1.0,26389.92,0
7036,15606861,Teng,586,Germany,Male,47.0,1,121798.87,1,0.0,0.0,141449.31,0
7037,15645095,Folliero,635,France,Male,34.0,4,131355.76,1,1.0,0.0,172448.92,0
7038,15707479,Zaytseva,775,Spain,Male,40.0,8,0.0,2,1.0,0.0,152499.7,0
7039,15787519,Okwudiliolisa,807,Spain,Female,37.0,5,129937.87,1,0.0,0.0,115733.48,0
7040,15745001,Purdy,714,France,Male,22.0,5,131607.33,1,1.0,0.0,88866.85,0
7041,15767391,Okwudiliolisa,671,France,Female,30.0,7,0.0,2,1.0,1.0,129964.99,0
7042,15701555,Maclean,710,France,Female,21.0,2,0.0,2,1.0,1.0,163477.22,0
7043,15716609,White,588,France,Male,31.0,2,0.0,2,0.0,0.0,105780.18,0
7044,15773854,Fiorentini,748,France,Female,40.0,5,0.0,1,1.0,0.0,83342.73,1
7045,15813095,Genovese,685,France,Male,23.0,8,147307.98,2,1.0,0.0,175544.02,0
7046,15781989,Miah,714,France,Female,35.0,4,125169.26,1,1.0,0.0,121207.66,0
7047,15680399,Tung,507,France,Female,28.0,2,0.0,2,1.0,0.0,18364.19,0
7048,15751771,Ch'ang,689,France,Male,38.0,1,138521.49,1,1.0,1.0,71865.31,0
7049,15589480,O'Donnell,727,Spain,Male,32.0,2,0.0,2,1.0,1.0,143831.55,0
7050,15596972,Ch'ien,747,France,Male,23.0,0,134542.73,1,1.0,1.0,163746.09,0
7051,15652615,P'eng,650,Spain,Male,37.0,7,101528.61,1,0.0,1.0,161802.82,0
7052,15603914,McClinton,703,Spain,Male,34.0,1,0.0,1,0.0,0.0,142903.44,0
7053,15672028,Trevisani,660,France,Female,33.0,8,123845.08,1,1.0,0.0,113046.81,0
7054,15747542,Perez,604,Spain,Female,35.0,7,0.0,2,1.0,1.0,121151.46,0
7055,15571867,White,578,Germany,Male,39.0,7,122785.17,2,1.0,0.0,50777.37,0
7056,15584532,Shao,604,France,Female,36.0,8,0.0,1,1.0,0.0,42085.58,1
7057,15612109,Hao,652,Germany,Male,43.0,8,105473.74,1,1.0,1.0,50839.17,0
7058,15792575,K'ung,509,France,Female,44.0,6,0.0,2,0.0,0.0,182270.27,0
7059,15634491,Martin,691,France,Female,34.0,10,0.0,2,1.0,0.0,143837.56,0
7060,15743007,Seabrook,708,France,Male,44.0,4,0.0,1,1.0,0.0,60917.24,0
7061,15646594,Nwachinemelu,535,France,Male,40.0,7,0.0,2,0.0,0.0,86734.91,0
7062,15667417,Tao,537,France,Male,33.0,7,68193.72,1,1.0,0.0,19998.31,0
7063,15738220,Lettiere,556,Spain,Female,38.0,8,0.0,2,1.0,0.0,151802.82,0
7064,15763063,Hs?,633,France,Male,45.0,7,0.0,2,1.0,0.0,61792.33,0
7065,15762532,Genovesi,669,France,Male,33.0,2,0.0,2,1.0,0.0,162697.93,0
7066,15668853,Tuan,754,Spain,Female,30.0,3,108128.82,1,1.0,1.0,59351.79,0
7067,15679024,Clements,628,France,Female,39.0,2,0.0,1,1.0,1.0,123882.73,0
7068,15798960,O'Brien,728,France,Female,39.0,1,0.0,1,1.0,0.0,182270.25,1
7069,15662494,Genovese,563,France,Female,70.0,7,128135.99,1,0.0,0.0,170819.01,1
7070,15794874,Okwuadigbo,694,France,Female,33.0,7,0.0,2,1.0,0.0,112572.02,0
7071,15772996,Rooke,659,Germany,Male,42.0,0,152092.44,2,1.0,0.0,83508.93,1
7072,15701392,Genovese,809,France,Male,40.0,7,0.0,2,1.0,1.0,88890.05,0
7073,15746804,Macdonald,578,France,Female,34.0,1,124577.33,1,0.0,1.0,156660.21,0
7074,15728362,Chien,712,France,Male,33.0,4,132623.6,1,0.0,0.0,154844.22,0
7075,15668058,Chinwendu,661,Germany,Male,35.0,6,124098.54,1,1.0,0.0,86678.48,0
7076,15594762,Mazzi,756,Spain,Male,33.0,8,0.0,2,1.0,0.0,157791.06,0
7077,15654020,Shih,684,France,Male,36.0,7,0.0,1,0.0,0.0,176984.01,0
7078,15611551,Castiglione,629,Spain,Male,26.0,1,109958.15,1,1.0,0.0,120819.58,1
7079,15668767,Lo Duca,733,France,Male,33.0,6,0.0,2,1.0,1.0,123587.93,0
7080,15761076,Macleod,810,France,Male,30.0,8,120879.73,2,1.0,1.0,64511.44,0
7081,15570051,Chiu,614,Spain,Male,37.0,9,0.0,2,1.0,1.0,47775.84,0
7082,15627830,Ts'ai,642,Spain,Male,26.0,10,0.0,2,1.0,1.0,36122.96,0
7083,15800793,St Clair,477,Germany,Female,40.0,4,95858.37,2,0.0,1.0,185853.51,0
7084,15600912,Richards,719,Spain,Female,42.0,1,0.0,2,0.0,1.0,103182.46,0
7085,15614034,Martin,607,Germany,Male,25.0,1,164523.5,2,1.0,1.0,35786.76,0
7086,15684592,Clements,651,Spain,Male,63.0,8,136258.06,1,1.0,0.0,67029.82,1
7087,15658971,Chukwukere,596,France,Female,38.0,3,117451.36,1,0.0,1.0,85521.84,1
7088,15672977,Mault,641,Germany,Male,25.0,10,144244.84,2,1.0,0.0,140800.86,0
7089,15789097,Keeley,644,France,Male,48.0,8,0.0,2,1.0,0.0,44965.44,0
7090,15616168,Lappin,615,France,Female,38.0,2,0.0,1,0.0,0.0,79886.04,0
7091,15687913,Landry,501,France,Female,33.0,6,131240.61,1,1.0,1.0,199805.63,0
7092,15634267,Yudin,434,Germany,Male,42.0,5,92616.64,2,1.0,0.0,172618.52,1
7093,15693906,Yobachukwu,667,France,Male,34.0,5,0.0,2,1.0,0.0,82722.52,0
7094,15772363,Hilton,772,Germany,Female,42.0,1,101979.16,1,1.0,0.0,90928.48,1
7095,15775797,Esposito,607,Spain,Female,32.0,7,0.0,3,1.0,1.0,10674.62,0
7096,15596575,Rowntree,623,Germany,Male,39.0,7,92805.72,1,1.0,0.0,113868.4,0
7097,15783882,Daly,771,Spain,Female,41.0,5,0.0,2,1.0,0.0,92914.67,0
7098,15802274,Hsieh,613,France,Female,31.0,8,0.0,2,1.0,1.0,109496.64,0
7099,15686696,Brown,817,France,Female,35.0,7,81070.34,2,0.0,0.0,80985.88,0
7100,15698324,Azikiwe,646,France,Female,33.0,4,0.0,1,1.0,1.0,61937.6,0
7101,15591743,Sun,554,France,Male,35.0,5,0.0,2,0.0,1.0,115115.32,0
7102,15776725,Kerr,724,Germany,Male,39.0,8,172192.49,1,1.0,1.0,136902.01,0
7103,15662578,Fanucci,705,France,Female,48.0,7,0.0,2,1.0,0.0,162697.24,1
7104,15778935,Yefremova,622,Spain,Female,28.0,3,153366.7,1,1.0,0.0,151240.12,0
7105,15682655,O'Donnell,656,France,Male,36.0,9,0.0,2,1.0,0.0,151325.17,0
7106,15592751,Lucciano,538,Spain,Female,49.0,9,0.0,2,1.0,0.0,148750.16,0
7107,15726776,Milne,667,France,Male,31.0,9,0.0,1,1.0,0.0,27448.31,0
7108,15719649,Genovese,564,France,Female,30.0,9,0.0,2,1.0,1.0,120113.5,0
7109,15589224,Martin,648,Germany,Male,48.0,3,108716.59,2,1.0,0.0,136491.72,1
7110,15712121,Ch'iu,712,Germany,Male,48.0,1,132767.66,1,1.0,1.0,26628.88,1
7111,15608846,Aksenov,607,Spain,Male,38.0,10,0.0,2,0.0,0.0,108313.39,0
7112,15755084,Watson,498,France,Female,45.0,5,0.0,1,0.0,0.0,112554.68,1
7113,15634949,Hay,593,Germany,Female,47.0,5,161434.36,1,1.0,0.0,65532.17,0
7114,15591457,Milanesi,730,France,Male,31.0,4,0.0,2,1.0,1.0,92406.22,0
7115,15657829,Kao,562,France,Male,35.0,6,0.0,2,1.0,0.0,92664.09,0
7116,15679743,Genovesi,645,France,Female,33.0,7,91301.72,1,0.0,1.0,130824.57,1
7117,15612187,Norman,447,France,Male,54.0,9,0.0,1,1.0,0.0,151375.73,1
7118,15598940,Achebe,681,France,Female,35.0,8,181804.34,2,1.0,1.0,57517.71,0
7119,15757911,Chukwualuka,724,Germany,Female,58.0,3,135067.02,3,1.0,1.0,180622.43,1
7120,15673020,Smith,678,France,Male,77.0,9,0.0,1,1.0,1.0,6795.61,0
7121,15694188,Genovese,715,France,Female,42.0,6,0.0,1,0.0,0.0,168069.79,1
7122,15697318,Ifeatu,771,Germany,Male,32.0,9,77487.2,1,1.0,1.0,33143.04,0
7123,15729279,Hsia,739,Germany,Female,48.0,2,147661.47,1,1.0,0.0,118862.08,1
7124,15769959,Iweobiegbunam,815,France,Female,55.0,5,0.0,1,1.0,1.0,74940.5,1
7125,15764444,Lo Duca,686,France,Male,48.0,3,120320.54,1,1.0,0.0,96463.25,0
7126,15704466,Udokamma,699,France,Male,34.0,4,0.0,2,1.0,1.0,195074.62,0
7127,15746986,Barnes,633,France,Female,34.0,9,133974.36,1,1.0,0.0,56897.1,0
7128,15684469,Manna,738,Germany,Male,45.0,9,139542.82,2,1.0,0.0,177747.03,0
7129,15661349,Perkins,637,France,Male,36.0,6,0.0,2,1.0,0.0,65618.01,0
7130,15736495,Maclean,431,France,Male,35.0,1,0.0,2,0.0,1.0,91830.75,0
7131,15707120,H?,719,France,Female,39.0,2,0.0,2,0.0,0.0,67414.15,0
7132,15682600,Cattaneo,728,France,Male,41.0,2,0.0,1,1.0,1.0,12096.85,0
7133,15573456,Chien,837,France,Male,43.0,5,129840.58,1,1.0,0.0,57896.05,1
7134,15663921,Hao,704,Germany,Male,57.0,5,93547.24,1,1.0,0.0,108891.02,1
7135,15676966,Mazzi,649,Spain,Male,33.0,0,0.0,2,0.0,1.0,157527.6,0
7136,15806945,Hs?,637,Germany,Female,39.0,2,138014.4,2,1.0,1.0,140298.24,0
7137,15657868,Nwachinemelu,589,France,Male,32.0,4,0.0,2,1.0,0.0,103714.73,0
7138,15657139,Otutodilinna,792,France,Male,28.0,2,84390.8,2,1.0,1.0,107876.2,0
7139,15736146,Ch'ang,481,Germany,Male,38.0,2,113923.34,1,0.0,0.0,100843.87,0
7140,15616676,Donnelly,627,France,Female,36.0,1,111629.29,1,1.0,1.0,21807.16,0
7141,15586133,Pisano,666,Germany,Female,44.0,2,122314.5,1,1.0,0.0,68574.88,0
7142,15603741,Johnstone,552,France,Male,46.0,8,121092.47,2,0.0,1.0,151481.86,0
7143,15799720,Biryukova,616,Germany,Male,48.0,3,101713.84,1,1.0,0.0,100919.36,1
7144,15737795,Rizzo,716,France,Female,40.0,6,0.0,2,1.0,1.0,109842.4,0
7145,15589614,Chuang,556,Germany,Female,66.0,4,123070.23,1,1.0,1.0,177783.93,1
7146,15779915,L?,803,France,Female,34.0,5,0.0,2,1.0,1.0,113581.85,0
7147,15697573,Hsia,746,France,Male,29.0,9,0.0,2,1.0,1.0,74850.97,0
7148,15624374,Maclean,703,France,Male,28.0,9,0.0,1,1.0,0.0,2151.17,1
7149,15711249,Hsing,686,Germany,Male,38.0,3,121355.99,1,0.0,0.0,133672.61,1
7150,15651740,Cumbrae-Stewart,756,France,Female,53.0,2,0.0,2,1.0,1.0,86676.84,0
7151,15778936,Nnachetam,581,Germany,Male,49.0,1,107871.52,1,1.0,0.0,134527.96,1
7152,15702801,Ts'ao,677,France,Female,45.0,3,86616.35,1,0.0,0.0,91903.9,1
7153,15631781,Hsia,697,France,Male,33.0,2,0.0,2,1.0,0.0,88890.79,0
7154,15809823,Hsia,603,France,Male,40.0,2,96473.57,1,1.0,0.0,95719.73,0
7155,15616954,Toscani,689,Spain,Female,26.0,8,0.0,2,1.0,1.0,61513.87,0
7156,15742854,Lettiere,597,Spain,Female,46.0,1,0.0,2,1.0,0.0,89043.19,0
7157,15666043,Tsui,794,Spain,Male,34.0,9,0.0,2,1.0,0.0,68008.85,0
7158,15727408,Koo,624,Germany,Male,27.0,8,61688.61,2,0.0,0.0,147059.16,0
7159,15607837,Chukwuemeka,592,Germany,Male,40.0,8,142319.03,1,1.0,1.0,143030.09,0
7160,15760456,T'ien,706,Spain,Male,37.0,4,0.0,1,1.0,1.0,173486.39,0
7161,15780846,Redding,787,France,Male,43.0,1,126588.81,2,1.0,0.0,62163.53,1
7162,15744200,Nworie,651,Spain,Male,40.0,6,0.0,2,0.0,0.0,161482.13,0
7163,15704583,Okagbue,622,France,Female,34.0,1,113150.02,1,1.0,1.0,48421.1,0
7164,15783883,Lettiere,678,France,Male,36.0,4,0.0,2,1.0,1.0,141872.05,0
7165,15593672,Chiekwugo,727,Germany,Male,36.0,5,166066.01,1,1.0,1.0,25887.28,0
7166,15644501,Calabresi,662,France,Male,33.0,6,141786.78,1,0.0,1.0,166038.27,0
7167,15655213,Ch'iu,679,Germany,Female,49.0,9,96652.89,4,1.0,0.0,125079.65,1
7168,15798895,Hsing,526,France,Female,29.0,5,0.0,1,1.0,0.0,62845.08,1
7169,15589224,Moore,612,France,Male,28.0,3,0.0,2,0.0,0.0,141053.85,0
7170,15802088,Onuchukwu,705,France,Male,40.0,5,0.0,2,1.0,1.0,86699.98,0
7171,15674519,Lo,663,France,Female,50.0,7,0.0,3,1.0,1.0,44335.6,1
7172,15611580,Wood,782,France,Male,50.0,6,0.0,2,1.0,1.0,121189.3,0
7173,15732337,Pisani,520,Spain,Female,28.0,8,110934.49,1,1.0,1.0,98897.23,0
7174,15644796,Chukwualuka,685,Germany,Female,31.0,5,152462.79,1,1.0,0.0,187976.55,1
7175,15690744,Mazzi,746,France,Female,34.0,7,0.0,1,1.0,0.0,174822.78,0
7176,15739997,Rossi,714,France,Female,51.0,2,122724.37,1,1.0,1.0,67057.27,1
7177,15768367,Liao,731,Germany,Female,31.0,8,118635.94,1,1.0,0.0,180969.55,0
7178,15691890,Pirozzi,709,France,Male,36.0,6,131689.15,1,1.0,0.0,134936.57,0
7179,15754537,Chukwukadibia,676,Germany,Female,34.0,9,125437.71,1,1.0,1.0,171045.65,1
7180,15671139,P'eng,646,France,Female,29.0,9,0.0,2,1.0,1.0,176943.59,0
7181,15794549,T'ien,596,France,Male,36.0,4,0.0,2,1.0,0.0,182266.01,0
7182,15683522,Yeh,826,France,Female,45.0,5,0.0,1,1.0,1.0,147964.45,1
7183,15661821,Iadanza,738,France,Male,41.0,7,0.0,2,1.0,1.0,166586.58,0
7184,15591179,Nwankwo,683,Spain,Male,36.0,3,0.0,2,1.0,1.0,186825.86,0
7185,15781626,O'Sullivan,616,Germany,Male,23.0,3,111669.68,1,1.0,1.0,121798.52,0
7186,15763808,Calabrese,641,France,Male,36.0,3,0.0,2,1.0,0.0,82222.98,0
7187,15610105,Shen,629,France,Male,34.0,2,0.0,2,0.0,1.0,99818.31,0
7188,15770101,Millar,716,France,Male,33.0,8,112808.18,1,1.0,0.0,36557.55,0
7189,15752300,Ts'ui,644,France,Female,48.0,9,0.0,1,0.0,1.0,109681.63,1
7190,15784923,Chimezie,705,France,Male,36.0,3,90721.52,2,1.0,1.0,109496.69,0
7191,15682273,Carter,568,France,Female,39.0,5,0.0,1,1.0,1.0,129569.92,0
7192,15783398,Chienezie,565,Spain,Male,34.0,0,0.0,1,1.0,0.0,47675.29,0
7193,15693637,Hsing,645,Spain,Male,29.0,4,0.0,2,1.0,1.0,95611.47,0
7194,15625461,Hsia,694,France,Male,39.0,0,115625.04,1,1.0,0.0,67414.02,0
7195,15657535,Hsueh,694,France,Female,55.0,3,0.0,2,0.0,1.0,117738.73,0
7196,15767626,Carpenter,811,France,Male,42.0,4,0.0,2,1.0,0.0,129984.2,0
7197,15732266,Chiganu,714,France,Male,35.0,2,115285.85,1,1.0,0.0,63795.8,0
7198,15584897,H?,593,France,Female,34.0,6,0.0,2,0.0,1.0,132719.8,0
7199,15578375,Farrell,628,France,Male,39.0,9,0.0,2,0.0,0.0,134441.6,0
7200,15573319,Tung,694,France,Female,33.0,8,0.0,2,1.0,0.0,140136.44,1
7201,15703537,Chien,605,France,Female,39.0,2,0.0,2,1.0,1.0,8991.79,0
7202,15665524,P'eng,647,France,Male,35.0,2,123067.63,1,1.0,1.0,84581.27,0
7203,15804919,Onwuamaeze,598,France,Female,56.0,8,0.0,4,1.0,1.0,64872.55,1
7204,15643679,Nebechukwu,648,France,Female,41.0,5,0.0,1,0.0,0.0,184843.77,1
7205,15740442,Mazzanti,554,Spain,Male,59.0,9,82759.48,1,0.0,0.0,166525.69,1
7206,15677732,Wan,554,Germany,Female,39.0,1,118897.1,2,0.0,1.0,45611.51,0
7207,15769412,Pirozzi,687,Spain,Male,33.0,3,0.0,2,1.0,0.0,151645.96,0
7208,15810839,Ugochukwu,627,Spain,Male,51.0,8,0.0,1,1.0,0.0,156774.83,1
7209,15612187,Maclean,681,Germany,Male,33.0,4,145988.55,1,1.0,1.0,145900.23,0
7210,15682467,Tsao,633,Spain,Female,36.0,4,121237.65,1,1.0,0.0,137037.97,1
7211,15615030,Onyemere,777,Spain,Male,33.0,5,0.0,2,0.0,1.0,64590.8,0
7212,15777797,Kovalyova,689,Spain,Male,38.0,5,75075.14,1,1.0,1.0,8651.92,0
7213,15720702,Shih,789,France,Male,37.0,3,0.0,2,1.0,0.0,121883.87,0
7214,15643575,Nwabugwu,669,France,Female,60.0,9,0.0,1,1.0,0.0,69055.44,1
7215,15626042,Webb,730,Spain,Male,28.0,2,0.0,2,1.0,1.0,93255.85,0
7216,15594577,Cremonesi,646,Spain,Male,46.0,6,118614.4,1,1.0,0.0,180551.76,1
7217,15681925,Ch'ang,849,France,Female,40.0,1,0.0,1,1.0,0.0,45424.45,1
7218,15662574,Maclean,586,France,Male,30.0,6,0.0,2,1.0,1.0,185547.71,0
7219,15686696,Ewing,577,Spain,Female,41.0,1,0.0,2,1.0,1.0,94499.06,0
7220,15757837,Nnonso,782,France,Male,38.0,9,0.0,2,0.0,0.0,98820.09,0
7221,15653776,Ch'eng,704,Germany,Female,50.0,4,134740.24,1,1.0,1.0,180736.24,1
7222,15663964,Pagnotto,561,France,Male,37.0,4,0.0,2,1.0,0.0,83093.25,0
7223,15691785,Esposito,728,France,Female,37.0,9,0.0,2,0.0,0.0,166677.35,0
7224,15724307,Nnonso,687,France,Male,37.0,8,0.0,2,1.0,0.0,131736.23,0
7225,15777907,Liang,791,France,Female,33.0,3,0.0,1,1.0,1.0,144413.92,0
7226,15581748,Bellucci,699,Germany,Male,57.0,1,101134.87,2,0.0,1.0,70954.41,0
7227,15672594,Zaytseva,633,Spain,Male,34.0,2,105799.32,1,1.0,0.0,122960.98,0
7228,15611756,Mott,521,France,Female,52.0,1,0.0,1,1.0,0.0,166984.44,1
7229,15727307,Iweobiegbulam,686,France,Male,24.0,7,161209.85,1,1.0,0.0,167984.64,0
7230,15757867,Simpson,641,France,Female,37.0,1,96776.49,2,1.0,1.0,119890.86,0
7231,15593764,T'ao,638,France,Male,31.0,9,0.0,2,1.0,1.0,63830.51,0
7232,15756655,Manna,709,Spain,Male,28.0,7,0.0,2,1.0,0.0,181850.74,0
7233,15785352,H?,615,France,Male,39.0,9,0.0,2,0.0,1.0,167723.25,0
7234,15794868,Chidiebere,554,Germany,Female,28.0,1,162657.64,2,0.0,1.0,138380.11,0
7235,15702789,Eluemuno,624,France,Female,33.0,6,0.0,2,1.0,0.0,114958.2,0
7236,15717286,Sal,675,Spain,Female,40.0,8,79035.95,1,1.0,0.0,142783.98,0
7237,15778320,Teng,848,France,Female,40.0,5,148495.64,1,1.0,1.0,158853.98,0
7238,15718507,Su,647,Germany,Male,37.0,5,116509.99,1,1.0,1.0,149517.71,0
7239,15702293,Medvedeva,663,France,Female,31.0,7,0.0,2,1.0,0.0,108716.09,0
7240,15627377,L?,593,France,Male,41.0,3,0.0,1,0.0,1.0,99136.49,0
7241,15614137,Y?an,594,Germany,Female,63.0,7,102708.77,1,1.0,1.0,161241.65,1
7242,15576641,Crawford,579,France,Male,40.0,2,0.0,2,1.0,1.0,67972.45,0
7243,15752344,Tuan,656,France,Male,36.0,8,0.0,2,1.0,1.0,161241.65,0
7244,15704851,White,619,Spain,Male,37.0,2,0.0,2,1.0,1.0,129890.65,0
7245,15591528,Yobachi,598,France,Male,37.0,7,0.0,1,1.0,0.0,81481.29,0
7246,15650018,Chen,550,France,Female,57.0,9,154100.3,1,1.0,0.0,11426.7,1
7247,15616365,Obiuto,571,France,Male,31.0,2,0.0,2,0.0,1.0,28045.77,0
7248,15574331,Alexeeva,591,Germany,Female,62.0,3,118233.81,1,0.0,1.0,24765.53,1
7249,15641585,Anenechukwu,663,France,Male,40.0,3,128389.12,2,0.0,1.0,166310.82,1
7250,15794448,Hsu,595,Germany,Female,36.0,5,139561.04,1,1.0,1.0,60729.72,1
7251,15730360,Whitehead,587,France,Male,35.0,7,0.0,3,1.0,1.0,53387.9,0
7252,15798749,Davidson,712,Germany,Female,43.0,3,152063.59,2,0.0,1.0,97910.06,0
7253,15611409,Sun,676,France,Male,35.0,0,0.0,2,0.0,0.0,139911.58,0
7254,15782756,Chin,675,Germany,Male,39.0,2,121588.43,2,1.0,0.0,67749.67,0
7255,15777076,Chigolum,713,Germany,Male,36.0,4,122552.34,1,1.0,1.0,69428.79,0
7256,15636423,Nwokezuike,595,France,Male,31.0,5,0.0,2,1.0,1.0,121428.4,0
7257,15580366,Martin,517,France,Female,48.0,2,0.0,1,1.0,0.0,172665.21,1
7258,15683956,Onwughara,828,France,Male,42.0,7,81525.93,1,1.0,1.0,53949.4,0
7259,15740602,Boyle,674,Germany,Female,32.0,8,111568.01,2,0.0,1.0,22026.18,0
7260,15772574,Hsueh,744,Germany,Male,39.0,1,123917.5,1,1.0,1.0,85890.65,0
7261,15783026,Chin,743,Germany,Male,30.0,9,119565.92,2,1.0,1.0,7905.06,0
7262,15576945,Chiu,648,Germany,Female,47.0,6,63663.94,1,1.0,0.0,64375.5,1
7263,15705890,Kuo,557,France,Female,35.0,3,0.0,2,0.0,0.0,119969.99,0
7264,15796231,Moore,575,France,Male,42.0,6,0.0,2,1.0,1.0,88815.25,0
7265,15793331,T'ao,639,Spain,Male,37.0,6,0.0,2,1.0,1.0,141180.66,0
7266,15697214,Korovin,686,Spain,Female,36.0,2,0.0,2,1.0,1.0,152979.14,0
7267,15781530,Hsieh,644,France,Female,21.0,2,0.0,2,1.0,1.0,155782.89,0
7268,15627203,Aitken,684,France,Female,42.0,1,131889.59,1,1.0,1.0,128528.52,0
7269,15654611,Parry,698,Germany,Male,25.0,8,81732.88,2,0.0,0.0,136497.28,0
7270,15602751,Ku,592,France,Male,45.0,7,153545.11,1,1.0,1.0,74320.75,1
7271,15625141,Ogbonnaya,710,Spain,Male,37.0,6,0.0,2,1.0,0.0,167032.49,0
7272,15681316,Tsai,724,France,Female,35.0,1,0.0,2,1.0,1.0,63717.49,0
7273,15585888,Nwokeocha,553,Spain,Female,48.0,3,0.0,1,0.0,1.0,30730.95,1
7274,15802758,Tien,709,France,Male,37.0,3,135643.21,2,1.0,1.0,74637.84,0
7275,15641640,Hsiao,681,France,Male,67.0,7,0.0,2,1.0,1.0,163714.92,0
7276,15723654,Onyeorulu,775,France,Male,33.0,5,92347.94,1,0.0,0.0,173432.83,0
7277,15656592,Liu,689,Germany,Female,45.0,7,104449.8,1,0.0,1.0,140579.17,1
7278,15746076,T'ien,679,France,Male,34.0,9,0.0,2,1.0,0.0,161574.19,0
7279,15620579,Hsiung,635,Spain,Male,35.0,6,73218.89,1,1.0,1.0,155743.48,0
7280,15690772,Munro,634,Germany,Female,39.0,3,109387.9,2,1.0,1.0,155721.15,0
7281,15648800,H?,678,France,Male,45.0,2,0.0,2,1.0,1.0,61961.57,0
7282,15776850,Nnonso,545,France,Male,32.0,2,0.0,1,1.0,1.0,57802.62,0
7283,15681332,Teng,683,France,Female,46.0,5,0.0,2,0.0,0.0,107876.2,0
7284,15632551,Hs?eh,579,France,Female,39.0,5,121581.56,2,1.0,1.0,141798.72,0
7285,15718245,Pirozzi,730,France,Male,38.0,1,0.0,1,1.0,1.0,126592.01,1
7286,15671293,Holden,679,France,Male,42.0,4,0.0,2,1.0,1.0,27644.79,0
7287,15644280,Udegbunam,652,France,Male,53.0,8,0.0,1,0.0,0.0,10828.78,1
7288,15748797,Bage,675,France,Male,25.0,7,0.0,2,1.0,0.0,141175.09,0
7289,15653857,Yuryeva,614,France,Female,38.0,9,113625.93,1,1.0,0.0,177784.68,0
7290,15606915,Ugorji,775,Germany,Male,44.0,4,96553.52,2,1.0,1.0,143952.24,0
7291,15636024,P'eng,697,France,Male,35.0,6,122028.65,1,1.0,0.0,159830.58,0
7292,15745804,Walker,685,Spain,Male,37.0,8,0.0,2,1.0,1.0,117031.2,0
7293,15774536,He,607,Spain,Female,32.0,6,0.0,2,1.0,1.0,196062.01,0
7294,15678427,Genovese,696,Germany,Female,41.0,3,121558.46,2,1.0,1.0,5983.7,0
7295,15672409,Chiekwugo,659,Spain,Male,31.0,9,143566.01,1,1.0,0.0,102758.28,0
7296,15694556,Roberts,710,France,Male,42.0,7,0.0,2,1.0,0.0,169921.11,0
7297,15785563,L?,521,Spain,Female,42.0,2,0.0,2,0.0,1.0,102930.57,0
7298,15648047,Kao,686,France,Male,29.0,5,0.0,2,1.0,1.0,180890.4,0
7299,15581871,Hsia,676,Spain,Male,31.0,2,0.0,1,1.0,0.0,143859.28,0
7300,15813412,Ch'ien,690,Germany,Male,40.0,8,72835.56,1,1.0,0.0,103379.31,1
7301,15705001,Ch'in,595,France,Female,31.0,9,91286.54,1,0.0,0.0,159808.95,0
7302,15602844,H?,686,France,Male,40.0,9,0.0,1,1.0,1.0,141426.78,0
7303,15679743,Manna,548,France,Male,45.0,4,0.0,2,0.0,0.0,91673.2,0
7304,15651943,Onyemere,604,France,Male,31.0,3,0.0,2,1.0,1.0,94951.27,0
7305,15641674,Hsia,681,Spain,Male,29.0,7,0.0,2,1.0,1.0,171768.31,0
7306,15772479,Napolitano,648,France,Female,49.0,10,0.0,3,1.0,0.0,163563.07,1
7307,15601787,Chukwuebuka,571,France,Female,46.0,7,133050.32,1,0.0,1.0,169498.51,0
7308,15655875,Bage,698,France,Male,31.0,2,0.0,1,1.0,0.0,102528.28,0
7309,15767994,Chikezie,567,France,Female,37.0,6,139847.54,1,1.0,0.0,180327.8,0
7310,15693337,Trevisani,674,France,Female,64.0,1,0.0,1,1.0,0.0,57762.0,1
7311,15598044,Debellis,714,Spain,Female,71.0,3,0.0,2,1.0,1.0,152012.36,0
7312,15724428,Abel,670,France,Male,33.0,3,0.0,2,1.0,0.0,61581.2,0
7313,15621409,Endrizzi,496,France,Male,32.0,4,127845.83,1,0.0,1.0,66469.2,0
7314,15794253,Marsh,832,Spain,Female,46.0,6,138190.13,2,0.0,1.0,146511.2,0
7315,15582903,Greece,625,Germany,Male,49.0,5,128504.76,1,1.0,0.0,126812.63,1
7316,15603565,Iweobiegbunam,682,Spain,Male,55.0,4,133334.64,1,0.0,1.0,102640.52,0
7317,15637411,Tochukwu,749,France,Male,30.0,1,0.0,2,0.0,0.0,126551.65,1
7318,15603594,Chiebuka,729,France,Female,42.0,9,0.0,2,0.0,1.0,9087.81,0
7319,15800227,Gorman,553,Germany,Male,49.0,10,95556.31,1,1.0,0.0,182624.93,0
7320,15757911,Yefimova,758,Spain,Male,31.0,9,0.0,2,1.0,0.0,75578.67,0
7321,15636016,Wreford,588,France,Female,35.0,1,78737.61,1,1.0,0.0,13018.96,0
7322,15759955,Chidumaga,771,France,Male,46.0,8,81811.71,1,0.0,0.0,120531.19,0
7323,15790829,Hsieh,656,Germany,Female,45.0,6,117494.72,1,1.0,0.0,171452.02,1
7324,15774861,Ch'eng,543,France,Female,30.0,5,109941.56,1,1.0,1.0,60428.36,0
7325,15633870,Gell,651,France,Male,30.0,6,0.0,2,0.0,1.0,91366.42,0
7326,15611186,Niu,609,Spain,Male,37.0,1,0.0,2,1.0,1.0,139919.38,0
7327,15645942,Macleod,689,Spain,Male,28.0,2,0.0,2,0.0,0.0,164768.82,1
7328,15692761,Tuan,706,France,Male,34.0,1,0.0,2,1.0,1.0,54448.41,0
7329,15799186,Zaytseva,624,France,Female,38.0,8,0.0,2,1.0,0.0,95403.41,0
7330,15605037,Lu,812,France,Male,29.0,4,0.0,2,0.0,1.0,168023.6,0
7331,15605036,T'ang,599,France,Female,38.0,4,0.0,2,1.0,0.0,173844.01,0
7332,15808930,Chukwudi,717,Germany,Female,36.0,3,118098.62,1,0.0,0.0,193209.11,1
7333,15749727,Chukwufumnanya,829,France,Male,24.0,7,0.0,2,0.0,0.0,178458.86,0
7334,15647974,Chiemenam,631,France,Female,54.0,6,118742.74,1,1.0,1.0,1568.91,0
7335,15706061,Martin,637,Spain,Female,45.0,7,125849.41,1,1.0,0.0,180893.99,1
7336,15569266,Zikoranachidimma,756,Spain,Male,57.0,4,0.0,2,1.0,1.0,121212.09,0
7337,15645404,Reppert,643,France,Female,26.0,6,0.0,2,0.0,1.0,161519.77,0
7338,15572027,Olisaemeka,709,France,Male,31.0,4,153895.32,1,1.0,0.0,151733.43,0
7339,15592854,Niu,726,France,Male,35.0,4,109471.79,1,0.0,1.0,175161.05,1
7340,15690169,Hsia,678,France,Male,35.0,7,0.0,1,1.0,1.0,57553.02,0
7341,15690007,Ts'ui,434,France,Female,58.0,8,125801.03,2,0.0,1.0,60891.8,0
7342,15637593,Uspensky,613,France,Male,38.0,4,97560.16,1,1.0,1.0,130529.13,0
7343,15640507,Mazzanti,546,Spain,Female,48.0,2,127771.35,2,1.0,0.0,47139.44,1
7344,15624388,Henderson,619,Germany,Female,50.0,0,110148.49,1,0.0,1.0,56793.02,1
7345,15722061,Tuan,728,Germany,Female,35.0,5,113557.76,1,0.0,0.0,170622.49,1
7346,15787825,Griffiths,592,France,Male,26.0,4,0.0,1,1.0,0.0,21760.96,1
7347,15572547,McCardle,611,Spain,Male,33.0,3,0.0,2,1.0,1.0,164074.89,0
7348,15657342,Dawson,850,Germany,Male,33.0,4,147972.19,1,1.0,0.0,60708.72,0
7349,15781589,Onyemauchechukwu,726,Germany,Male,27.0,7,157780.69,1,1.0,1.0,72762.62,0
7350,15809836,Aksenov,595,Germany,Male,34.0,3,145537.47,2,1.0,1.0,160527.77,0
7351,15589348,Padovesi,652,Spain,Female,45.0,9,99886.13,2,0.0,1.0,44965.75,0
7352,15671640,Fiorentino,713,France,Male,32.0,4,0.0,2,1.0,1.0,136853.57,0
7353,15693877,She,646,Germany,Female,48.0,8,113811.85,2,0.0,0.0,189271.9,1
7354,15600992,Madukaego,652,France,Male,36.0,5,0.0,2,1.0,1.0,151314.98,0
7355,15734565,Onyemere,644,France,Male,51.0,7,0.0,2,1.0,0.0,187943.6,1
7356,15644280,Udegbunam,644,France,Male,45.0,9,138825.19,1,0.0,0.0,10828.78,0
7357,15569423,Liao,485,France,Male,26.0,7,0.0,2,1.0,1.0,121872.51,0
7358,15574543,Ts'ui,634,France,Female,26.0,1,0.0,2,1.0,1.0,86460.28,0
7359,15642710,Pisano,656,France,Female,46.0,8,0.0,2,1.0,1.0,186778.89,0
7360,15681048,Gadsden,625,Spain,Male,28.0,1,0.0,2,1.0,1.0,72678.92,0
7361,15764174,Lucciano,652,France,Female,28.0,7,0.0,2,1.0,1.0,100862.36,0
7362,15793901,K?,683,France,Female,50.0,8,0.0,1,1.0,1.0,91903.9,1
7363,15735572,Mickey,629,France,Male,69.0,8,0.0,1,1.0,0.0,157097.09,0
7364,15779589,Teng,773,France,Female,33.0,10,141786.46,1,1.0,0.0,171763.87,0
7365,15698703,Calabresi,845,France,Female,49.0,9,0.0,2,1.0,0.0,122763.95,0
7366,15679760,Li,554,France,Female,44.0,6,75915.4,1,1.0,0.0,88980.48,1
7367,15806360,Pirozzi,646,France,Female,32.0,1,92867.21,2,1.0,1.0,92826.96,0
7368,15702984,Ch'iu,605,France,Female,32.0,7,84719.98,1,1.0,1.0,58854.38,0
7369,15569120,White,662,France,Male,45.0,7,0.0,2,1.0,0.0,27886.0,0
7370,15679693,Fang,644,France,Male,33.0,6,88294.6,1,1.0,0.0,66979.06,0
7371,15599211,Findlay,709,France,Male,33.0,9,0.0,2,0.0,1.0,158027.57,0
7372,15699340,Okorie,627,Spain,Male,37.0,7,0.0,2,1.0,1.0,61240.87,0
7373,15666030,Hsia,607,Spain,Female,24.0,9,0.0,2,1.0,1.0,176713.73,0
7374,15663386,Black,652,Spain,Male,39.0,8,0.0,2,1.0,0.0,63833.09,0
7375,15726046,Humphreys,781,France,Female,35.0,3,92526.15,2,1.0,0.0,173837.54,0
7376,15792660,Hsia,711,Spain,Female,29.0,4,0.0,2,1.0,1.0,199378.58,0
7377,15649858,Sims,676,Spain,Male,54.0,4,0.0,1,0.0,0.0,119817.19,0
7378,15781530,Hsieh,812,France,Male,33.0,8,0.0,1,0.0,0.0,168023.6,0
7379,15629133,Black,579,France,Female,35.0,6,0.0,2,1.0,0.0,126838.7,0
7380,15565878,Bates,631,Spain,Male,47.0,6,0.0,1,0.0,1.0,197963.46,1
7381,15772262,Palerma,752,Spain,Male,33.0,5,92316.56,1,1.0,1.0,94449.24,0
7382,15807993,Fomina,479,France,Male,33.0,2,0.0,2,1.0,1.0,20555.21,0
7383,15778897,Dellucci,632,France,Female,38.0,1,138207.08,1,1.0,1.0,63747.51,0
7384,15769110,Stehle,627,France,Female,46.0,1,0.0,2,0.0,0.0,49707.85,0
7385,15754072,Palermo,677,France,Female,37.0,6,0.0,2,1.0,0.0,90878.97,0
7386,15654901,Trevisani,653,France,Male,33.0,5,0.0,2,1.0,1.0,123585.99,0
7387,15786308,Millar,695,Spain,Male,34.0,7,0.0,2,0.0,1.0,167058.75,0
7388,15571261,L?,638,France,Male,29.0,1,0.0,2,1.0,0.0,145537.97,0
7389,15753337,Lucciano,716,Spain,Male,33.0,0,128306.7,1,1.0,1.0,103921.43,0
7390,15743617,Chesnokova,655,France,Female,40.0,8,0.0,3,1.0,0.0,197529.23,1
7391,15781023,Ch'iu,637,Germany,Male,29.0,6,126433.59,2,1.0,1.0,172895.52,0
7392,15625824,Kornilova,823,Spain,Female,30.0,2,121345.88,2,1.0,1.0,41921.75,0
7393,15585867,Romani,435,Germany,Female,32.0,3,92041.87,1,1.0,0.0,43595.9,1
7394,15664170,Houghton,572,France,Male,25.0,1,57530.06,2,1.0,0.0,141918.52,0
7395,15578375,Farrell,628,Spain,Male,39.0,6,0.0,2,0.0,1.0,134441.6,0
7396,15696175,Echezonachukwu,732,France,Male,35.0,9,0.0,1,1.0,0.0,51695.41,1
7397,15809309,Wright,540,Spain,Male,34.0,9,151732.57,1,1.0,1.0,75664.57,0
7398,15809823,Cremonesi,631,Spain,Female,45.0,5,0.0,2,1.0,1.0,103726.71,0
7399,15696902,Ebelegbulam,594,France,Male,26.0,4,0.0,2,0.0,1.0,112442.86,0
7400,15803816,Iadanza,709,Spain,Female,42.0,9,0.0,2,1.0,0.0,74850.97,0
7401,15580912,Onwuamaeze,583,Germany,Male,23.0,2,100315.1,2,1.0,1.0,81298.09,0
7402,15674929,Nnamutaezinwa,710,France,Female,30.0,5,0.0,2,0.0,0.0,64872.33,0
7403,15703543,Ts'ai,636,France,Male,44.0,4,82715.64,1,1.0,1.0,38960.59,0
7404,15684556,T'an,641,Spain,Male,49.0,7,0.0,2,1.0,1.0,102665.88,0
7405,15650545,Chinomso,821,France,Female,30.0,0,116747.67,1,1.0,1.0,97675.48,0
7406,15793317,Hale,547,Spain,Male,46.0,7,141287.15,1,0.0,1.0,118142.79,1
7407,15654519,Chia,648,Germany,Male,34.0,7,72945.34,1,1.0,0.0,823.36,1
7408,15606849,Zikoranachidimma,721,France,Female,37.0,3,65253.07,2,1.0,1.0,72929.96,0
7409,15585888,Nwokeocha,554,Spain,Female,43.0,3,0.0,1,0.0,1.0,30730.95,1
7410,15715047,Nwokezuike,542,Germany,Male,31.0,6,140745.33,2,1.0,1.0,187834.91,0
7411,15644878,Tien,627,France,Male,44.0,9,0.0,1,1.0,0.0,64421.02,1
7412,15693817,K'ung,636,Germany,Male,48.0,8,119492.4,1,1.0,1.0,131827.98,1
7413,15756465,Chukwuemeka,592,France,Male,31.0,7,134208.97,1,1.0,1.0,182692.9,0
7414,15644882,Watson,557,Germany,Female,36.0,9,78249.53,1,1.0,0.0,136934.91,0
7415,15638068,Thompson,554,France,Male,32.0,7,153137.74,1,0.0,0.0,67926.18,0
7416,15778861,Robertson,579,Spain,Male,33.0,3,0.0,2,1.0,0.0,136259.65,0
7417,15605986,Onyekachukwu,549,France,Male,38.0,1,0.0,2,0.0,1.0,148035.16,0
7418,15567013,Chukwujekwu,605,France,Male,34.0,5,100912.53,2,0.0,1.0,181429.87,0
7419,15742332,T'ien,616,France,Male,32.0,3,0.0,2,1.0,0.0,177637.06,0
7420,15793049,Chinwendu,803,Germany,Female,54.0,5,122552.34,1,0.0,0.0,179964.55,1
7421,15792781,Tien,744,Germany,Female,32.0,6,145737.03,1,1.0,1.0,184976.48,0
7422,15627697,Yobachukwu,773,France,Female,32.0,3,102980.15,2,0.0,0.0,127506.76,1
7423,15794949,T'ien,850,France,Female,49.0,9,0.0,1,0.0,1.0,176884.76,1
7424,15662901,Hu,679,France,Male,38.0,5,0.0,1,1.0,0.0,61324.87,0
7425,15603840,Fiorentino,719,Germany,Male,54.0,6,142905.57,1,0.0,1.0,65864.4,1
7426,15591747,Rossi,777,France,Male,32.0,1,0.0,2,0.0,1.0,129576.99,0
7427,15766575,Lo,703,France,Female,35.0,8,132446.08,1,1.0,0.0,187826.11,0
7428,15802487,Hsiung,706,France,Female,34.0,9,0.0,2,1.0,1.0,130866.95,0
7429,15762268,Baresi,793,France,Female,39.0,9,0.0,2,0.0,1.0,61324.87,0
7430,15771086,Nnaife,646,France,Female,39.0,1,0.0,2,1.0,0.0,55725.04,0
7431,15568006,Lucchesi,637,France,Male,33.0,4,156001.68,1,1.0,1.0,151623.71,0
7432,15771636,Marshall,793,Spain,Male,36.0,8,0.0,1,1.0,1.0,148993.47,0
7433,15629133,Black,500,France,Male,39.0,7,0.0,2,1.0,0.0,19842.22,0
7434,15741865,Onyekachi,694,Spain,Male,34.0,2,0.0,2,1.0,1.0,51820.41,0
7435,15740160,Genovesi,794,France,Male,44.0,3,85227.84,1,0.0,1.0,85869.89,1
7436,15581237,Cawood,672,France,Female,51.0,7,174400.36,1,0.0,0.0,42693.65,1
7437,15674537,Hsia,599,France,Female,48.0,1,0.0,1,0.0,0.0,158891.02,1
7438,15779913,Lo,679,Germany,Male,35.0,5,110837.73,1,1.0,0.0,176858.5,0
7439,15792489,Wang,637,France,Male,39.0,1,0.0,2,0.0,1.0,121821.16,0
7440,15758606,Yamamoto,738,France,Male,54.0,4,0.0,2,0.0,1.0,55725.04,0
7441,15604515,Ukaegbunam,724,Germany,Female,30.0,8,133040.24,2,1.0,1.0,173576.6,0
7442,15665956,Ch'iu,765,Spain,Female,32.0,10,99097.36,1,1.0,0.0,140934.78,0
7443,15703778,Hughes,668,Germany,Male,40.0,3,134446.04,3,0.0,1.0,111249.62,1
7444,15776743,Brazenor,567,France,Female,42.0,5,111099.88,1,1.0,1.0,59961.97,0
7445,15573730,Fiorentino,673,Spain,Male,36.0,7,0.0,1,0.0,0.0,59207.41,0
7446,15708063,Hsieh,584,Germany,Male,46.0,10,111760.4,2,1.0,0.0,105732.9,0
7447,15574783,Hsing,850,Germany,Female,40.0,7,116968.91,2,1.0,0.0,149188.41,1
7448,15772337,Lawrence,687,Germany,Female,49.0,0,153855.52,1,1.0,1.0,180862.26,0
7449,15591915,Frolov,533,France,Female,39.0,1,0.0,2,0.0,0.0,73669.94,0
7450,15790717,Ch'en,674,Germany,Male,59.0,9,125785.23,1,0.0,0.0,172450.04,1
7451,15755978,Tseng,715,France,Female,33.0,1,0.0,2,1.0,0.0,195209.4,0
7452,15684958,Iheanacho,726,France,Female,35.0,2,0.0,2,1.0,0.0,75578.67,0
7453,15654060,Johnston,653,France,Female,41.0,3,0.0,2,0.0,0.0,75937.47,0
7454,15632291,Uren,692,France,Female,38.0,8,0.0,4,0.0,0.0,122922.94,0
7455,15770309,Ugochukwu,600,France,Male,38.0,6,0.0,2,1.0,1.0,126477.41,0
7456,15752846,McElhone,578,France,Female,45.0,1,129829.59,1,0.0,1.0,52323.62,0
7457,15777873,Hsieh,624,France,Male,29.0,8,0.0,2,1.0,0.0,73679.59,0
7458,15779515,Chiemenam,627,Germany,Female,60.0,1,81677.81,1,0.0,0.0,131501.72,1
7459,15746737,Yudina,691,France,Male,35.0,1,155423.14,1,1.0,0.0,143628.31,0
7460,15612667,Li,693,France,Male,45.0,0,0.0,1,0.0,0.0,136377.21,0
7461,15775116,Anderson,549,Spain,Female,31.0,8,0.0,2,1.0,0.0,89040.61,0
7462,15768201,Ch'in,587,France,Female,34.0,4,0.0,1,1.0,1.0,598.4,0
7463,15641733,Hsieh,592,France,Male,36.0,9,131581.76,1,0.0,1.0,182076.97,0
7464,15742668,Pagnotto,713,France,Male,38.0,4,0.0,1,0.0,1.0,5597.94,0
7465,15637324,Kay,832,France,Female,28.0,7,0.0,2,0.0,0.0,5177.62,0
7466,15782566,Ch'eng,850,Germany,Female,33.0,2,107141.17,1,1.0,1.0,1408.68,0
7467,15657747,Zito,745,France,Female,32.0,10,0.0,2,0.0,1.0,179705.13,0
7468,15749300,Galkin,649,Spain,Female,55.0,1,0.0,1,0.0,0.0,181605.45,1
7469,15631873,Tuan,640,France,Male,41.0,6,0.0,2,1.0,1.0,101839.8,0
7470,15692761,Chiemela,706,Spain,Male,33.0,2,178056.54,2,0.0,1.0,38434.73,0
7471,15585985,Li Fonti,539,France,Male,36.0,8,0.0,2,1.0,0.0,176728.28,0
7472,15681115,Olisaemeka,683,Spain,Male,36.0,8,0.0,2,1.0,0.0,91903.9,0
7473,15709459,Lo,728,France,Female,63.0,4,0.0,1,1.0,1.0,173568.3,0
7474,15780386,P'eng,605,Spain,Female,36.0,4,148874.01,2,1.0,1.0,106024.02,0
7475,15792365,He,501,France,Female,44.0,4,142051.07,1,0.0,1.0,74940.5,0
7476,15744423,Cocci,669,France,Male,32.0,5,0.0,1,0.0,0.0,84872.66,1
7477,15675263,T'ien,762,France,Male,43.0,6,0.0,1,1.0,0.0,93718.16,1
7478,15747458,Onyinyechukwuka,841,Spain,Female,32.0,9,0.0,2,1.0,1.0,122433.09,0
7479,15703037,Mazzanti,562,France,Male,34.0,10,155973.88,1,0.0,1.0,167984.61,0
7480,15806922,Efremova,739,France,Male,50.0,4,0.0,1,1.0,0.0,7666.73,1
7481,15772781,Onyemauchechukwu,633,France,Female,28.0,0,81240.61,1,1.0,1.0,177614.17,0
7482,15802486,Oluchukwu,581,Germany,Male,40.0,4,66592.98,2,1.0,1.0,60774.46,0
7483,15685855,Ugochukwu,684,France,Male,54.0,1,114032.96,1,1.0,1.0,98840.95,0
7484,15659320,Onyemauchechukwu,594,Germany,Female,38.0,4,149363.02,2,0.0,0.0,92888.62,1
7485,15630402,Lucchesi,850,France,Male,21.0,2,0.0,2,1.0,1.0,110718.17,0
7486,15583548,Teng,651,France,Male,41.0,3,0.0,2,1.0,0.0,157071.18,0
7487,15629133,Black,579,France,Male,27.0,9,0.0,2,1.0,0.0,126838.7,0
7488,15764405,Y?an,540,France,Female,38.0,2,0.0,2,1.0,0.0,60533.96,0
7489,15680234,Kao,604,Spain,Female,49.0,6,0.0,1,0.0,0.0,81602.52,1
7490,15570002,Nwankwo,587,Spain,Female,32.0,9,125927.15,1,1.0,1.0,55775.52,0
7491,15666884,Maclean,521,France,Male,35.0,7,0.0,2,1.0,1.0,65632.33,0
7492,15809909,Teng,544,Spain,Male,36.0,3,0.0,2,1.0,0.0,180531.87,0
7493,15798890,T'ang,582,France,Female,43.0,8,0.0,2,1.0,0.0,143940.02,0
7494,15582090,Iroawuchi,684,Spain,Female,36.0,4,0.0,2,1.0,0.0,117038.96,0
7495,15743818,Rowley,748,Spain,Male,58.0,9,122330.7,2,1.0,1.0,124429.19,0
7496,15687094,Martin,772,France,Male,40.0,10,0.0,2,1.0,0.0,75832.53,0
7497,15591036,McEwan,667,France,Female,29.0,5,0.0,2,1.0,0.0,92865.56,0
7498,15775293,Kegley,627,France,Female,32.0,7,0.0,1,1.0,0.0,106851.7,1
7499,15680449,Hsing,431,Spain,Male,44.0,3,138843.7,1,1.0,0.0,37688.31,0
7500,15585945,Martin,591,France,Male,48.0,0,121063.42,1,1.0,1.0,89918.86,0
7501,15701175,White,713,France,Male,25.0,10,0.0,2,1.0,1.0,179526.67,0
7502,15631072,Schofield,609,Germany,Female,30.0,9,113914.17,2,1.0,0.0,132152.32,0
7503,15790757,Cody,619,France,Male,45.0,5,0.0,1,1.0,0.0,187925.75,0
7504,15646372,Outhwaite,637,Germany,Female,30.0,1,135842.89,1,1.0,1.0,183840.51,0
7505,15685314,Pugh,679,France,Male,66.0,8,103291.25,2,1.0,0.0,130664.79,0
7506,15686696,Brown,476,France,Male,37.0,8,0.0,2,1.0,0.0,55775.84,0
7507,15574551,Smith,653,France,Female,28.0,7,99575.23,2,1.0,1.0,28276.83,0
7508,15571476,Kelly,635,Spain,Male,38.0,0,0.0,2,0.0,1.0,158344.63,0
7509,15702561,Ch'ang,634,Germany,Female,34.0,1,107174.61,1,1.0,1.0,182531.74,0
7510,15677597,T'ang,679,Germany,Male,45.0,2,135041.36,1,1.0,0.0,130486.89,0
7511,15765266,Manna,732,Germany,Male,44.0,3,123760.68,1,1.0,0.0,71672.86,1
7512,15687959,Chia,593,Germany,Male,39.0,9,106022.0,1,1.0,0.0,62830.7,0
7513,15751412,Harvey,627,France,Male,25.0,1,114370.41,1,1.0,0.0,80410.68,0
7514,15609823,Yobachukwu,646,France,Male,32.0,3,0.0,1,0.0,1.0,167984.72,0
7515,15583850,Hsiung,627,Spain,Male,36.0,0,0.0,2,1.0,0.0,86912.35,0
7516,15769356,Walker,710,Germany,Female,29.0,2,117035.89,1,1.0,1.0,135077.01,0
7517,15580147,Chia,590,Germany,Female,52.0,4,161207.04,1,0.0,1.0,99844.84,1
7518,15715117,Martin,627,Germany,Male,46.0,2,106045.28,2,1.0,0.0,149814.71,1
7519,15792325,Chialuka,553,Spain,Male,34.0,8,116079.92,2,1.0,0.0,7905.06,0
7520,15710164,Nwachinemelu,635,Spain,Male,33.0,2,0.0,2,0.0,1.0,59249.83,0
7521,15641733,Mazzanti,648,Spain,Female,40.0,1,0.0,2,1.0,1.0,86935.08,0
7522,15781298,Hughes,808,France,Male,39.0,3,124216.93,1,0.0,1.0,171442.36,0
7523,15662532,Nnaife,731,France,Female,37.0,1,131691.33,1,0.0,1.0,126188.18,0
7524,15780498,Hs?,656,France,Female,40.0,8,0.0,2,1.0,1.0,51454.06,0
7525,15651740,Napolitani,525,France,Female,30.0,4,0.0,1,0.0,1.0,149195.44,0
7526,15603665,Longo,545,Spain,Female,26.0,7,0.0,2,1.0,0.0,17095.49,0
7527,15569526,Chu,745,Germany,Female,38.0,6,118546.7,2,1.0,1.0,52449.11,0
7528,15572374,Tretiakova,583,Spain,Male,41.0,3,0.0,2,1.0,1.0,47997.39,0
7529,15733581,Duncan,831,Germany,Male,32.0,8,80262.66,1,1.0,0.0,194867.78,0
7530,15751131,Nnamdi,700,France,Female,46.0,9,146652.19,1,1.0,1.0,183584.14,0
7531,15782390,Ozioma,558,Germany,Male,44.0,4,127980.32,2,1.0,0.0,74850.95,1
7532,15657537,Iqbal,564,France,Female,33.0,2,124555.17,2,1.0,1.0,173535.44,0
7533,15787196,T'ien,767,Spain,Male,42.0,2,0.0,1,1.0,1.0,105983.09,0
7534,15608406,Bergamaschi,633,France,Female,37.0,9,124053.03,1,1.0,1.0,66799.28,0
7535,15756975,Chiu,645,France,Female,34.0,4,111599.32,1,1.0,1.0,113557.22,0
7536,15591179,Ritchie,633,Spain,Male,38.0,3,0.0,2,1.0,0.0,175743.92,0
7537,15630167,Parkin,662,Spain,Female,54.0,8,0.0,1,1.0,0.0,173948.4,0
7538,15693374,Ch'iu,697,France,Female,35.0,7,114410.19,2,0.0,0.0,178256.52,1
7539,15574528,Nwachinemelu,588,Spain,Male,29.0,2,0.0,2,1.0,0.0,124954.54,0
7540,15643392,H?,661,Germany,Female,36.0,4,95822.1,1,1.0,0.0,65782.25,0
7541,15642824,Maclean,693,Spain,Female,44.0,4,0.0,1,0.0,0.0,89891.4,1
7542,15778025,Kao,487,France,Male,35.0,5,148363.03,2,1.0,1.0,56780.97,0
7543,15785819,Chiazagomekpere,673,France,Male,45.0,3,104430.24,1,0.0,0.0,147075.63,0
7544,15670103,Nnachetam,726,Germany,Male,53.0,3,126444.08,1,1.0,1.0,6078.46,1
7545,15672967,T'ien,684,France,Male,32.0,8,145747.72,1,1.0,1.0,86622.42,0
7546,15611365,Tuan,523,France,Male,31.0,7,130661.96,1,1.0,1.0,171096.2,0
7547,15732266,Pugh,744,France,Female,39.0,5,0.0,2,0.0,1.0,114957.13,0
7548,15572294,Kelly,711,France,Male,32.0,7,0.0,2,0.0,1.0,129526.57,0
7549,15798895,Chia,644,Germany,Male,42.0,6,121345.88,1,1.0,1.0,163587.9,0
7550,15661532,T'ien,597,France,Female,28.0,5,0.0,1,0.0,0.0,99689.13,1
7551,15800874,Chukwuemeka,668,Germany,Female,36.0,2,99097.85,2,1.0,1.0,94711.66,0
7552,15756655,Hughes,657,France,Male,27.0,1,0.0,2,0.0,1.0,146895.36,0
7553,15707559,Yeh,556,France,Male,37.0,1,0.0,3,1.0,1.0,134778.01,1
7554,15659800,Teng,584,Spain,Female,50.0,1,0.0,2,0.0,0.0,152567.75,0
7555,15800326,Ndubueze,850,Germany,Female,48.0,3,145578.28,3,1.0,1.0,166520.96,1
7556,15661903,Folliero,585,France,Female,41.0,9,0.0,2,1.0,0.0,91364.34,0
7557,15771059,Welch,756,Germany,Female,34.0,7,148200.72,1,0.0,1.0,194584.48,0
7558,15621004,Chukwuhaenye,619,France,Male,32.0,7,0.0,1,0.0,1.0,198055.94,0
7559,15759917,Folliero,651,Spain,Female,29.0,9,53469.21,1,1.0,0.0,183536.24,1
7560,15782390,T'ien,621,France,Female,35.0,1,0.0,2,1.0,0.0,155155.25,0
7561,15643770,Conti,736,Spain,Female,47.0,3,0.0,1,0.0,1.0,174800.31,0
7562,15644832,Ts'ui,728,Germany,Female,47.0,2,98630.31,1,0.0,1.0,173516.71,1
7563,15574858,Zetticci,581,France,Female,33.0,5,0.0,1,0.0,1.0,179908.71,1
7564,15681316,Okwukwe,516,France,Male,28.0,7,0.0,1,1.0,1.0,122547.58,0
7565,15730448,White,648,Spain,Female,43.0,7,0.0,2,1.0,1.0,47722.79,0
7566,15688876,Chinwendu,579,France,Male,34.0,9,0.0,2,1.0,1.0,705.18,0
7567,15727556,Chukwueloka,632,France,Female,34.0,1,106138.33,1,0.0,0.0,26327.42,0
7568,15748986,Zetticci,497,France,Female,37.0,1,93817.41,2,1.0,1.0,132468.76,0
7569,15682722,Hsia,738,Germany,Male,42.0,3,124411.52,2,1.0,1.0,116848.0,0
7570,15600974,Ts'ai,697,Spain,Female,35.0,6,0.0,2,0.0,1.0,27345.18,0
7571,15690744,Ts'ai,597,Germany,Female,48.0,1,132405.52,2,1.0,0.0,158036.72,1
7572,15640521,Chidumaga,591,Germany,Male,28.0,3,144961.97,1,1.0,1.0,58844.84,0
7573,15671322,Chien,724,Germany,Male,30.0,7,115315.04,1,1.0,0.0,15216.53,0
7574,15606074,Onyinyechukwuka,701,France,Female,33.0,3,88243.83,1,1.0,0.0,140746.95,0
7575,15731760,Butcher,645,France,Male,25.0,2,0.0,2,0.0,0.0,90883.12,0
7576,15667424,Ewing,459,Spain,Female,35.0,10,163943.69,1,1.0,0.0,185541.6,0
7577,15637427,Lu,617,France,Female,35.0,7,128736.39,2,1.0,1.0,37147.61,0
7578,15782868,Trevisani,710,France,Male,32.0,3,0.0,2,1.0,1.0,58469.05,0
7579,15671293,Hirst,678,Spain,Male,32.0,3,0.0,2,1.0,1.0,60721.4,0
7580,15641835,Clements,691,France,Female,35.0,5,0.0,2,0.0,0.0,151872.31,0
7581,15654574,K'ung,812,France,Male,34.0,1,141788.63,1,1.0,0.0,64448.36,0
7582,15814772,Adams,645,Germany,Male,42.0,4,160133.88,1,0.0,1.0,88391.29,0
7583,15664897,Chien,778,Spain,Male,25.0,5,98752.03,1,1.0,0.0,91414.62,0
7584,15593959,Travis,524,France,Male,27.0,1,93577.3,1,0.0,1.0,51670.82,0
7585,15749019,Manna,681,Germany,Female,40.0,4,129860.37,1,0.0,0.0,142331.85,1
7586,15656096,Udinese,634,France,Male,47.0,4,0.0,2,1.0,1.0,77965.61,0
7587,15612043,Lo Duca,850,France,Male,35.0,4,120905.03,1,0.0,1.0,176833.63,0
7588,15798943,Alexander,607,Spain,Male,39.0,10,0.0,2,0.0,0.0,132741.13,0
7589,15793878,Nucci,659,France,Male,36.0,2,0.0,2,1.0,0.0,178252.73,0
7590,15750574,Smith,636,France,Male,41.0,9,71260.31,2,1.0,1.0,64722.84,1
7591,15770030,Nkemdilim,616,France,Female,37.0,7,0.0,1,1.0,0.0,140800.62,1
7592,15654772,Teng,695,Germany,Female,47.0,1,125552.96,1,0.0,0.0,9984.4,1
7593,15694860,Echezonachukwu,613,France,Female,34.0,5,167962.7,2,1.0,1.0,68400.14,0
7594,15656840,Hsia,717,France,Female,31.0,6,0.0,1,1.0,0.0,140134.43,0
7595,15692259,Biryukova,686,Germany,Female,28.0,7,105086.74,1,1.0,1.0,184520.0,0
7596,15727059,Hsia,713,Germany,Female,56.0,6,115076.02,2,1.0,0.0,169964.45,1
7597,15711217,Yip,850,France,Male,32.0,1,0.0,2,1.0,1.0,80582.34,0
7598,15710138,Paterson,718,Spain,Male,39.0,6,0.0,1,0.0,0.0,63889.1,1
7599,15597735,Chukwukadibia,539,Spain,Male,25.0,4,140576.11,1,1.0,1.0,106977.5,0
7600,15747960,Ewing,560,France,Female,34.0,5,105056.13,2,0.0,0.0,70613.52,0
7601,15764237,Shih,696,France,Male,22.0,4,0.0,2,1.0,1.0,143537.52,0
7602,15627840,Ts'ao,559,Spain,Male,38.0,1,0.0,2,1.0,0.0,81622.49,0
7603,15658670,Chigolum,516,Germany,Female,40.0,9,111501.66,2,0.0,1.0,160526.36,0
7604,15600399,Thomson,706,France,Male,39.0,5,0.0,2,1.0,0.0,163185.76,0
7605,15660101,Balashov,660,France,Male,34.0,8,0.0,1,0.0,0.0,88080.43,0
7606,15635116,Manna,604,Spain,Female,39.0,1,0.0,1,1.0,0.0,187943.6,0
7607,15581733,Ts'ai,537,Germany,Male,55.0,0,123348.56,1,0.0,0.0,64448.02,1
7608,15736302,Yefremova,751,France,Male,42.0,4,0.0,2,1.0,1.0,86634.67,0
7609,15746662,Pagnotto,774,France,Male,36.0,2,0.0,2,1.0,1.0,74858.3,0
7610,15799785,Ikemefuna,679,Germany,Female,45.0,5,77949.69,1,1.0,1.0,121151.46,1
7611,15793724,Onwuatuegwu,653,Germany,Female,29.0,9,106511.85,1,0.0,1.0,181499.77,0
7612,15785542,Kornilova,579,Germany,Male,26.0,4,118287.01,1,0.0,1.0,60427.3,0
7613,15642725,Louis,635,France,Male,32.0,4,0.0,2,0.0,1.0,117323.31,0
7614,15673984,Chinwenma,620,France,Male,61.0,5,105209.56,1,1.0,1.0,93624.55,0
7615,15658969,Aksenov,649,France,Female,51.0,8,131768.67,1,1.0,1.0,105570.79,0
7616,15741295,Yefimova,615,France,Male,35.0,2,0.0,2,1.0,1.0,49872.33,0
7617,15573319,Shih,704,Spain,Male,37.0,1,0.0,2,1.0,1.0,52317.81,0
7618,15799720,Y?,653,Germany,Male,44.0,2,125789.75,1,1.0,1.0,6923.4,0
7619,15593365,Shih,762,Spain,Male,39.0,1,0.0,2,0.0,1.0,18719.67,0
7620,15740476,Baresi,635,France,Male,31.0,0,126547.8,1,0.0,0.0,135909.47,1
7621,15645103,Ch'eng,719,France,Female,29.0,9,0.0,2,1.0,0.0,27231.27,0
7622,15675203,Shih,563,Germany,Male,35.0,5,90727.12,1,1.0,0.0,67739.35,1
7623,15787772,Alekseyeva,634,France,Male,36.0,5,88363.03,1,0.0,0.0,168822.01,1
7624,15664543,Tuan,682,Spain,Male,37.0,6,0.0,2,1.0,1.0,136071.05,0
7625,15792475,Sagese,572,France,Male,46.0,9,0.0,1,1.0,0.0,138882.5,1
7626,15703541,Wang,772,Germany,Female,25.0,3,143930.92,2,1.0,1.0,46675.51,0
7627,15679983,Garmon,565,France,Male,34.0,7,0.0,1,0.0,1.0,74593.84,0
7628,15643966,Udinesi,685,Germany,Female,36.0,2,117899.86,2,1.0,1.0,92634.41,0
7629,15732268,Cook,706,France,Male,39.0,7,111169.91,1,0.0,1.0,95655.16,0
7630,15643359,Cullen,736,Germany,Male,49.0,7,139959.55,2,1.0,1.0,189875.83,0
7631,15753955,Y?an,590,France,Female,51.0,6,0.0,1,0.0,0.0,166476.95,1
7632,15702300,Hsing,625,Germany,Male,34.0,8,124576.65,1,1.0,0.0,53353.36,0
7633,15625929,Trevisan,578,France,Female,44.0,2,159316.64,1,0.0,0.0,24780.13,0
7634,15698902,Lucchesi,592,France,Female,26.0,10,0.0,1,1.0,1.0,122584.29,0
7635,15655341,Chinagorom,458,France,Female,45.0,5,0.0,1,1.0,0.0,135287.74,0
7636,15677522,Palerma,635,France,Female,50.0,6,0.0,2,1.0,1.0,8973.67,0
7637,15750838,Pirozzi,693,Germany,Female,29.0,0,116622.35,2,1.0,1.0,59679.5,0
7638,15633666,Estrada,648,Spain,Female,52.0,7,0.0,2,0.0,1.0,82614.89,0
7639,15739123,Mellor,753,France,Female,43.0,4,0.0,1,1.0,0.0,148412.24,0
7640,15576935,Cameron,437,France,Male,51.0,5,125739.26,1,1.0,0.0,175821.43,1
7641,15722083,Zhirov,613,France,Female,43.0,7,0.0,2,1.0,1.0,161407.48,0
7642,15759991,Onyemauchechukwu,663,France,Female,36.0,5,0.0,2,1.0,0.0,28690.9,0
7643,15656921,Locke,850,France,Male,34.0,9,0.0,2,0.0,0.0,152298.28,1
7644,15692226,Onwumelu,615,Germany,Male,41.0,9,181627.14,2,1.0,1.0,175399.14,0
7645,15796721,H?,585,Spain,Male,29.0,7,0.0,2,1.0,1.0,138889.15,0
7646,15798824,Lucciano,686,France,Male,26.0,7,0.0,1,0.0,1.0,93524.22,0
7647,15799811,Carr,600,Spain,Male,26.0,6,0.0,2,1.0,1.0,101986.16,0
7648,15704160,Wan,648,Spain,Female,41.0,5,0.0,2,1.0,1.0,149946.43,0
7649,15603465,Hsiao,731,France,Male,25.0,6,0.0,2,1.0,0.0,166677.54,0
7650,15591822,Lucchese,663,France,Male,42.0,6,0.0,2,1.0,0.0,180969.55,0
7651,15677249,Ts'ai,595,France,Male,33.0,7,0.0,2,0.0,0.0,141756.32,0
7652,15670668,Martin,535,France,Female,41.0,6,71872.19,1,1.0,0.0,35640.12,0
7653,15752409,Grant,718,France,Male,31.0,6,0.0,1,1.0,1.0,124596.63,0
7654,15635277,Yobanna,662,France,Male,30.0,8,105355.98,1,1.0,1.0,48233.75,0
7655,15595303,Johnston,736,France,Male,46.0,7,130812.91,1,1.0,1.0,77981.54,0
7656,15606887,Singh,775,France,Female,30.0,5,0.0,1,1.0,0.0,193880.6,0
7657,15801351,Milanesi,583,France,Male,40.0,3,0.0,2,0.0,1.0,47728.0,0
7658,15639788,Yuan,637,France,Male,33.0,6,80926.02,2,1.0,0.0,653.58,0
7659,15674880,Ts'ui,749,Spain,Male,37.0,4,91287.82,1,1.0,1.0,157024.92,0
7660,15591386,Tien,706,France,Male,38.0,7,0.0,3,0.0,0.0,74048.1,1
7661,15603065,Kao,543,France,Female,45.0,4,0.0,2,1.0,1.0,126511.94,1
7662,15642997,Milne,586,France,Female,56.0,1,0.0,1,1.0,0.0,158590.65,1
7663,15754513,Shih,705,France,Male,35.0,7,0.0,1,0.0,0.0,102565.38,1
7664,15716000,Hs?eh,638,France,Male,48.0,10,0.0,2,1.0,1.0,7919.08,0
7665,15725238,Teng,700,France,Male,36.0,2,0.0,2,0.0,0.0,157891.86,0
7666,15812197,P'an,550,France,Male,38.0,7,80293.98,1,0.0,0.0,126555.74,0
7667,15694859,McIntyre,844,Germany,Female,49.0,9,132934.89,1,1.0,0.0,1710.89,0
7668,15603088,Rossi,646,Spain,Male,50.0,5,126815.97,2,0.0,0.0,86013.96,1
7669,15681068,Cattaneo,632,Germany,Male,40.0,6,122550.05,2,1.0,1.0,170518.83,0
7670,15758831,Manna,659,France,Male,48.0,4,125832.4,1,1.0,0.0,61359.17,0
7671,15778868,Teng,730,France,Female,45.0,5,76471.12,1,1.0,0.0,167557.61,1
7672,15594928,Chiedozie,598,France,Male,32.0,1,117280.43,1,0.0,0.0,121151.1,1
7673,15790829,Onwuamaeze,706,France,Female,39.0,4,0.0,2,1.0,0.0,155875.01,0
7674,15646810,Davidson,600,France,Male,28.0,6,0.0,2,0.0,1.0,52193.23,0
7675,15774536,Turnbull,783,Germany,Female,43.0,0,106640.5,1,1.0,0.0,133699.82,1
7676,15803682,Hsia,618,Germany,Male,46.0,8,122471.09,1,1.0,0.0,15798.7,1
7677,15741643,Knight,593,Germany,Male,50.0,7,171740.69,1,1.0,0.0,20893.61,0
7678,15791131,Chu,512,France,Female,41.0,7,0.0,2,1.0,0.0,143981.27,0
7679,15807593,Ebelechukwu,714,France,Male,29.0,6,0.0,2,1.0,0.0,107864.4,0
7680,15643394,Ch'iu,555,Germany,Female,33.0,5,137822.18,1,1.0,1.0,176913.87,0
7681,15643696,Tuan,539,France,Female,43.0,4,0.0,1,1.0,1.0,70778.78,0
7682,15636428,Manna,545,Germany,Male,26.0,7,133889.26,2,1.0,0.0,157791.57,0
7683,15658240,Yeh,616,France,Male,33.0,8,118803.03,1,0.0,1.0,82733.63,0
7684,15701392,Gannon,712,Spain,Male,35.0,1,141078.37,1,1.0,1.0,141210.5,0
7685,15794414,Forbes,507,Spain,Male,46.0,8,0.0,2,1.0,1.0,51424.29,0
7686,15595221,Martin,714,France,Female,33.0,7,0.0,1,1.0,1.0,113177.95,1
7687,15658532,Pisano,584,France,Female,43.0,2,0.0,2,1.0,1.0,138851.6,0
7688,15777892,Shih,545,France,Male,21.0,8,0.0,2,1.0,1.0,179521.24,0
7689,15645778,Ogg,658,Spain,Male,43.0,4,0.0,2,1.0,0.0,198252.88,0
7690,15641389,Brown,659,France,Male,40.0,4,129312.79,1,1.0,0.0,82469.06,0
7691,15679551,Esposito,609,Spain,Male,46.0,1,61710.44,2,1.0,0.0,108887.44,0
7692,15812198,Akhtar,687,France,Female,42.0,3,0.0,1,1.0,0.0,146022.28,1
7693,15811389,Eluemuno,763,Germany,Female,60.0,6,128366.44,1,1.0,0.0,93524.22,1
7694,15598836,Mazzanti,715,France,Female,39.0,10,97464.39,1,1.0,1.0,104719.66,0
7695,15772497,Nwabugwu,754,France,Male,36.0,9,0.0,1,1.0,1.0,127977.66,0
7696,15739248,Golubev,756,Germany,Female,31.0,9,132932.14,1,0.0,1.0,100791.36,0
7697,15571550,Calabrese,681,Germany,Male,44.0,10,105206.7,2,0.0,0.0,163558.36,0
7698,15785367,Yudin,578,Spain,Male,34.0,4,0.0,2,1.0,0.0,111241.37,0
7699,15746333,Eluemuno,640,France,Male,35.0,7,118311.76,1,0.0,0.0,56650.08,0
7700,15757588,Ts'ui,755,France,Male,42.0,3,0.0,2,0.0,0.0,92914.71,0
7701,15569682,Aksyonov,583,France,Male,37.0,5,0.0,2,1.0,0.0,48382.4,0
7702,15648876,Hsiung,675,France,Female,30.0,6,0.0,1,1.0,1.0,170518.83,0
7703,15642785,Liao,683,Spain,Male,58.0,4,131240.06,2,1.0,1.0,28797.69,0
7704,15711130,Pirozzi,625,France,Male,37.0,7,144856.54,1,0.0,1.0,53954.31,0
7705,15791533,T'ien,749,Germany,Female,49.0,6,145879.18,1,1.0,0.0,174034.0,1
7706,15789865,Chukwudi,756,France,Male,34.0,8,0.0,2,1.0,1.0,199454.04,0
7707,15697441,Wright,786,France,Female,48.0,6,0.0,1,0.0,1.0,117034.32,1
7708,15788448,Hsiung,599,France,Male,50.0,7,88772.61,2,1.0,0.0,141453.46,0
7709,15728015,Fomin,656,France,Male,29.0,9,0.0,1,1.0,1.0,92796.35,0
7710,15649793,Lovely,658,Spain,Male,20.0,7,0.0,2,0.0,0.0,187638.34,0
7711,15668971,Walker,662,France,Female,39.0,9,0.0,2,1.0,0.0,105986.02,0
7712,15665956,H?,586,France,Male,38.0,7,0.0,1,1.0,0.0,98931.5,0
7713,15636428,P'an,682,France,Female,38.0,7,0.0,2,1.0,0.0,143783.28,0
7714,15693864,Davis,678,France,Female,53.0,4,0.0,1,1.0,0.0,187636.06,1
7715,15593710,Kambinachi,743,Germany,Male,35.0,5,133666.26,1,1.0,0.0,116547.07,0
7716,15693501,Hs?,733,Germany,Male,31.0,7,141581.81,2,1.0,0.0,86950.74,0
7717,15729083,Trevisano,850,France,Male,52.0,8,0.0,1,0.0,1.0,181610.6,1
7718,15746976,Hs?,554,France,Male,26.0,7,95772.86,2,0.0,1.0,50294.48,0
7719,15579914,T'ao,591,France,Female,38.0,6,115409.54,1,1.0,1.0,122515.83,0
7720,15582335,Hsueh,593,Spain,Male,34.0,6,0.0,2,0.0,0.0,138350.74,0
7721,15723153,Chiemenam,798,France,Male,60.0,3,141428.99,1,1.0,0.0,64345.61,0
7722,15649738,Folliero,637,France,Male,33.0,9,0.0,2,1.0,1.0,89017.38,0
7723,15679284,Hs?,606,Germany,Male,54.0,10,144705.87,1,0.0,0.0,156476.36,1
7724,15803842,Hsia,774,France,Male,35.0,4,0.0,2,0.0,0.0,182270.88,0
7725,15702464,Ts'ai,573,France,Female,38.0,2,0.0,2,1.0,0.0,62810.94,0
7726,15763639,Chidiebere,667,France,Male,36.0,7,104083.68,1,1.0,0.0,60947.67,1
7727,15721469,Nkemakonam,579,Spain,Male,30.0,2,0.0,2,1.0,1.0,123875.01,0
7728,15614782,Hao,526,France,Male,29.0,5,0.0,2,1.0,0.0,160696.72,0
7729,15648876,Sandover,712,France,Male,34.0,5,0.0,1,0.0,0.0,27380.99,0
7730,15613787,Chidubem,503,Spain,Male,40.0,6,153195.59,1,1.0,0.0,183038.33,0
7731,15627212,Hargreaves,644,France,Female,34.0,1,102025.32,1,1.0,1.0,26116.82,0
7732,15643819,Estrada,729,France,Female,30.0,4,0.0,1,0.0,1.0,143393.24,0
7733,15633930,Yobachukwu,648,Spain,Male,33.0,1,0.0,2,0.0,1.0,140991.23,0
7734,15718071,Tuan,655,France,Female,37.0,3,0.0,2,0.0,1.0,15801.02,0
7735,15602124,Badgery,731,France,Female,50.0,3,0.0,1,1.0,0.0,184581.68,1
7736,15769582,Lucchese,624,France,Male,31.0,7,0.0,2,1.0,0.0,151647.33,0
7737,15698732,Tien,652,Germany,Female,37.0,3,104356.38,2,1.0,0.0,94498.82,0
7738,15641694,Nwankwo,706,Germany,Female,43.0,1,127421.47,2,1.0,1.0,143598.56,0
7739,15784687,Simmons,592,France,Male,54.0,1,126477.42,1,1.0,1.0,179718.17,0
7740,15704583,Smith,728,France,Male,34.0,7,0.0,2,1.0,1.0,123427.98,0
7741,15748327,Ndubuisi,619,Spain,Male,35.0,1,128743.26,1,1.0,0.0,53553.37,0
7742,15662098,Tien,676,France,Female,38.0,8,0.0,2,1.0,1.0,93551.36,0
7743,15621815,Anderson,659,France,Male,31.0,6,0.0,2,1.0,0.0,9770.97,0
7744,15809837,Ts'ai,712,France,Male,41.0,6,0.0,2,1.0,1.0,102908.91,0
7745,15710365,Milani,569,France,Female,39.0,2,0.0,2,1.0,1.0,194273.2,0
7746,15765643,Ferri,646,France,Male,39.0,8,0.0,2,0.0,0.0,142331.85,0
7747,15592479,Lucchese,644,France,Male,41.0,6,0.0,1,1.0,0.0,162865.44,0
7748,15567834,Nieves,719,France,Male,49.0,5,0.0,1,1.0,0.0,16246.59,1
7749,15773852,Obielumani,733,France,Female,47.0,5,113328.93,1,1.0,0.0,124170.9,0
7750,15756056,Baresi,575,France,Male,39.0,8,0.0,2,1.0,0.0,149503.54,0
7751,15736397,Lettiere,684,France,Female,40.0,4,0.0,2,0.0,0.0,112138.22,0
7752,15630725,Johnson,709,France,Female,45.0,5,92786.66,1,1.0,1.0,173365.9,0
7753,15794414,Forbes,507,Spain,Male,42.0,6,92783.68,1,1.0,1.0,51424.29,0
7754,15659399,Rossi,550,France,Female,49.0,5,0.0,1,0.0,0.0,61513.87,0
7755,15663873,Maclean,553,Germany,Female,47.0,7,99883.16,2,0.0,1.0,134906.47,0
7756,15660263,Yang,558,Germany,Male,25.0,10,111363.1,2,0.0,1.0,197264.35,0
7757,15571529,Kao,537,Spain,Male,36.0,7,0.0,1,1.0,1.0,131553.83,0
7758,15640059,Smith,544,France,Male,47.0,1,0.0,2,0.0,1.0,79972.09,1
7759,15696900,Trevisani,605,France,Female,51.0,2,0.0,2,0.0,1.0,86413.11,0
7760,15728012,H?,684,Germany,Female,43.0,8,127815.85,1,1.0,0.0,120892.96,1
7761,15609187,Hsia,711,France,Male,40.0,5,121461.47,1,1.0,0.0,183868.01,0
7762,15684011,Miller,577,Germany,Male,49.0,8,110463.25,1,0.0,1.0,173629.78,1
7763,15803801,Teng,516,France,Female,42.0,8,0.0,1,1.0,1.0,73883.42,0
7764,15767891,Smith,725,France,Male,28.0,8,124695.72,2,1.0,0.0,182787.17,0
7765,15729789,Yobanna,651,France,Female,40.0,8,0.0,1,0.0,1.0,79871.85,1
7766,15707559,Mazzanti,699,Germany,Male,34.0,8,162378.61,1,1.0,1.0,167723.25,0
7767,15738148,Tung,635,Spain,Male,30.0,6,0.0,2,1.0,0.0,52311.21,0
7768,15703588,Hsia,714,France,Female,28.0,7,0.0,2,1.0,1.0,132770.11,0
7769,15643819,Aitken,641,France,Male,41.0,5,0.0,2,1.0,1.0,140800.51,0
7770,15658713,Chukwuemeka,662,Germany,Male,27.0,1,122291.1,2,0.0,0.0,187976.4,0
7771,15701555,Ndubueze,696,France,Female,49.0,7,0.0,1,1.0,1.0,177622.36,0
7772,15692583,L?,667,France,Male,55.0,1,0.0,1,0.0,0.0,131177.22,1
7773,15684319,Ebelegbulam,648,Spain,Female,44.0,0,133550.87,1,1.0,0.0,82774.06,1
7774,15630648,Lucchesi,644,Spain,Female,43.0,8,0.0,1,1.0,0.0,115288.24,1
7775,15583076,Yefremova,645,France,Female,33.0,6,0.0,2,1.0,0.0,125870.5,0
7776,15782210,K'ung,724,Germany,Male,42.0,1,154870.28,1,1.0,0.0,152167.79,1
7777,15579526,Ponomaryov,748,Spain,Male,26.0,4,134996.05,1,0.0,0.0,119817.19,0
7778,15788367,Lettiere,633,Germany,Female,35.0,3,95858.39,1,1.0,0.0,66462.84,1
7779,15612092,Onio,659,Spain,Female,48.0,1,0.0,2,1.0,1.0,168816.22,0
7780,15643386,Kaur,683,Germany,Female,30.0,5,113590.28,1,1.0,1.0,6078.92,0
7781,15633227,Kenechukwu,613,Germany,Female,48.0,8,96679.71,2,0.0,0.0,163147.99,1
7782,15726484,Pollard,633,France,Male,37.0,4,141546.35,1,1.0,1.0,124830.11,1
7783,15762937,Sung,648,Germany,Male,27.0,2,147435.96,1,1.0,0.0,187508.06,0
7784,15706729,Hs?,567,Spain,Male,36.0,10,0.0,2,1.0,0.0,45414.09,0
7785,15625247,Scott,807,France,Female,50.0,1,0.0,1,0.0,0.0,114448.13,1
7786,15677921,Calabrese,754,France,Male,38.0,9,0.0,2,1.0,1.0,86764.46,0
7787,15583849,Ts'ai,408,Spain,Male,40.0,7,0.0,2,0.0,0.0,124874.23,0
7788,15722578,Tsai,602,France,Male,31.0,8,0.0,2,1.0,1.0,139435.75,0
7789,15693199,Shao,627,France,Female,37.0,8,0.0,2,1.0,0.0,191557.1,0
7790,15671534,Mazzanti,614,France,Male,37.0,5,0.0,2,1.0,1.0,141706.43,0
7791,15599433,Yuryeva,666,France,Male,38.0,5,0.0,1,0.0,0.0,54427.51,1
7792,15792479,Shih,579,France,Male,35.0,5,0.0,2,0.0,1.0,61446.78,0
7793,15626485,H?,683,France,Male,43.0,2,0.0,1,1.0,1.0,143980.29,1
7794,15812517,Yuryeva,635,Germany,Male,33.0,8,152296.84,1,1.0,0.0,109659.12,0
7795,15593959,Beavers,732,Germany,Female,19.0,9,113905.48,1,1.0,0.0,176137.2,1
7796,15791988,Chinomso,670,France,Male,68.0,2,0.0,1,1.0,1.0,11426.7,0
7797,15785815,Tuan,641,France,Male,28.0,5,0.0,2,1.0,1.0,126812.63,0
7798,15641688,Ritchie,587,Germany,Male,45.0,4,134498.01,1,1.0,0.0,171344.02,1
7799,15809265,Kao,547,France,Male,33.0,4,0.0,2,1.0,1.0,133287.73,0
7800,15577700,Rapuokwu,749,France,Male,29.0,10,185063.7,1,1.0,1.0,134526.87,0
7801,15637954,Miller,693,Germany,Male,57.0,8,93594.0,1,1.0,1.0,63769.02,1
7802,15804787,Okwudilichukwu,556,Spain,Male,47.0,8,0.0,2,1.0,0.0,79503.05,0
7803,15782364,Feng,529,France,Male,28.0,3,0.0,1,0.0,1.0,52545.24,1
7804,15715140,Whitehead,624,Spain,Male,39.0,5,0.0,2,1.0,0.0,93336.77,0
7805,15643908,Pisano,628,France,Male,37.0,5,0.0,2,1.0,1.0,61319.39,0
7806,15592836,Iadanza,686,France,Male,34.0,3,125514.56,1,0.0,1.0,143496.13,0
7807,15621870,Bage,683,Spain,Male,36.0,7,121428.65,1,1.0,1.0,80178.54,0
7808,15691387,Onwuamaeze,707,France,Male,26.0,2,0.0,2,1.0,0.0,62390.59,0
7809,15631693,H?,693,France,Male,36.0,4,0.0,2,0.0,0.0,148811.72,0
7810,15794890,Maclean,713,France,Male,37.0,4,141352.02,1,1.0,0.0,105817.38,0
7811,15660735,T'ang,581,Spain,Female,37.0,4,0.0,2,1.0,0.0,188377.21,0
7812,15652667,Brown,614,France,Male,36.0,8,0.0,2,0.0,0.0,160162.42,0
7813,15793421,Kuo,705,France,Female,28.0,4,166526.99,1,0.0,0.0,149913.18,0
7814,15689953,Trevisano,695,France,Male,43.0,1,127616.56,2,1.0,0.0,46998.13,0
7815,15681180,Eiland,621,France,Female,36.0,6,0.0,1,1.0,0.0,68860.3,0
7816,15593770,McNeil,590,Spain,Male,37.0,6,0.0,2,0.0,1.0,126451.14,0
7817,15603594,Hs?eh,707,France,Female,59.0,7,90963.49,3,1.0,0.0,122662.98,1
7818,15621453,Kibble,675,Germany,Male,32.0,10,129742.4,1,0.0,1.0,86793.42,0
7819,15648005,Russell,632,Germany,Male,33.0,5,130538.77,1,1.0,1.0,157527.6,1
7820,15646720,Chiu,712,France,Male,32.0,7,133681.78,1,1.0,1.0,152733.89,0
7821,15716518,Yuryeva,617,France,Female,28.0,4,0.0,2,0.0,1.0,190269.21,0
7822,15806467,Ch'iu,637,France,Male,34.0,6,143964.61,1,1.0,0.0,1055.25,0
7823,15673180,Onyekaozulu,727,Germany,Female,18.0,2,93816.7,2,1.0,1.0,126172.11,0
7824,15623450,Ch'eng,775,Germany,Female,45.0,6,122338.21,1,0.0,1.0,72330.46,1
7825,15781975,Rees,708,France,Male,34.0,3,0.0,2,0.0,1.0,121457.88,0
7826,15713819,Calabrese,719,France,Female,28.0,7,0.0,1,1.0,0.0,122865.0,0
7827,15671512,T'ien,588,Germany,Female,42.0,9,123401.57,1,0.0,0.0,103781.73,1
7828,15798888,Ozoemena,599,Spain,Male,28.0,9,0.0,2,0.0,1.0,187921.3,0
7829,15769586,Horan,820,France,Female,49.0,9,0.0,2,1.0,1.0,119087.25,0
7830,15794266,Ugochukwu,562,France,Female,40.0,7,106036.52,1,0.0,0.0,180844.81,1
7831,15701488,Ndubueze,667,Germany,Female,42.0,8,141913.96,1,1.0,0.0,100557.88,0
7832,15708713,T'ao,639,France,Male,25.0,2,0.0,2,1.0,1.0,134976.49,0
7833,15593773,Chia,577,Spain,Male,36.0,4,0.0,2,1.0,0.0,7156.09,0
7834,15589030,Ts'ai,711,France,Female,35.0,2,0.0,2,1.0,1.0,124874.23,0
7835,15794345,Ma,592,Spain,Female,38.0,7,0.0,2,1.0,0.0,46635.11,0
7836,15660840,Chin,735,Germany,Male,40.0,8,147974.06,2,1.0,0.0,140810.48,0
7837,15750264,Calabresi,439,Spain,Female,26.0,10,72945.64,2,1.0,0.0,124483.59,0
7838,15598086,Brown,624,France,Female,45.0,2,0.0,1,1.0,0.0,168002.31,1
7839,15612776,Ho,595,Spain,Female,32.0,10,0.0,2,1.0,1.0,134794.02,0
7840,15632575,Moore,559,France,Female,70.0,2,0.0,1,1.0,0.0,122996.76,0
7841,15799479,Coles,637,France,Male,33.0,9,0.0,2,1.0,1.0,124045.65,0
7842,15623072,Nwoye,549,Germany,Female,41.0,1,156771.68,1,1.0,0.0,141148.21,0
7843,15674851,T'ien,697,France,Male,35.0,7,0.0,2,1.0,1.0,79919.13,0
7844,15699461,Zito,597,Spain,Male,26.0,4,0.0,2,1.0,0.0,147040.08,0
7845,15626485,Brown,705,Germany,Male,37.0,2,61907.96,1,1.0,1.0,91820.8,0
7846,15782998,P'eng,635,France,Male,39.0,5,153040.41,1,1.0,0.0,25310.82,0
7847,15809777,T'ao,637,France,Male,32.0,5,0.0,2,0.0,0.0,105986.01,0
7848,15579914,Onyemere,651,France,Male,36.0,8,0.0,2,0.0,1.0,120586.32,0
7849,15713094,Tai,651,France,Female,50.0,8,0.0,1,1.0,1.0,126761.2,1
7850,15803526,Eremenko,849,Germany,Male,30.0,3,113657.41,1,0.0,1.0,135067.02,1
7851,15803365,Palerma,588,Germany,Female,39.0,2,121629.22,1,0.0,0.0,79997.14,1
7852,15677173,Law,599,Spain,Male,37.0,4,124969.13,1,1.0,1.0,60194.05,0
7853,15690209,Hsiao,745,Germany,Female,38.0,3,142557.11,1,1.0,0.0,42831.11,1
7854,15806360,Okeke,664,Spain,Female,37.0,5,0.0,1,1.0,1.0,162858.29,1
7855,15712199,Ijendu,655,Germany,Male,61.0,2,183997.7,2,1.0,1.0,161217.18,0
7856,15608715,L?,718,France,Male,34.0,10,0.0,2,0.0,0.0,149913.14,0
7857,15763798,Iweobiegbunam,686,France,Male,22.0,5,106431.97,1,1.0,1.0,56580.23,0
7858,15676094,Onyemauchechukwu,676,France,Male,20.0,4,0.0,2,1.0,0.0,141756.76,0
7859,15633378,Ch'ien,646,Germany,Male,41.0,5,139914.17,1,1.0,0.0,163989.66,1
7860,15756680,Phillips,667,France,Male,28.0,8,165798.1,2,1.0,0.0,147090.9,0
7861,15733387,Pham,727,Spain,Female,43.0,2,109679.72,1,1.0,1.0,52110.45,0
7862,15737078,Biryukova,687,Spain,Male,38.0,8,0.0,2,1.0,0.0,175082.2,0
7863,15587066,McIntyre,640,France,Female,59.0,1,0.0,2,1.0,0.0,126336.63,1
7864,15705113,P'an,611,Spain,Male,41.0,1,89685.92,1,1.0,0.0,3025.49,1
7865,15576774,O'Kane,714,France,Female,28.0,7,0.0,2,1.0,0.0,124626.09,0
7866,15652069,Hs?,745,Germany,Female,42.0,2,127559.3,1,1.0,0.0,61539.8,1
7867,15660602,Nnaife,613,Spain,Male,39.0,7,0.0,1,1.0,0.0,167099.82,1
7868,15744327,Hs?eh,850,Germany,Male,35.0,2,117707.18,1,1.0,1.0,162453.06,0
7869,15804787,Onyemauchechukwu,562,France,Male,44.0,5,87140.85,1,0.0,1.0,39351.64,0
7870,15787227,Watson,579,France,Female,32.0,8,0.0,2,1.0,1.0,142996.89,0
7871,15712241,Lucchesi,717,France,Male,37.0,1,0.0,2,0.0,0.0,149170.96,0
7872,15676909,O'Donnell,678,Spain,Male,31.0,9,0.0,2,1.0,0.0,149550.95,0
7873,15799480,O'Brien,539,Germany,Female,61.0,1,119624.6,2,0.0,1.0,177896.92,0
7874,15636562,K'ung,773,Germany,Female,41.0,8,115007.09,1,1.0,1.0,171573.5,0
7875,15670374,Hsieh,576,France,Male,26.0,10,133616.6,1,1.0,0.0,136050.47,0
7876,15744544,Hsiao,717,Germany,Female,47.0,4,109783.69,2,0.0,1.0,163830.64,1
7877,15753861,Nnachetam,711,Spain,Female,40.0,4,0.0,1,0.0,0.0,90876.85,1
7878,15567855,Chukwufumnanya,735,France,Female,29.0,7,0.0,2,0.0,0.0,39382.06,0
7879,15777599,Hsu,665,Germany,Male,38.0,9,106648.98,2,1.0,0.0,52471.86,0
7880,15796957,Iadanza,627,France,Male,35.0,9,0.0,1,1.0,1.0,73181.39,0
7881,15740283,Ewing,850,France,Female,29.0,1,0.0,2,1.0,0.0,152996.89,0
7882,15775335,Walker,686,Germany,Male,39.0,9,143966.2,1,1.0,1.0,186489.95,0
7883,15761763,Shah,682,France,Male,32.0,4,0.0,2,0.0,1.0,167621.18,0
7884,15655335,K?,538,Spain,Male,36.0,9,0.0,1,1.0,1.0,160523.33,1
7885,15603134,Pai,656,Spain,Female,35.0,10,167878.5,1,0.0,0.0,151887.16,0
7886,15613012,Tung,577,Spain,Male,29.0,6,0.0,2,1.0,1.0,132403.38,0
7887,15593795,Linton,516,Germany,Female,53.0,5,156674.2,2,1.0,0.0,118502.34,0
7888,15573741,Nwachukwu,669,Spain,Male,30.0,7,125977.81,1,1.0,1.0,56905.38,0
7889,15603856,Rizzo,625,Spain,Male,31.0,4,0.0,2,1.0,0.0,47832.81,0
7890,15753591,Yermolayeva,630,France,Male,51.0,1,81947.76,1,0.0,1.0,63606.22,1
7891,15679966,Hs?,684,Spain,Female,32.0,8,130142.79,2,1.0,0.0,46811.77,0
7892,15804822,L?,805,Spain,Female,31.0,4,0.0,2,1.0,0.0,4798.12,0
7893,15761148,Bess,850,France,Female,42.0,4,0.0,1,1.0,1.0,79414.0,1
7894,15690829,Ch'ang,603,Germany,Male,36.0,5,126679.69,2,1.0,0.0,99792.82,0
7895,15783541,Palermo,738,France,Male,27.0,9,0.0,2,1.0,1.0,155823.4,0
7896,15718225,Yobanna,656,Spain,Male,37.0,1,120130.26,1,1.0,1.0,75860.18,0
7897,15671729,Nnaife,678,France,Female,44.0,9,0.0,2,0.0,1.0,152872.49,0
7898,15587562,Lucchese,706,Spain,Male,22.0,7,134796.05,1,0.0,0.0,117832.88,0
7899,15783097,Palerma,684,France,Female,30.0,8,138653.51,1,1.0,0.0,75832.53,1
7900,15585835,Calabresi,651,France,Female,38.0,3,0.0,2,1.0,1.0,65732.53,0
7901,15611247,McKenzie,481,Germany,Female,29.0,3,137964.51,1,0.0,1.0,174570.55,0
7902,15653857,Obidimkpa,584,Germany,Male,23.0,8,122528.65,1,1.0,1.0,90967.18,0
7903,15696812,Yermakova,773,France,Female,36.0,2,0.0,2,1.0,0.0,77500.81,0
7904,15595028,Hsiung,627,Spain,Female,53.0,9,0.0,1,0.0,0.0,73334.38,1
7905,15731522,Hs?,682,France,Male,31.0,5,0.0,2,1.0,1.0,77500.81,0
7906,15640266,Windsor,621,Spain,Female,52.0,5,125552.96,1,1.0,1.0,95551.22,1
7907,15770984,Fanucci,705,Spain,Female,40.0,7,130334.35,1,0.0,1.0,116951.1,0
7908,15761364,Nkemjika,689,Spain,Female,21.0,6,0.0,1,1.0,0.0,157871.55,0
7909,15655229,Ulyanova,559,Germany,Female,33.0,1,114493.07,2,1.0,0.0,72909.75,0
7910,15757538,Trevisano,721,France,Female,31.0,6,0.0,2,1.0,1.0,76614.74,0
7911,15623972,T'ien,699,Spain,Female,40.0,4,0.0,2,0.0,0.0,1643.11,0
7912,15714485,Onyekaozulu,762,France,Male,26.0,6,0.0,2,1.0,1.0,183575.01,0
7913,15735199,Hsiao,639,Spain,Male,32.0,4,0.0,2,1.0,1.0,144880.59,0
7914,15674554,Smith,571,Germany,Male,29.0,5,105356.89,2,1.0,1.0,59601.62,0
7915,15603840,McGregor,636,France,Female,43.0,2,0.0,2,1.0,0.0,127949.65,1
7916,15726774,Cattaneo,662,Germany,Female,44.0,6,106648.94,1,1.0,0.0,182691.75,1
7917,15606936,Chinwemma,531,Spain,Male,29.0,2,0.0,2,1.0,1.0,158333.94,1
7918,15681075,Chukwualuka,682,France,Female,34.0,1,0.0,1,1.0,1.0,706.5,0
7919,15642098,Efremov,611,Spain,Male,42.0,1,0.0,2,1.0,0.0,180932.46,0
7920,15593499,Lucchese,663,Germany,Female,40.0,1,142400.77,1,0.0,1.0,171718.76,0
7921,15663839,Ch'in,558,Germany,Male,38.0,8,116324.53,1,1.0,0.0,136537.08,1
7922,15812497,Chimezie,711,France,Male,35.0,6,98627.13,2,1.0,0.0,109988.09,0
7923,15750141,Ts'ao,546,Germany,Female,44.0,9,86351.85,2,0.0,0.0,57380.13,0
7924,15592531,Moran,678,Spain,Female,34.0,1,123699.28,2,1.0,1.0,105221.76,0
7925,15661412,Zetticci,630,France,Male,46.0,8,0.0,1,1.0,0.0,178373.93,1
7926,15651022,Walker,850,France,Male,35.0,9,0.0,2,1.0,1.0,93835.64,0
7927,15662658,Ritchie,850,Spain,Female,40.0,3,0.0,1,1.0,0.0,130853.02,0
7928,15591248,Chukwumaobim,628,France,Male,29.0,9,71996.29,2,1.0,0.0,34857.46,0
7929,15575486,Bair,794,Spain,Male,36.0,7,0.0,2,1.0,1.0,53437.8,0
7930,15782231,Andrejew,721,France,Male,35.0,6,0.0,2,1.0,0.0,51454.06,0
7931,15684518,Iloerika,801,Spain,Male,25.0,4,137714.4,2,1.0,0.0,136054.35,1
7932,15603794,Boulger,709,France,Male,39.0,1,0.0,2,1.0,1.0,184524.65,0
7933,15768887,Walker,562,Spain,Female,40.0,7,66483.32,1,1.0,0.0,109098.39,0
7934,15648047,Williamson,743,France,Male,41.0,9,0.0,1,1.0,1.0,21793.59,0
7935,15790750,Ch'iu,825,France,Female,37.0,9,0.0,2,0.0,1.0,62449.07,0
7936,15697042,Lo,653,France,Male,37.0,1,0.0,2,1.0,1.0,100791.36,0
7937,15591552,Okonkwo,600,France,Female,21.0,5,98877.95,2,1.0,0.0,132973.17,0
7938,15585198,K'ung,526,Germany,Male,45.0,8,113680.53,1,1.0,1.0,116781.68,1
7939,15584364,Shih,648,Spain,Female,36.0,5,0.0,2,1.0,1.0,114092.51,0
7940,15763747,T'ao,653,Spain,Male,29.0,1,0.0,2,1.0,1.0,171463.83,0
7941,15713774,Lo Duca,579,Spain,Male,30.0,8,0.0,2,0.0,1.0,58440.43,0
7942,15798850,Mazzi,601,Spain,Male,45.0,1,0.0,1,0.0,1.0,60552.44,0
7943,15635435,White,699,France,Female,44.0,9,150200.23,1,0.0,1.0,136915.15,0
7944,15705918,Howarth,573,France,Male,31.0,8,82441.75,1,0.0,1.0,73731.32,0
7945,15675185,Chiemezie,635,Spain,Male,51.0,7,0.0,1,1.0,1.0,9983.73,1
7946,15620832,Dean,723,France,Female,34.0,0,0.0,2,1.0,1.0,61290.99,0
7947,15611544,Ibeamaka,707,Germany,Male,35.0,1,95448.32,2,1.0,0.0,189085.07,0
7948,15594812,Nwachinemelu,709,France,Male,34.0,3,0.0,2,1.0,1.0,93716.35,0
7949,15572390,Onwuamaeze,591,Spain,Female,31.0,5,0.0,2,1.0,0.0,96517.97,0
7950,15737265,Trevisani,542,France,Female,24.0,8,0.0,2,0.0,0.0,130442.37,0
7951,15714883,Macleod,718,France,Male,28.0,5,0.0,2,0.0,0.0,184399.24,0
7952,15647842,Mazzanti,699,France,Female,33.0,9,0.0,2,1.0,1.0,82709.8,0
7953,15636353,P'eng,483,France,Male,35.0,2,0.0,3,1.0,0.0,124489.88,1
7954,15674551,Scott,492,France,Female,24.0,7,0.0,2,0.0,1.0,165023.73,0
7955,15756850,Ch'in,751,Spain,Male,34.0,5,0.0,1,1.0,1.0,1710.46,0
7956,15591766,Iadanza,559,France,Female,48.0,4,0.0,2,0.0,1.0,104083.53,0
7957,15596971,Ch'in,646,Germany,Male,55.0,7,114421.05,1,1.0,1.0,71492.95,1
7958,15713378,Brownless,597,Spain,Male,45.0,6,0.0,1,1.0,0.0,55313.44,0
7959,15688498,Chu,595,Germany,Female,21.0,2,87096.82,2,1.0,1.0,168186.11,0
7960,15801488,Berry,680,Spain,Male,37.0,7,0.0,1,1.0,0.0,20109.21,0
7961,15746199,White,632,France,Female,43.0,9,136933.11,1,1.0,1.0,64323.24,0
7962,15623450,Tuan,670,France,Female,22.0,3,0.0,2,0.0,0.0,152740.15,0
7963,15689955,Chukwudi,678,Spain,Male,55.0,6,0.0,1,1.0,0.0,18826.06,1
7964,15697480,Menkens,684,France,Male,43.0,7,0.0,2,1.0,1.0,143086.09,0
7965,15785831,Ch'eng,646,Germany,Female,62.0,1,122218.89,1,0.0,1.0,141364.27,1
7966,15610148,Hao,651,France,Female,46.0,8,0.0,2,1.0,1.0,174431.01,0
7967,15790796,T'ien,667,France,Male,36.0,9,0.0,2,1.0,1.0,85890.78,0
7968,15756125,Tsao,597,Germany,Male,26.0,5,137715.66,2,1.0,0.0,82547.01,0
7969,15814268,Ugochukwutubelum,713,Germany,Female,57.0,3,122550.05,1,1.0,0.0,138555.46,1
7970,15802220,Kambinachi,558,France,Male,38.0,9,0.0,2,1.0,1.0,126812.63,0
7971,15604093,Oliver,850,France,Male,39.0,8,0.0,1,0.0,1.0,105886.77,0
7972,15799156,Okwuadigbo,850,France,Female,59.0,1,0.0,1,0.0,0.0,35034.15,1
7973,15658032,Nwankwo,651,Germany,Female,34.0,6,132876.55,1,1.0,1.0,158890.99,0
7974,15775293,Ch'iu,531,France,Female,45.0,7,0.0,1,1.0,0.0,102515.17,1
7975,15593683,Solomina,668,France,Female,30.0,8,0.0,2,1.0,0.0,138465.7,1
7976,15782914,Baresi,733,Spain,Male,41.0,10,0.0,2,1.0,1.0,57569.06,0
7977,15632272,Hao,678,France,Male,38.0,2,0.0,2,1.0,1.0,54865.51,0
7978,15803880,Calabresi,627,Spain,Male,39.0,5,0.0,2,1.0,1.0,161032.52,0
7979,15700511,Milani,735,France,Male,34.0,2,0.0,2,1.0,0.0,178798.13,0
7980,15681446,Ts'ui,687,France,Male,39.0,6,0.0,2,1.0,1.0,72993.65,0
7981,15593499,Chukwufumnanya,735,Germany,Male,37.0,9,162482.19,2,0.0,1.0,100950.67,0
7982,15757788,L?,643,France,Female,39.0,8,131834.64,1,1.0,0.0,130474.03,0
7983,15727059,Mazzanti,834,France,Male,63.0,0,152462.79,1,1.0,1.0,162719.69,0
7984,15772491,Ch'eng,622,Germany,Female,36.0,8,149961.01,2,1.0,0.0,156791.91,0
7985,15624744,Tai,622,Germany,Female,42.0,1,115766.26,2,1.0,0.0,72155.85,0
7986,15793825,Nwabugwu,669,France,Male,41.0,1,79954.07,1,0.0,1.0,120511.18,0
7987,15719276,White,675,France,Female,30.0,6,0.0,2,1.0,0.0,113581.85,0
7988,15605426,Ku,579,Spain,Male,39.0,3,125906.39,1,1.0,1.0,85801.49,1
7989,15700693,Krichauff,564,France,Female,37.0,1,0.0,1,0.0,1.0,66006.75,1
7990,15737080,T'ao,632,France,Male,33.0,9,0.0,2,1.0,1.0,102076.03,0
7991,15580914,Fan,714,France,Male,28.0,2,0.0,2,1.0,0.0,138882.97,0
7992,15723484,Nwachukwu,565,France,Female,50.0,7,138082.79,1,1.0,1.0,152840.89,0
7993,15609669,Mazzanti,684,France,Female,39.0,1,134796.94,1,1.0,0.0,172749.4,0
7994,15583596,Maclean,543,France,Male,41.0,8,0.0,2,1.0,0.0,66816.27,0
7995,15666332,Endrizzi,516,Spain,Male,48.0,1,0.0,2,1.0,0.0,3342.62,0
7996,15706904,Shih,726,France,Male,46.0,8,0.0,1,0.0,0.0,120512.08,0
7997,15684868,Toscani,748,Germany,Female,32.0,1,115761.51,2,1.0,1.0,73564.44,0
7998,15618774,Onyemaechi,651,France,Male,39.0,1,0.0,2,1.0,1.0,107876.2,0
7999,15631693,McIntyre,663,Germany,Male,56.0,5,122403.24,1,1.0,0.0,47848.56,1
8000,15611371,Chidubem,521,Spain,Male,38.0,9,0.0,1,1.0,1.0,94811.99,1
8001,15706232,Chidimma,850,Spain,Female,35.0,1,0.0,2,1.0,1.0,125445.8,0
8002,15672628,Ch'iu,712,France,Female,33.0,8,120782.64,1,1.0,1.0,159777.28,0
8003,15806420,H?,706,France,Female,44.0,2,0.0,2,1.0,0.0,94978.1,0
8004,15809909,Iloerika,604,France,Female,33.0,9,0.0,2,1.0,1.0,143980.29,0
8005,15797919,Okwudilichukwu,699,Spain,Male,21.0,1,0.0,2,1.0,1.0,157919.44,0
8006,15588566,K?,739,Spain,Female,39.0,7,0.0,2,1.0,0.0,131886.46,0
8007,15680430,Obidimkpa,516,Germany,Male,41.0,8,143350.96,2,1.0,1.0,115262.73,0
8008,15724181,Mironova,668,Germany,Female,26.0,7,97738.97,1,0.0,1.0,151146.67,1
8009,15700696,Tuan,686,France,Female,35.0,9,0.0,1,0.0,0.0,112687.57,0
8010,15578515,Nwagugheuzo,653,Germany,Male,55.0,4,157559.96,1,1.0,1.0,54444.1,0
8011,15651075,Chien,524,Germany,Male,34.0,1,141525.55,2,1.0,0.0,180969.55,0
8012,15636595,Ts'ai,662,Spain,Male,38.0,9,0.0,2,1.0,0.0,64511.24,0
8013,15682421,Aiken,671,France,Male,53.0,4,116788.91,2,0.0,1.0,157962.85,0
8014,15806796,Tien,763,France,Female,40.0,6,0.0,2,0.0,1.0,180344.69,0
8015,15699492,Yobachi,640,France,Female,59.0,9,89932.92,1,1.0,1.0,96472.34,0
8016,15688963,Nwankwo,762,France,Male,27.0,5,0.0,2,1.0,1.0,96442.86,0
8017,15683522,K'ung,733,France,Male,36.0,2,0.0,1,1.0,1.0,49813.12,0
8018,15627839,Pirozzi,586,Germany,Male,35.0,7,157691.98,2,1.0,1.0,142331.39,1
8019,15767488,Ch'ang,715,France,Male,35.0,5,121726.49,1,1.0,1.0,28640.97,0
8020,15651369,Hao,785,Germany,Male,39.0,9,105525.04,1,1.0,0.0,55829.25,1
8021,15724336,Rueda,752,Germany,Female,42.0,5,121063.89,1,0.0,1.0,187811.81,1
8022,15794868,Ch'ang,678,France,Male,49.0,1,134593.79,1,1.0,1.0,83093.25,0
8023,15758028,Olisaemeka,624,France,Male,60.0,1,0.0,1,0.0,0.0,179655.74,1
8024,15794257,Hsiung,651,France,Male,34.0,1,91562.99,1,1.0,1.0,123954.15,0
8025,15763826,Fanucci,651,France,Female,37.0,8,0.0,1,1.0,1.0,82967.83,0
8026,15806184,Burns,627,Spain,Male,33.0,4,0.0,2,1.0,1.0,77550.18,0
8027,15792650,Bergamaschi,543,Germany,Male,33.0,5,121206.86,1,1.0,1.0,85578.67,0
8028,15654060,Pisano,613,France,Female,38.0,3,0.0,2,1.0,0.0,130114.44,0
8029,15707559,Galkin,584,Germany,Female,40.0,8,106494.55,2,1.0,1.0,46775.52,0
8030,15797919,Ting,773,France,Female,49.0,2,0.0,1,1.0,0.0,192298.84,1
8031,15641122,Wei,684,France,Male,30.0,2,0.0,2,1.0,1.0,83473.82,0
8032,15579969,Palermo,773,France,Male,32.0,7,0.0,2,1.0,1.0,129975.94,0
8033,15790810,Genovesi,730,Germany,Female,41.0,7,151636.24,1,1.0,1.0,137096.54,1
8034,15768163,Monaldo,623,Germany,Female,37.0,7,124053.03,2,1.0,0.0,118591.67,0
8035,15581323,McIntyre,712,France,Male,43.0,4,0.0,2,1.0,0.0,162719.69,1
8036,15595588,Maclean,558,France,Male,52.0,2,0.0,1,1.0,0.0,152417.79,1
8037,15628292,Hsiao,850,France,Male,31.0,2,0.0,2,1.0,0.0,57553.97,0
8038,15781342,Nnamdi,682,France,Female,41.0,0,92538.41,2,1.0,0.0,184842.4,0
8039,15765345,Hsieh,708,France,Female,51.0,0,0.0,2,1.0,1.0,162917.71,1
8040,15741429,Hsiao,624,Spain,Female,47.0,1,0.0,1,1.0,0.0,42050.24,1
8041,15719479,Chukwuhaenye,619,Spain,Female,55.0,7,0.0,1,1.0,1.0,42442.21,0
8042,15640078,Chambers,739,Germany,Male,50.0,3,135134.99,1,1.0,0.0,173683.0,1
8043,15763874,Ho,635,Germany,Female,46.0,2,96863.13,2,1.0,1.0,60739.16,0
8044,15571550,Dore,699,France,Female,39.0,9,0.0,1,0.0,1.0,80963.92,0
8045,15759805,Nucci,582,Germany,Female,64.0,1,137715.66,1,1.0,0.0,59668.81,1
8046,15753895,Blue,590,France,Male,37.0,5,0.0,2,0.0,1.0,133535.99,0
8047,15573520,Iadanza,724,France,Male,38.0,9,0.0,1,0.0,0.0,61240.02,0
8048,15731553,Hsia,639,France,Male,47.0,5,123894.35,1,1.0,1.0,141926.43,0
8049,15615020,Nnaife,595,France,Female,41.0,7,0.0,2,1.0,1.0,172049.84,0
8050,15794413,Dickson,709,France,Male,35.0,5,0.0,2,1.0,0.0,106837.06,0
8051,15605067,Hs?eh,612,France,Female,34.0,8,0.0,2,1.0,1.0,129964.94,0
8052,15797748,Lu,772,France,Female,44.0,9,0.0,2,0.0,1.0,9200.54,0
8053,15660866,Chimaobim,667,Spain,Female,31.0,9,0.0,2,1.0,1.0,2743.69,0
8054,15804822,Yobanna,553,Spain,Male,26.0,2,0.0,2,1.0,0.0,126761.2,0
8055,15677117,Smith,639,France,Male,30.0,6,0.0,1,1.0,0.0,133653.38,0
8056,15713774,Tuan,619,France,Male,33.0,2,0.0,2,1.0,1.0,86777.61,0
8057,15640059,Smith,606,Germany,Male,40.0,5,140306.38,1,1.0,1.0,63531.19,0
8058,15655213,Ts'ao,575,France,Female,36.0,4,157761.74,2,1.0,0.0,113882.73,0
8059,15773469,Kolesnikova,575,Germany,Female,52.0,3,98638.13,1,1.0,0.0,46875.58,0
8060,15588566,Sun,614,Spain,Female,39.0,3,151914.93,1,0.0,0.0,56388.63,0
8061,15649060,Chia,593,France,Male,35.0,9,114193.24,1,1.0,0.0,71154.1,0
8062,15700300,Ch'ien,596,France,Male,30.0,4,142296.13,1,1.0,0.0,85522.84,0
8063,15568162,Udegbunam,628,Spain,Female,44.0,4,0.0,2,1.0,0.0,10828.78,0
8064,15758081,Miah,747,France,Female,44.0,6,0.0,2,0.0,1.0,147554.26,0
8065,15624993,Mancini,616,France,Male,38.0,8,135096.74,1,0.0,0.0,91510.71,0
8066,15738980,Yobanna,506,France,Male,29.0,4,0.0,2,1.0,0.0,105568.6,0
8067,15604551,Hsia,744,France,Male,22.0,2,0.0,2,1.0,1.0,163325.8,0
8068,15738191,Maclean,732,Germany,Male,25.0,8,122531.86,1,1.0,1.0,180829.99,0
8069,15759034,Mazzi,675,Spain,Male,31.0,4,0.0,2,1.0,1.0,149853.89,0
8070,15593834,Genovese,691,Spain,Male,36.0,7,129934.64,1,0.0,0.0,75664.56,0
8071,15641766,Cawker,656,France,Male,38.0,2,90547.94,1,1.0,0.0,128875.85,0
8072,15781326,Tien,645,France,Male,42.0,5,88786.15,2,1.0,0.0,117948.72,0
8073,15648069,Ozerova,695,Germany,Female,32.0,3,137910.45,1,0.0,0.0,62845.64,0
8074,15753871,Davide,597,Germany,Female,40.0,5,141252.18,1,1.0,0.0,177740.58,1
8075,15661075,T'ien,553,Spain,Male,35.0,1,0.0,1,1.0,1.0,92916.35,0
8076,15736990,Chuang,537,France,Female,35.0,3,157842.07,3,1.0,0.0,86911.49,1
8077,15643691,Onyemauchechukwu,738,France,Male,38.0,5,0.0,1,1.0,0.0,114957.3,1
8078,15677739,Gilbert,599,France,Female,32.0,6,105514.69,1,1.0,0.0,116141.72,1
8079,15569595,Walker,678,Germany,Female,50.0,6,122021.92,1,1.0,0.0,187929.43,0
8080,15670646,Neitenstein,570,Spain,Male,28.0,4,0.0,2,0.0,1.0,161776.62,0
8081,15756901,Ch'eng,754,France,Male,63.0,10,0.0,1,1.0,1.0,22835.13,1
8082,15572955,Uspenskaya,638,France,Male,48.0,2,0.0,1,1.0,0.0,162961.02,1
8083,15707199,Nucci,579,France,Female,45.0,9,121537.33,1,0.0,1.0,111183.15,1
8084,15756932,Kao,639,Germany,Female,48.0,10,110031.09,2,1.0,0.0,133995.59,1
8085,15792722,Omeokachie,611,France,Male,43.0,8,64897.75,1,1.0,1.0,114996.33,0
8086,15623107,Chukwumaobim,727,France,Male,29.0,9,0.0,2,1.0,1.0,34857.46,0
8087,15691823,Pinto,729,France,Female,33.0,2,0.0,1,1.0,0.0,166677.18,1
8088,15730339,Lehr,561,France,Male,28.0,4,0.0,1,1.0,0.0,133457.52,1
8089,15690526,Lai,549,France,Female,33.0,7,114493.69,1,1.0,0.0,69055.45,0
8090,15637650,Chia,562,Germany,Female,33.0,9,161937.62,2,1.0,1.0,95583.45,0
8091,15798895,Ogochukwu,758,Germany,Female,47.0,4,117469.94,1,0.0,0.0,129975.94,1
8092,15671930,Onwumelu,724,France,Female,46.0,3,0.0,1,1.0,0.0,136859.55,1
8093,15633181,Swinton,794,Germany,Male,31.0,6,71269.89,2,0.0,1.0,38984.37,0
8094,15709604,McMillan,669,France,Male,23.0,2,107433.48,1,0.0,0.0,173843.21,0
8095,15603665,Lombardo,687,Germany,Female,22.0,0,122318.1,1,1.0,1.0,157557.82,1
8096,15586966,T'ao,684,France,Male,31.0,2,0.0,2,1.0,1.0,93777.61,0
8097,15657540,Iadanza,635,France,Male,37.0,2,0.0,2,1.0,1.0,62678.54,0
8098,15664897,Galkin,592,France,Female,55.0,2,0.0,3,1.0,0.0,132468.76,1
8099,15593973,Yoo,577,France,Male,29.0,6,91219.29,1,1.0,1.0,126809.15,0
8100,15609676,Nkemakonam,718,France,Female,36.0,2,0.0,2,0.0,0.0,43024.64,0
8101,15603734,Pisani,709,France,Female,38.0,5,0.0,2,1.0,0.0,176913.39,0
8102,15655171,Buckley,683,France,Male,30.0,4,133384.66,1,1.0,0.0,102986.15,0
8103,15751177,Genovese,714,Germany,Male,31.0,1,56580.32,3,1.0,0.0,162597.4,1
8104,15737778,Lattimore,762,France,Male,36.0,6,0.0,2,1.0,1.0,131043.2,0
8105,15591550,Trevisani,581,France,Male,64.0,1,102833.46,2,1.0,1.0,79919.13,0
8106,15642833,Ndukaku,776,France,Male,38.0,2,0.0,1,1.0,0.0,176921.0,1
8107,15693381,Hao,739,France,Male,47.0,2,150126.44,1,1.0,1.0,26287.21,0
8108,15785829,Li Fonti,758,France,Male,42.0,7,0.0,2,1.0,0.0,113050.53,0
8109,15623644,K?,653,Germany,Male,32.0,3,116082.08,2,1.0,1.0,173495.87,0
8110,15723028,Smith,607,France,Female,34.0,2,0.0,2,1.0,0.0,85439.73,0
8111,15598046,Onuora,521,France,Male,37.0,5,0.0,2,1.0,1.0,95623.28,0
8112,15735439,McKay,749,Spain,Male,37.0,5,144961.97,2,1.0,1.0,65611.01,1
8113,15646609,Chuang,613,France,Female,63.0,1,148368.02,1,0.0,0.0,59325.21,1
8114,15663386,Steele,558,France,Female,36.0,9,112727.06,1,1.0,0.0,183752.91,0
8115,15686670,Fanucci,637,Germany,Female,30.0,5,130806.92,2,0.0,1.0,131501.53,0
8116,15733043,White,705,France,Female,24.0,7,0.0,2,1.0,1.0,38772.65,0
8117,15799211,Anenechi,539,France,Female,41.0,7,0.0,2,1.0,0.0,120115.5,0
8118,15662626,Feng,666,France,Male,40.0,2,0.0,2,1.0,0.0,36371.27,0
8119,15601793,Yeh,753,France,Female,39.0,1,0.0,1,0.0,1.0,146053.51,1
8120,15572022,Onuchukwu,686,France,Male,33.0,6,0.0,1,0.0,0.0,132436.71,0
8121,15679968,King,731,France,Male,31.0,10,0.0,2,1.0,0.0,182624.93,0
8122,15809826,Kent,590,France,Female,37.0,5,0.0,2,1.0,0.0,171021.44,0
8123,15795895,Hsiung,738,Germany,Male,35.0,7,139825.53,2,1.0,0.0,140765.57,0
8124,15692430,Milano,678,Germany,Male,36.0,2,123601.56,2,1.0,0.0,103557.85,0
8125,15751208,Tuan,807,France,Male,33.0,4,0.0,2,1.0,1.0,106024.02,0
8126,15693903,Pirozzi,629,France,Male,41.0,5,0.0,2,1.0,1.0,62222.81,0
8127,15574910,Ferguson,601,France,Male,50.0,2,115625.07,4,1.0,0.0,185855.21,1
8128,15714397,Martin,543,Germany,Male,41.0,3,143958.95,2,1.0,1.0,93747.72,0
8129,15586974,Chin,638,Spain,Male,66.0,5,0.0,1,1.0,1.0,74510.65,0
8130,15749401,Ko,686,Spain,Male,36.0,2,0.0,1,1.0,0.0,75246.21,0
8131,15674851,McGregor,590,Germany,Male,63.0,9,110972.3,1,1.0,1.0,63736.17,1
8132,15806447,Yefremova,670,Spain,Male,40.0,5,137523.02,1,1.0,1.0,103379.31,0
8133,15658969,Mazzi,648,Spain,Female,42.0,2,0.0,2,1.0,0.0,167547.71,0
8134,15725036,Lo,676,Spain,Male,33.0,1,0.0,2,1.0,1.0,171060.07,0
8135,15694566,O'Sullivan,554,France,Female,40.0,8,0.0,2,1.0,1.0,74850.84,0
8136,15694859,Chibueze,745,France,Female,33.0,7,111739.62,1,1.0,0.0,59559.02,0
8137,15747043,Giles,682,Spain,Female,36.0,4,0.0,1,0.0,0.0,13210.56,1
8138,15663294,Kao,697,France,Male,32.0,0,125685.79,1,1.0,1.0,56246.72,0
8139,15647898,Ts'ai,549,France,Male,30.0,3,0.0,3,1.0,1.0,181751.72,0
8140,15659328,Mazzanti,743,France,Male,29.0,1,141528.86,1,1.0,1.0,161316.53,0
8141,15732670,Yeh,751,France,Male,45.0,5,0.0,1,1.0,1.0,180344.69,1
8142,15693337,Ritchie,716,Spain,Male,22.0,7,0.0,2,1.0,0.0,171932.9,0
8143,15589969,Capon,639,Spain,Male,29.0,7,0.0,1,0.0,0.0,56850.92,1
8144,15714689,L?,705,France,Male,33.0,1,0.0,2,1.0,0.0,113581.85,0
8145,15742821,Nnamdi,632,Germany,Female,30.0,2,75915.17,2,1.0,1.0,181227.65,0
8146,15667093,Macleod,628,Spain,Female,51.0,4,0.0,1,1.0,1.0,55902.93,1
8147,15733261,McElhone,545,France,Male,37.0,2,127837.54,1,1.0,0.0,152697.15,1
8148,15702571,Gant,540,Germany,Male,49.0,0,111695.62,1,1.0,1.0,103898.59,1
8149,15671170,P'eng,695,France,Male,43.0,4,139562.66,1,1.0,0.0,182356.51,0
8150,15762793,Ritchie,850,France,Female,38.0,1,63492.94,1,0.0,0.0,174098.28,0
8151,15591286,Y?an,559,France,Male,41.0,5,0.0,2,1.0,0.0,91633.53,0
8152,15771543,Mancini,642,France,Male,36.0,6,91955.61,1,1.0,1.0,78854.57,0
8153,15751297,Wilson,792,France,Male,28.0,8,0.0,2,1.0,0.0,161465.31,0
8154,15785342,Shipp,814,France,Female,37.0,8,107548.94,1,0.0,0.0,71175.94,0
8155,15699550,Martin,554,France,Male,39.0,0,0.0,2,1.0,1.0,152845.97,0
8156,15725302,T'ien,554,Spain,Male,55.0,7,132526.9,1,1.0,1.0,164864.67,0
8157,15589793,Aksyonov,706,France,Female,38.0,8,0.0,1,1.0,0.0,158421.17,0
8158,15605698,Nucci,713,Spain,Male,40.0,6,127738.75,1,1.0,1.0,79189.4,0
8159,15588835,Ch'eng,581,Spain,Female,50.0,6,109908.06,2,0.0,0.0,78878.51,1
8160,15809909,Hsia,757,France,Female,31.0,1,0.0,2,1.0,0.0,128815.33,0
8161,15694890,Chiang,633,France,Male,22.0,7,0.0,2,0.0,1.0,15650.89,0
8162,15642996,Nkemakonam,710,Germany,Male,38.0,4,128743.8,1,1.0,1.0,176925.69,0
8163,15586800,Onyemauchechukwu,646,Germany,Female,31.0,1,121899.83,2,1.0,0.0,110114.49,0
8164,15751177,Fiorentino,699,Germany,Male,29.0,2,110942.9,1,1.0,1.0,152884.85,0
8165,15690743,Martin,731,France,Male,35.0,4,0.0,2,1.0,0.0,149471.81,0
8166,15782454,Hs?,709,Spain,Male,31.0,5,0.0,2,1.0,1.0,176962.31,0
8167,15789611,Onyemere,579,Spain,Female,35.0,3,131411.24,1,1.0,0.0,95009.6,0
8168,15686983,Rohu,596,Germany,Female,25.0,7,76968.12,2,0.0,1.0,131501.72,0
8169,15625035,Mills,703,France,Male,37.0,8,160139.59,2,1.0,1.0,79314.1,0
8170,15722583,Lo,642,France,Female,34.0,2,0.0,2,1.0,0.0,60584.33,0
8171,15615245,Mancini,462,Spain,Male,33.0,9,0.0,2,0.0,0.0,181204.64,0
8172,15773898,Mazzi,754,France,Female,35.0,7,0.0,2,1.0,1.0,131083.9,0
8173,15581332,Pan,633,France,Female,62.0,5,0.0,1,1.0,1.0,184758.17,0
8174,15641782,Ch'iu,648,Spain,Female,49.0,9,78829.5,1,1.0,0.0,86920.53,1
8175,15809279,Nwankwo,637,Spain,Male,27.0,9,0.0,2,1.0,0.0,79476.63,0
8176,15590823,Y?,644,France,Male,42.0,2,0.0,2,1.0,1.0,49814.4,0
8177,15630053,Tsao,656,France,Male,33.0,5,127864.4,1,1.0,0.0,87107.57,0
8178,15728078,Chin,584,France,Male,64.0,6,161613.94,2,1.0,1.0,148305.82,0
8179,15756070,Smith,651,France,Male,43.0,9,126429.51,1,1.0,1.0,78955.8,0
8180,15799384,White,730,France,Female,29.0,9,0.0,2,1.0,1.0,131473.31,0
8181,15775231,Walker,708,France,Male,34.0,7,0.0,2,0.0,0.0,81299.99,0
8182,15652937,Mao,531,Germany,Female,48.0,4,131646.43,1,1.0,0.0,109291.22,1
8183,15609319,Hunt,711,France,Female,41.0,3,145754.91,1,1.0,1.0,101455.07,1
8184,15772488,Chiawuotu,675,France,Male,46.0,5,118877.68,1,1.0,1.0,64731.5,1
8185,15756471,Chukwuemeka,741,France,Female,48.0,8,0.0,2,0.0,0.0,40320.3,0
8186,15624866,Scott,624,Germany,Female,37.0,3,141859.12,2,1.0,0.0,92727.42,1
8187,15593903,Hs?,751,France,Female,46.0,7,0.0,1,1.0,0.0,142670.81,1
8188,15679818,Nnamutaezinwa,628,France,Male,40.0,4,0.0,2,1.0,1.0,159069.36,0
8189,15613282,Ugoji,640,France,Male,41.0,8,0.0,2,1.0,1.0,131778.58,0
8190,15736112,Wallace,628,Germany,Female,50.0,4,135871.5,3,1.0,1.0,65612.12,1
8191,15690164,Goliwe,663,France,Female,41.0,9,0.0,2,1.0,0.0,85891.02,0
8192,15645371,Pirozzi,651,Spain,Female,49.0,4,0.0,1,1.0,0.0,179565.57,1
8193,15571928,Nwachukwu,749,France,Female,39.0,3,0.0,2,1.0,0.0,158879.16,1
8194,15742272,Chiawuotu,573,France,Male,38.0,9,137115.16,1,1.0,1.0,139730.9,0
8195,15698510,Yobachi,495,France,Male,40.0,3,0.0,2,1.0,1.0,73478.25,0
8196,15754929,Cremonesi,730,France,Female,46.0,4,0.0,2,1.0,1.0,103349.74,0
8197,15656330,Macleod,592,France,Male,29.0,0,0.0,1,1.0,1.0,137028.51,0
8198,15706799,Mackenzie,623,France,Male,37.0,1,0.0,2,1.0,1.0,84927.42,0
8199,15604832,Nkemakonam,621,Germany,Male,36.0,6,116726.22,2,1.0,1.0,27149.27,0
8200,15643770,Dike,693,Germany,Male,36.0,1,125889.3,2,1.0,1.0,97640.2,0
8201,15602572,Hsing,721,Spain,Male,36.0,7,0.0,2,1.0,1.0,142956.48,0
8202,15775108,Shaver,756,France,Female,40.0,1,0.0,2,0.0,0.0,119638.85,0
8203,15661833,Ch'en,655,Germany,Female,42.0,5,141918.07,2,1.0,0.0,175836.07,1
8204,15671407,Chiganu,710,Germany,Male,35.0,8,127770.78,1,0.0,0.0,105760.99,0
8205,15601796,Chizuoke,807,France,Male,34.0,1,125739.26,2,1.0,1.0,193441.23,0
8206,15798084,Lo Duca,593,France,Female,38.0,6,0.0,2,1.0,1.0,51959.82,0
8207,15786042,Willmore,743,France,Female,28.0,0,0.0,1,1.0,0.0,60416.76,0
8208,15626796,Brown,827,Spain,Female,40.0,9,0.0,2,1.0,1.0,131408.01,0
8209,15591250,Chidiebele,624,France,Male,31.0,8,170600.72,1,1.0,0.0,101515.76,0
8210,15657771,Lucchese,641,Spain,Female,29.0,4,0.0,2,1.0,0.0,126835.56,0
8211,15654901,Ts'ui,678,France,Male,34.0,5,0.0,2,1.0,1.0,131807.98,0
8212,15732778,Hao,663,Germany,Male,35.0,4,118889.76,1,1.0,1.0,166477.22,1
8213,15738751,Udegbulam,594,Spain,Female,33.0,2,0.0,2,1.0,0.0,126535.52,0
8214,15603170,Kang,654,France,Male,32.0,9,121455.65,1,1.0,0.0,190068.53,0
8215,15730397,Bell,751,France,Male,27.0,9,79715.36,2,1.0,1.0,157378.5,0
8216,15806941,Cameron,707,Germany,Male,41.0,7,190409.34,1,1.0,1.0,138361.48,0
8217,15568915,Koehler,741,Spain,Female,36.0,6,148874.39,1,1.0,1.0,185821.71,0
8218,15715236,Mazzanti,556,Spain,Male,36.0,8,0.0,2,1.0,1.0,141175.81,0
8219,15806447,H?,668,France,Female,30.0,9,0.0,2,0.0,1.0,162668.33,0
8220,15756539,Marshall,585,Germany,Female,39.0,7,165610.41,1,0.0,0.0,131852.01,0
8221,15761487,Yefimova,758,France,Female,39.0,4,147813.05,1,1.0,0.0,109563.28,0
8222,15782531,Y?an,648,France,Female,27.0,6,0.0,2,1.0,0.0,124489.88,0
8223,15783883,Chidiegwu,775,Germany,Female,48.0,8,114543.43,1,1.0,0.0,96877.72,1
8224,15585192,Aitken,591,Spain,Female,37.0,4,0.0,2,0.0,1.0,121537.91,0
8225,15741181,Palerma,805,France,Male,46.0,1,0.0,2,1.0,1.0,121277.28,0
8226,15726289,Li Fonti,647,Spain,Female,44.0,3,0.0,2,0.0,0.0,170226.47,0
8227,15641110,Efremov,644,France,Male,37.0,9,0.0,2,1.0,0.0,90547.58,0
8228,15585888,Nwokezuike,645,France,Female,30.0,2,0.0,1,1.0,1.0,30730.95,0
8229,15800890,T'ien,552,France,Female,51.0,6,0.0,2,0.0,1.0,181204.5,0
8230,15602497,O'Loghlen,711,France,Male,40.0,4,0.0,2,1.0,1.0,109291.39,0
8231,15741719,Nwachukwu,679,Spain,Female,38.0,8,0.0,2,1.0,1.0,102925.14,0
8232,15750458,Walker,545,France,Male,36.0,7,0.0,2,1.0,1.0,131660.31,0
8233,15654700,Fallaci,523,France,Female,40.0,2,102967.41,1,1.0,0.0,128702.1,0
8234,15793882,Pirozzi,659,France,Male,29.0,1,107814.67,1,0.0,0.0,141558.04,0
8235,15685226,Sal,645,Germany,Female,33.0,1,117864.85,2,1.0,0.0,99800.87,1
8236,15638272,Tsou,699,Spain,Male,34.0,7,0.0,1,1.0,0.0,25338.24,0
8237,15782688,Godfrey,725,France,Male,38.0,0,0.0,1,0.0,0.0,86622.56,0
8238,15642999,Nwankwo,714,Spain,Male,31.0,4,0.0,2,1.0,0.0,131300.68,0
8239,15658306,Lo,693,Germany,Male,68.0,3,97705.99,1,1.0,1.0,105997.25,0
8240,15692931,Ch'iu,739,Germany,Male,42.0,3,132906.88,2,0.0,1.0,134417.31,0
8241,15776545,Mello,682,France,Male,28.0,10,200724.96,2,1.0,0.0,82872.64,0
8242,15701439,Fanucci,754,France,Male,39.0,1,0.0,2,0.0,1.0,101693.73,0
8243,15579891,Obialo,597,France,Male,37.0,1,0.0,1,1.0,0.0,141449.96,1
8244,15588928,Davide,569,Germany,Female,42.0,5,83347.25,1,1.0,0.0,100137.7,1
8245,15668774,Toscani,634,Spain,Male,32.0,6,145081.77,1,1.0,1.0,141300.68,0
8246,15800773,Chidubem,581,Germany,Male,42.0,9,108393.35,3,1.0,0.0,103560.98,1
8247,15771855,Yu,648,France,Male,37.0,5,0.0,2,0.0,1.0,112554.68,0
8248,15600710,Chukwueloka,602,Spain,Male,50.0,9,0.0,2,1.0,0.0,16081.62,0
8249,15744041,Ndubuagha,683,France,Male,34.0,1,0.0,1,0.0,1.0,131768.98,0
8250,15793049,T'ang,653,France,Male,35.0,8,0.0,2,1.0,1.0,161051.75,0
8251,15662626,Teng,718,Spain,Male,38.0,5,0.0,2,1.0,1.0,150465.93,0
8252,15732778,Yuriev,535,France,Female,41.0,9,0.0,1,1.0,0.0,72993.67,1
8253,15795719,Y?an,646,France,Female,33.0,4,0.0,2,0.0,0.0,112572.02,0
8254,15797165,Bergamaschi,703,France,Male,37.0,9,0.0,1,1.0,0.0,85547.33,0
8255,15592994,Zikoranachidimma,651,France,Female,65.0,4,0.0,2,1.0,1.0,190454.04,0
8256,15733181,Ukaegbunam,481,France,Male,27.0,5,0.0,2,1.0,1.0,64483.09,0
8257,15752409,Mancini,649,Germany,Male,35.0,8,104763.41,1,1.0,1.0,71865.31,0
8258,15667873,Pinto,739,France,Male,30.0,7,0.0,2,1.0,0.0,86622.73,0
8259,15654463,Moore,841,France,Male,34.0,4,0.0,2,1.0,1.0,141582.66,0
8260,15627697,Macleod,739,France,Male,37.0,6,0.0,2,1.0,1.0,169303.58,0
8261,15772631,T'ao,631,Spain,Male,32.0,0,0.0,2,1.0,1.0,53581.73,0
8262,15667421,Palermo,760,France,Female,38.0,7,0.0,2,1.0,1.0,104846.35,0
8263,15631359,Lai,569,France,Female,32.0,9,0.0,1,0.0,1.0,133667.28,0
8264,15655025,Lo Duca,699,Germany,Female,44.0,5,128916.51,1,1.0,0.0,138526.96,1
8265,15798959,Teng,757,France,Female,26.0,7,145262.57,1,1.0,1.0,183387.01,0
8266,15673520,Dyer,652,Germany,Female,24.0,4,102540.72,1,1.0,0.0,119348.31,0
8267,15585284,Boulger,841,Germany,Female,33.0,8,116393.59,2,1.0,0.0,89899.94,0
8268,15752650,Morrison,529,Spain,Female,42.0,8,77526.66,1,0.0,1.0,79476.63,0
8269,15783615,Ramos,630,Germany,Female,50.0,6,129370.91,2,1.0,0.0,47775.34,0
8270,15786905,Onwumelu,691,France,Female,35.0,9,0.0,2,0.0,0.0,72993.67,0
8271,15665629,Yobachi,684,Spain,Male,32.0,1,0.0,2,0.0,0.0,92868.96,0
8272,15765461,Giles,632,Spain,Male,47.0,3,0.0,1,1.0,0.0,178822.32,1
8273,15668104,Wright,536,France,Female,48.0,6,153663.27,1,1.0,0.0,110510.28,0
8274,15737265,Martin,786,France,Male,46.0,2,120452.4,1,0.0,0.0,79602.86,1
8275,15603565,Mackenzie,603,Spain,Female,56.0,5,90778.76,2,1.0,1.0,162223.67,0
8276,15694526,Li Fonti,648,France,Male,47.0,9,0.0,2,1.0,0.0,38960.59,1
8277,15740406,Kao,628,Spain,Female,44.0,6,0.0,1,0.0,0.0,101433.76,1
8278,15678058,Martin,584,Germany,Male,41.0,9,104584.11,1,1.0,1.0,176678.72,0
8279,15713346,Yefremova,767,France,Male,42.0,3,0.0,2,0.0,1.0,177095.81,0
8280,15618926,Nwachukwu,678,France,Male,39.0,2,109402.13,1,1.0,1.0,58814.41,0
8281,15652955,Kline,697,France,Female,26.0,0,0.0,2,1.0,0.0,77866.47,0
8282,15585290,Clements,678,Spain,Male,38.0,2,0.0,2,1.0,0.0,121175.1,0
8283,15573854,Scott,756,Spain,Male,38.0,1,0.0,2,1.0,1.0,131844.31,0
8284,15782429,Hsiung,634,Germany,Female,54.0,2,96652.08,1,1.0,0.0,98830.03,1
8285,15753056,Yobanna,561,France,Female,40.0,9,0.0,1,1.0,1.0,96640.2,0
8286,15626787,Onyemere,634,France,Male,37.0,6,0.0,2,1.0,0.0,129964.5,0
8287,15716347,Mazzanti,684,France,Male,24.0,5,121669.23,1,1.0,1.0,103572.09,0
8288,15565706,Akobundu,663,Spain,Male,35.0,4,0.0,1,1.0,1.0,83256.26,1
8289,15656417,Ejimofor,564,Spain,Male,34.0,7,0.0,2,1.0,0.0,101314.65,0
8290,15567725,Kodilinyechukwu,689,France,Female,46.0,7,52016.08,2,0.0,1.0,72993.65,0
8291,15777576,Toscani,656,Spain,Female,40.0,7,0.0,2,1.0,0.0,131807.14,0
8292,15787699,Lucchesi,574,France,Female,34.0,3,0.0,2,1.0,1.0,75584.67,0
8293,15705544,T'ien,535,France,Male,29.0,4,0.0,2,1.0,0.0,88659.07,0
8294,15645323,Chinwenma,651,Spain,Male,45.0,3,83195.12,1,1.0,0.0,159654.0,0
8295,15813192,Chukwuemeka,494,France,Male,24.0,6,0.0,2,1.0,0.0,109988.09,0
8296,15711742,Mason,708,France,Male,37.0,4,0.0,1,0.0,1.0,62868.33,0
8297,15583576,Hs?eh,655,France,Female,35.0,9,0.0,2,1.0,0.0,93081.87,0
8298,15679808,Ma,741,Spain,Female,46.0,8,124547.13,2,1.0,1.0,73873.65,0
8299,15580953,Calabresi,632,France,Male,38.0,8,0.0,1,1.0,0.0,132870.21,0
8300,15570086,Okwudiliolisa,776,Germany,Male,34.0,10,103773.26,2,1.0,0.0,61787.05,0
8301,15691840,Lucchesi,709,Germany,Male,32.0,7,139914.6,1,1.0,0.0,49848.86,0
8302,15572792,Hs?,593,France,Male,38.0,6,0.0,2,0.0,0.0,152855.96,0
8303,15585067,DeRose,691,France,Male,39.0,5,111169.91,1,1.0,0.0,132949.72,0
8304,15772337,Nwachukwu,708,France,Male,38.0,9,0.0,2,1.0,0.0,167564.82,0
8305,15731463,Shih,699,France,Female,29.0,10,0.0,2,0.0,1.0,69608.48,0
8306,15581282,Lucchese,651,France,Male,39.0,4,0.0,1,1.0,0.0,24176.44,0
8307,15593601,Ch'ang,628,Germany,Female,56.0,2,93578.13,1,1.0,0.0,141862.57,1
8308,15765283,Yu,758,France,Female,28.0,1,116755.5,2,1.0,0.0,158585.17,0
8309,15719479,Ch'en,531,France,Male,46.0,4,0.0,1,1.0,0.0,102763.87,1
8310,15748947,Chukwuraenye,657,Spain,Female,41.0,5,0.0,1,1.0,1.0,68255.88,0
8311,15603743,T'ang,667,France,Female,38.0,6,0.0,2,1.0,0.0,88816.4,0
8312,15603764,Hsia,726,France,Female,36.0,7,0.0,2,0.0,1.0,108764.69,0
8313,15589437,Nwachinemelu,605,France,Male,43.0,1,0.0,1,1.0,0.0,85411.01,1
8314,15646082,Y?an,717,France,Male,41.0,5,0.0,1,1.0,0.0,100015.79,1
8315,15641582,Chibugo,545,Germany,Male,43.0,10,123180.01,2,1.0,1.0,196673.28,0
8316,15738220,K'ung,594,Germany,Male,44.0,1,119496.25,1,1.0,1.0,141501.45,1
8317,15695585,P'eng,675,Germany,Female,44.0,3,114268.85,3,1.0,1.0,187800.63,1
8318,15642991,Yermolayeva,679,France,Female,40.0,3,0.0,1,1.0,0.0,124498.69,1
8319,15602989,Hazon,633,France,Male,36.0,9,138456.03,1,1.0,1.0,28667.56,0
8320,15673908,Onyemere,567,France,Female,25.0,7,0.0,2,0.0,1.0,134851.12,0
8321,15651352,O'Donnell,711,Spain,Male,39.0,4,148962.76,2,1.0,0.0,166588.76,0
8322,15774738,Fiorentino,697,France,Male,46.0,1,0.0,1,1.0,1.0,63736.17,0
8323,15576928,Walsh,710,France,Female,38.0,2,0.0,1,1.0,0.0,122964.18,0
8324,15715709,Chukwumaobim,527,Spain,Female,46.0,10,0.0,3,1.0,0.0,120107.3,1
8325,15597989,Shand,568,France,Female,28.0,7,139532.83,1,1.0,0.0,28266.63,0
8326,15698927,Fan,659,Spain,Female,23.0,7,0.0,2,1.0,1.0,93081.87,0
8327,15788367,Nkemjika,708,Spain,Male,39.0,6,152326.65,1,1.0,0.0,101433.76,1
8328,15597968,Fyans,617,Spain,Male,50.0,7,0.0,1,1.0,0.0,184839.7,0
8329,15637954,Lewis,637,Germany,Female,35.0,9,155470.55,2,1.0,1.0,103557.85,0
8330,15609511,Okwudiliolisa,562,Germany,Male,33.0,5,121245.65,1,1.0,1.0,62987.31,1
8331,15616172,Ubanwa,838,France,Male,32.0,2,0.0,1,1.0,0.0,8222.96,1
8332,15806837,Nnaife,746,France,Male,37.0,7,0.0,1,1.0,0.0,132540.33,1
8333,15762792,Genovesi,554,France,Male,32.0,2,0.0,2,1.0,1.0,54865.92,0
8334,15601383,Ibrahimova,744,France,Male,42.0,3,120654.68,1,0.0,1.0,82290.81,0
8335,15574860,Chuang,554,Germany,Male,33.0,8,115451.07,1,1.0,1.0,133672.06,0
8336,15691823,Mai,622,Germany,Female,29.0,4,86920.86,2,1.0,1.0,57553.02,0
8337,15789974,Scott,732,France,Male,38.0,0,116800.25,1,1.0,0.0,138526.96,0
8338,15814033,Hsieh,589,France,Female,57.0,1,0.0,1,1.0,0.0,20778.39,0
8339,15685300,Lo,632,France,Male,40.0,9,0.0,2,0.0,0.0,147700.32,1
8340,15574206,Shillito,850,France,Female,43.0,7,0.0,2,1.0,1.0,55100.09,1
8341,15789941,Yevseyev,832,France,Male,35.0,2,0.0,2,0.0,1.0,125961.48,0
8342,15745399,Marino,649,Spain,Female,47.0,2,0.0,1,1.0,0.0,84863.85,1
8343,15584580,De Luca,566,France,Female,41.0,5,0.0,2,1.0,1.0,192751.18,0
8344,15604348,Allard,708,France,Female,38.0,7,0.0,2,0.0,1.0,99645.04,0
8345,15578908,Nwankwo,572,France,Female,46.0,4,0.0,2,1.0,1.0,95957.09,0
8346,15573074,Pisani,834,France,Male,33.0,7,117559.05,1,1.0,0.0,180598.28,0
8347,15760880,K'ung,545,France,Male,35.0,2,113625.93,2,1.0,1.0,180134.88,0
8348,15640034,Milligan,551,France,Male,42.0,8,0.0,2,1.0,0.0,43435.43,0
8349,15754584,Chiazagomekpere,496,France,Male,30.0,7,0.0,2,0.0,1.0,156810.18,0
8350,15714883,De Luca,751,France,Female,35.0,4,123845.36,1,1.0,0.0,60901.72,0
8351,15714634,Nebechi,837,France,Female,26.0,4,89900.24,2,1.0,1.0,175477.03,0
8352,15675896,Gough,680,France,Male,33.0,7,0.0,2,1.0,0.0,91829.17,0
8353,15705782,Onyeoruru,662,France,Female,39.0,2,0.0,1,1.0,1.0,83084.37,0
8354,15767871,H?,784,Spain,Female,48.0,7,0.0,2,1.0,1.0,182609.97,0
8355,15583593,P'eng,711,France,Female,39.0,3,0.0,2,1.0,0.0,50595.12,0
8356,15709920,Nnamutaezinwa,714,Spain,Male,34.0,5,0.0,2,1.0,1.0,131736.23,0
8357,15806822,Nwabugwu,604,France,Male,50.0,10,0.0,2,1.0,0.0,172576.43,0
8358,15731790,Mazzanti,691,France,Male,36.0,1,0.0,1,1.0,1.0,114675.75,0
8359,15744044,Onyemauchechukwu,652,France,Male,21.0,3,0.0,2,1.0,0.0,153382.73,0
8360,15657105,Chukwualuka,682,Spain,Male,36.0,2,0.0,1,1.0,1.0,195192.4,0
8361,15754578,Ko,748,France,Female,36.0,0,0.0,1,0.0,0.0,60416.76,0
8362,15776223,Davide,595,Germany,Female,47.0,4,166297.89,1,1.0,0.0,123535.05,1
8363,15636454,Fu,711,France,Male,33.0,2,0.0,2,0.0,1.0,197015.2,0
8364,15798084,Murray,688,Spain,Male,26.0,4,0.0,2,1.0,0.0,105784.85,0
8365,15651352,Tsai,754,Spain,Female,45.0,3,0.0,1,0.0,1.0,70523.92,1
8366,15802486,Mazzanti,707,France,Male,42.0,0,112701.46,1,0.0,0.0,145900.86,1
8367,15639368,Shih,515,Spain,Female,35.0,10,176273.95,2,0.0,1.0,121277.78,0
8368,15642336,Shaw,569,France,Female,42.0,9,0.0,2,1.0,0.0,135630.32,0
8369,15654851,Walker,726,France,Male,30.0,1,0.0,2,1.0,0.0,176780.21,0
8370,15694819,Kao,681,France,Female,43.0,6,0.0,1,1.0,0.0,168816.39,0
8371,15738889,Nwachukwu,619,Germany,Female,41.0,2,166833.86,2,1.0,0.0,71862.79,0
8372,15699468,Brown,619,France,Male,37.0,1,0.0,2,1.0,1.0,152987.89,0
8373,15592387,Fisk,739,France,Female,33.0,2,0.0,2,0.0,1.0,131736.23,0
8374,15739578,Nwankwo,653,France,Female,43.0,5,0.0,1,1.0,0.0,73378.95,1
8375,15667085,Meng,679,France,Male,33.0,1,0.0,2,1.0,0.0,131834.75,0
8376,15589361,Bellucci,644,France,Female,57.0,4,0.0,2,1.0,1.0,121557.81,0
8377,15707968,Smith,567,France,Male,51.0,0,0.0,2,1.0,0.0,53353.36,0
8378,15596493,Wisdom,687,France,Female,47.0,7,0.0,2,1.0,1.0,177624.01,1
8379,15650575,White,509,Spain,Male,34.0,9,0.0,2,1.0,0.0,1140.11,0
8380,15626985,Maclean,691,France,Male,45.0,3,0.0,2,1.0,1.0,62949.65,0
8381,15752300,Sagese,607,Germany,Male,38.0,1,148826.32,1,0.0,1.0,79450.61,0
8382,15750803,Martin,850,Spain,Male,62.0,10,0.0,2,1.0,1.0,54945.47,1
8383,15702298,Yip,553,Spain,Male,35.0,6,137936.94,2,1.0,1.0,175877.7,0
8384,15687959,Manna,527,France,Male,33.0,5,130142.79,1,1.0,0.0,56767.67,0
8385,15805957,Tien,683,France,Male,27.0,6,0.0,2,1.0,1.0,138051.19,0
8386,15641850,Y?an,769,France,Male,45.0,0,105473.74,1,1.0,0.0,94670.77,1
8387,15567442,Ibezimako,656,France,Female,75.0,3,0.0,2,0.0,1.0,1276.87,0
8388,15782364,Bevan,576,France,Female,39.0,1,108541.04,1,1.0,0.0,126469.09,0
8389,15706904,Lai,678,France,Male,31.0,1,0.0,2,1.0,1.0,152235.3,0
8390,15773073,Fyodorov,651,Spain,Male,33.0,4,0.0,2,0.0,1.0,162697.2,0
8391,15641319,Shao,600,France,Male,35.0,6,0.0,2,0.0,1.0,2423.9,0
8392,15716781,Dolgorukova,621,France,Male,24.0,8,171922.72,1,0.0,0.0,178028.96,1
8393,15652667,Hsueh,554,France,Female,35.0,4,0.0,1,1.0,0.0,163516.6,1
8394,15795228,Stewart,756,France,Female,37.0,3,132623.6,1,1.0,1.0,58974.0,0
8395,15803365,Small,648,Spain,Male,28.0,3,0.0,2,0.0,1.0,181543.67,0
8396,15571751,Fan,579,Spain,Female,34.0,4,116471.43,1,1.0,1.0,137079.86,0
8397,15579189,Mitchell,690,France,Male,42.0,3,0.0,2,0.0,1.0,120512.08,0
8398,15611551,Allingham,670,Spain,Male,43.0,1,97792.21,1,1.0,0.0,120225.62,0
8399,15773852,Hayes,658,Germany,Male,42.0,5,70362.52,2,1.0,1.0,104189.46,0
8400,15786739,Clements,669,France,Male,37.0,4,0.0,2,1.0,1.0,162260.93,0
8401,15795571,White,557,Spain,Female,25.0,10,145018.64,1,1.0,1.0,104533.92,0
8402,15617476,Manfrin,546,France,Female,30.0,5,0.0,2,1.0,0.0,198543.09,0
8403,15593345,Kosisochukwu,539,France,Female,44.0,6,135756.58,2,1.0,0.0,177844.15,0
8404,15715951,Tuan,577,France,Male,28.0,6,0.0,1,1.0,1.0,155915.24,0
8405,15742681,Liao,595,Germany,Female,31.0,8,126444.08,2,1.0,1.0,82709.8,0
8406,15662438,Ibezimako,640,France,Female,39.0,6,161588.89,1,1.0,0.0,75860.01,0
8407,15715715,P'eng,656,Germany,Female,41.0,7,127785.17,1,1.0,1.0,179269.79,0
8408,15726747,Mairinger,682,Germany,Male,48.0,1,117726.33,1,0.0,1.0,159576.75,0
8409,15785819,Yobachi,641,France,Male,32.0,7,0.0,2,1.0,1.0,162683.06,0
8410,15668775,Y?,657,France,Female,34.0,7,0.0,2,1.0,1.0,178025.95,0
8411,15782988,Kao,769,France,Male,26.0,2,0.0,2,1.0,0.0,131501.49,0
8412,15568449,Y?an,646,Germany,Female,45.0,4,76968.12,2,0.0,1.0,75574.48,0
8413,15717010,Ibragimova,615,France,Female,43.0,5,0.0,2,1.0,0.0,172601.64,0
8414,15693905,Ponce,648,France,Male,35.0,9,0.0,1,1.0,0.0,44265.21,0
8415,15709523,Chiu,652,France,Male,51.0,3,160571.6,2,1.0,1.0,116952.11,0
8416,15631756,Tuan,691,France,Female,31.0,5,147813.05,2,1.0,0.0,109029.72,0
8417,15634281,Eluemuno,646,Spain,Male,38.0,3,0.0,2,1.0,1.0,82547.03,0
8418,15770309,Tretiakova,680,France,Female,29.0,4,0.0,2,0.0,0.0,116957.6,0
8419,15692916,Obidimkpa,589,Germany,Female,36.0,7,174853.99,2,1.0,1.0,163868.69,1
8420,15684775,Hsieh,633,France,Female,62.0,8,0.0,1,1.0,1.0,184524.76,1
8421,15594084,Nwankwo,773,France,Male,22.0,2,124532.78,2,1.0,0.0,11723.57,0
8422,15778947,Obiajulu,683,Spain,Female,45.0,1,0.0,2,1.0,0.0,71409.12,0
8423,15757981,Loggia,748,Germany,Male,66.0,6,88046.88,1,1.0,1.0,163331.65,0
8424,15756610,Dancy,638,Germany,Male,44.0,1,116099.82,1,1.0,1.0,60917.24,1
8425,15728806,Olisanugo,726,Spain,Male,38.0,2,0.0,2,0.0,0.0,55825.17,0
8426,15795149,Walker,703,Spain,Male,40.0,2,81173.83,2,0.0,1.0,162812.16,0
8427,15799652,Oguejiofor,687,France,Male,25.0,6,0.0,2,0.0,0.0,170968.66,0
8428,15622985,Lin,679,France,Female,39.0,4,0.0,1,0.0,0.0,172939.3,0
8429,15773804,Fanucci,691,France,Male,31.0,4,0.0,1,0.0,1.0,114774.35,0
8430,15621893,Udegbulam,588,France,Female,38.0,4,0.0,2,1.0,1.0,152417.97,0
8431,15579523,Okwuadigbo,619,France,Male,38.0,2,0.0,2,0.0,0.0,141364.62,0
8432,15659937,Okorie,711,France,Male,28.0,7,0.0,2,1.0,1.0,64711.03,0
8433,15641374,Udegbulam,586,France,Female,38.0,2,0.0,1,1.0,1.0,147965.67,0
8434,15588948,Tuan,705,France,Male,39.0,5,0.0,2,1.0,0.0,104889.3,0
8435,15592765,P'eng,774,France,Male,28.0,9,0.0,2,1.0,1.0,83700.66,0
8436,15807221,Weaver,555,Spain,Male,21.0,1,0.0,2,0.0,1.0,103901.35,0
8437,15640059,Cumbrae-Stewart,567,France,Female,30.0,7,140931.76,1,1.0,1.0,68730.11,0
8438,15768449,Sorokina,712,France,Female,53.0,9,113709.28,1,1.0,1.0,153887.93,0
8439,15766422,Iweobiegbunam,850,Spain,Male,41.0,4,0.0,2,0.0,0.0,6791.39,0
8440,15651713,Palermo,583,Spain,Male,34.0,2,0.0,2,1.0,1.0,55868.97,0
8441,15617507,Wilson,732,Germany,Female,28.0,1,95984.21,1,0.0,1.0,74322.85,0
8442,15601659,Nebechukwu,628,France,Female,42.0,7,133800.98,1,1.0,1.0,162699.7,0
8443,15643359,Uwakwe,735,France,Male,35.0,10,0.0,2,1.0,0.0,83056.22,0
8444,15789936,T'ien,752,Spain,Female,36.0,1,133204.91,1,0.0,1.0,112520.07,0
8445,15690670,Cox,610,France,Female,30.0,3,0.0,2,0.0,0.0,141031.08,0
8446,15778884,Jamieson,809,France,Female,38.0,2,0.0,2,1.0,1.0,174800.31,0
8447,15666096,Ibekwe,676,France,Male,43.0,6,0.0,2,1.0,0.0,107955.67,0
8448,15609998,Horsley,557,France,Male,69.0,6,146329.73,1,1.0,1.0,38596.34,0
8449,15730394,Crowther,709,France,Male,38.0,8,0.0,1,0.0,0.0,168035.62,0
8450,15594849,Ting,711,France,Male,25.0,8,0.0,1,0.0,1.0,125857.71,0
8451,15704581,Uchenna,706,Germany,Female,37.0,6,111432.77,2,1.0,0.0,161579.85,0
8452,15666095,Chukwuemeka,529,Germany,Male,37.0,7,86055.17,2,1.0,0.0,113781.99,0
8453,15571529,O'Brien,577,France,Male,31.0,3,108724.98,1,0.0,0.0,86410.28,0
8454,15678058,Ikedinachukwu,648,Germany,Male,37.0,9,105473.65,1,1.0,1.0,153497.8,0
8455,15586699,H?,710,France,Male,36.0,2,0.0,2,1.0,0.0,143397.14,0
8456,15662698,Ko,850,Spain,Male,37.0,6,0.0,2,1.0,0.0,5597.94,0
8457,15623062,Loane,749,Germany,Male,38.0,5,85089.3,1,1.0,0.0,705.18,0
8458,15693199,Shao,739,Spain,Female,37.0,9,0.0,2,0.0,1.0,191557.1,1
8459,15603465,Tung,584,France,Male,29.0,2,0.0,2,1.0,0.0,96826.0,0
8460,15571555,Olisaemeka,641,Spain,Male,30.0,9,0.0,2,1.0,1.0,125762.82,0
8461,15726088,Chia,706,Spain,Male,57.0,4,159397.75,1,0.0,1.0,42334.38,1
8462,15732442,Hsueh,463,France,Male,33.0,3,0.0,2,1.0,1.0,135841.2,0
8463,15742091,Chiekwugo,714,Germany,Male,36.0,2,99818.47,1,0.0,0.0,141210.65,1
8464,15671390,Chiu,683,France,Female,37.0,8,149620.88,2,1.0,1.0,139919.38,0
8465,15771674,Yudin,682,Spain,Male,31.0,7,0.0,2,1.0,0.0,176692.09,0
8466,15611800,Loggia,624,France,Female,37.0,7,125163.62,2,1.0,1.0,151411.5,0
8467,15640846,Chibueze,546,Germany,Female,58.0,3,106458.31,2,1.0,1.0,128881.87,0
8468,15756845,Chidiegwu,501,France,Female,37.0,8,0.0,2,0.0,0.0,96839.71,0
8469,15646969,Tien,757,Spain,Female,30.0,1,0.0,2,1.0,1.0,171070.58,0
8470,15692409,Yefimova,713,France,Female,33.0,1,81249.67,1,1.0,1.0,85411.66,0
8471,15660147,Palermo,724,France,Male,36.0,5,0.0,2,1.0,0.0,44203.55,0
8472,15780256,Palfreyman,630,France,Male,28.0,4,0.0,2,1.0,0.0,114006.35,0
8473,15769781,Nucci,564,France,Female,25.0,7,0.0,1,0.0,1.0,52404.47,0
8474,15693637,Brown,678,Germany,Female,48.0,8,116922.92,2,1.0,0.0,137720.57,1
8475,15653562,Chia,594,Germany,Male,30.0,3,116886.59,1,0.0,1.0,131304.45,1
8476,15592661,Hs?,721,France,Female,42.0,6,0.0,1,1.0,1.0,27468.81,0
8477,15679062,Morrison,744,Germany,Female,46.0,1,123593.22,1,0.0,0.0,82422.97,1
8478,15772262,Oluchi,698,France,Male,55.0,4,100359.54,1,0.0,1.0,144517.19,0
8479,15694272,Nkemakolam,580,France,Female,30.0,2,0.0,1,1.0,0.0,77783.35,0
8480,15603065,Nnamdi,600,Germany,Male,63.0,2,118412.19,1,1.0,1.0,184312.64,1
8481,15757737,Hsueh,667,Germany,Male,39.0,5,111565.91,1,1.0,1.0,184980.23,0
8482,15665937,Onyekachi,583,France,Female,20.0,9,0.0,2,1.0,0.0,92797.86,0
8483,15771540,Fedorova,692,France,Male,38.0,8,0.0,1,1.0,0.0,80416.16,0
8484,15722037,Alvarez,610,Germany,Male,36.0,7,115462.02,1,1.0,0.0,42581.04,0
8485,15687556,Shubin,712,France,Female,38.0,4,126418.69,1,1.0,1.0,43941.1,0
8486,15617486,Williams,714,France,Male,32.0,4,0.0,2,1.0,0.0,109960.4,0
8487,15585768,T'ien,741,France,Male,30.0,4,0.0,1,1.0,1.0,168034.9,0
8488,15814236,Ch'ien,479,Spain,Female,36.0,0,0.0,2,1.0,1.0,137898.57,0
8489,15649060,Cremonesi,607,France,Male,28.0,3,0.0,2,1.0,1.0,139431.0,0
8490,15673837,Hsia,604,France,Male,34.0,4,0.0,1,0.0,0.0,161889.63,0
8491,15662758,Nwankwo,634,Germany,Male,34.0,9,116248.11,1,0.0,0.0,106977.53,0
8492,15674991,Kao,684,Spain,Male,59.0,2,0.0,2,1.0,1.0,58137.42,0
8493,15646810,Zetticci,802,France,Female,38.0,5,0.0,2,1.0,1.0,81908.09,0
8494,15756926,Ts'ui,741,France,Male,43.0,3,0.0,2,1.0,0.0,56787.8,0
8495,15722072,Fanucci,761,Spain,Female,53.0,5,138053.67,1,0.0,0.0,116951.1,1
8496,15589017,Lucciano,559,France,Female,56.0,4,0.0,1,1.0,0.0,88947.56,1
8497,15804919,Nwachinemelu,613,France,Female,33.0,7,0.0,2,0.0,1.0,187638.34,0
8498,15796617,McKay,691,Spain,Female,33.0,9,0.0,2,1.0,1.0,140929.98,0
8499,15775235,Chiedozie,542,Spain,Male,27.0,8,0.0,2,0.0,1.0,106534.15,0
8500,15622834,Stevenson,678,Spain,Female,35.0,4,0.0,1,1.0,0.0,125518.32,0
8501,15783099,DeRose,753,Spain,Female,35.0,9,0.0,2,0.0,1.0,179608.96,0
8502,15692406,Nnachetam,676,Spain,Male,40.0,8,0.0,2,1.0,0.0,51637.67,0
8503,15815626,Ositadimma,734,Spain,Female,30.0,6,69413.44,1,1.0,1.0,112503.24,0
8504,15806945,Lucchesi,663,France,Male,49.0,6,156815.72,1,0.0,1.0,113428.77,0
8505,15722534,Clements,739,France,Female,30.0,6,0.0,2,1.0,1.0,67364.42,0
8506,15814690,Cawker,681,France,Male,44.0,3,93522.3,1,1.0,0.0,93783.0,0
8507,15787168,Y?,527,Spain,Female,28.0,8,168253.21,2,1.0,0.0,102799.14,0
8508,15719561,Kornilova,585,Spain,Female,56.0,1,0.0,3,1.0,0.0,149550.95,1
8509,15731555,Udegbunam,605,France,Female,38.0,2,0.0,2,0.0,0.0,83022.92,0
8510,15616709,Okwudilichukwu,708,France,Female,38.0,3,0.0,1,1.0,0.0,107846.86,1
8511,15601263,Young,493,France,Female,48.0,7,0.0,2,1.0,0.0,48545.1,0
8512,15585599,Biryukov,627,France,Female,37.0,9,0.0,2,1.0,0.0,77500.66,0
8513,15603683,Walker,700,France,Male,41.0,4,0.0,2,1.0,0.0,136079.64,0
8514,15576683,Hsiung,579,France,Female,32.0,0,0.0,1,1.0,1.0,196257.68,0
8515,15656597,Onyemachukwu,529,France,Male,44.0,2,0.0,2,0.0,1.0,122449.19,0
8516,15585985,Brown,738,Germany,Male,29.0,8,116756.14,2,1.0,1.0,75562.47,0
8517,15781653,Fiorentini,751,France,Female,25.0,9,0.0,2,1.0,0.0,67769.4,1
8518,15758085,Calabrese,695,Germany,Male,34.0,4,125918.1,1,0.0,0.0,177613.19,0
8519,15777576,Johnstone,611,Spain,Male,51.0,4,0.0,2,0.0,1.0,93536.38,0
8520,15791871,Ts'ui,639,France,Female,39.0,3,0.0,1,1.0,0.0,105886.69,0
8521,15694510,Hsia,710,France,Female,32.0,3,145988.69,1,1.0,1.0,79355.98,0
8522,15657228,Monaldo,748,France,Male,36.0,3,129299.28,1,1.0,0.0,108411.66,0
8523,15632551,T'ang,599,France,Male,34.0,6,127864.4,1,1.0,0.0,79704.12,0
8524,15674868,Clements,579,France,Female,36.0,8,0.0,2,1.0,0.0,88890.75,0
8525,15661532,Trevisano,628,France,Female,22.0,2,0.0,2,1.0,1.0,140881.2,0
8526,15630196,Chukwuraenye,591,Spain,Male,37.0,6,0.0,1,0.0,1.0,180969.55,0
8527,15681327,Akhtar,682,France,Female,43.0,2,0.0,1,1.0,0.0,103760.53,0
8528,15732691,P'eng,668,France,Male,38.0,8,83764.24,1,0.0,1.0,166650.6,0
8529,15640268,Amadi,741,France,Female,19.0,8,0.0,1,0.0,0.0,27509.52,0
8530,15641250,Shubin,751,Germany,Female,43.0,3,95853.39,2,0.0,0.0,82970.69,0
8531,15644833,Hsieh,775,France,Female,49.0,5,111907.97,1,1.0,0.0,147797.54,0
8532,15804919,Toscani,731,France,Male,33.0,3,0.0,2,1.0,0.0,142331.85,0
8533,15598883,King,599,Germany,Female,27.0,7,135020.21,2,1.0,1.0,183840.51,0
8534,15798895,Macdonald,648,France,Male,37.0,2,132947.28,1,0.0,1.0,178393.97,0
8535,15614778,Chiu,611,Germany,Male,37.0,1,96340.81,1,1.0,1.0,147055.87,0
8536,15744127,Chikwendu,580,Germany,Female,33.0,8,151853.87,1,1.0,0.0,155700.22,1
8537,15700714,Ch'iu,682,France,Female,29.0,5,0.0,2,1.0,0.0,38570.13,0
8538,15663826,Brim,717,Spain,Male,66.0,3,0.0,1,0.0,1.0,115227.02,0
8539,15582841,Olisaemeka,700,Spain,Male,35.0,0,0.0,2,1.0,0.0,71175.94,0
8540,15794413,Teng,724,France,Male,35.0,1,0.0,2,1.0,0.0,119996.95,0
8541,15789863,T'ien,738,France,Female,33.0,7,0.0,2,1.0,0.0,181208.47,0
8542,15815271,Ritchie,696,France,Male,49.0,6,0.0,1,1.0,0.0,169291.7,0
8543,15616700,Leach,622,Spain,Female,41.0,9,0.0,1,1.0,1.0,155786.39,0
8544,15612193,Nelson,544,France,Male,29.0,8,0.0,2,0.0,0.0,147797.54,0
8545,15641490,T'ang,754,France,Female,36.0,1,0.0,2,1.0,1.0,166650.9,0
8546,15751774,Chiang,753,Spain,Male,32.0,9,120591.19,1,1.0,1.0,121151.1,0
8547,15574091,Goliwe,578,Spain,Male,44.0,7,0.0,2,1.0,1.0,163710.86,0
8548,15618581,Narelle,675,Spain,Female,25.0,6,116803.8,1,1.0,1.0,66731.71,0
8549,15634267,Yudin,684,France,Male,35.0,6,0.0,2,1.0,0.0,172665.21,0
8550,15743076,Ts'ui,599,France,Male,28.0,7,0.0,2,1.0,1.0,116957.6,0
8551,15679738,Tung,616,France,Male,39.0,3,0.0,2,1.0,0.0,93747.92,0
8552,15697391,Hixson,703,France,Female,39.0,6,0.0,2,1.0,0.0,97640.82,0
8553,15677317,Ankudinova,662,France,Male,41.0,2,0.0,2,1.0,1.0,131363.57,0
8554,15809872,Nnamutaezinwa,775,France,Male,63.0,0,0.0,1,1.0,0.0,134790.74,1
8555,15694829,Iloerika,755,France,Female,29.0,4,0.0,2,1.0,0.0,79919.13,0
8556,15662245,Ross,597,France,Female,32.0,1,0.0,2,1.0,0.0,8763.87,0
8557,15597909,Hsiung,584,France,Female,32.0,5,0.0,2,1.0,1.0,180932.46,0
8558,15632882,Hs?,724,France,Male,36.0,1,0.0,2,1.0,1.0,80591.18,0
8559,15798834,Dellucci,685,Germany,Male,43.0,7,108589.47,1,0.0,1.0,194808.51,0
8560,15573876,Yermakov,726,Spain,Male,27.0,9,0.0,2,1.0,0.0,171465.83,0
8561,15804887,Teng,579,Spain,Female,46.0,8,130334.68,1,1.0,1.0,163598.38,0
8562,15604551,Robb,732,France,Female,35.0,4,0.0,2,1.0,0.0,90876.95,0
8563,15798895,P'eng,603,Spain,Male,58.0,5,0.0,2,1.0,1.0,181177.9,0
8564,15737265,Nwokeocha,728,Germany,Male,35.0,6,152182.83,1,0.0,0.0,161203.6,0
8565,15746880,Onwumelu,630,Germany,Male,41.0,8,99846.6,1,0.0,1.0,69055.36,0
8566,15774316,Moretti,630,France,Male,35.0,1,0.0,1,1.0,1.0,82647.65,0
8567,15594556,Scott,664,Spain,Male,36.0,9,0.0,1,1.0,1.0,109794.31,0
8568,15750929,Ives,662,France,Male,31.0,7,0.0,1,1.0,0.0,102908.91,0
8569,15591295,Hsieh,724,Germany,Female,50.0,6,117356.35,1,1.0,0.0,143980.4,1
8570,15575691,Napolitano,725,France,Male,38.0,6,0.0,2,1.0,1.0,158697.28,0
8571,15598044,Hsing,668,France,Male,37.0,9,0.0,2,0.0,0.0,130846.79,0
8572,15809837,Teng,667,France,Male,36.0,3,0.0,2,1.0,0.0,94739.2,0
8573,15677123,Clements,648,France,Male,35.0,5,0.0,1,1.0,0.0,63795.8,0
8574,15613014,K'ung,847,France,Male,39.0,8,0.0,1,0.0,1.0,122466.92,0
8575,15586039,Ts'ui,661,France,Female,29.0,5,138881.04,1,1.0,1.0,57589.29,0
8576,15731519,Kerr,582,France,Female,39.0,5,0.0,2,1.0,0.0,143994.86,0
8577,15752650,Ibeamaka,663,Spain,Female,34.0,2,0.0,2,1.0,0.0,131807.14,0
8578,15641359,Nwokeocha,587,Spain,Female,47.0,5,0.0,1,0.0,0.0,173776.5,1
8579,15812197,Pirozzi,691,France,Male,38.0,8,0.0,1,1.0,0.0,105599.67,1
8580,15567399,Maclean,628,France,Male,41.0,7,0.0,2,1.0,1.0,67926.18,0
8581,15743478,Zito,534,Germany,Male,28.0,8,127320.36,2,1.0,1.0,47775.34,0
8582,15763579,Castro,713,Germany,Male,36.0,4,112281.7,1,0.0,0.0,35865.44,1
8583,15732832,Jideofor,707,Spain,Male,31.0,5,0.0,2,0.0,0.0,41052.82,0
8584,15665460,Nixon,732,Germany,Male,67.0,1,117864.85,2,0.0,1.0,177783.04,0
8585,15732943,Okwudiliolisa,574,Germany,Female,36.0,4,77967.5,1,1.0,1.0,167066.95,0
8586,15726490,Y?,754,France,Male,37.0,1,0.0,2,1.0,0.0,63795.1,0
8587,15593323,Pisano,683,France,Male,35.0,6,0.0,2,1.0,1.0,145796.22,0
8588,15679145,Zikoranachidimma,705,France,Female,37.0,7,137781.65,2,1.0,0.0,102902.68,0
8589,15647800,Chiang,652,France,Male,30.0,4,133060.41,1,1.0,1.0,168085.93,0
8590,15684439,Nwankwo,739,Spain,Male,29.0,0,0.0,2,1.0,1.0,180598.67,0
8591,15756926,Fan,598,France,Female,48.0,2,0.0,2,1.0,1.0,82774.07,0
8592,15767794,McIntyre,736,France,Male,31.0,6,0.0,1,1.0,1.0,70496.66,0
8593,15702499,Fyodorova,687,France,Male,33.0,8,0.0,1,1.0,1.0,95625.03,0
8594,15783030,Tien,569,Germany,Female,38.0,8,133953.87,2,1.0,0.0,186498.95,0
8595,15593365,Folliero,634,France,Female,36.0,10,131023.65,1,0.0,1.0,182270.01,0
8596,15789955,Hu,698,Germany,Female,56.0,7,112414.81,1,1.0,1.0,93982.02,0
8597,15768530,Emery,528,France,Male,27.0,5,0.0,2,1.0,0.0,135083.73,0
8598,15652785,Okwudilichukwu,597,Spain,Male,35.0,6,105419.57,1,0.0,1.0,130752.03,0
8599,15734886,Kao,538,France,Female,59.0,3,0.0,1,1.0,0.0,145558.42,1
8600,15729087,Ritchie,850,Germany,Female,35.0,2,83347.25,2,1.0,0.0,86480.29,0
8601,15631170,Nucci,762,France,Male,35.0,5,160982.04,2,0.0,1.0,166678.19,0
8602,15746078,Hao,696,France,Female,49.0,5,0.0,2,0.0,0.0,143086.09,1
8603,15628256,Mazzi,712,Spain,Male,51.0,8,0.0,2,1.0,1.0,160976.85,0
8604,15672082,Schatz,562,France,Male,38.0,3,0.0,2,1.0,0.0,75860.01,0
8605,15782850,H?,616,France,Female,31.0,2,0.0,2,1.0,0.0,56850.96,1
8606,15809558,Peppin,715,Spain,Male,31.0,7,0.0,2,1.0,1.0,149970.59,0
8607,15658548,Herrin,682,France,Female,29.0,6,0.0,2,1.0,1.0,98802.76,0
8608,15591428,McIntyre,746,Spain,Female,52.0,8,0.0,1,0.0,0.0,89891.4,1
8609,15581551,Chiu,639,Spain,Male,39.0,4,129735.3,2,1.0,0.0,180622.43,0
8610,15643024,Huang,479,Germany,Female,48.0,4,138718.92,1,1.0,1.0,47251.79,0
8611,15657771,Ts'ai,597,France,Male,26.0,10,0.0,2,0.0,1.0,178373.93,0
8612,15690113,Hs?,405,France,Female,32.0,7,136555.01,1,1.0,0.0,169161.46,1
8613,15691323,Tuan,758,France,Male,40.0,2,0.0,1,1.0,0.0,83056.22,1
8614,15694566,Roberts,709,France,Female,42.0,10,0.0,1,0.0,0.0,169921.11,0
8615,15578761,Anenechukwu,812,Spain,Male,37.0,6,137300.23,1,0.0,1.0,45613.75,0
8616,15578738,Clements,697,France,Male,40.0,1,86939.9,1,1.0,1.0,173868.0,0
8617,15575492,Ch'ien,695,France,Male,42.0,6,141806.49,1,1.0,1.0,108419.12,0
8618,15722532,Y?,615,Spain,Female,54.0,8,0.0,3,1.0,0.0,59650.18,1
8619,15674910,Pirozzi,678,France,Male,32.0,5,0.0,2,1.0,0.0,83090.35,0
8620,15737051,Nwokezuike,739,France,Female,53.0,5,0.0,1,1.0,0.0,120801.65,1
8621,15815628,Moysey,761,Spain,Female,37.0,2,0.0,2,1.0,0.0,61251.25,0
8622,15759872,Maughan,485,Spain,Male,43.0,1,0.0,2,1.0,1.0,172033.07,0
8623,15740223,P'eng,594,France,Male,39.0,10,175575.95,1,1.0,0.0,117948.0,0
8624,15761483,P'eng,727,France,Female,24.0,7,0.0,2,1.0,0.0,93820.49,0
8625,15677317,Ankudinova,570,France,Female,29.0,4,153040.03,1,1.0,0.0,131363.57,1
8626,15708504,T'ang,606,Spain,Male,38.0,5,0.0,2,1.0,0.0,90977.48,0
8627,15775750,Monaldo,577,Germany,Male,44.0,7,95830.43,2,1.0,0.0,91340.02,0
8628,15647203,Hs?eh,654,Germany,Female,51.0,5,126147.84,1,0.0,1.0,103914.4,0
8629,15646379,Ch'iu,584,Spain,Female,36.0,1,132959.8,1,0.0,0.0,142400.27,0
8630,15666043,Onyemauchechukwu,755,France,Female,38.0,6,178032.53,2,0.0,0.0,141827.33,0
8631,15722578,Chiang,786,France,Male,35.0,7,0.0,2,0.0,1.0,4539.38,0
8632,15697214,Korovin,686,France,Female,46.0,5,0.0,2,1.0,1.0,152979.14,0
8633,15569452,P'eng,754,Germany,Female,46.0,6,118907.93,1,1.0,0.0,45424.37,1
8634,15781326,Maughan,575,Germany,Male,29.0,2,104255.2,2,1.0,0.0,91514.86,0
8635,15669945,Pagnotto,679,France,Female,32.0,9,0.0,2,1.0,1.0,124872.49,0
8636,15732917,P'eng,558,France,Female,37.0,1,0.0,2,1.0,1.0,153064.92,0
8637,15750181,Tien,646,Spain,Male,32.0,8,0.0,2,1.0,1.0,151903.6,0
8638,15636395,Chijindum,713,France,Male,19.0,8,167864.4,1,1.0,1.0,71167.17,0
8639,15566735,Obialo,565,Spain,Female,46.0,2,0.0,2,1.0,1.0,140460.01,0
8640,15604497,Okechukwu,529,France,Male,28.0,4,0.0,2,0.0,1.0,100601.98,0
8641,15808023,Remington,836,France,Female,59.0,9,133681.78,1,1.0,1.0,153747.73,1
8642,15618774,White,695,France,Male,41.0,6,0.0,1,0.0,0.0,108409.17,1
8643,15717898,Udinese,670,Germany,Male,32.0,8,84266.44,2,1.0,0.0,48984.95,0
8644,15756056,Chiu,543,Germany,Male,46.0,4,144775.14,1,1.0,0.0,170819.27,0
8645,15693347,Gardener,686,France,Female,33.0,8,0.0,1,1.0,0.0,121840.2,0
8646,15776844,Zetticci,707,France,Male,40.0,3,111213.64,1,1.0,0.0,91881.29,0
8647,15642391,Lettiere,621,Germany,Female,26.0,4,109978.83,1,0.0,0.0,177740.58,0
8648,15587038,Ogochukwu,654,France,Female,32.0,2,0.0,1,1.0,1.0,51972.92,1
8649,15604497,Lloyd,489,France,Female,37.0,1,142644.64,1,1.0,1.0,167032.49,0
8650,15656300,Sandefur,676,Germany,Female,61.0,9,69459.05,1,1.0,0.0,82970.69,1
8651,15622370,Kuo,537,Spain,Male,31.0,10,0.0,2,1.0,1.0,35400.38,0
8652,15739194,Liao,537,France,Male,39.0,4,0.0,2,0.0,0.0,138527.17,0
8653,15593795,Ozerova,695,France,Male,32.0,7,0.0,2,1.0,1.0,162719.39,0
8654,15663817,Bellucci,750,France,Male,38.0,3,0.0,2,1.0,1.0,84927.42,0
8655,15747797,Lo Duca,653,France,Female,71.0,7,0.0,1,1.0,1.0,134915.54,1
8656,15782778,Gallagher,841,Germany,Male,34.0,9,81733.74,2,0.0,0.0,198017.05,0
8657,15806983,Moss,850,France,Male,34.0,2,61636.97,1,0.0,1.0,106061.47,0
8658,15757931,Lo Duca,651,France,Male,40.0,7,0.0,1,0.0,0.0,187900.45,1
8659,15810444,Chiazagomekpere,545,France,Male,44.0,4,0.0,1,1.0,0.0,28123.99,0
8660,15602735,Kuo,693,Germany,Female,32.0,7,152296.83,1,1.0,0.0,108040.86,0
8661,15589401,Fitzgerald,554,France,Female,24.0,10,141859.12,2,0.0,1.0,89734.7,0
8662,15639265,Hsing,678,Spain,Female,38.0,4,0.0,2,1.0,1.0,98820.07,0
8663,15804919,Fiorentino,659,Germany,Male,32.0,8,78885.88,2,1.0,0.0,71905.77,0
8664,15596074,Koehler,665,Germany,Male,42.0,8,133598.53,1,1.0,1.0,125440.34,0
8665,15734578,Zikoranachidimma,762,Germany,Male,54.0,7,121207.42,1,0.0,1.0,181840.27,0
8666,15681026,Zikoranachidimma,794,Germany,Male,39.0,1,116537.6,1,1.0,0.0,29239.29,1
8667,15593601,Isayev,710,France,Male,34.0,6,133598.4,1,1.0,1.0,13107.24,0
8668,15682639,Onyemauchechukwu,818,France,Female,25.0,8,135637.0,1,1.0,0.0,152417.97,0
8669,15787014,Tretiakova,710,France,Male,35.0,9,141462.13,1,1.0,1.0,67840.81,0
8670,15792720,Onuchukwu,562,Spain,Female,48.0,1,0.0,2,1.0,1.0,168886.39,0
8671,15781274,Chukwudi,735,Germany,Male,38.0,8,93578.47,2,1.0,1.0,147090.39,0
8672,15704466,Nwachukwu,850,France,Male,37.0,7,0.0,2,1.0,1.0,132084.31,0
8673,15670702,Smith,618,France,Male,31.0,7,150500.64,1,1.0,1.0,161848.03,0
8674,15692226,Hs?,674,France,Female,34.0,3,0.0,2,1.0,0.0,45610.63,0
8675,15697307,Lucchese,850,Spain,Female,29.0,4,0.0,3,1.0,0.0,126515.19,1
8676,15616270,Ibeamaka,593,France,Female,33.0,3,0.0,2,0.0,0.0,144870.28,0
8677,15576045,Nwachinemelu,712,Germany,Female,53.0,8,95858.26,1,1.0,0.0,92377.21,1
8678,15780124,Brown,585,France,Male,40.0,1,0.0,1,1.0,0.0,93717.07,0
8679,15791053,Brown,816,France,Female,34.0,2,79954.61,2,0.0,1.0,30484.19,0
8680,15807595,Hsieh,675,France,Male,24.0,5,0.0,2,0.0,1.0,135853.53,0
8681,15586039,Skelton,741,Germany,Female,37.0,3,136912.2,1,1.0,1.0,168816.73,0
8682,15613630,Tang,775,France,Female,52.0,8,0.0,2,1.0,0.0,96823.32,1
8683,15806918,Tung,694,France,Male,34.0,3,0.0,2,1.0,1.0,145796.49,0
8684,15698522,Lo,569,France,Male,36.0,8,167983.17,2,1.0,0.0,106714.28,0
8685,15780498,Zox,645,Spain,Male,24.0,3,0.0,2,1.0,1.0,59297.72,0
8686,15594594,Obidimkpa,752,Spain,Male,34.0,10,0.0,2,1.0,0.0,127549.58,0
8687,15636023,O'Donnell,654,France,Female,30.0,10,0.0,1,1.0,0.0,147093.84,1
8688,15711571,Onyekachi,707,France,Female,45.0,2,105563.0,1,0.0,1.0,14073.11,0
8689,15772383,Chukwumaobim,646,Germany,Male,37.0,5,142289.28,2,1.0,1.0,173776.5,0
8690,15758031,Nwabugwu,642,Germany,Male,32.0,6,96847.13,2,1.0,0.0,96429.58,0
8691,15806688,Chiu,697,France,Female,31.0,6,140614.15,1,1.0,1.0,4791.8,0
8692,15793897,Ibeabuchi,703,Spain,Male,39.0,8,0.0,2,1.0,0.0,124489.88,0
8693,15734886,Mazzi,686,France,Female,34.0,3,123971.51,3,1.0,0.0,147794.63,1
8694,15639252,Ritchie,603,France,Male,32.0,4,0.0,2,1.0,0.0,198894.42,0
8695,15806688,Li,756,France,Female,61.0,4,0.0,2,1.0,1.0,103570.8,0
8696,15641389,Shao,633,France,Male,21.0,5,0.0,2,0.0,0.0,2423.9,0
8697,15759872,Oluchukwu,711,France,Male,52.0,9,162261.01,1,1.0,1.0,101905.34,0
8698,15594408,Bergamaschi,639,Germany,Female,48.0,3,102562.23,1,0.0,0.0,90878.13,1
8699,15671209,P'eng,571,France,Male,38.0,9,0.0,2,1.0,0.0,152843.53,0
8700,15593959,Shih,815,France,Female,35.0,1,144954.58,1,1.0,0.0,120906.88,0
8701,15633474,Macrossan,591,Spain,Female,37.0,1,140197.44,1,1.0,0.0,177800.27,0
8702,15761554,Morley,634,France,Female,37.0,5,0.0,1,1.0,0.0,31921.95,1
8703,15662578,Y?,721,France,Male,28.0,6,0.0,2,1.0,1.0,145558.42,0
8704,15581840,Nnonso,605,France,Female,39.0,6,91536.72,1,1.0,0.0,176570.46,0
8705,15640034,Ch'ang,723,France,Female,37.0,9,91897.8,1,1.0,1.0,75825.57,0
8706,15756901,Chidimma,652,France,Female,37.0,8,106089.06,1,1.0,1.0,57972.95,0
8707,15635687,Yermolayeva,652,Spain,Female,35.0,6,0.0,2,0.0,1.0,65215.81,0
8708,15621768,O'Kane,718,Spain,Male,42.0,8,0.0,2,1.0,0.0,140138.98,0
8709,15809654,Zikoranachidimma,614,France,Male,34.0,10,120961.5,1,1.0,0.0,12148.2,0
8710,15793491,Li Fonti,675,France,Male,48.0,3,0.0,2,0.0,1.0,179360.76,1
8711,15775318,Lo,702,France,Female,43.0,8,105961.68,2,1.0,1.0,73418.29,0
8712,15603098,Shubina,523,Spain,Male,37.0,2,145766.72,1,1.0,0.0,173576.74,0
8713,15646513,Martin,599,France,Female,46.0,10,0.0,1,1.0,0.0,173843.21,1
8714,15669411,Lucchesi,720,Spain,Female,52.0,6,0.0,2,1.0,1.0,57552.96,0
8715,15803005,Wallace,570,Germany,Female,57.0,5,86568.75,1,0.0,1.0,103660.31,1
8716,15663478,Esposito,732,Germany,Male,30.0,5,114421.55,1,0.0,1.0,180598.28,0
8717,15600751,Obijiaku,615,France,Male,43.0,3,0.0,2,1.0,1.0,81793.42,0
8718,15806042,Wilson,496,France,Male,37.0,6,0.0,1,0.0,1.0,183557.76,0
8719,15571948,Lujan,576,France,Female,42.0,7,0.0,2,1.0,0.0,153874.94,0
8720,15770039,Ts'ai,674,France,Female,32.0,1,0.0,2,0.0,1.0,121239.65,0
8721,15717398,Fyodorov,828,France,Male,41.0,3,112212.14,1,1.0,0.0,78941.59,0
8722,15784056,Bell,486,France,Male,34.0,1,138131.64,1,1.0,0.0,35418.18,0
8723,15685300,Chin,758,France,Male,29.0,5,91057.37,1,0.0,0.0,135083.73,1
8724,15599124,Miller,655,France,Male,29.0,1,134919.85,1,1.0,0.0,178587.36,0
8725,15751531,Shih,667,France,Male,34.0,3,0.0,2,0.0,0.0,133672.0,0
8726,15654574,P'eng,735,France,Female,69.0,9,0.0,2,0.0,1.0,107841.05,0
8727,15663883,Hs?,544,Spain,Female,40.0,7,0.0,2,1.0,1.0,180134.74,0
8728,15586526,Okwudiliolisa,615,France,Male,48.0,1,0.0,1,1.0,0.0,172363.61,1
8729,15751180,T'ien,706,France,Male,33.0,7,161807.18,1,1.0,0.0,126535.07,0
8730,15723153,Ch'ang,677,France,Male,30.0,7,127343.4,1,1.0,0.0,100843.82,0
8731,15645316,Han,612,France,Female,42.0,3,0.0,2,1.0,1.0,111285.85,0
8732,15641319,Lombardo,708,Spain,Female,37.0,10,83888.54,1,1.0,1.0,171762.87,0
8733,15774727,T'ien,608,France,Female,28.0,3,109908.68,1,1.0,1.0,4859.59,0
8734,15753871,Onyekachi,611,Germany,Male,46.0,4,127545.74,2,1.0,1.0,141748.96,0
8735,15792531,Zetticci,603,Spain,Female,36.0,2,0.0,2,0.0,0.0,133086.59,0
8736,15664708,Bibi,753,France,Male,35.0,5,0.0,2,1.0,1.0,152989.15,0
8737,15635244,Ugorji,769,France,Male,40.0,6,0.0,2,0.0,0.0,40318.27,0
8738,15663410,Chiemenam,686,Germany,Female,30.0,4,82344.84,2,1.0,1.0,115268.86,0
8739,15770041,Manna,728,Spain,Female,43.0,8,128412.61,1,1.0,0.0,139024.31,0
8740,15683369,Hsu,576,Spain,Male,51.0,4,0.0,1,0.0,1.0,56875.76,0
8741,15623102,Chiu,738,Spain,Male,53.0,4,0.0,2,0.0,0.0,187987.54,0
8742,15659105,Y?an,681,France,Male,45.0,2,0.0,1,0.0,0.0,105568.6,1
8743,15675092,Nwankwo,516,France,Male,40.0,1,0.0,2,1.0,1.0,175094.74,0
8744,15708053,Chidiebere,581,Germany,Female,42.0,7,93821.31,2,1.0,1.0,182633.63,0
8745,15616811,MacDonald,662,France,Male,47.0,8,160729.1,1,0.0,1.0,145986.35,0
8746,15588419,Lin,679,France,Male,43.0,6,0.0,2,1.0,1.0,27239.28,0
8747,15684512,Tien,477,France,Female,42.0,8,0.0,1,1.0,0.0,125305.34,0
8748,15747757,Frolova,682,France,Female,60.0,6,0.0,2,0.0,0.0,97640.2,0
8749,15651020,Young,573,France,Male,42.0,6,0.0,2,1.0,1.0,123866.43,0
8750,15602998,Ch'ien,693,France,Female,37.0,6,138053.13,1,1.0,1.0,163729.57,0
8751,15635244,Goliwe,675,France,Female,30.0,8,127539.3,1,1.0,1.0,126307.25,0
8752,15571053,Ts'ai,717,France,Female,28.0,7,166501.68,1,1.0,1.0,102730.26,0
8753,15566091,Thurgood,527,France,Male,32.0,1,0.0,2,1.0,0.0,94739.2,0
8754,15663410,Iqbal,628,Spain,Male,61.0,8,0.0,3,1.0,1.0,151887.16,1
8755,15596863,DeRose,749,Spain,Male,37.0,5,109044.1,2,0.0,1.0,109805.17,0
8756,15654463,Nwankwo,637,Spain,Female,20.0,2,0.0,2,1.0,1.0,143960.32,0
8757,15712772,Nkemdilim,724,France,Male,37.0,8,0.0,2,1.0,1.0,120889.16,0
8758,15766659,Hsia,717,France,Male,41.0,5,0.0,1,1.0,0.0,70954.41,1
8759,15663438,Ebelechukwu,469,Germany,Male,53.0,3,122268.21,1,1.0,0.0,167773.55,1
8760,15587562,Nwankwo,627,France,Male,21.0,10,0.0,2,1.0,1.0,160523.33,0
8761,15698872,Nnaife,628,France,Male,43.0,5,0.0,2,1.0,0.0,181553.25,0
8762,15800061,Lo Duca,548,France,Female,40.0,7,0.0,2,1.0,0.0,174027.3,0
8763,15655229,Craig,850,Germany,Female,37.0,7,114285.2,2,0.0,1.0,125877.22,0
8764,15721380,Pirozzi,718,Spain,Male,42.0,1,135851.5,1,1.0,1.0,69621.46,0
8765,15590327,Hsia,677,France,Female,29.0,4,0.0,1,1.0,1.0,151146.67,0
8766,15754847,Calabresi,573,France,Male,35.0,3,153625.49,1,1.0,1.0,61316.9,0
8767,15691624,Chidiebere,820,France,Male,33.0,2,132150.26,4,1.0,0.0,23067.97,0
8768,15581440,Christie,692,Germany,Female,48.0,6,110463.25,2,1.0,0.0,80552.11,0
8769,15771873,Shih,707,Germany,Male,24.0,1,139762.06,2,1.0,0.0,64488.79,0
8770,15806913,Shih,731,Spain,Female,28.0,6,0.0,2,1.0,0.0,72628.68,0
8771,15657778,Jefferson,657,Germany,Male,33.0,1,84309.57,2,1.0,0.0,103914.4,0
8772,15682364,Mollison,835,France,Male,62.0,5,0.0,2,0.0,1.0,173843.38,0
8773,15576079,Fisk,828,France,Female,32.0,2,0.0,2,1.0,1.0,71862.79,0
8774,15659710,Uspensky,751,France,Male,38.0,10,0.0,2,1.0,1.0,134878.19,0
8775,15628863,P'eng,648,France,Male,32.0,3,0.0,2,1.0,1.0,136869.31,0
8776,15718242,Wollstonecraft,725,Germany,Female,48.0,1,104887.43,1,0.0,0.0,86622.56,1
8777,15578096,McElhone,599,Spain,Female,33.0,3,0.0,2,0.0,1.0,183582.04,0
8778,15624641,Nnaife,646,France,Female,43.0,8,0.0,2,1.0,0.0,51113.41,1
8779,15593973,Ball,665,France,Male,52.0,5,136354.16,1,1.0,1.0,140929.98,1
8780,15809302,Fanucci,756,Spain,Female,51.0,5,0.0,2,1.0,1.0,111241.37,0
8781,15765322,Kennedy,687,France,Male,26.0,2,132951.92,2,1.0,1.0,184399.76,0
8782,15602797,Okwudilichukwu,641,Spain,Female,49.0,1,110132.55,1,1.0,0.0,187689.91,0
8783,15692823,Nwankwo,748,Germany,Female,42.0,3,139782.52,2,1.0,1.0,79178.44,0
8784,15764033,Fanucci,611,Spain,Male,30.0,8,0.0,2,1.0,1.0,171056.65,0
8785,15797595,Greenhalgh,709,Germany,Female,40.0,9,131569.63,1,1.0,1.0,103970.58,0
8786,15654700,Genovese,727,France,Female,36.0,3,0.0,1,0.0,0.0,149991.83,0
8787,15709232,McKay,586,Germany,Female,47.0,1,157099.47,2,1.0,1.0,65481.86,0
8788,15725429,Macdonald,554,Spain,Male,47.0,9,0.0,1,1.0,0.0,115676.61,1
8789,15795519,Hsia,605,Spain,Male,34.0,5,0.0,1,1.0,1.0,140723.09,0
8790,15628999,Onwuamaeze,467,France,Female,23.0,7,0.0,2,1.0,1.0,119969.99,0
8791,15783501,Findlay,653,France,Female,33.0,1,100895.54,1,1.0,1.0,68075.14,0
8792,15784526,Hs?,710,France,Female,36.0,4,0.0,2,1.0,0.0,147007.33,0
8793,15796790,Lucciano,694,France,Male,35.0,7,92887.13,1,1.0,1.0,157567.37,0
8794,15570194,Manna,705,Germany,Male,36.0,1,108977.57,1,1.0,0.0,151747.02,1
8795,15638487,Onyemauchechukwu,498,Spain,Male,21.0,4,0.0,2,1.0,1.0,180962.01,0
8796,15609187,Oster,684,France,Male,20.0,8,0.0,1,1.0,1.0,115525.32,0
8797,15744691,Chidozie,778,Germany,Female,60.0,6,92833.89,1,1.0,0.0,172097.4,1
8798,15715079,Hawkins,693,France,Male,27.0,9,0.0,2,1.0,1.0,142331.39,0
8799,15754577,Lettiere,684,France,Male,33.0,0,0.0,2,1.0,1.0,179485.96,0
8800,15651389,Lo Duca,633,France,Male,28.0,4,87736.96,1,1.0,1.0,100835.93,0
8801,15662532,Chigozie,721,Spain,Male,30.0,1,106603.74,1,0.0,1.0,92916.54,0
8802,15713843,Hsiung,739,Spain,Female,39.0,1,0.0,2,0.0,1.0,174790.04,0
8803,15632462,Kao,583,Spain,Male,44.0,7,0.0,1,1.0,1.0,123365.58,0
8804,15746012,Chibugo,681,Spain,Female,42.0,0,0.0,2,1.0,1.0,31165.06,0
8805,15647566,Loewenthal,696,Germany,Female,24.0,4,141789.66,2,1.0,1.0,103539.21,0
8806,15782454,Hancock,487,France,Male,49.0,4,0.0,1,0.0,0.0,190296.76,1
8807,15735025,Uspensky,576,France,Male,36.0,6,0.0,2,0.0,1.0,173783.38,0
8808,15757810,Martin,769,Spain,Male,37.0,4,127864.4,1,1.0,1.0,56905.38,0
8809,15593959,Nwabugwu,605,France,Female,34.0,4,0.0,1,1.0,1.0,175310.78,0
8810,15646539,Chukwuhaenye,644,Germany,Female,50.0,2,152084.99,1,1.0,0.0,120853.83,1
8811,15654074,Mancini,637,Spain,Male,48.0,1,148159.71,2,0.0,1.0,177638.19,0
8812,15797961,Shih,721,France,Male,34.0,6,0.0,2,0.0,0.0,135071.45,0
8813,15757837,Kudryashova,473,France,Female,29.0,1,132412.38,1,1.0,0.0,174822.74,0
8814,15771750,Sawtell,655,Germany,Female,36.0,10,122314.39,1,0.0,0.0,9181.66,1
8815,15695465,Gibson,469,France,Female,38.0,6,0.0,2,1.0,0.0,164247.51,0
8816,15808566,Ch'ien,790,Spain,Female,32.0,1,0.0,2,1.0,1.0,137916.49,0
8817,15582741,Maclean,693,France,Female,35.0,1,124151.09,1,1.0,0.0,88705.14,0
8818,15718106,Kelley,625,France,Female,34.0,6,0.0,2,0.0,0.0,197283.2,0
8819,15713774,Nwoye,579,France,Male,40.0,5,121063.49,2,1.0,1.0,121866.87,0
8820,15795954,Smith,584,Germany,Female,35.0,1,130463.25,2,1.0,0.0,162719.69,0
8821,15657342,Chukwuma,446,Germany,Male,25.0,3,136202.78,2,0.0,1.0,176743.51,0
8822,15758051,Hsiung,705,France,Female,33.0,3,0.0,1,1.0,1.0,99818.45,0
8823,15600832,Moss,637,France,Female,43.0,9,0.0,1,1.0,0.0,103726.71,0
8824,15641122,Wei,684,France,Male,30.0,2,0.0,2,0.0,0.0,83473.82,0
8825,15671409,Ndubueze,583,France,Female,36.0,7,0.0,1,1.0,1.0,151457.82,0
8826,15815560,Cawood,595,France,Male,39.0,7,0.0,2,1.0,0.0,1843.24,0
8827,15619280,Uspensky,683,France,Male,25.0,6,0.0,2,1.0,0.0,152698.24,0
8828,15737814,Lo,698,France,Male,41.0,2,127087.06,1,1.0,0.0,102402.91,1
8829,15809837,Nnaife,633,Spain,Male,34.0,9,0.0,2,1.0,1.0,52849.27,0
8830,15788189,T'ao,637,Spain,Female,47.0,4,0.0,2,1.0,0.0,165574.54,0
8831,15631162,Hsia,438,Germany,Male,33.0,9,152576.25,1,1.0,0.0,77330.35,0
8832,15773804,Koger,695,France,Female,22.0,9,0.0,1,1.0,0.0,162087.08,0
8833,15575024,Uwaezuoke,503,France,Male,43.0,3,0.0,2,1.0,1.0,143954.99,1
8834,15785215,Chia,763,Germany,Female,39.0,1,105522.0,1,1.0,0.0,125870.81,1
8835,15664615,Nnachetam,537,Germany,Female,39.0,5,136650.89,1,1.0,0.0,41865.72,1
8836,15687094,Calabresi,717,Germany,Female,38.0,2,82498.14,1,0.0,0.0,40437.67,1
8837,15723488,Liao,633,France,Male,34.0,7,141665.84,1,1.0,0.0,1557.66,0
8838,15684951,He,542,France,Female,59.0,2,68892.77,2,1.0,1.0,7905.06,0
8839,15594864,Kennedy,544,Germany,Male,30.0,4,81523.38,1,1.0,1.0,36885.85,0
8840,15756026,Hooper,790,Spain,Female,46.0,9,0.0,1,0.0,0.0,14679.81,0
8841,15791342,Milano,579,France,Female,61.0,6,0.0,2,1.0,1.0,5791.85,0
8842,15704788,O'Callaghan,753,Germany,Female,24.0,2,63723.18,1,0.0,0.0,164478.28,0
8843,15681710,Onyekachi,644,France,Male,42.0,3,167949.78,1,1.0,0.0,176710.28,0
8844,15761241,Hsieh,558,Spain,Female,20.0,8,0.0,2,1.0,1.0,143683.75,0
8845,15805909,Maclean,548,Germany,Male,30.0,5,92476.47,2,0.0,0.0,26691.97,0
8846,15571940,McIntosh,708,Spain,Male,35.0,9,0.0,2,1.0,0.0,96429.59,0
8847,15780677,Jackson,668,France,Female,59.0,4,0.0,2,1.0,1.0,170528.63,0
8848,15797751,T'ien,753,France,Female,41.0,8,0.0,2,1.0,0.0,171515.84,0
8849,15575858,Y?,725,France,Female,37.0,6,0.0,1,0.0,1.0,141326.98,1
8850,15658675,Hsia,649,Spain,Female,48.0,1,0.0,1,0.0,0.0,161574.19,1
8851,15589643,Ngozichukwuka,714,Spain,Female,41.0,6,0.0,1,1.0,0.0,138394.37,1
8852,15584849,Folliero,593,Spain,Female,31.0,6,0.0,2,1.0,1.0,171045.65,0
8853,15792922,T'ien,656,France,Female,38.0,9,130233.14,1,1.0,1.0,81861.1,0
8854,15695884,Y?,629,France,Male,62.0,2,0.0,1,1.0,1.0,55817.9,0
8855,15736656,H?,723,France,Female,40.0,4,0.0,2,0.0,1.0,89972.25,0
8856,15727696,Ibragimova,577,France,Male,33.0,0,80923.72,1,1.0,1.0,70954.41,0
8857,15672798,Chikezie,809,France,Male,35.0,4,0.0,2,0.0,1.0,193518.76,0
8858,15785034,Pisani,763,France,Male,34.0,1,0.0,2,1.0,1.0,74965.51,0
8859,15663817,Manna,592,Spain,Female,45.0,9,0.0,1,1.0,0.0,86414.41,0
8860,15754736,Tsao,591,France,Male,46.0,2,91877.47,1,1.0,0.0,52337.47,0
8861,15803842,Lucciano,729,France,Male,30.0,5,0.0,1,1.0,1.0,51380.7,0
8862,15810390,Mironova,705,France,Male,40.0,6,131078.42,1,0.0,0.0,49865.04,0
8863,15806822,Iadanza,501,Spain,Male,33.0,6,106345.85,1,1.0,1.0,85421.48,0
8864,15699225,Macdonald,790,Germany,Male,38.0,9,118520.93,1,1.0,0.0,98640.79,0
8865,15636238,Graham,611,France,Male,28.0,8,0.0,2,1.0,0.0,102547.56,0
8866,15604551,Robb,732,France,Female,29.0,3,0.0,2,1.0,0.0,90876.95,0
8867,15698839,Nwankwo,684,France,Female,49.0,6,0.0,2,1.0,1.0,173516.71,0
8868,15591130,Y?an,757,France,Female,35.0,9,71359.04,1,1.0,0.0,184842.4,0
8869,15792926,O'Kane,625,France,Male,34.0,9,0.0,1,1.0,0.0,35418.13,0
8870,15674573,McEwan,685,Spain,Female,35.0,8,0.0,2,1.0,1.0,152298.28,0
8871,15723217,Folliero,521,France,Male,37.0,8,0.0,3,0.0,0.0,111312.96,1
8872,15656300,P'eng,684,France,Male,38.0,7,0.0,2,1.0,0.0,86044.98,0
8873,15737324,Yeh,581,France,Male,71.0,2,0.0,2,1.0,1.0,182822.5,0
8874,15657829,Fanucci,584,Germany,Male,47.0,2,168085.38,1,1.0,0.0,85028.36,1
8875,15733297,Ndubueze,758,Spain,Male,36.0,5,0.0,2,1.0,0.0,138882.79,0
8876,15770525,T'an,630,France,Male,28.0,1,141038.57,2,0.0,1.0,16287.38,0
8877,15768763,Simmons,639,France,Female,36.0,1,0.0,1,0.0,0.0,179718.17,0
8878,15668818,Maclean,619,France,Male,43.0,8,0.0,2,1.0,0.0,76582.95,0
8879,15662865,Storey,658,Spain,Male,36.0,0,0.0,2,1.0,0.0,84927.42,0
8880,15641715,Ts'ui,599,France,Male,34.0,7,0.0,2,1.0,1.0,174196.68,0
8881,15741417,Genovese,548,France,Male,33.0,7,132418.52,1,1.0,1.0,168032.49,0
8882,15643394,Kao,767,France,Male,37.0,0,106821.76,1,0.0,1.0,182272.91,0
8883,15769582,Kang,586,France,Male,29.0,2,0.0,2,1.0,1.0,142238.54,0
8884,15658852,Bancks,670,France,Female,46.0,2,127738.75,1,0.0,0.0,28188.96,1
8885,15706899,Ndubueze,648,Germany,Female,44.0,5,139973.65,1,1.0,1.0,66721.98,0
8886,15707441,White,629,Spain,Male,35.0,3,0.0,2,0.0,1.0,61793.77,0
8887,15654859,Kao,710,France,Male,32.0,7,0.0,2,1.0,1.0,143881.99,0
8888,15603741,Scott,735,Germany,Male,30.0,4,118051.43,2,1.0,0.0,108301.72,0
8889,15761024,Mancini,710,Spain,Male,53.0,5,117140.57,2,0.0,1.0,123784.22,0
8890,15688071,P'eng,660,France,Female,39.0,8,0.0,1,1.0,0.0,171021.44,0
8891,15642391,He,585,Germany,Male,50.0,6,137239.17,1,1.0,1.0,31708.53,1
8892,15627212,Gentry,545,Spain,Male,26.0,7,138022.06,1,1.0,1.0,108684.65,0
8893,15742210,Nwabugwu,659,France,Male,31.0,9,0.0,2,1.0,0.0,74430.0,0
8894,15627854,Okwuoma,710,Spain,Male,58.0,7,153611.83,1,0.0,0.0,143358.42,1
8895,15800031,Ts'ui,705,France,Male,39.0,7,0.0,1,1.0,1.0,38794.78,0
8896,15602312,Teng,667,France,Male,35.0,6,0.0,2,0.0,0.0,119377.27,0
8897,15598536,Onuchukwu,736,Germany,Female,26.0,1,84587.9,1,1.0,1.0,188037.76,0
8898,15690337,Chinwenma,552,France,Female,34.0,5,0.0,2,1.0,1.0,194681.6,0
8899,15594576,Piazza,704,Spain,Male,37.0,7,0.0,2,0.0,0.0,143450.61,0
8900,15757661,Trevisano,589,Spain,Female,32.0,7,0.0,2,0.0,0.0,95985.64,0
8901,15596035,Nwachukwu,695,France,Male,38.0,1,0.0,2,1.0,0.0,138770.93,0
8902,15797960,Hsing,694,France,Female,36.0,1,109019.65,1,1.0,0.0,52327.57,0
8903,15647838,Davison,752,Germany,Female,51.0,2,116574.84,2,1.0,0.0,4121.04,0
8904,15783865,Maclean,682,France,Male,33.0,4,0.0,2,1.0,0.0,168035.92,0
8905,15809138,Nwora,575,France,Male,40.0,7,0.0,2,1.0,1.0,142884.05,0
8906,15600173,Manna,595,France,Female,33.0,9,0.0,1,1.0,1.0,41447.86,1
8907,15576550,Feng,661,France,Male,35.0,4,121285.13,2,1.0,1.0,56937.43,0
8908,15768471,Efimov,625,France,Male,44.0,3,96651.58,1,1.0,0.0,25482.63,0
8909,15705514,Lucchese,724,France,Male,38.0,7,0.0,2,1.0,0.0,170638.98,0
8910,15657105,Chukwualuka,569,Spain,Male,36.0,2,0.0,1,1.0,1.0,195192.4,0
8911,15596821,Trevisani,576,Spain,Male,64.0,8,0.0,1,1.0,1.0,120830.85,0
8912,15583597,Ikedinachukwu,596,Spain,Male,47.0,1,106758.6,1,1.0,1.0,80591.18,0
8913,15613180,Cremonesi,586,France,Male,39.0,3,0.0,1,1.0,1.0,83086.55,0
8914,15783030,Nnanna,679,France,Male,38.0,5,79927.15,1,1.0,0.0,172400.27,0
8915,15726776,Chidumaga,593,France,Male,50.0,10,167099.69,1,1.0,1.0,12096.93,0
8916,15735060,Ts'ui,597,Germany,Male,30.0,3,142861.57,3,1.0,1.0,175739.86,1
8917,15756061,Lira,667,France,Male,46.0,2,0.0,1,0.0,1.0,93536.22,0
8918,15733883,Manna,732,France,Female,32.0,5,124197.17,1,0.0,1.0,161872.8,0
8919,15737071,Olisanugo,627,Spain,Female,33.0,7,107426.35,1,1.0,1.0,121240.89,1
8920,15642575,Hs?eh,577,France,Male,48.0,9,0.0,1,1.0,0.0,86022.42,1
8921,15689344,Pirozzi,588,Spain,Male,51.0,3,152788.59,2,1.0,1.0,4993.94,0
8922,15612187,O'Donnell,644,Spain,Male,38.0,6,121542.4,1,1.0,1.0,166038.01,0
8923,15657396,Marshall,806,Germany,Male,41.0,9,123575.51,1,0.0,1.0,140168.36,0
8924,15586522,Hsieh,576,France,Female,38.0,9,0.0,2,1.0,1.0,186489.95,0
8925,15631609,Tuan,687,France,Female,50.0,2,0.0,1,0.0,0.0,87412.35,1
8926,15783865,Onyemauchechi,683,France,Female,37.0,8,148049.47,1,1.0,0.0,79559.03,0
8927,15783501,Hsiao,617,France,Female,43.0,7,111900.14,1,1.0,0.0,92727.49,1
8928,15626628,Tretiakova,631,France,Female,31.0,2,88161.85,2,1.0,0.0,127630.88,0
8929,15635177,Williamson,697,Spain,Female,66.0,3,0.0,1,1.0,0.0,70532.53,1
8930,15815131,Pinto,604,Spain,Male,38.0,3,0.0,2,1.0,1.0,69122.79,0
8931,15735222,Ngozichukwuka,620,Germany,Female,40.0,8,155619.58,4,1.0,1.0,110114.19,1
8932,15682421,Zikoranachidimma,747,France,Male,31.0,7,0.0,2,0.0,1.0,65765.22,0
8933,15652999,Yen,658,Spain,Male,33.0,3,0.0,1,0.0,1.0,105817.63,0
8934,15772361,Ts'ai,730,France,Female,53.0,5,0.0,2,1.0,1.0,187980.25,0
8935,15572398,Nwora,635,France,Male,27.0,6,0.0,1,1.0,0.0,78310.04,0
8936,15777994,Woods,783,Spain,Female,33.0,2,75990.97,2,1.0,1.0,47921.22,1
8937,15613503,Whitehead,691,France,Male,41.0,3,0.0,2,0.0,1.0,102385.88,0
8938,15689671,Tung,648,France,Male,28.0,4,0.0,2,1.0,0.0,98618.79,0
8939,15575417,Lucciano,705,France,Female,37.0,9,0.0,2,0.0,1.0,67622.36,0
8940,15776743,Nwabugwu,741,France,Male,32.0,8,0.0,1,1.0,1.0,102770.55,0
8941,15658852,Hsueh,686,Spain,Male,37.0,3,0.0,2,1.0,1.0,136983.77,0
8942,15585865,Ku,466,France,Female,36.0,4,206329.65,1,0.0,1.0,46632.87,1
8943,15656322,Ulyanova,632,France,Male,35.0,3,0.0,4,1.0,0.0,126761.0,1
8944,15799384,Fiorentini,759,Germany,Male,49.0,4,111095.58,2,0.0,0.0,141075.51,1
8945,15674620,Dilibe,679,Germany,Female,77.0,8,77373.87,2,0.0,1.0,174873.09,0
8946,15654891,He,699,France,Male,30.0,6,0.0,1,1.0,1.0,180591.32,0
8947,15670562,T'ang,464,France,Male,31.0,7,0.0,2,1.0,0.0,168045.91,0
8948,15657540,Vassiliev,590,France,Male,26.0,5,0.0,1,1.0,0.0,51907.72,0
8949,15587596,Nebeuwa,572,Spain,Male,31.0,5,238387.56,3,1.0,0.0,21646.2,1
8950,15750808,Smith,616,France,Male,38.0,9,0.0,2,1.0,1.0,105525.49,0
8951,15648967,Nebeolisa,648,France,Female,32.0,1,120124.35,1,0.0,1.0,16403.41,0
8952,15626040,McDonald,684,Spain,Male,28.0,8,165413.43,2,1.0,1.0,27149.27,0
8953,15709994,Ni,598,Germany,Male,46.0,5,90547.48,1,1.0,1.0,64515.5,0
8954,15762048,Biryukov,611,Germany,Male,32.0,4,127157.97,2,1.0,1.0,130197.59,0
8955,15704072,Fiorentino,543,France,Male,40.0,0,0.0,2,0.0,1.0,119313.65,0
8956,15686957,Chigolum,694,France,Male,30.0,3,125845.66,1,1.0,1.0,182624.93,0
8957,15670552,Genovesi,786,Germany,Male,35.0,3,121250.04,1,1.0,0.0,53832.03,0
8958,15608226,McMorran,513,Spain,Female,72.0,3,98903.06,1,1.0,0.0,81251.24,1
8959,15795519,MacDevitt,584,Germany,Female,37.0,5,114493.79,2,1.0,0.0,131834.45,1
8960,15569247,Ndukaku,562,France,Female,38.0,3,110864.38,1,1.0,0.0,136909.87,0
8961,15585595,Kirby,522,Germany,Male,38.0,9,138233.24,1,1.0,0.0,129697.99,0
8962,15631217,Quinn,697,Germany,Male,44.0,8,108128.96,3,1.0,0.0,146785.44,1
8963,15755869,Martin,639,Germany,Male,33.0,1,102800.72,1,1.0,1.0,100720.03,0
8964,15641175,Mazzi,731,France,Male,35.0,1,125530.86,1,1.0,1.0,165038.27,0
8965,15723604,Tretiakova,738,Spain,Male,32.0,7,0.0,2,0.0,1.0,159895.57,0
8966,15792925,Onyemauchechukwu,663,Spain,Male,30.0,2,0.0,2,1.0,0.0,155786.14,0
8967,15761047,Nkemakolam,705,Germany,Male,40.0,5,140418.81,2,1.0,0.0,19720.08,0
8968,15676526,Udobata,659,France,Male,32.0,7,0.0,2,0.0,1.0,141766.67,0
8969,15591608,Shih,652,France,Male,39.0,8,0.0,2,0.0,1.0,113483.96,0
8970,15694404,Nnamdi,748,Germany,Male,48.0,10,119547.43,1,0.0,0.0,50578.5,0
8971,15784868,Hsueh,635,Germany,Male,41.0,7,154558.41,1,1.0,1.0,92983.03,1
8972,15626042,Hsieh,712,France,Female,49.0,8,82931.85,1,1.0,1.0,118319.5,0
8973,15703778,Angelo,850,Spain,Male,58.0,4,110153.27,1,0.0,1.0,74637.57,1
8974,15758813,Chibugo,781,France,Male,33.0,2,0.0,2,0.0,1.0,102930.46,0
8975,15713250,Browne,706,France,Male,32.0,8,127649.64,1,1.0,1.0,54474.48,1
8976,15687913,Chiang,732,Germany,Female,43.0,3,104449.8,1,0.0,0.0,173365.89,1
8977,15704586,Ch'ien,572,France,Male,42.0,7,145071.69,1,1.0,0.0,115227.57,0
8978,15575945,McGregor,678,France,Female,53.0,4,118537.63,1,1.0,0.0,26342.33,1
8979,15709451,Hughes,543,Spain,Male,45.0,7,160610.88,1,1.0,0.0,102763.73,1
8980,15571542,Rounsevell,592,France,Male,36.0,9,0.0,2,1.0,1.0,131241.19,0
8981,15634891,Chiu,712,Germany,Female,31.0,6,132623.6,2,1.0,0.0,124210.53,0
8982,15604072,Yobachukwu,592,France,Female,46.0,1,71553.83,1,1.0,1.0,56580.97,1
8983,15795961,Martin,660,France,Female,44.0,8,132901.73,1,1.0,0.0,114957.72,1
8984,15589329,Pirozzi,705,Spain,Male,30.0,4,0.0,1,1.0,0.0,49337.84,1
8985,15671221,Fenton,652,France,Female,46.0,3,0.0,2,0.0,0.0,97614.12,0
8986,15566988,Iqbal,818,Germany,Female,46.0,7,141535.52,2,1.0,0.0,50595.15,1
8987,15642833,Genovesi,658,France,Female,40.0,7,0.0,2,1.0,0.0,130590.35,0
8988,15772381,H?,543,France,Male,42.0,6,0.0,2,0.0,1.0,190882.69,0
8989,15691792,Yefimova,741,Germany,Male,35.0,9,127837.54,1,1.0,0.0,142680.64,0
8990,15641298,Chia,697,Spain,Female,42.0,4,69617.36,1,1.0,0.0,89953.0,1
8991,15787025,Tsou,707,Germany,Female,33.0,9,162923.85,2,1.0,0.0,171733.45,0
8992,15705953,Montalvo,730,France,Male,31.0,7,0.0,2,0.0,1.0,195209.4,0
8993,15591698,P'eng,849,Germany,Female,49.0,9,132934.89,1,1.0,1.0,171056.65,0
8994,15581840,DeRose,626,France,Female,41.0,7,0.0,2,1.0,1.0,138504.28,0
8995,15806796,L?,730,France,Female,53.0,1,0.0,1,1.0,0.0,141180.66,1
8996,15566251,Ferrari,641,France,Male,39.0,5,0.0,2,1.0,1.0,98686.4,0
8997,15678034,Fiorentino,573,Spain,Female,31.0,8,0.0,2,1.0,0.0,134410.05,0
8998,15589431,Su,686,Germany,Female,38.0,2,90547.48,1,1.0,1.0,180962.32,1
8999,15588933,Chukwualuka,683,Germany,Male,45.0,6,91554.04,1,1.0,0.0,51636.1,0
9000,15752694,Fallaci,627,France,Male,33.0,4,83772.95,1,1.0,1.0,23920.65,0
9001,15575490,Nnamdi,636,France,Male,43.0,2,0.0,1,0.0,0.0,52795.15,1
9002,15760102,Yeh,551,France,Female,36.0,1,0.0,2,0.0,0.0,183479.12,0
9003,15652782,Chibuzo,602,Germany,Male,39.0,10,113599.74,2,1.0,1.0,149517.71,0
9004,15775490,D'Albertis,781,France,Male,30.0,7,106266.8,1,1.0,0.0,142913.98,0
9005,15591036,Hsing,627,Spain,Male,34.0,9,96893.24,1,0.0,0.0,181605.85,0
9006,15690670,Uspenskaya,751,Spain,Male,28.0,2,0.0,2,1.0,1.0,170968.44,0
9007,15776091,Martin,711,Germany,Female,29.0,4,150116.46,2,1.0,0.0,169122.39,0
9008,15771299,Ch'ang,681,Germany,Male,29.0,7,126526.98,2,1.0,1.0,62280.89,0
9009,15670889,Nkemakolam,639,France,Male,51.0,1,125566.9,1,1.0,1.0,176763.27,1
9010,15646152,Ifeatu,766,France,Male,52.0,3,99529.7,2,0.0,1.0,66193.61,0
9011,15804516,Onuora,717,France,Female,26.0,4,0.0,2,0.0,0.0,55701.62,0
9012,15685920,Fetherstonhaugh,471,Spain,Female,34.0,2,0.0,1,0.0,1.0,180622.43,0
9013,15690829,Lai,691,Spain,Male,43.0,6,0.0,2,1.0,1.0,162697.09,0
9014,15774744,Nnaife,584,France,Male,30.0,3,116662.96,1,1.0,0.0,143774.06,0
9015,15801466,Chukwueloka,678,Germany,Female,45.0,6,134264.04,1,0.0,0.0,1276.87,1
9016,15720371,McLean,652,France,Female,34.0,3,0.0,1,1.0,1.0,173989.47,0
9017,15736250,Hs?,732,Spain,Female,39.0,9,0.0,2,1.0,0.0,126728.27,0
9018,15659800,Fanucci,681,France,Male,29.0,2,122453.97,1,1.0,1.0,181224.56,0
9019,15771750,Onyemauchechukwu,694,France,Male,38.0,8,119799.28,1,1.0,1.0,129964.19,0
9020,15712199,Ijendu,655,France,Male,61.0,7,183997.7,1,1.0,1.0,161217.18,0
9021,15783883,Quinn,771,Germany,Female,41.0,2,121240.76,1,0.0,1.0,92914.67,0
9022,15668081,Macleod,681,Spain,Male,36.0,1,0.0,2,1.0,0.0,82867.55,0
9023,15658364,Ts'ui,822,France,Male,32.0,2,0.0,2,0.0,0.0,140763.18,0
9024,15768471,Lettiere,592,Spain,Male,40.0,4,0.0,2,0.0,0.0,131736.23,0
9025,15679622,T'ang,588,France,Female,54.0,2,116091.06,1,1.0,0.0,151912.57,1
9026,15622578,Rischbieth,581,France,Female,59.0,8,0.0,1,1.0,0.0,182633.63,1
9027,15653849,Yobachukwu,709,France,Female,43.0,7,89799.46,1,1.0,0.0,88604.89,0
9028,15635277,White,733,France,Male,43.0,1,154585.69,1,1.0,0.0,136053.93,1
9029,15752344,She,714,Spain,Male,34.0,10,0.0,2,1.0,0.0,193040.32,0
9030,15661275,Ting,721,Germany,Female,28.0,2,130420.2,1,1.0,0.0,2560.11,0
9031,15680201,Marcelo,608,Germany,Female,27.0,5,102773.15,2,1.0,0.0,56793.02,1
9032,15736077,Aitken,677,Germany,Male,48.0,1,152284.79,1,0.0,0.0,73939.24,0
9033,15810563,Chukwujamuike,553,France,Male,30.0,1,166501.75,2,1.0,1.0,72838.98,0
9034,15673817,Ting,725,France,Male,60.0,8,118569.64,1,0.0,1.0,150242.52,0
9035,15576945,Oluchukwu,706,Germany,Male,35.0,1,115217.15,1,1.0,1.0,71042.8,0
9036,15668830,Nkemakolam,718,Spain,Male,21.0,2,129974.06,1,1.0,0.0,176883.04,0
9037,15777798,Zuyeva,646,Spain,Male,25.0,1,0.0,1,1.0,1.0,1539.17,0
9038,15779985,Chidozie,535,France,Male,32.0,5,125822.23,1,1.0,0.0,46864.0,0
9039,15665963,Cattaneo,681,Spain,Male,43.0,2,128393.29,1,1.0,1.0,180593.45,0
9040,15575486,Hsiung,605,France,Female,46.0,4,0.0,2,1.0,0.0,49337.84,0
9041,15792679,Nwabugwu,678,Spain,Female,48.0,3,0.0,2,0.0,1.0,171045.35,0
9042,15658158,Sullivan,672,Germany,Female,23.0,9,110741.56,1,1.0,0.0,156598.23,0
9043,15679743,Milanesi,658,France,Female,35.0,0,92474.05,1,1.0,0.0,107876.06,1
9044,15733114,T'ien,705,Spain,Male,37.0,1,0.0,2,0.0,1.0,127068.92,0
9045,15760774,Hargraves,519,Spain,Female,39.0,1,0.0,2,1.0,0.0,19483.35,0
9046,15694765,Onyemauchechukwu,779,France,Female,49.0,7,140549.4,1,1.0,1.0,102036.82,0
9047,15592736,Sun,663,France,Male,41.0,1,0.0,2,1.0,0.0,182627.08,0
9048,15709523,Pagnotto,684,Spain,Female,47.0,2,0.0,1,1.0,1.0,85424.34,0
9049,15746802,Smith,586,Germany,Male,33.0,10,114835.43,2,1.0,1.0,103934.11,0
9050,15589589,Wright,753,Spain,Male,41.0,9,0.0,2,1.0,1.0,61164.45,0
9051,15602845,Hsia,644,Germany,Male,48.0,5,136847.01,1,1.0,1.0,138051.79,0
9052,15680920,T'ien,744,Spain,Male,37.0,7,0.0,2,1.0,0.0,179908.71,0
9053,15756901,Lombardo,634,France,Male,39.0,2,0.0,2,1.0,1.0,823.96,0
9054,15672928,Ch'ien,691,Germany,Male,27.0,4,109044.3,2,1.0,0.0,126479.17,0
9055,15652955,Yefremova,646,France,Female,34.0,2,0.0,2,1.0,0.0,167636.15,0
9056,15595067,Folliero,678,France,Male,43.0,7,0.0,2,1.0,1.0,153353.72,0
9057,15599211,Lo Duca,615,France,Female,34.0,6,0.0,1,1.0,1.0,179227.04,1
9058,15596060,K'ung,623,Spain,Male,43.0,10,0.0,1,1.0,1.0,158043.11,0
9059,15660608,Tuan,713,France,Male,31.0,6,136855.92,1,1.0,1.0,69676.77,0
9060,15771535,Tien,706,France,Female,36.0,7,0.0,2,1.0,1.0,645.61,0
9061,15615024,Aksenov,727,Spain,Female,28.0,5,83895.24,2,1.0,0.0,59601.62,0
9062,15635141,Miller,642,Germany,Male,59.0,9,118210.42,2,0.0,1.0,81514.06,0
9063,15693844,T'ang,594,France,Female,41.0,5,0.0,1,1.0,1.0,120591.29,0
9064,15770258,Chien,744,Germany,Male,49.0,7,117199.68,2,1.0,0.0,101433.76,1
9065,15762729,Crawford,607,Spain,Female,25.0,1,121166.89,1,0.0,1.0,115288.24,0
9066,15778089,Chukwudi,597,France,Male,28.0,5,135096.01,1,1.0,0.0,88965.48,0
9067,15635964,Toscani,646,France,Male,36.0,10,0.0,2,0.0,0.0,148528.24,0
9068,15686885,Chin,612,France,Male,32.0,5,151933.63,1,1.0,1.0,121537.91,0
9069,15673908,Pinto,591,France,Male,26.0,4,0.0,2,1.0,0.0,119400.08,0
9070,15613017,Pisano,622,France,Female,41.0,3,0.0,2,1.0,1.0,177099.71,0
9071,15589924,H?,613,France,Female,29.0,7,0.0,1,0.0,0.0,60420.07,0
9072,15583580,Chin,673,Germany,Male,37.0,6,131411.64,2,1.0,1.0,43479.77,0
9073,15588566,Chao,686,Spain,Male,42.0,4,106920.91,2,1.0,0.0,79071.89,0
9074,15749401,Yobachukwu,850,France,Female,54.0,2,127237.75,1,1.0,0.0,82697.32,1
9075,15581526,Nwabugwu,645,France,Male,37.0,6,102773.26,1,1.0,1.0,176774.35,0
9076,15761364,Nkemjika,576,France,Male,60.0,9,0.0,1,1.0,0.0,157871.55,1
9077,15667938,West,692,Germany,Male,43.0,1,118588.83,1,1.0,1.0,161241.65,1
9078,15718572,Mazzanti,714,France,Male,42.0,6,0.0,2,1.0,0.0,132801.57,0
9079,15593943,Manna,516,Germany,Female,23.0,6,114754.08,1,1.0,1.0,136050.44,0
9080,15741175,Uchenna,792,France,Male,32.0,8,121159.96,1,1.0,0.0,161253.85,0
9081,15758513,T'ang,704,Germany,Female,34.0,9,96474.97,2,1.0,1.0,28698.17,0
9082,15732476,Fanucci,732,France,Male,32.0,4,0.0,2,1.0,1.0,35625.07,0
9083,15692406,Yermakov,627,France,Male,34.0,7,0.0,1,1.0,1.0,168816.73,0
9084,15709016,Yefimova,556,Germany,Female,39.0,9,122552.48,1,1.0,0.0,47251.79,0
9085,15671385,Nwachukwu,589,France,Male,57.0,3,0.0,1,1.0,0.0,82647.73,1
9086,15700693,Samaniego,673,France,Female,68.0,8,111723.08,1,1.0,1.0,59864.96,0
9087,15652674,Brient,739,France,Female,32.0,2,0.0,2,0.0,1.0,175853.64,0
9088,15573077,Milano,754,France,Male,38.0,1,131082.74,2,1.0,1.0,95562.81,0
9089,15658956,Tuan,505,Germany,Male,40.0,6,47869.69,2,0.0,0.0,155061.97,0
9090,15718454,Scott,827,Spain,Male,38.0,4,101487.18,2,0.0,1.0,59961.81,0
9091,15636407,Nwachinemelu,773,Germany,Female,39.0,2,164523.5,1,1.0,0.0,153783.0,0
9092,15681026,Lo Duca,673,France,Female,29.0,8,0.0,2,1.0,0.0,72402.0,0
9093,15787905,Yevseyev,666,France,Male,38.0,5,78314.63,2,1.0,1.0,53584.03,0
9094,15671490,Chiemenam,601,Germany,Female,35.0,8,150302.84,2,0.0,1.0,99061.75,0
9095,15688868,Yefremova,709,France,Male,36.0,7,0.0,1,1.0,0.0,62700.17,0
9096,15747927,Chukwujamuike,595,Germany,Male,63.0,4,155739.76,1,1.0,0.0,171552.02,1
9097,15608968,Chibugo,695,Germany,Male,35.0,4,109799.55,3,0.0,0.0,141872.05,1
9098,15665524,Sagese,829,France,Female,41.0,2,0.0,1,1.0,0.0,93835.64,1
9099,15576945,Millar,735,France,Male,34.0,0,0.0,1,1.0,0.0,197283.2,0
9100,15592104,Simmons,581,France,Male,30.0,3,0.0,2,1.0,0.0,145490.85,0
9101,15757588,Ch'iu,632,Spain,Male,36.0,2,141796.67,1,1.0,1.0,93955.94,0
9102,15635396,Thompson,738,Germany,Female,29.0,3,139106.19,1,1.0,0.0,141872.52,0
9103,15815040,Tao,667,Germany,Male,24.0,3,103362.14,1,0.0,1.0,186841.71,0
9104,15611191,Jamieson,739,France,Female,39.0,4,0.0,2,1.0,1.0,58332.91,0
9105,15696989,Yeh,716,Germany,Male,45.0,6,106192.1,1,1.0,0.0,54487.43,1
9106,15677908,Liao,479,France,Male,34.0,9,0.0,2,1.0,0.0,132404.64,0
9107,15591036,Nwankwo,594,Germany,Male,35.0,4,122301.7,1,1.0,1.0,172497.67,0
9108,15708888,Lombardi,850,Spain,Male,38.0,5,0.0,2,1.0,0.0,83400.27,0
9109,15593683,Padovesi,708,France,Male,30.0,2,120328.88,1,1.0,0.0,138465.7,1
9110,15597909,Kao,803,Germany,Male,35.0,4,121276.32,1,0.0,1.0,121537.91,0
9111,15592877,Tretiakova,551,France,Male,31.0,3,142862.21,1,1.0,0.0,52367.29,0
9112,15663411,Chukwuma,829,Spain,Male,29.0,1,0.0,2,1.0,0.0,110457.99,0
9113,15779627,H?,581,Spain,Male,28.0,10,0.0,2,1.0,0.0,181419.29,0
9114,15592761,Maclean,741,Spain,Female,42.0,3,121056.63,1,0.0,1.0,39122.58,1
9115,15815443,Lo,713,France,Female,26.0,2,131414.76,2,1.0,0.0,54869.54,0
9116,15612776,Tung,662,Spain,Male,31.0,4,0.0,2,1.0,1.0,102908.91,0
9117,15584899,Tien,542,Germany,Female,44.0,2,139914.27,2,0.0,0.0,140763.18,1
9118,15765192,Hsueh,619,France,Female,27.0,2,123974.36,1,1.0,0.0,129964.82,0
9119,15793366,Pai,466,Germany,Male,47.0,5,102085.72,1,1.0,1.0,183536.24,0
9120,15671326,O'Brien,575,France,Male,25.0,6,0.0,2,1.0,1.0,119333.38,0
9121,15761162,De Garis,681,France,Male,38.0,9,0.0,2,1.0,1.0,96466.38,0
9122,15643629,P'eng,646,Spain,Male,29.0,1,0.0,2,1.0,1.0,122267.84,0
9123,15669501,Ch'eng,461,France,Male,35.0,8,0.0,1,1.0,1.0,189826.96,0
9124,15589725,Liao,668,France,Female,31.0,10,0.0,2,1.0,1.0,130805.54,0
9125,15648069,Onyemachukwu,850,France,Female,36.0,0,98488.08,1,1.0,1.0,190194.95,0
9126,15801256,Bazhenov,746,Spain,Female,31.0,7,0.0,2,0.0,1.0,10096.25,0
9127,15593856,K?,587,France,Male,42.0,2,0.0,2,1.0,0.0,127095.87,0
9128,15601796,Padovesi,555,France,Female,50.0,7,136855.24,1,0.0,0.0,168816.22,0
9129,15615473,Sabbatini,431,Spain,Female,33.0,2,0.0,2,0.0,0.0,198208.0,0
9130,15762578,Nwankwo,629,Spain,Male,32.0,4,0.0,2,1.0,1.0,181204.64,0
9131,15750545,Hargrave,746,Spain,Male,38.0,7,108541.04,1,1.0,1.0,105837.05,0
9132,15704819,Ositadimma,758,Germany,Female,40.0,0,134204.67,1,1.0,0.0,72876.43,1
9133,15784301,Maclean,466,France,Male,37.0,1,119859.28,1,0.0,1.0,162760.97,0
9134,15627008,Hsia,678,Spain,Male,39.0,6,87645.29,1,1.0,0.0,12546.42,0
9135,15680449,Mazzanti,754,France,Female,31.0,4,0.0,1,1.0,1.0,131301.74,0
9136,15742210,Hsiao,695,France,Male,31.0,8,0.0,2,1.0,1.0,52876.41,0
9137,15631310,K?,634,France,Male,43.0,9,129829.59,1,1.0,0.0,152733.89,0
9138,15634792,Weston,516,France,Male,40.0,9,0.0,2,0.0,1.0,2797.27,0
9139,15658890,Milanesi,521,France,Male,44.0,3,0.0,1,0.0,1.0,176712.04,1
9140,15602282,Kao,709,Germany,Female,31.0,8,134980.74,2,1.0,1.0,123309.57,0
9141,15709511,De Luca,748,France,Female,28.0,2,0.0,1,1.0,1.0,141872.05,0
9142,15617648,Hsieh,559,France,Female,29.0,3,0.0,1,1.0,1.0,176843.53,1
9143,15704586,Chidiegwu,627,Germany,Male,50.0,3,116537.4,1,1.0,0.0,121537.67,1
9144,15783882,Ch'eng,646,Germany,Female,43.0,9,122570.87,1,1.0,1.0,100940.91,1
9145,15603554,Kruglov,577,France,Female,26.0,5,180530.51,1,1.0,0.0,123454.62,0
9146,15716284,Yermolayev,642,France,Female,39.0,4,0.0,2,1.0,0.0,82709.8,0
9147,15572756,Chang,734,France,Female,45.0,5,98308.51,1,1.0,0.0,132034.13,1
9148,15608328,Smith,749,France,Male,43.0,9,0.0,2,1.0,0.0,148487.9,0
9149,15608381,Fiorentino,597,France,Female,48.0,2,0.0,2,1.0,0.0,180591.32,0
9150,15660602,Ch'en,464,Germany,Male,33.0,8,164284.72,1,1.0,0.0,3710.34,0
9151,15572093,Han,768,France,Female,40.0,4,82596.8,1,0.0,1.0,69080.46,0
9152,15607753,Alexandrova,765,Germany,Female,47.0,2,108711.57,1,0.0,1.0,9087.81,0
9153,15586974,Chukwudi,657,Germany,Male,33.0,8,108432.88,2,1.0,1.0,51636.7,0
9154,15750104,Hsieh,639,France,Female,29.0,2,154969.79,1,0.0,0.0,182436.81,0
9155,15707551,Piazza,589,France,Male,34.0,8,0.0,2,1.0,1.0,523.0,0
9156,15806447,Kao,607,Spain,Male,32.0,5,0.0,2,0.0,0.0,62868.33,0
9157,15807889,Nnamdi,657,France,Female,32.0,7,0.0,2,1.0,0.0,142331.85,0
9158,15678916,Kelly,512,France,Female,75.0,2,0.0,1,1.0,1.0,123304.62,0
9159,15807005,Palerma,602,France,Female,52.0,1,0.0,2,1.0,1.0,65413.38,0
9160,15654489,Ku,567,Germany,Female,40.0,4,83889.03,1,1.0,0.0,157558.26,1
9161,15807432,Fang,698,France,Female,37.0,9,0.0,2,1.0,0.0,153920.22,0
9162,15576263,Clements,695,France,Male,22.0,9,0.0,1,0.0,1.0,22303.17,0
9163,15599272,Akobundu,609,Germany,Male,54.0,8,138032.51,1,1.0,0.0,142331.99,1
9164,15618239,Toscani,641,Germany,Female,53.0,9,104498.59,1,1.0,0.0,152876.22,1
9165,15603913,Hsia,712,Spain,Female,35.0,2,0.0,2,1.0,0.0,63795.82,0
9166,15736078,Blackburn,659,France,Male,67.0,7,145981.87,2,1.0,1.0,131043.2,0
9167,15625944,Ch'in,709,Germany,Male,22.0,2,132696.59,1,1.0,0.0,126241.4,0
9168,15812626,Tien,637,France,Male,44.0,3,0.0,2,1.0,1.0,16081.72,0
9169,15615245,Ch'eng,538,Germany,Female,55.0,10,104763.41,3,1.0,0.0,51761.57,1
9170,15666032,Nnamdi,648,France,Female,49.0,1,0.0,1,1.0,1.0,54448.24,0
9171,15747593,Chia,762,France,Male,37.0,4,124577.13,1,1.0,1.0,186489.91,0
9172,15746717,Teng,673,France,Male,39.0,2,0.0,2,1.0,0.0,122547.57,0
9173,15759475,Chidumaga,769,Germany,Male,38.0,7,127739.25,1,1.0,0.0,168882.95,0
9174,15598894,Macleod,597,France,Male,39.0,9,0.0,2,1.0,0.0,161479.19,0
9175,15592386,Campbell,520,France,Male,58.0,3,0.0,2,1.0,1.0,32790.02,0
9176,15647570,Lo,697,Spain,Female,42.0,0,56580.93,1,1.0,1.0,197804.0,0
9177,15760177,Lombardi,564,France,Male,47.0,6,0.0,1,1.0,1.0,146033.52,0
9178,15670492,Gordon,726,France,Male,28.0,8,0.0,2,1.0,0.0,106390.01,0
9179,15648035,P'an,731,France,Female,33.0,10,0.0,2,1.0,0.0,86679.78,0
9180,15668767,Chukwualuka,744,Germany,Female,55.0,2,123883.58,1,1.0,0.0,141053.85,1
9181,15681924,Ts'ui,711,Spain,Male,42.0,7,0.0,2,1.0,0.0,71862.79,0
9182,15806318,Ch'in,521,France,Female,39.0,2,0.0,2,1.0,1.0,140136.1,0
9183,15756050,Onwudiwe,565,Germany,Female,39.0,3,68468.43,2,1.0,1.0,62368.74,0
9184,15724269,Franz,670,Germany,Male,38.0,1,115341.55,1,1.0,1.0,93524.22,0
9185,15723053,Chigozie,667,France,Female,33.0,7,64900.81,2,1.0,0.0,147830.88,0
9186,15581733,Lin,631,Spain,Female,39.0,4,0.0,2,1.0,1.0,133537.57,0
9187,15758031,Chidozie,646,Germany,Male,36.0,8,141806.0,2,1.0,0.0,137037.97,0
9188,15664547,Fiorentini,841,Germany,Male,43.0,4,114655.24,3,1.0,1.0,149503.21,1
9189,15662091,Ritchie,573,Germany,Female,49.0,5,115095.58,1,1.0,0.0,142963.35,1
9190,15660271,Udegbulam,562,France,Female,37.0,6,0.0,2,1.0,0.0,129964.81,0
9191,15693732,Black,684,France,Female,29.0,7,0.0,2,1.0,1.0,127433.47,0
9192,15595837,Kao,663,France,Male,38.0,8,0.0,2,1.0,1.0,96881.78,0
9193,15698749,He,634,France,Female,33.0,3,0.0,2,1.0,0.0,61995.57,0
9194,15793814,Ozerova,834,Spain,Male,31.0,7,0.0,2,0.0,1.0,134930.53,0
9195,15592479,Iadanza,628,France,Male,32.0,5,0.0,2,1.0,0.0,91561.7,0
9196,15771573,Okagbue,542,Germany,Female,43.0,5,137843.8,1,1.0,1.0,117622.8,0
9197,15758171,T'ien,563,France,Male,31.0,6,117412.35,1,1.0,0.0,30338.94,0
9198,15782735,K?,706,France,Male,27.0,2,0.0,2,1.0,0.0,74850.84,0
9199,15574879,O'Kane,683,Spain,Female,42.0,1,0.0,1,1.0,0.0,179614.7,1
9200,15762397,Onwuamaeze,590,Spain,Male,58.0,7,0.0,2,1.0,1.0,170968.35,0
9201,15782736,Jose,573,Germany,Female,44.0,7,152522.47,1,1.0,0.0,164038.07,1
9202,15571816,Ritchie,850,Spain,Female,70.0,5,0.0,2,1.0,0.0,705.18,0
9203,15696047,Chimezie,594,France,Female,31.0,10,138857.59,1,0.0,1.0,95936.84,1
9204,15813303,Ozerova,682,France,Male,52.0,3,0.0,1,0.0,1.0,161407.48,1
9205,15609676,Cox,544,France,Female,39.0,5,155879.09,2,1.0,0.0,70774.97,1
9206,15704771,Tuan,679,Spain,Male,42.0,7,0.0,2,1.0,0.0,83679.46,0
9207,15751180,Teng,633,Spain,Female,26.0,8,123978.3,1,0.0,0.0,94876.51,0
9208,15671165,Fanucci,762,Spain,Female,38.0,8,0.0,2,0.0,1.0,82559.77,0
9209,15653575,Ch'ang,479,Germany,Female,37.0,7,137491.23,1,1.0,1.0,139953.94,1
9210,15729358,McIntosh,742,Spain,Male,31.0,8,0.0,1,1.0,1.0,148710.28,1
9211,15643394,L?,679,Germany,Male,33.0,6,118560.06,1,1.0,1.0,126555.8,0
9212,15770548,Lucchese,453,Germany,Female,28.0,6,139986.65,1,1.0,0.0,136846.75,0
9213,15576124,Lettiere,643,France,Male,27.0,9,0.0,2,0.0,0.0,35644.14,0
9214,15674551,Iadanza,678,Germany,Male,42.0,7,141787.31,2,0.0,0.0,59890.29,0
9215,15621435,Milanesi,636,Germany,Female,33.0,1,144587.9,1,1.0,0.0,188402.26,1
9216,15625941,T'ien,728,France,Male,38.0,7,0.0,2,0.0,0.0,95583.52,0
9217,15756918,Y?an,735,France,Female,32.0,10,0.0,2,1.0,1.0,134872.55,0
9218,15588955,Mazzi,581,Germany,Female,41.0,5,93259.57,1,0.0,1.0,141035.65,0
9219,15779915,Ch'in,711,Spain,Female,42.0,3,0.0,2,1.0,0.0,28238.25,1
9220,15793813,Wilson,682,Spain,Male,36.0,5,0.0,1,0.0,1.0,90896.04,0
9221,15745621,Wenz,640,Germany,Female,48.0,9,118879.35,2,1.0,0.0,103660.31,1
9222,15792669,Shih,431,Spain,Male,34.0,5,0.0,2,0.0,0.0,93835.56,0
9223,15651554,Anenechukwu,746,Germany,Female,54.0,4,118449.21,1,1.0,0.0,133573.29,0
9224,15662404,Chidi,807,France,Female,34.0,3,144580.99,1,1.0,1.0,53716.97,0
9225,15710421,Baresi,516,France,Female,36.0,8,0.0,1,0.0,0.0,101828.39,1
9226,15668575,Ts'ao,678,Spain,Male,32.0,2,0.0,2,1.0,0.0,112979.6,0
9227,15694566,Hsieh,565,Germany,Male,33.0,6,140139.56,1,1.0,1.0,74564.41,0
9228,15645956,Fanucci,697,Germany,Female,43.0,4,161889.15,1,0.0,0.0,69767.14,1
9229,15627385,Sung,762,France,Male,34.0,2,147974.16,1,1.0,1.0,141756.32,0
9230,15791851,Afanasyeva,715,France,Female,34.0,10,0.0,1,1.0,0.0,102036.82,0
9231,15673820,Woodward,539,France,Male,37.0,5,0.0,2,1.0,1.0,121840.2,0
9232,15694928,Trevisani,681,France,Male,50.0,9,0.0,2,1.0,1.0,90876.95,0
9233,15762928,Ts'ao,620,Germany,Female,28.0,5,141441.75,1,1.0,1.0,16278.97,0
9234,15682532,Kornilova,535,Germany,Female,33.0,0,107134.33,1,1.0,0.0,109153.11,0
9235,15709741,Tung,711,Germany,Female,42.0,5,134796.04,1,1.0,1.0,94774.12,0
9236,15766288,Trevisan,792,Spain,Male,35.0,9,103210.27,2,1.0,1.0,113051.57,0
9237,15655952,Ch'ang,516,Spain,Male,45.0,9,164978.01,1,0.0,0.0,79555.08,0
9238,15701042,Dalton,665,Spain,Female,31.0,0,0.0,2,1.0,0.0,170320.58,0
9239,15694852,Galkin,652,France,Female,30.0,3,0.0,2,1.0,1.0,55848.1,0
9240,15615176,Schoenheimer,563,France,Male,29.0,1,0.0,2,1.0,1.0,68815.05,0
9241,15794849,Scott,683,France,Male,50.0,6,0.0,2,0.0,1.0,64421.02,0
9242,15605665,H?,595,France,Male,40.0,6,0.0,3,1.0,1.0,168810.49,1
9243,15774551,Koger,627,France,Male,43.0,5,0.0,1,1.0,0.0,121846.81,0
9244,15759067,Lai,563,France,Male,35.0,4,88381.05,1,0.0,1.0,125962.61,0
9245,15758531,Yeh,634,Spain,Female,34.0,1,0.0,2,1.0,0.0,187980.21,0
9246,15674929,Ting,668,France,Male,44.0,4,0.0,2,1.0,0.0,56883.99,0
9247,15744109,Hartung,670,France,Female,49.0,5,0.0,1,1.0,0.0,180622.43,1
9248,15679810,O'Brien,588,France,Male,40.0,3,0.0,2,1.0,1.0,89609.26,0
9249,15568819,Chikezie,717,Germany,Male,42.0,3,132796.04,1,1.0,1.0,191821.35,0
9250,15743538,McElhone,704,France,Male,31.0,9,0.0,2,1.0,0.0,69052.87,0
9251,15772887,Hsiung,651,Germany,Male,41.0,4,128743.69,1,1.0,1.0,143356.33,0
9252,15649616,Udokamma,773,Germany,Male,37.0,3,122449.31,2,1.0,1.0,143683.75,0
9253,15715164,Ijendu,502,Spain,Female,42.0,7,0.0,2,1.0,1.0,168658.3,0
9254,15585599,Hao,665,France,Female,19.0,5,0.0,2,1.0,0.0,115789.25,0
9255,15793425,Hs?,679,Spain,Female,36.0,4,0.0,2,1.0,0.0,127558.26,0
9256,15572294,Rischbieth,542,France,Female,25.0,9,0.0,2,1.0,1.0,180622.05,0
9257,15640280,Cameron,487,France,Female,39.0,4,127771.35,2,0.0,1.0,151738.54,0
9258,15755868,McGuirk,479,France,Male,44.0,10,105792.49,1,1.0,0.0,114996.43,1
9259,15576096,Onwuamaeze,516,Germany,Male,35.0,8,111263.85,1,0.0,1.0,93715.92,0
9260,15694518,Hsia,671,France,Male,31.0,4,141788.63,1,1.0,1.0,106977.8,0
9261,15617476,Tien,678,France,Female,30.0,9,135776.36,1,1.0,0.0,145700.22,0
9262,15702293,Ch'in,583,France,Female,37.0,4,0.0,2,1.0,1.0,19858.18,0
9263,15759991,Tung,576,Germany,Male,32.0,10,174958.5,1,1.0,0.0,174098.8,0
9264,15703904,Maclean,611,Spain,Male,35.0,3,0.0,2,0.0,1.0,121151.1,0
9265,15600700,Ch'eng,484,Germany,Female,21.0,9,87095.85,1,1.0,0.0,107938.39,0
9266,15797381,Milano,668,France,Male,34.0,3,0.0,1,1.0,1.0,66586.56,0
9267,15763612,Ch'ang,702,Germany,Male,48.0,3,121250.04,1,0.0,1.0,91673.6,1
9268,15736388,Y?,735,France,Male,41.0,1,143549.07,1,1.0,1.0,92381.01,0
9269,15597914,Yobachi,682,Germany,Male,41.0,5,121703.43,1,1.0,0.0,179861.79,0
9270,15757566,Brown,707,France,Female,34.0,9,0.0,2,1.0,0.0,187866.87,0
9271,15808905,Maughan,556,France,Female,37.0,1,165350.61,1,1.0,0.0,140758.07,0
9272,15610105,Nwankwo,850,Germany,Male,29.0,6,122781.51,1,1.0,1.0,65465.45,0
9273,15794413,Chukwuemeka,603,Spain,Male,33.0,4,154983.98,2,0.0,0.0,143953.96,0
9274,15693904,Chiang,685,France,Female,30.0,4,0.0,1,1.0,1.0,194343.72,1
9275,15704586,Toscani,607,France,Female,29.0,1,0.0,1,1.0,1.0,180622.01,0
9276,15673223,Hou,626,France,Male,39.0,10,0.0,2,0.0,0.0,164287.86,0
9277,15648876,Uwakwe,661,France,Male,28.0,2,0.0,2,1.0,0.0,141069.88,0
9278,15722404,Carpenter,445,France,Female,36.0,3,0.0,2,1.0,1.0,127939.19,0
9279,15654859,Meng,562,France,Male,34.0,8,0.0,2,1.0,1.0,130483.56,0
9280,15793856,Chuang,704,France,Female,28.0,2,157842.07,1,0.0,0.0,162812.16,0
9281,15618258,Ts'ai,826,Germany,Male,39.0,2,102723.35,1,1.0,0.0,6977.09,0
9282,15681627,Milanesi,773,Spain,Male,39.0,1,0.0,2,0.0,0.0,162087.82,0
9283,15671134,Fanucci,676,France,Female,37.0,4,0.0,2,1.0,0.0,182336.25,0
9284,15737265,Hsia,757,Germany,Male,36.0,3,83549.71,1,0.0,1.0,123866.68,0
9285,15767781,Calabrese,639,Spain,Male,33.0,2,0.0,2,1.0,1.0,138021.39,0
9286,15613656,Lombardi,705,France,Male,58.0,2,63492.94,1,1.0,1.0,83172.19,0
9287,15677908,De Salis,678,France,Male,40.0,2,0.0,1,1.0,0.0,62368.33,1
9288,15751412,Trevisano,718,Germany,Female,32.0,1,79706.25,2,1.0,1.0,160574.09,0
9289,15786739,Clements,669,Spain,Male,35.0,9,125529.55,1,1.0,1.0,162223.67,0
9290,15755025,Ch'ang,675,France,Female,55.0,7,96951.26,1,0.0,0.0,129964.86,0
9291,15797910,Zetticci,775,Germany,Male,51.0,4,123783.91,1,1.0,0.0,134901.57,0
9292,15777892,Pirozzi,537,France,Male,37.0,6,0.0,2,1.0,0.0,91055.47,0
9293,15672939,T'ao,599,Spain,Male,39.0,9,0.0,2,0.0,0.0,171045.52,0
9294,15810227,Fanucci,483,France,Female,32.0,9,0.0,2,1.0,1.0,170099.23,0
9295,15581480,Milano,850,France,Male,47.0,2,121864.26,1,1.0,1.0,186979.25,0
9296,15773934,Fang,670,France,Male,33.0,6,88294.6,1,1.0,1.0,66979.06,0
9297,15710161,Ko,850,France,Female,35.0,2,0.0,2,1.0,1.0,171706.66,1
9298,15803841,Goliwe,586,France,Female,45.0,9,0.0,1,0.0,0.0,104722.68,1
9299,15605275,Udinese,730,France,Female,27.0,4,0.0,2,1.0,1.0,129964.24,0
9300,15685872,Genovesi,810,France,Female,57.0,5,137936.94,1,1.0,1.0,163691.48,0
9301,15579915,Yobachukwu,593,Germany,Female,44.0,1,124581.04,1,0.0,1.0,1276.84,1
9302,15803378,Small,850,France,Male,25.0,1,0.0,2,1.0,1.0,183617.32,0
9303,15742835,Pirozzi,591,Germany,Female,38.0,1,58820.38,1,1.0,0.0,98820.06,1
9304,15798895,Goddard,540,France,Female,32.0,3,0.0,2,1.0,0.0,4660.91,0
9305,15754599,K'ung,704,France,Male,41.0,1,123311.39,2,1.0,1.0,82868.34,0
9306,15760641,Ts'ui,625,France,Male,30.0,7,0.0,2,0.0,0.0,199486.64,0
9307,15612505,O'Connor,491,France,Female,44.0,10,0.0,2,1.0,0.0,143598.7,0
9308,15741718,Ch'ang,678,Germany,Male,24.0,8,167948.81,2,1.0,1.0,28370.95,0
9309,15797767,Ts'ai,663,Germany,Female,43.0,7,98630.31,1,0.0,1.0,143357.07,1
9310,15762331,Y?,597,France,Female,29.0,6,95696.52,1,1.0,1.0,7861.68,1
9311,15648721,Tsao,704,France,Female,51.0,2,87894.26,1,1.0,1.0,151873.03,0
9312,15624391,Hs?,508,France,Male,32.0,3,122284.55,1,1.0,0.0,91711.71,0
9313,15648858,King,568,France,Male,27.0,8,85225.21,1,1.0,1.0,64511.44,0
9314,15719212,T'ien,491,France,Male,33.0,5,0.0,2,1.0,0.0,187946.55,1
9315,15682548,Tien,636,Germany,Male,42.0,6,136850.19,1,1.0,0.0,147056.75,1
9316,15682472,Eluemuno,681,France,Female,29.0,2,0.0,1,1.0,1.0,168515.61,0
9317,15756563,Iadanza,638,Spain,Male,35.0,5,0.0,2,1.0,1.0,77500.48,0
9318,15635752,Eluemuno,477,France,Female,55.0,4,128472.81,1,1.0,0.0,60721.08,1
9319,15761102,Ku,660,France,Female,28.0,5,130694.89,1,1.0,0.0,72350.17,1
9320,15723989,Watson,638,France,Female,32.0,4,0.0,2,1.0,0.0,55724.24,0
9321,15589717,Hsing,687,France,Male,53.0,6,0.0,1,1.0,0.0,166678.71,1
9322,15785899,Ch'en,789,Spain,Male,33.0,7,151607.56,1,1.0,0.0,4389.4,0
9323,15777904,Aitken,652,France,Female,34.0,3,118889.66,1,1.0,0.0,89519.47,0
9324,15751297,O'Donnell,687,Germany,Female,43.0,4,119027.25,2,0.0,1.0,50908.91,0
9325,15649775,Kambinachi,589,France,Female,40.0,6,0.0,2,0.0,0.0,74822.66,0
9326,15680167,Fanucci,704,France,Male,41.0,2,0.0,2,1.0,0.0,120830.73,0
9327,15578048,Mazzanti,670,Spain,Male,46.0,9,96619.07,1,1.0,0.0,165038.43,1
9328,15665811,Milne,748,France,Male,28.0,9,101238.24,1,1.0,1.0,51702.62,0
9329,15673747,Maclean,707,Spain,Female,43.0,5,0.0,2,1.0,0.0,179540.73,0
9330,15643856,Ch'eng,707,Spain,Female,41.0,4,152663.96,2,1.0,1.0,185891.9,0
9331,15761554,Milano,678,Spain,Male,32.0,5,0.0,2,1.0,1.0,158680.89,0
9332,15770420,Clements,695,France,Male,42.0,9,117633.62,1,1.0,1.0,80963.92,0
9333,15606554,Douglas,682,France,Male,29.0,9,0.0,2,0.0,1.0,149991.32,0
9334,15658589,Brady,850,France,Female,39.0,7,94652.04,1,0.0,1.0,171960.76,1
9335,15619116,Nwankwo,607,France,Male,53.0,3,0.0,2,1.0,1.0,187916.86,0
9336,15685829,Chidi,592,Germany,Female,41.0,7,97440.03,2,1.0,1.0,171430.16,0
9337,15686909,Hayes,779,Germany,Female,31.0,0,75499.24,2,1.0,0.0,115268.86,0
9338,15730488,Lo,730,France,Male,36.0,4,0.0,2,0.0,1.0,146379.3,0
9339,15802390,K?,678,France,Female,60.0,1,0.0,1,1.0,0.0,143619.52,1
9340,15781530,Hsieh,690,France,Female,21.0,2,0.0,2,1.0,0.0,155782.89,0
9341,15569595,Walker,754,France,Female,50.0,6,0.0,1,1.0,0.0,8199.5,0
9342,15754072,Dennis,840,France,Male,32.0,6,0.0,2,1.0,0.0,141364.27,0
9343,15667932,Nnamutaezinwa,644,Germany,Female,40.0,8,123873.33,2,1.0,1.0,86764.46,1
9344,15693683,Tuan,632,France,Male,29.0,8,0.0,2,1.0,1.0,161802.82,0
9345,15656351,Laidley,622,Spain,Male,60.0,4,121161.57,2,1.0,1.0,93844.82,0
9346,15700826,Ko,648,Germany,Female,43.0,2,129971.19,1,1.0,0.0,144532.85,0
9347,15809823,Ponomarev,581,Spain,Female,34.0,4,0.0,2,1.0,1.0,171036.01,0
9348,15644501,Pirozzi,710,France,Female,42.0,3,0.0,2,1.0,1.0,62375.1,0
9349,15637644,Hanson,586,France,Female,24.0,4,0.0,2,1.0,0.0,34335.55,1
9350,15725002,Toscani,567,Spain,Female,38.0,2,0.0,2,1.0,1.0,120530.16,0
9351,15750156,Pisano,731,France,Male,32.0,3,0.0,2,1.0,0.0,88604.84,0
9352,15794491,Chinwemma,814,France,Male,24.0,4,0.0,2,0.0,0.0,151906.94,0
9353,15665760,Ugorji,667,France,Female,26.0,6,81732.34,1,1.0,0.0,823.37,0
9354,15575417,Chibuzo,613,France,Male,29.0,7,123811.64,1,1.0,1.0,174094.4,0
9355,15785586,Creswell,821,France,Male,31.0,6,0.0,2,1.0,1.0,52856.85,0
9356,15599591,Yobanna,540,France,Male,29.0,4,0.0,2,1.0,1.0,47454.93,0
9357,15793881,Bateman,675,Spain,Male,66.0,3,115654.47,2,1.0,1.0,131970.86,0
9358,15638988,Fu,678,France,Male,54.0,3,0.0,2,0.0,1.0,94888.6,0
9359,15763980,Tien,652,France,Female,48.0,9,0.0,2,1.0,0.0,180862.26,1
9360,15743550,T'ien,712,Spain,Male,48.0,8,92474.05,1,0.0,1.0,91881.29,0
9361,15793683,Nkemakonam,664,France,Male,42.0,8,91562.99,1,0.0,0.0,107876.91,1
9362,15726556,Hazon,709,Spain,Female,53.0,3,148667.94,1,1.0,1.0,46859.46,0
9363,15807263,Zikoranachidimma,592,Germany,Female,47.0,1,102968.78,2,1.0,0.0,162983.99,0
9364,15807768,Genovesi,738,France,Female,38.0,3,0.0,1,1.0,0.0,152698.98,1
9365,15691627,Ch'in,632,France,Male,37.0,5,93937.52,2,1.0,0.0,185784.2,0
9366,15791649,McIntyre,562,France,Male,37.0,10,0.0,2,1.0,0.0,166466.28,0
9367,15611189,Allingham,576,Spain,Male,43.0,4,0.0,1,0.0,1.0,120225.62,1
9368,15756241,Yirawala,767,France,Female,44.0,2,152509.25,1,1.0,0.0,136915.15,0
9369,15758531,P'eng,684,France,Female,36.0,9,0.0,1,1.0,0.0,149822.04,0
9370,15780386,Ferri,841,Spain,Male,40.0,5,105683.63,1,0.0,1.0,173683.0,0
9371,15780142,Teng,593,France,Female,39.0,5,0.0,2,1.0,0.0,161668.31,0
9372,15614215,Oguejiofor,567,France,Female,53.0,3,0.0,2,0.0,1.0,97614.87,0
9373,15587443,Akudinobi,728,France,Female,77.0,1,0.0,1,1.0,0.0,131804.86,0
9374,15602034,Kolesnikov,687,France,Female,34.0,1,126558.92,1,1.0,0.0,73334.43,0
9375,15703594,Maclean,699,France,Male,46.0,4,0.0,2,1.0,0.0,101828.36,0
9376,15681220,T'ien,697,France,Female,29.0,10,0.0,2,1.0,1.0,117033.54,0
9377,15765173,Lin,792,France,Male,60.0,8,0.0,3,0.0,0.0,82117.2,1
9378,15596808,Ch'eng,639,Germany,Male,36.0,4,161450.03,1,1.0,1.0,96961.0,0
9379,15761102,T'ao,707,Spain,Female,32.0,4,0.0,2,0.0,0.0,136877.24,0
9380,15641793,Hs?,756,Spain,Female,36.0,1,0.0,2,1.0,1.0,151260.99,0
9381,15690130,Wyatt,714,Germany,Female,29.0,4,137649.47,2,1.0,1.0,198714.29,0
9382,15570192,Hs?,628,France,Female,33.0,2,0.0,2,1.0,1.0,72330.46,0
9383,15682463,Rios,634,France,Male,35.0,3,0.0,2,1.0,1.0,79927.29,0
9384,15771674,Folliero,494,France,Male,61.0,8,0.0,1,1.0,1.0,126554.96,0
9385,15766609,Martin,724,France,Male,30.0,7,0.0,1,0.0,0.0,172430.93,0
9386,15686870,Pirozzi,528,France,Female,31.0,7,0.0,2,0.0,1.0,82565.73,0
9387,15617078,Wilson,735,Spain,Male,43.0,1,0.0,1,1.0,0.0,5962.3,0
9388,15743236,Mazzi,648,Spain,Female,29.0,3,0.0,2,1.0,0.0,79577.6,0
9389,15603065,Iadanza,559,France,Male,42.0,6,0.0,2,1.0,1.0,184524.65,0
9390,15794959,Shih,683,France,Female,43.0,4,0.0,1,1.0,0.0,130861.57,1
9391,15582910,Dennys,686,France,Female,29.0,9,0.0,2,0.0,0.0,55701.61,0
9392,15782736,Milano,687,France,Male,39.0,0,0.0,1,1.0,0.0,155700.15,1
9393,15766378,Pinto,671,France,Female,28.0,8,106431.97,2,1.0,1.0,164117.69,0
9394,15581526,Iweobiegbulam,574,France,Male,41.0,0,0.0,2,1.0,0.0,70550.0,1
9395,15797770,Okagbue,751,France,Male,38.0,6,0.0,2,1.0,0.0,56784.01,0
9396,15659736,Palerma,549,France,Male,35.0,2,0.0,2,0.0,1.0,76640.29,0
9397,15805050,Onyemachukwu,711,Germany,Male,33.0,9,106731.92,2,1.0,1.0,169919.97,0
9398,15802857,Kosisochukwu,685,France,Female,29.0,6,0.0,2,0.0,0.0,84872.66,0
9399,15673570,Chiemenam,613,Germany,Male,31.0,4,112211.61,1,1.0,0.0,79450.61,0
9400,15752342,Ch'ien,589,France,Female,47.0,7,133628.09,1,1.0,0.0,60420.07,0
9401,15772618,Pratt,577,France,Male,38.0,10,0.0,2,0.0,1.0,167035.07,0
9402,15672056,Kenenna,710,Germany,Female,43.0,2,140080.32,3,1.0,1.0,157908.19,1
9403,15732266,Onyemauchechukwu,614,France,Male,39.0,8,0.0,2,1.0,0.0,136071.05,0
9404,15744529,Ch'ang,479,Spain,Male,38.0,4,0.0,2,1.0,0.0,123535.09,0
9405,15756538,Yegorov,494,Spain,Female,30.0,0,82344.84,1,1.0,0.0,154722.44,0
9406,15773322,Endrizzi,648,France,Female,58.0,1,101579.28,1,1.0,1.0,72168.53,0
9407,15622171,Hughes,602,Spain,Female,33.0,4,112687.69,1,1.0,0.0,62222.84,0
9408,15681671,Walker,596,France,Male,35.0,3,0.0,2,1.0,0.0,55725.04,0
9409,15583067,Nnonso,597,Germany,Male,31.0,9,145875.74,1,1.0,0.0,173586.63,0
9410,15786594,Iadanza,726,Spain,Male,37.0,10,113905.68,1,1.0,1.0,47778.52,0
9411,15575428,Chiang,706,Germany,Female,30.0,2,117438.92,1,1.0,1.0,16910.98,0
9412,15627365,Calabresi,656,France,Male,26.0,7,144238.7,1,1.0,0.0,184317.74,0
9413,15687431,Faria,642,France,Female,31.0,7,115171.71,1,1.0,0.0,37674.47,0
9414,15679991,Hs?,714,France,Female,33.0,8,0.0,1,1.0,0.0,166516.86,0
9415,15684484,Sutherland,711,Spain,Female,31.0,8,0.0,2,1.0,1.0,126477.41,0
9416,15773073,Chizuoke,562,Germany,Female,35.0,8,127715.72,1,0.0,1.0,131283.39,1
9417,15655952,Bledsoe,642,France,Female,32.0,7,0.0,2,1.0,1.0,86909.41,0
9418,15675794,Hsing,645,Germany,Male,27.0,9,152076.93,1,1.0,0.0,121840.2,0
9419,15726178,Genovese,708,Spain,Male,29.0,6,170557.91,2,1.0,1.0,194010.12,0
9420,15569451,Milanesi,628,France,Female,32.0,2,0.0,1,0.0,1.0,149629.13,0
9421,15617166,Kegley,587,France,Male,31.0,2,0.0,2,1.0,0.0,90174.84,0
9422,15681175,T'ao,758,Spain,Male,34.0,4,0.0,2,0.0,1.0,161623.7,0
9423,15724863,Sheppard,420,France,Female,55.0,9,91893.32,1,1.0,1.0,144870.28,0
9424,15631461,Dreyer,719,France,Male,35.0,10,0.0,2,1.0,1.0,163587.63,0
9425,15626044,Lettiere,762,Spain,Male,25.0,6,0.0,2,0.0,1.0,190067.12,0
9426,15641694,Ch'in,850,Spain,Male,27.0,6,0.0,1,1.0,1.0,54487.32,0
9427,15634295,Fiorentino,653,France,Female,24.0,7,0.0,1,0.0,0.0,117941.15,0
9428,15635240,Onuoha,553,France,Male,42.0,2,0.0,1,0.0,1.0,23822.04,0
9429,15753591,He,477,France,Female,38.0,2,0.0,1,1.0,1.0,136859.55,0
9430,15665963,Hsia,592,France,Female,28.0,9,102562.23,1,0.0,1.0,159899.97,0
9431,15652914,Chia,755,France,Female,52.0,7,106663.51,1,1.0,0.0,176713.47,1
9432,15731026,K'ung,714,France,Female,40.0,3,104305.77,1,1.0,0.0,92612.88,0
9433,15724154,K'ung,684,France,Male,36.0,8,132414.99,1,1.0,1.0,135872.9,0
9434,15595842,Fan,646,Germany,Male,24.0,0,92398.08,1,1.0,0.0,18897.29,1
9435,15657566,T'ao,516,Germany,Female,41.0,1,119799.27,2,1.0,0.0,174777.98,0
9436,15586963,Nwebube,753,France,Male,37.0,8,158054.99,1,1.0,1.0,88841.09,0
9437,15702956,Trevisani,569,Germany,Male,35.0,7,127099.08,1,0.0,1.0,147075.93,0
9438,15726153,Palerma,592,France,Female,45.0,3,0.0,1,1.0,0.0,121098.65,1
9439,15637138,Ukaegbunam,686,Germany,Female,35.0,3,163825.35,1,1.0,0.0,57553.97,1
9440,15686588,P'eng,684,France,Male,36.0,2,0.0,2,1.0,0.0,176680.16,0
9441,15781530,White,714,France,Female,38.0,3,0.0,2,1.0,1.0,158675.38,0
9442,15594812,Bitter,604,France,Male,36.0,5,0.0,2,1.0,0.0,69052.87,0
9443,15653065,Su,619,France,Female,63.0,3,0.0,2,1.0,1.0,53354.36,0
9444,15679743,L?,607,France,Female,33.0,8,91301.72,1,0.0,1.0,130824.57,0
9445,15606097,Ruggiero,714,Spain,Female,33.0,1,91955.31,1,1.0,1.0,106345.05,0
9446,15681924,Palermo,684,France,Male,32.0,2,0.0,2,1.0,1.0,157891.86,0
9447,15652084,Chinweike,710,Germany,Female,29.0,5,118994.75,2,1.0,0.0,48559.19,0
9448,15635870,Shih,579,Germany,Female,37.0,5,117721.02,1,0.0,1.0,192146.63,1
9449,15642515,Arcuri,620,France,Female,40.0,7,0.0,2,1.0,0.0,65565.92,0
9450,15660271,Ch'ang,687,Germany,Female,48.0,1,103516.87,1,0.0,1.0,189366.04,1
9451,15779174,Young,747,France,Female,36.0,2,0.0,2,1.0,1.0,180142.42,0
9452,15792329,Whitehouse,770,Germany,Female,36.0,4,101851.8,3,1.0,0.0,47777.15,1
9453,15694450,Chukwujamuike,607,France,Male,32.0,4,0.0,2,1.0,1.0,40807.09,0
9454,15607485,Wakelin,645,Spain,Female,36.0,4,0.0,2,0.0,0.0,138880.24,0
9455,15711314,T'ao,796,France,Female,29.0,1,0.0,2,0.0,0.0,136330.26,0
9456,15789563,Martin,644,Germany,Female,58.0,6,122088.67,1,0.0,0.0,157064.83,1
9457,15629475,Clark,656,France,Male,31.0,8,0.0,2,1.0,0.0,158973.77,0
9458,15741180,Eddy,571,France,Male,54.0,6,102141.9,1,1.0,1.0,45325.26,0
9459,15732744,Ch'iu,653,France,Female,55.0,0,125919.85,1,1.0,1.0,5075.47,1
9460,15772528,Mishin,850,France,Female,35.0,7,121376.15,2,1.0,1.0,54473.6,0
9461,15729677,Cattaneo,636,France,Female,29.0,5,155413.76,1,1.0,0.0,187876.9,1
9462,15706761,T'ang,683,France,Male,34.0,6,107552.83,1,1.0,1.0,105760.01,0
9463,15733581,Mazzi,586,Spain,Male,39.0,10,0.0,2,1.0,0.0,102096.02,0
9464,15798975,Scott,681,Spain,Male,33.0,2,0.0,2,1.0,0.0,100862.54,0
9465,15810864,Williamson,700,France,Female,76.0,1,0.0,2,0.0,1.0,182055.36,0
9466,15647898,Maughan,650,France,Male,34.0,9,110937.8,1,1.0,0.0,124536.38,0
9467,15589437,Greco,667,Germany,Male,32.0,7,131834.76,1,1.0,0.0,126494.2,0
9468,15621227,Hs?eh,578,Germany,Male,46.0,7,110182.54,1,1.0,0.0,74858.3,1
9469,15580068,Obijiaku,648,Germany,Female,33.0,0,122314.5,2,1.0,0.0,171364.18,0
9470,15639665,Hsueh,743,France,Female,28.0,1,0.0,2,1.0,1.0,161889.79,0
9471,15693326,Uwaezuoke,703,France,Male,49.0,2,0.0,1,1.0,0.0,136909.43,1
9472,15607877,Manna,495,Germany,Male,38.0,5,155447.65,1,1.0,0.0,51871.95,1
9473,15743193,Yevseyev,681,Germany,Male,42.0,5,102979.43,1,0.0,0.0,137822.36,0
9474,15759537,Y?an,721,France,Male,40.0,8,0.0,2,1.0,1.0,183872.88,0
9475,15596414,Brown,685,Spain,Female,40.0,4,68639.57,1,1.0,0.0,168002.31,0
9476,15602909,Hsiao,709,Spain,Male,24.0,8,101266.51,1,1.0,1.0,105525.31,0
9477,15641835,Hs?,707,France,Female,36.0,5,0.0,2,1.0,0.0,79871.58,0
9478,15635388,Henderson,642,Spain,Male,47.0,2,162318.61,1,1.0,0.0,91055.27,0
9479,15607424,Trevisani,710,France,Male,31.0,9,105209.54,1,1.0,0.0,138886.04,0
9480,15632462,Genovese,646,Germany,Male,40.0,7,166779.68,2,1.0,1.0,173681.06,0
9481,15721779,Hsiung,644,Spain,Female,42.0,0,93577.3,1,1.0,1.0,47880.71,1
9482,15698872,Onuora,629,France,Female,40.0,10,0.0,2,0.0,0.0,77965.67,0
9483,15580146,Fowler,710,France,Female,31.0,4,173331.52,1,1.0,1.0,43852.05,0
9484,15720371,L?,545,France,Male,34.0,1,0.0,2,0.0,0.0,171099.22,0
9485,15681081,Marrero,654,France,Female,47.0,5,0.0,1,1.0,1.0,38970.14,0
9486,15657535,Obialo,590,Germany,Male,31.0,2,62610.96,2,1.0,0.0,146033.52,1
9487,15790829,Y?,586,France,Female,56.0,7,0.0,3,1.0,1.0,121592.5,1
9488,15808760,Ch'iu,712,Germany,Male,50.0,0,144587.7,1,1.0,0.0,78896.95,1
9489,15778157,Ohearn,610,Germany,Female,42.0,8,151915.83,2,0.0,1.0,89513.88,0
9490,15750156,Ch'en,762,Germany,Female,48.0,0,115463.09,1,1.0,0.0,111180.9,1
9491,15579915,Glennon,706,Spain,Female,43.0,6,0.0,2,1.0,0.0,139953.94,1
9492,15792525,Duncan,731,France,Male,38.0,5,0.0,2,1.0,1.0,74940.5,0
9493,15656319,Ting,603,France,Male,32.0,10,0.0,1,1.0,0.0,140800.66,0
9494,15672941,Ts'ui,704,Spain,Male,26.0,4,0.0,2,1.0,0.0,108008.05,0
9495,15626684,Scott,696,France,Female,47.0,5,0.0,2,0.0,1.0,160828.98,0
9496,15712403,Maclean,727,Germany,Male,32.0,5,122501.43,1,1.0,0.0,131778.51,0
9497,15799350,Yeh,616,Spain,Male,43.0,7,0.0,2,0.0,1.0,160529.71,1
9498,15789582,Stewart,711,France,Male,51.0,9,0.0,2,1.0,0.0,82547.01,0
9499,15578928,Teng,582,Germany,Male,55.0,2,117438.94,2,1.0,1.0,69227.6,0
9500,15773873,Shao,575,France,Female,41.0,2,0.0,1,1.0,0.0,119333.95,1
9501,15761733,Lombardo,587,France,Male,46.0,2,0.0,1,1.0,1.0,83495.79,1
9502,15701392,Lucciano,627,Spain,Male,43.0,6,84903.33,2,0.0,1.0,145613.17,0
9503,15650488,Uwaezuoke,636,Germany,Male,31.0,5,140733.74,1,1.0,1.0,116378.82,0
9504,15695034,Trevisani,675,France,Male,37.0,10,125921.21,1,1.0,0.0,182624.21,0
9505,15694859,Creswell,652,Germany,Female,37.0,2,142721.52,2,0.0,1.0,127939.19,0
9506,15572956,Steen,683,France,Male,36.0,6,115350.63,1,1.0,1.0,122305.91,0
9507,15690638,Scott,648,France,Male,36.0,8,0.0,1,1.0,1.0,174778.07,0
9508,15571917,Eluemuno,771,France,Male,39.0,5,137657.71,2,1.0,0.0,72985.61,0
9509,15800116,Ts'ui,651,France,Male,20.0,7,123936.54,1,0.0,0.0,172646.88,0
9510,15626143,Ts'ai,661,France,Male,30.0,2,0.0,2,1.0,1.0,145562.4,0
9511,15643671,Ndubuagha,521,France,Male,38.0,7,0.0,1,1.0,0.0,74800.99,1
9512,15685792,Chukwubuikem,667,Spain,Male,33.0,8,131040.24,1,1.0,1.0,135630.32,0
9513,15597914,Lu,845,Germany,Female,37.0,2,81733.74,2,1.0,0.0,199761.29,0
9514,15809143,White,456,Germany,Male,32.0,9,133060.63,1,1.0,0.0,125167.92,0
9515,15738267,Maclean,689,France,Female,30.0,8,0.0,1,0.0,0.0,100843.82,1
9516,15721504,King,731,France,Male,41.0,3,0.0,3,1.0,0.0,101371.05,1
9517,15758836,Godfrey,683,France,Male,36.0,3,54098.18,2,0.0,1.0,54478.52,0
9518,15651389,Kay,614,Spain,Male,24.0,5,0.0,1,0.0,1.0,180932.46,1
9519,15607753,Alexandrova,679,France,Male,33.0,8,0.0,1,1.0,1.0,80416.16,0
9520,15623471,Maclean,592,France,Female,34.0,5,0.0,1,1.0,0.0,162087.82,0
9521,15662884,Pugh,562,Spain,Male,36.0,4,0.0,2,1.0,1.0,116846.79,0
9522,15585379,Moody,644,Spain,Male,41.0,5,0.0,2,1.0,0.0,189016.14,0
9523,15751912,Hs?,479,France,Male,36.0,5,172463.45,1,1.0,1.0,40315.27,1
9524,15642870,Ross,699,France,Female,58.0,4,0.0,2,1.0,0.0,168650.4,0
9525,15742028,Udegbulam,705,Spain,Male,35.0,5,0.0,2,1.0,0.0,31050.02,0
9526,15718789,Maclean,593,France,Male,31.0,3,0.0,2,1.0,1.0,136915.19,0
9527,15643674,Lo Duca,686,Germany,Female,47.0,4,106198.5,1,1.0,0.0,116944.4,1
9528,15687914,Fan,598,Germany,Male,33.0,9,99792.95,2,1.0,0.0,47722.72,0
9529,15591985,Lucchesi,624,France,Female,36.0,5,0.0,2,1.0,0.0,57876.05,0
9530,15732832,Jideofor,717,France,Female,20.0,1,0.0,2,1.0,1.0,41052.82,0
9531,15778320,Teng,616,Germany,Female,40.0,5,148495.64,2,1.0,0.0,158853.98,0
9532,15605327,Tsao,581,Germany,Male,43.0,8,125845.66,2,0.0,1.0,114659.81,0
9533,15802909,Ch'ang,621,Spain,Male,39.0,2,135096.03,2,0.0,0.0,122547.58,0
9534,15591279,Gray,734,Germany,Male,41.0,6,147833.3,1,1.0,1.0,105746.94,0
9535,15733261,Hsueh,727,France,Male,51.0,1,0.0,1,1.0,1.0,152876.65,1
9536,15634591,Saunders,591,France,Male,30.0,4,73059.38,1,1.0,0.0,161671.15,1
9537,15681092,Yobanna,632,France,Female,45.0,3,0.0,2,1.0,1.0,47956.73,0
9538,15721462,Yudina,705,Germany,Female,35.0,9,116933.15,1,1.0,1.0,123846.59,0
9539,15705849,Macleod,792,Spain,Male,40.0,3,0.0,2,1.0,0.0,164064.41,0
9540,15602312,Walkom,501,Spain,Male,42.0,5,0.0,2,0.0,0.0,148087.62,0
9541,15589969,Ritchie,621,France,Male,40.0,4,0.0,2,1.0,0.0,125253.46,0
9542,15694854,Y?an,725,Spain,Female,40.0,3,157761.7,1,1.0,0.0,53337.82,1
9543,15658852,Zaytseva,656,France,Male,40.0,4,0.0,1,1.0,1.0,3494.02,1
9544,15583680,White,688,Spain,Male,37.0,7,0.0,2,0.0,0.0,149278.96,0
9545,15608701,Obiajulu,756,France,Female,37.0,5,151669.93,1,1.0,1.0,11302.8,1
9546,15656592,P'eng,721,France,Male,29.0,3,131691.33,1,1.0,0.0,72970.93,0
9547,15806081,Fleming,811,Germany,Female,32.0,8,127763.24,2,1.0,0.0,100130.95,1
9548,15586870,Biryukov,787,Spain,Male,30.0,0,0.0,2,1.0,1.0,162599.51,0
9549,15685826,Hsiung,563,France,Female,30.0,7,90727.79,1,1.0,0.0,122268.75,0
9550,15619343,Uvarov,633,France,Female,40.0,3,0.0,1,0.0,0.0,80823.02,0
9551,15768006,Manna,613,France,Male,42.0,9,0.0,1,1.0,0.0,57549.65,1
9552,15674928,Hovell,705,France,Male,25.0,4,0.0,2,1.0,1.0,179066.58,0
9553,15707120,Cocci,850,France,Male,34.0,10,117640.39,1,1.0,0.0,88920.68,0
9554,15724307,Kuo,595,France,Male,22.0,9,122524.61,2,1.0,0.0,145537.32,0
9555,15663888,Milanesi,732,France,Male,31.0,4,118114.88,1,0.0,1.0,160532.32,0
9556,15671973,Chukwuemeka,467,Spain,Male,39.0,6,0.0,2,1.0,1.0,7415.96,0
9557,15785024,Warner,629,France,Female,28.0,9,137409.19,1,1.0,1.0,175877.7,0
9558,15669987,Purdy,613,Spain,Female,39.0,7,0.0,1,1.0,1.0,3894.34,0
9559,15684890,Tung,653,Germany,Female,34.0,3,136496.85,2,0.0,1.0,93982.56,0
9560,15711378,Fraser,515,France,Male,41.0,0,106134.46,1,0.0,1.0,105570.39,0
9561,15607598,Chukwufumnanya,667,Germany,Female,39.0,4,130142.79,2,0.0,0.0,58854.88,0
9562,15664214,Shih,748,France,Male,33.0,8,84491.19,1,1.0,1.0,121551.48,0
9563,15791767,Whitehead,724,France,Male,22.0,2,0.0,2,1.0,1.0,153662.88,0
9564,15631072,Yeh,682,France,Male,30.0,3,0.0,2,1.0,0.0,183582.01,0
9565,15575243,Yeh,772,France,Female,39.0,6,129068.54,1,1.0,1.0,187905.12,0
9566,15586091,White,567,Germany,Male,43.0,1,116244.98,1,1.0,0.0,175843.38,0
9567,15782405,Mironova,473,Germany,Male,55.0,4,120867.18,1,1.0,1.0,130789.6,1
9568,15682995,Chidubem,745,France,Female,28.0,6,123681.32,2,1.0,1.0,137985.69,0
9569,15618661,Chidubem,829,Spain,Male,44.0,3,0.0,2,1.0,1.0,134626.3,1
9570,15771540,Fedorova,755,France,Female,38.0,9,148912.44,1,1.0,0.0,80416.16,1
9571,15655252,Piazza,520,Germany,Male,27.0,9,127864.81,1,1.0,1.0,124443.99,0
9572,15747043,K?,724,France,Male,34.0,6,0.0,2,1.0,1.0,122964.56,0
9573,15686670,Tien,686,Germany,Female,49.0,7,113680.53,1,1.0,0.0,143980.53,1
9574,15811177,Kent,646,France,Male,38.0,8,137654.05,2,1.0,0.0,172749.4,0
9575,15797475,Brennan,720,France,Male,36.0,4,86102.27,1,0.0,1.0,180134.88,0
9576,15658211,Morrison,559,Spain,Female,30.0,0,0.0,2,1.0,1.0,121151.46,0
9577,15592344,Ch'ien,687,France,Female,28.0,7,0.0,2,1.0,1.0,9241.61,0
9578,15649136,Nwankwo,709,France,Female,29.0,3,0.0,2,1.0,0.0,85937.48,0
9579,15720644,Martin,789,France,Male,27.0,8,0.0,1,1.0,0.0,103603.65,0
9580,15636423,Tuan,682,France,Female,40.0,5,0.0,1,1.0,1.0,30114.32,1
9581,15693326,Whitehouse,759,Spain,Female,60.0,5,0.0,1,1.0,0.0,164128.41,1
9582,15599452,Maclean,683,Spain,Male,22.0,9,125341.69,1,1.0,1.0,174970.58,0
9583,15812191,Calabrese,685,France,Male,41.0,0,121718.37,2,1.0,1.0,28640.12,0
9584,15796071,Loane,657,Spain,Male,29.0,2,83889.03,2,1.0,0.0,153059.62,0
9585,15807120,Oluchukwu,841,Germany,Female,52.0,3,112383.03,1,1.0,1.0,85516.37,0
9586,15665064,Onyeorulu,714,Spain,Male,45.0,1,99842.6,1,1.0,1.0,138564.48,0
9587,15692718,Jackson,738,France,Female,40.0,3,0.0,2,0.0,0.0,69227.42,0
9588,15638989,Nwabugwu,805,Germany,Female,21.0,3,135071.12,2,1.0,1.0,135071.12,0
9589,15743490,Zikoranachidimma,624,France,Male,32.0,1,92113.61,1,1.0,1.0,146651.99,0
9590,15788189,Manna,586,Spain,Female,28.0,5,0.0,2,0.0,0.0,79270.02,0
9591,15760090,Udinesi,673,France,Male,32.0,1,0.0,2,1.0,1.0,182270.28,0
9592,15651955,Hanson,603,France,Male,31.0,4,0.0,2,1.0,0.0,9607.1,0
9593,15662532,L?,633,France,Male,37.0,8,0.0,2,1.0,0.0,90189.72,0
9594,15803365,Toscani,662,Spain,Male,42.0,9,133105.47,1,0.0,1.0,78088.17,0
9595,15793425,Hsiung,705,Germany,Male,29.0,3,61297.05,1,1.0,0.0,117616.29,1
9596,15686959,Nnachetam,730,Spain,Female,29.0,1,0.0,2,1.0,0.0,148737.04,0
9597,15671534,Uspensky,611,France,Male,34.0,3,0.0,2,1.0,0.0,140780.92,0
9598,15633283,Chieloka,677,France,Female,29.0,3,141078.37,1,0.0,0.0,103563.28,0
9599,15636756,Chukwuebuka,792,France,Male,38.0,7,120911.75,1,1.0,0.0,131312.56,0
9600,15795228,Stewart,756,France,Male,37.0,1,132623.6,1,1.0,1.0,58974.0,0
9601,15605872,Ts'ai,537,France,Female,22.0,4,106901.42,2,1.0,1.0,83629.6,0
9602,15693481,Hsu,712,France,Female,42.0,8,0.0,1,1.0,0.0,162697.54,1
9603,15657565,Hales,589,France,Male,39.0,7,123969.96,1,1.0,1.0,104982.39,0
9604,15587535,Onyemauchechukwu,695,France,Male,31.0,7,0.0,2,1.0,1.0,51968.5,0
9605,15611223,Ejimofor,796,France,Male,36.0,6,0.0,2,1.0,0.0,61349.37,0
9606,15654463,Sun,699,France,Male,67.0,2,0.0,2,1.0,1.0,141069.88,0
9607,15598896,Echezonachukwu,705,France,Female,35.0,6,0.0,2,0.0,1.0,92916.73,0
9608,15782879,Onyekachukwu,431,France,Female,32.0,5,161637.75,2,0.0,0.0,146637.45,1
9609,15588958,Tien,641,France,Male,29.0,5,0.0,2,1.0,1.0,177065.87,0
9610,15625461,Amos,648,France,Female,35.0,5,119741.77,1,0.0,0.0,181224.56,0
9611,15569364,Yobanna,634,France,Female,56.0,4,0.0,1,1.0,1.0,136675.22,0
9612,15807923,Young,716,Germany,Female,39.0,8,115301.31,1,1.0,0.0,43527.4,1
9613,15662263,Tien,584,Spain,Male,37.0,9,118097.78,1,1.0,1.0,142400.27,0
9614,15573851,Fiorentini,554,Germany,Male,44.0,2,102368.78,1,1.0,0.0,166310.71,1
9615,15714331,Hsing,621,France,Female,36.0,2,142662.22,1,0.0,0.0,91777.56,0
9616,15761477,Udinesi,501,Spain,Male,48.0,4,0.0,1,1.0,0.0,93336.93,1
9617,15720943,Young,679,France,Male,66.0,8,0.0,2,0.0,1.0,158646.46,0
9618,15791323,P'an,687,Spain,Male,33.0,7,0.0,1,1.0,0.0,131712.52,0
9619,15794297,McKay,776,Spain,Male,55.0,1,0.0,2,1.0,0.0,53477.76,0
9620,15648702,Yefimova,775,France,Male,39.0,10,119684.88,1,1.0,1.0,74593.84,0
9621,15668085,Calabrese,653,Spain,Female,49.0,2,0.0,3,1.0,0.0,106534.15,1
9622,15756901,Frewin,744,France,Male,40.0,6,0.0,2,1.0,1.0,74850.84,0
9623,15661473,Huddart,512,France,Female,36.0,10,0.0,2,1.0,1.0,146680.28,0
9624,15765812,Trevisani,635,France,Male,51.0,8,144237.91,2,1.0,0.0,156953.54,0
9625,15756850,Chu,754,Spain,Male,38.0,9,97338.19,2,1.0,1.0,97794.71,0
9626,15593773,Manna,710,Spain,Female,37.0,7,0.0,2,0.0,1.0,142331.85,0
9627,15598894,Cremonesi,584,France,Female,39.0,8,0.0,2,1.0,0.0,180800.43,0
9628,15718507,Su,647,Germany,Male,37.0,7,116509.99,2,1.0,1.0,149517.71,0
9629,15583580,Shih,587,France,Female,34.0,6,0.0,2,1.0,0.0,145547.94,0
9630,15660524,Hu,545,Germany,Female,54.0,9,97382.53,1,1.0,1.0,195771.95,0
9631,15629603,Fomina,735,France,Male,31.0,7,0.0,2,1.0,0.0,149892.79,0
9632,15794895,Nnachetam,623,France,Male,33.0,4,0.0,1,1.0,1.0,64490.35,0
9633,15718245,T'ien,565,France,Male,36.0,1,0.0,2,1.0,1.0,120830.82,0
9634,15709917,Martin,559,Germany,Male,48.0,4,114888.74,2,1.0,1.0,66721.98,0
9635,15761207,Kao,622,Spain,Female,39.0,8,93716.67,1,1.0,0.0,121592.5,1
9636,15744607,Yuriev,850,France,Female,34.0,8,141749.68,1,1.0,0.0,118059.19,0
9637,15599722,Chia,609,Spain,Female,43.0,2,86053.52,2,1.0,1.0,113276.46,0
9638,15737576,Liao,735,Spain,Female,30.0,9,100548.66,1,1.0,0.0,70774.73,0
9639,15773639,Hsueh,673,France,Female,37.0,1,0.0,1,1.0,1.0,9983.4,0
9640,15668767,Mazzi,520,France,Male,37.0,5,0.0,2,0.0,0.0,126494.82,0
9641,15776936,Nwabugwu,619,France,Female,40.0,7,0.0,1,0.0,1.0,129964.94,1
9642,15741032,Tsao,733,France,Male,48.0,1,0.0,1,0.0,0.0,117830.57,1
9643,15640953,Ratten,685,France,Female,35.0,2,0.0,2,1.0,0.0,121525.48,0
9644,15696900,Tsao,572,Spain,Male,34.0,10,0.0,2,0.0,1.0,123882.73,0
9645,15707479,Lo Duca,714,Spain,Female,33.0,7,92930.92,1,0.0,0.0,199992.48,1
9646,15641585,Yobachi,642,Spain,Female,36.0,1,0.0,2,1.0,0.0,69052.94,0
9647,15679297,Lei,588,Germany,Male,33.0,2,129731.64,2,1.0,0.0,125848.88,0
9648,15609511,Ts'ui,585,France,Male,37.0,5,0.0,2,1.0,1.0,155905.17,0
9649,15707025,Kao,628,France,Female,39.0,7,0.0,2,1.0,1.0,172967.87,0
9650,15789432,Mazzanti,451,Spain,Male,23.0,9,0.0,1,1.0,0.0,184954.11,0
9651,15576774,Hsia,678,France,Male,46.0,7,0.0,1,1.0,1.0,86039.73,0
9652,15759184,Udegbunam,506,France,Male,32.0,1,0.0,2,1.0,1.0,105732.9,0
9653,15694376,Mazzi,699,Germany,Female,36.0,1,107303.8,1,1.0,0.0,70540.48,0
9654,15811762,Onwuamaeze,659,Spain,Male,39.0,7,152347.01,1,0.0,0.0,127630.88,0
9655,15697035,Garrett,710,Spain,Female,31.0,3,0.0,2,1.0,0.0,86657.48,0
9656,15696852,Chukwualuka,697,France,Female,35.0,2,113957.01,1,1.0,0.0,176902.83,0
9657,15720284,Smith,645,Germany,Male,31.0,4,167545.32,1,1.0,0.0,161571.79,0
9658,15651740,Hsing,629,Spain,Male,41.0,9,0.0,1,1.0,0.0,138536.09,1
9659,15803681,Chimezie,659,Germany,Female,41.0,2,165848.52,2,1.0,0.0,114077.85,0
9660,15813850,Christian,439,Germany,Male,52.0,5,125860.2,2,0.0,1.0,14781.12,0
9661,15614237,Whitehead,611,Spain,Male,23.0,4,0.0,2,1.0,0.0,83052.06,0
9662,15714256,T'ien,693,France,Male,32.0,8,0.0,2,1.0,0.0,66799.97,0
9663,15621611,Gibson,742,Germany,Male,45.0,5,155196.17,2,1.0,0.0,121207.66,0
9664,15718789,Ni,607,Germany,Male,37.0,5,87070.23,2,0.0,0.0,155818.71,1
9665,15679966,K'ung,703,France,Male,33.0,2,0.0,2,1.0,1.0,172601.17,0
9666,15672894,Ch'ang,652,France,Female,42.0,2,118537.47,1,0.0,0.0,166476.95,0
9667,15759874,Nwokeocha,642,Germany,Male,34.0,1,124576.65,1,1.0,0.0,54871.02,1
9668,15777896,Smith,678,France,Male,30.0,4,0.0,2,1.0,0.0,138882.98,0
9669,15752312,Lombardo,526,Germany,Female,37.0,1,115518.07,1,1.0,1.0,171768.76,0
9670,15576196,Benson,743,Spain,Male,52.0,5,118207.69,1,0.0,0.0,186489.14,1
9671,15641183,Fiorentino,586,France,Female,45.0,7,89772.81,2,1.0,0.0,60972.57,1
9672,15745201,Frewin,612,France,Female,43.0,4,139496.35,2,1.0,1.0,77128.23,1
9673,15669501,Shih,714,France,Female,52.0,7,102989.13,1,0.0,0.0,163544.01,1
9674,15592761,Yost,540,Germany,Female,48.0,6,96166.88,2,1.0,0.0,137793.35,0
9675,15707637,Zikoranachukwudimma,769,France,Female,56.0,1,0.0,2,1.0,0.0,37668.82,0
9676,15582090,Hsu,763,France,Male,36.0,8,0.0,2,1.0,0.0,114514.64,0
9677,15632859,T'ang,450,Germany,Male,37.0,6,113574.61,2,0.0,0.0,103396.08,0
9678,15778959,Kao,615,Spain,Female,27.0,4,0.0,2,1.0,1.0,107825.09,0
9679,15588517,Genovesi,586,France,Male,41.0,8,0.0,1,1.0,0.0,97623.28,0
9680,15803816,Pugh,539,Germany,Male,38.0,6,118772.61,2,1.0,0.0,62282.61,0
9681,15746203,Hs?,682,France,Female,47.0,3,0.0,1,1.0,0.0,139266.48,1
9682,15697497,Hsiung,593,France,Female,42.0,6,0.0,2,1.0,1.0,160523.33,0
9683,15702601,Ting,762,Germany,Male,28.0,0,75915.43,2,1.0,1.0,5069.3,0
9684,15622171,Chukwufumnanya,544,France,Male,49.0,7,123674.67,1,0.0,0.0,121681.32,1
9685,15650034,Kudryashova,731,France,Male,43.0,1,0.0,2,1.0,1.0,162428.05,0
9686,15610419,Chukwueloka,554,France,Male,37.0,3,117413.95,1,1.0,0.0,12766.74,0
9687,15724223,Hs?,727,France,Male,59.0,1,99800.08,2,0.0,1.0,152996.85,0
9688,15770170,Yermolayev,538,France,Male,43.0,9,175032.92,1,1.0,0.0,175071.05,1
9689,15801152,Maccallum,715,France,Female,41.0,2,112212.14,1,1.0,1.0,181600.72,0
9690,15781702,Chukwuebuka,590,France,Female,35.0,8,123894.43,1,1.0,0.0,144880.81,0
9691,15647570,Lucchesi,693,Germany,Female,42.0,2,128306.7,2,1.0,0.0,137791.18,1
9692,15726774,Udegbulam,495,France,Male,34.0,8,0.0,1,1.0,1.0,144872.19,0
9693,15701280,Nwankwo,749,Germany,Male,36.0,1,122311.1,1,1.0,1.0,70529.0,1
9694,15790282,Trentino,595,Germany,Female,50.0,6,114327.59,3,1.0,0.0,42831.11,1
9695,15605036,T'ao,727,France,Female,30.0,8,0.0,2,1.0,1.0,141756.33,0
9696,15684294,Chidozie,569,France,Male,38.0,6,94722.88,1,0.0,1.0,98646.22,0
9697,15737647,Obijiaku,809,France,Female,41.0,9,0.0,2,1.0,0.0,161887.09,0
9698,15795151,Ko,544,Spain,Female,29.0,6,0.0,2,1.0,0.0,56897.1,0
9699,15709901,Ebelegbulam,588,France,Male,24.0,0,132450.54,2,1.0,1.0,172740.57,0
9700,15641710,Mancini,593,Germany,Male,37.0,6,123859.5,1,1.0,1.0,102299.14,0
9701,15704819,Fanucci,671,France,Male,29.0,3,0.0,1,1.0,0.0,138880.24,0
9702,15643790,Udegbulam,651,France,Female,42.0,9,110579.29,1,1.0,1.0,107640.75,0
9703,15707291,Tung,682,Spain,Female,55.0,6,109052.57,1,1.0,1.0,166693.24,0
9704,15744273,Chiang,707,Spain,Female,26.0,7,127837.64,1,1.0,1.0,126471.19,0
9705,15768201,Chieloka,627,France,Male,37.0,5,137847.41,1,1.0,0.0,141860.62,0
9706,15779904,Ugochukwu,683,France,Male,32.0,7,113599.74,1,1.0,1.0,147545.65,0
9707,15605791,P'eng,584,France,Male,49.0,2,0.0,1,1.0,0.0,27330.27,0
9708,15764021,Frolov,707,France,Female,39.0,6,0.0,1,1.0,0.0,171716.81,1
9709,15679961,Hsia,682,France,Male,34.0,5,124974.42,1,1.0,1.0,87066.85,0
9710,15578096,Nnachetam,707,France,Male,40.0,9,106397.75,1,1.0,0.0,103563.23,0
9711,15761453,Kovalev,664,France,Female,35.0,3,0.0,1,1.0,1.0,88890.75,0
9712,15672082,Palmerston,552,Germany,Female,56.0,3,111769.14,2,1.0,0.0,55859.27,1
9713,15778089,Yegorov,649,France,Male,38.0,4,0.0,2,1.0,1.0,9984.4,0
9714,15692226,Bellucci,750,France,Female,34.0,1,0.0,2,1.0,0.0,47764.99,0
9715,15595557,Pisani,524,Spain,Male,29.0,1,135842.7,1,1.0,1.0,154767.34,0
9716,15603854,Ch'iu,619,France,Female,36.0,5,136652.01,1,1.0,1.0,166678.28,0
9717,15677739,Dellucci,562,France,Male,36.0,6,0.0,2,1.0,1.0,32845.32,0
9718,15615207,Ikedinachukwu,573,France,Female,35.0,8,0.0,2,0.0,1.0,80552.84,0
9719,15741554,Streeter,655,Spain,Male,31.0,2,113836.27,1,1.0,1.0,174815.54,0
9720,15752816,Hsia,593,Spain,Female,56.0,5,0.0,3,1.0,0.0,94957.66,1
9721,15667289,Henderson,719,Spain,Male,26.0,8,0.0,2,0.0,0.0,10772.13,0
9722,15794875,Calabrese,593,France,Female,33.0,5,89047.14,1,1.0,1.0,142223.94,1
9723,15642725,Hs?,549,Spain,Female,34.0,2,0.0,2,1.0,0.0,84972.9,0
9724,15645572,Calabresi,743,Germany,Female,40.0,2,0.0,1,1.0,0.0,28280.8,1
9725,15711843,Pisani,613,Germany,Female,37.0,1,147856.82,3,1.0,0.0,107961.11,0
9726,15638774,Mazzanti,700,Spain,Male,35.0,4,0.0,2,0.0,0.0,131300.28,0
9727,15571657,T'ien,646,France,Male,36.0,3,0.0,2,1.0,1.0,175795.87,0
9728,15693526,Ku,618,France,Female,30.0,4,0.0,2,1.0,0.0,119059.13,0
9729,15797219,Ifesinachi,635,France,Female,40.0,6,123497.58,1,1.0,1.0,131953.23,1
9730,15761525,Shaw,727,France,Female,33.0,2,96997.09,2,0.0,0.0,76614.04,0
9731,15706899,Ma,559,France,Male,29.0,4,0.0,2,1.0,1.0,66721.98,0
9732,15732299,Trevisan,695,France,Male,33.0,6,68432.45,1,0.0,1.0,172437.12,0
9733,15583857,Chukwuemeka,706,Spain,Male,43.0,4,133436.52,1,0.0,1.0,60584.33,0
9734,15809616,Alleyne,807,Germany,Female,30.0,4,165260.98,2,1.0,0.0,16870.2,1
9735,15661656,Chiang,582,France,Female,31.0,8,109869.32,1,1.0,0.0,27431.62,0
9736,15735346,Dowse,758,France,Male,44.0,8,0.0,2,0.0,1.0,4654.28,0
9737,15753591,He,438,France,Male,38.0,2,0.0,1,1.0,0.0,136859.55,0
9738,15701352,Stehle,653,France,Female,27.0,2,131691.33,1,1.0,0.0,49480.66,0
9739,15661162,Akabueze,526,Spain,Male,31.0,2,0.0,1,1.0,0.0,114539.67,0
9740,15704053,L?,606,France,Male,26.0,3,86891.48,1,0.0,0.0,167873.49,0
9741,15682528,Shih,588,Spain,Male,24.0,3,0.0,2,1.0,1.0,103557.49,0
9742,15743514,Nwabugwu,613,France,Male,31.0,5,0.0,1,1.0,0.0,118862.28,0
9743,15801605,Abramovich,693,France,Male,34.0,1,83503.11,2,1.0,1.0,73124.53,1
9744,15669946,Yashina,445,Germany,Male,38.0,2,111568.01,1,1.0,1.0,94774.12,0
9745,15809800,L?,506,France,Female,43.0,8,133656.95,1,1.0,0.0,65636.92,0
9746,15708971,Calabresi,619,France,Male,31.0,4,0.0,2,1.0,0.0,184514.01,0
9747,15575119,Hughes,779,Spain,Male,33.0,3,0.0,2,1.0,1.0,146895.36,0
9748,15587419,Christie,648,Germany,Male,33.0,5,139973.65,1,1.0,1.0,667.66,1
9749,15587712,Iadanza,706,France,Female,26.0,9,139707.28,1,1.0,1.0,40299.23,0
9750,15770435,McLean,639,France,Female,29.0,6,115335.32,2,1.0,0.0,53130.41,0
9751,15792650,Trevisano,546,France,Male,35.0,4,0.0,2,1.0,1.0,121408.55,0
9752,15617301,Lung,794,France,Female,42.0,1,154970.54,1,0.0,1.0,156768.45,0
9753,15602574,Ch'iu,674,Germany,Female,33.0,6,136689.66,1,1.0,1.0,103726.71,0
9754,15750055,Ts'ui,651,Germany,Male,35.0,4,109646.83,2,1.0,1.0,162501.83,0
9755,15645355,Onuoha,625,France,Male,31.0,4,141267.67,1,1.0,0.0,177295.92,0
9756,15667438,O'Donnell,812,France,Female,34.0,2,0.0,2,1.0,0.0,131608.53,0
9757,15782390,T'ien,653,France,Female,42.0,8,0.0,1,1.0,1.0,155155.25,0
9758,15582090,Iroawuchi,683,Spain,Female,47.0,4,0.0,1,1.0,0.0,117038.96,1
9759,15737605,Folliero,696,France,Male,33.0,8,0.0,2,1.0,0.0,125062.02,0
9760,15671087,Lettiere,683,France,Female,60.0,7,0.0,1,1.0,1.0,73857.94,1
9761,15777045,Nnachetam,659,France,Male,42.0,6,0.0,2,1.0,0.0,139048.0,0
9762,15791131,Kung,808,France,Male,29.0,2,141325.56,1,1.0,0.0,173843.21,0
9763,15639882,Shih,649,France,Male,46.0,8,0.0,2,1.0,1.0,74846.67,0
9764,15600975,Ts'ao,708,France,Female,36.0,6,0.0,2,1.0,1.0,170563.73,0
9765,15768293,Lettiere,649,France,Female,47.0,4,0.0,2,0.0,0.0,173870.69,1
9766,15572072,Walker,590,Spain,Female,57.0,10,0.0,2,1.0,1.0,152490.97,0
9767,15744688,Shih,682,France,Male,32.0,6,138052.71,1,1.0,1.0,172531.82,0
9768,15585961,Ndubueze,704,France,Male,38.0,6,0.0,1,1.0,0.0,105817.63,0
9769,15646632,Onyemauchechukwu,543,France,Male,30.0,6,0.0,2,1.0,1.0,93736.52,0
9770,15692692,Chinomso,604,Germany,Male,50.0,1,120599.27,1,1.0,0.0,90977.42,1
9771,15672966,Ch'ang,714,Germany,Female,41.0,2,130334.35,2,1.0,1.0,71553.94,0
9772,15628145,Forwood,682,France,Male,57.0,5,125851.93,1,1.0,1.0,193318.33,0
9773,15696588,Lung,696,France,Female,36.0,3,0.0,2,1.0,1.0,2243.41,0
9774,15780041,Hs?eh,583,France,Female,32.0,3,0.0,2,1.0,0.0,55857.66,0
9775,15702380,De Luca,663,France,Female,64.0,6,0.0,2,0.0,1.0,15876.52,0
9776,15678729,Brown,646,Spain,Male,24.0,5,0.0,1,1.0,0.0,115163.58,0
9777,15813916,Macleod,613,Spain,Female,56.0,8,91622.56,1,0.0,1.0,44904.44,0
9778,15756655,Pirozzi,512,Germany,Female,28.0,2,132558.26,1,1.0,1.0,131886.46,0
9779,15808846,Yobachukwu,593,France,Male,42.0,9,133476.6,1,1.0,0.0,115468.52,0
9780,15717082,P'eng,663,France,Male,43.0,3,0.0,2,1.0,0.0,171462.76,0
9781,15573725,Nnonso,678,Germany,Female,51.0,3,164701.68,1,1.0,0.0,86657.48,1
9782,15641868,Onyemauchechukwu,627,France,Male,45.0,2,0.0,1,1.0,0.0,189607.71,1
9783,15616168,Ojiofor,610,France,Male,35.0,7,81905.95,1,1.0,1.0,61623.19,0
9784,15574868,Lorenzo,535,France,Female,38.0,5,112367.34,2,0.0,0.0,185630.76,0
9785,15646037,Sopuluchi,641,France,Male,77.0,9,0.0,2,1.0,1.0,81514.06,0
9786,15803654,H?,745,France,Male,38.0,2,0.0,2,1.0,1.0,178038.17,0
9787,15585533,Calabrese,679,France,Male,36.0,1,147733.64,1,1.0,0.0,172501.38,0
9788,15718289,Seleznyov,620,Spain,Male,47.0,8,0.0,1,1.0,1.0,137309.06,1
9789,15766458,Burtch,719,France,Male,36.0,4,0.0,2,1.0,0.0,166586.99,0
9790,15628947,Pagnotto,850,France,Male,32.0,9,0.0,2,1.0,1.0,79577.4,0
9791,15612103,Doyne,659,France,Female,31.0,3,0.0,2,1.0,0.0,120853.83,0
9792,15753861,Hao,627,Germany,Male,32.0,4,123764.95,2,1.0,0.0,166310.42,0
9793,15684820,Hs?,646,France,Male,32.0,3,121440.8,1,1.0,0.0,140589.55,0
9794,15705521,Chinweuba,605,Germany,Female,43.0,7,128352.45,1,1.0,1.0,101954.78,0
9795,15665956,Manna,668,Spain,Male,38.0,3,144856.77,1,0.0,0.0,113980.54,0
9796,15673180,Onyekaozulu,826,Spain,Male,18.0,2,0.0,2,0.0,1.0,16245.25,0
9797,15642816,Hsia,644,Spain,Male,37.0,9,99811.71,1,1.0,0.0,102566.01,0
9798,15631053,Tsao,656,France,Male,29.0,9,0.0,2,1.0,1.0,86310.46,0
9799,15665766,Ch'ang,684,Germany,Female,27.0,8,116322.27,4,1.0,0.0,35640.12,1
9800,15793366,Humphries,667,Germany,Male,31.0,8,76597.79,1,1.0,1.0,183051.6,1
9801,15683483,Chidiegwu,605,Germany,Female,43.0,2,90536.81,1,1.0,1.0,76510.46,1
9802,15793868,Chia,554,France,Male,29.0,1,131513.96,1,1.0,1.0,122404.29,0
9803,15671345,Obialo,659,France,Male,40.0,4,0.0,2,1.0,0.0,55868.97,0
9804,15664543,Tuan,774,Spain,Female,18.0,1,185891.54,1,1.0,0.0,175072.41,0
9805,15587573,Shao,582,France,Female,69.0,7,0.0,2,1.0,1.0,85869.89,0
9806,15647975,Vida,648,Germany,Female,21.0,5,147037.32,2,0.0,0.0,141763.26,0
9807,15591169,Obidimkpa,732,Germany,Male,56.0,7,107784.65,1,1.0,0.0,116951.1,1
9808,15619699,Yeh,558,France,Male,37.0,7,0.0,2,1.0,0.0,198269.08,0
9809,15729224,Nnonso,710,France,Male,43.0,3,0.0,2,1.0,0.0,154839.99,0
9810,15646756,Murphy,616,Spain,Male,45.0,9,74963.5,1,1.0,0.0,32770.56,0
9811,15593250,Smith,718,Germany,Female,35.0,5,123067.63,2,1.0,1.0,98162.44,0
9812,15671514,Sinclair,709,France,Female,33.0,8,0.0,1,1.0,1.0,128538.05,0
9813,15596717,De Luca,754,France,Male,41.0,3,0.0,2,1.0,1.0,100564.53,0
9814,15776211,Toscani,594,France,Female,26.0,6,0.0,2,1.0,0.0,124592.84,0
9815,15662497,Pirozzi,758,France,Male,39.0,6,0.0,2,1.0,1.0,88724.69,0
9816,15736287,Yewen,627,France,Male,39.0,2,0.0,2,1.0,0.0,80134.65,0
9817,15570194,Folliero,711,France,Male,31.0,9,0.0,2,1.0,0.0,114092.52,0
9818,15775231,Okeke,567,Spain,Male,34.0,9,0.0,1,1.0,1.0,47848.06,0
9819,15724334,Lucciano,743,France,Male,34.0,2,0.0,2,1.0,0.0,142343.72,0
9820,15689661,Gorbunov,663,France,Female,22.0,6,0.0,2,1.0,1.0,131827.15,0
9821,15607753,Iloerika,634,Germany,Female,32.0,5,98635.77,1,1.0,0.0,199357.24,0
9822,15687959,Eluemuno,686,France,Male,34.0,8,0.0,2,1.0,1.0,144532.85,0
9823,15724127,Udegbulam,724,Spain,Female,38.0,3,88311.48,1,1.0,0.0,177238.35,0
9824,15705827,Bellucci,769,France,Female,34.0,1,115988.54,1,1.0,1.0,176885.53,0
9825,15702788,P'eng,675,France,Male,36.0,8,0.0,1,1.0,1.0,176883.42,0
9826,15695148,Ibeabuchi,614,Spain,Female,37.0,9,0.0,1,1.0,0.0,62023.1,0
9827,15576550,Hsiao,545,France,Male,32.0,9,0.0,2,1.0,0.0,166677.35,0
9828,15682463,Hao,663,Germany,Female,55.0,1,98683.47,1,1.0,0.0,133591.11,1
9829,15751710,Trevisan,684,France,Male,37.0,9,0.0,2,0.0,1.0,110718.02,0
9830,15579914,Efimov,667,France,Male,33.0,5,148042.97,1,1.0,1.0,124571.09,0
9831,15659710,Trevisano,665,France,Male,27.0,6,0.0,2,1.0,0.0,38315.04,0
9832,15686917,Tu,789,France,Female,40.0,4,0.0,2,1.0,0.0,137402.27,0
9833,15579891,Iweobiegbunam,679,Spain,Male,42.0,7,0.0,2,1.0,1.0,169719.35,0
9834,15604818,O'Donnell,627,France,Female,51.0,10,0.0,1,1.0,1.0,60552.44,1
9835,15775108,Calabresi,675,Spain,Male,40.0,5,84560.04,1,1.0,1.0,161667.28,0
9836,15768476,Trevisano,751,France,Female,39.0,7,0.0,1,1.0,0.0,25951.64,0
9837,15692404,Aitken,632,France,Male,33.0,9,0.0,2,1.0,0.0,121747.92,0
9838,15692430,Palermo,709,France,Male,62.0,9,0.0,1,1.0,1.0,181461.46,0
9839,15642336,Nkemakonam,658,France,Male,54.0,8,0.0,2,1.0,1.0,948.46,0
9840,15571666,Hsia,744,France,Male,34.0,5,0.0,1,1.0,1.0,60536.56,0
9841,15585047,Onwuamaegbu,715,Spain,Female,28.0,7,0.0,2,1.0,1.0,169462.09,0
9842,15588450,Chukwudi,633,France,Female,60.0,9,0.0,1,1.0,1.0,10288.24,1
9843,15705521,Pisano,752,France,Male,38.0,0,0.0,2,1.0,0.0,190803.37,0
9844,15678057,Ponomaryov,682,Germany,Male,43.0,7,107963.38,1,0.0,1.0,198134.9,0
9845,15772329,Ulyanov,651,France,Male,40.0,2,0.0,1,1.0,0.0,52327.57,1
9846,15742238,Milano,756,France,Female,24.0,4,0.0,2,0.0,0.0,184182.25,0
9847,15763053,Fiorentini,678,Germany,Male,26.0,1,116318.28,1,1.0,0.0,67440.05,0
9848,15641585,Chukwujamuike,703,Spain,Male,31.0,5,139432.11,1,1.0,0.0,167984.64,0
9849,15644796,Hsing,659,France,Male,51.0,4,131778.68,1,1.0,1.0,175723.17,1
9850,15648735,O'Meara,659,France,Female,33.0,5,0.0,2,1.0,1.0,143980.28,0
9851,15609913,Ch'en,747,Germany,Female,35.0,4,132863.56,1,1.0,1.0,85909.63,0
9852,15794493,Chimaijem,641,France,Female,29.0,7,0.0,2,1.0,0.0,24267.28,0
9853,15697441,Dickson,691,France,Male,32.0,9,83056.88,1,1.0,1.0,149648.12,0
9854,15572356,Yeh,729,Germany,Female,54.0,8,127787.69,1,1.0,1.0,118312.38,1
9855,15614187,White,708,France,Female,28.0,5,0.0,2,1.0,1.0,92658.46,0
9856,15780362,Ting,623,France,Male,41.0,9,0.0,1,0.0,0.0,124761.8,1
9857,15806318,Brown,583,France,Male,40.0,10,127847.86,1,1.0,0.0,9217.55,0
9858,15579112,Gibson,655,France,Male,47.0,3,0.0,2,1.0,1.0,186116.54,0
9859,15734659,Sozonov,640,France,Female,46.0,5,107978.4,3,1.0,0.0,155876.06,1
9860,15734987,P'eng,729,France,Male,42.0,2,160907.68,1,1.0,1.0,116577.9,0
9861,15713578,Fokina,557,France,Male,35.0,5,0.0,1,1.0,0.0,164422.79,0
9862,15576774,Onyinyechukwuka,680,Germany,Female,30.0,6,123709.46,2,0.0,0.0,172459.19,0
9863,15671409,Uvarova,657,France,Male,41.0,5,0.0,2,1.0,0.0,102750.15,0
9864,15756539,Ch'eng,607,Germany,Male,36.0,2,122028.65,1,1.0,1.0,152212.07,0
9865,15677369,Milani,754,Germany,Male,62.0,6,98854.34,1,0.0,0.0,86920.97,0
9866,15607230,Hung,726,France,Male,60.0,9,0.0,2,1.0,0.0,185808.7,1
9867,15798439,Davidson,714,Spain,Male,25.0,5,0.0,2,1.0,1.0,132979.43,1
9868,15808831,Dale,669,Spain,Male,37.0,7,0.0,2,1.0,1.0,138145.62,0
9869,15770984,Fanucci,754,France,Female,37.0,7,0.0,2,0.0,1.0,20306.79,1
9870,15780038,Folliero,724,France,Male,35.0,5,0.0,2,1.0,0.0,70778.61,0
9871,15733447,Pinto,729,Spain,Female,40.0,1,136980.23,1,0.0,0.0,163830.64,0
9872,15804962,Onyekachi,592,France,Male,38.0,7,114493.03,1,1.0,1.0,166677.35,0
9873,15677796,Fan,669,France,Female,36.0,8,161766.87,2,1.0,0.0,50408.59,0
9874,15772363,Hilton,772,Germany,Male,42.0,4,101979.16,1,0.0,1.0,90928.48,0
9875,15781598,Goliwe,581,Spain,Male,40.0,4,0.0,2,1.0,0.0,134936.36,0
9876,15782454,Hsia,652,France,Male,29.0,4,143390.51,1,0.0,0.0,130854.57,0
9877,15587584,Nebeuwa,629,Spain,Male,36.0,4,0.0,2,1.0,1.0,21645.06,0
9878,15765300,Trevisani,646,Germany,Female,35.0,1,143391.74,1,1.0,0.0,141804.14,1
9879,15579781,Onwumelu,686,France,Male,48.0,3,0.0,2,1.0,0.0,141069.88,1
9880,15782236,Gibbs,713,Spain,Male,34.0,5,0.0,1,0.0,0.0,71095.41,0
9881,15680706,Balashov,579,Germany,Female,48.0,1,131834.8,1,1.0,0.0,166476.95,1
9882,15611579,Sutherland,790,Germany,Female,28.0,3,153538.13,1,1.0,1.0,110776.01,1
9883,15667321,Chukwudi,521,Spain,Male,49.0,10,0.0,3,1.0,1.0,145089.64,1
9884,15662901,Hu,678,France,Male,34.0,6,0.0,2,0.0,1.0,67840.81,0
9885,15677510,Ts'ui,850,France,Female,40.0,6,0.0,2,1.0,0.0,1775.87,1
9886,15697000,Smith,605,France,Female,30.0,1,0.0,2,0.0,1.0,89589.48,0
9887,15651315,Dilke,627,France,Female,41.0,3,0.0,2,1.0,0.0,132719.8,0
9888,15793331,Hao,743,France,Male,38.0,10,0.0,2,1.0,0.0,92877.71,0
9889,15762573,Bednall,680,Spain,Male,38.0,4,0.0,2,1.0,0.0,98949.85,0
9890,15766787,Watson,649,Germany,Female,28.0,8,107192.78,1,1.0,1.0,49725.48,1
9891,15770193,Milne,684,France,Male,33.0,3,127974.48,1,1.0,0.0,50595.65,0
9892,15574910,Ferguson,524,Germany,Female,42.0,4,131402.21,1,0.0,0.0,193668.49,1
9893,15679622,Fyodorov,516,France,Male,44.0,1,0.0,1,1.0,0.0,113931.57,0
9894,15609824,Tsao,630,France,Male,46.0,7,131211.14,1,0.0,0.0,77846.69,1
9895,15705769,Teng,773,Spain,Female,35.0,2,0.0,1,1.0,0.0,53667.28,1
9896,15810203,Manning,499,Germany,Male,41.0,4,146781.24,1,0.0,1.0,10958.18,0
9897,15762605,Wallis,449,Spain,Male,44.0,5,106920.91,2,0.0,1.0,155823.2,0
9898,15583462,Smith,738,Spain,Male,29.0,3,0.0,2,0.0,0.0,87412.38,0
9899,15806909,Hsueh,646,France,Female,36.0,9,0.0,2,1.0,1.0,103421.49,0
9900,15633233,Ch'ien,695,Germany,Male,37.0,10,121231.39,2,1.0,1.0,114448.77,0
9901,15628303,Chukwuebuka,516,Germany,Male,54.0,3,82647.61,1,1.0,0.0,158527.17,1
9902,15658059,Achebe,616,France,Female,37.0,7,127258.8,1,1.0,1.0,111676.63,0
9903,15607576,Fanucci,687,Germany,Female,30.0,1,118098.53,2,1.0,0.0,58854.79,0
9904,15730360,Onyemauchechukwu,573,France,Male,25.0,5,0.0,2,1.0,0.0,175743.92,0
9905,15672640,Ts'ui,732,Spain,Female,38.0,4,104960.46,1,0.0,1.0,124415.18,0
9906,15664543,Shaw,699,France,Male,40.0,7,0.0,1,1.0,1.0,152876.13,0
9907,15679024,Hsia,564,France,Male,31.0,3,0.0,2,0.0,1.0,120880.23,0
9908,15668886,Blakey,582,Spain,Female,38.0,7,0.0,2,1.0,0.0,44255.65,0
9909,15793095,Genovesi,714,Germany,Female,38.0,6,143390.51,3,1.0,1.0,176692.87,1
9910,15666916,T'ang,678,France,Female,45.0,8,0.0,1,1.0,0.0,59872.9,1
9911,15768451,Trevisani,559,France,Male,27.0,6,91560.57,1,1.0,0.0,199478.05,0
9912,15683524,Onyemere,651,France,Male,36.0,3,0.0,2,1.0,1.0,176924.21,0
9913,15717290,Onyekaozulu,639,Germany,Male,36.0,2,146587.3,2,1.0,1.0,89874.82,0
9914,15628893,Brazenor,656,Spain,Male,37.0,1,0.0,2,0.0,1.0,162960.99,0
9915,15681274,Lo,641,France,Female,43.0,3,0.0,1,1.0,0.0,140937.57,1
9916,15752097,Carpenter,483,France,Male,28.0,3,0.0,2,1.0,0.0,191387.76,0
9917,15751227,Shaw,457,France,Female,38.0,7,164496.99,1,1.0,1.0,163327.27,0
9918,15679818,Walker,757,France,Male,41.0,4,0.0,1,1.0,1.0,172363.28,0
9919,15705707,Bennelong,635,Spain,Female,30.0,8,138296.94,1,1.0,1.0,141075.51,0
9920,15648876,H?,850,Spain,Male,37.0,7,0.0,2,1.0,1.0,119927.81,0
9921,15807568,Chien,790,Spain,Male,44.0,3,0.0,1,1.0,1.0,138747.11,0
9922,15636658,Rozhkova,587,Germany,Male,23.0,3,92366.72,2,0.0,1.0,120661.71,1
9923,15610140,Ma,440,France,Female,41.0,2,0.0,2,1.0,0.0,49826.68,0
9924,15681075,Chukwualuka,682,France,Female,32.0,5,0.0,1,1.0,1.0,706.5,0
9925,15729689,Nebechi,841,Spain,Male,32.0,8,0.0,1,0.0,0.0,129912.74,0
9926,15601387,Yen,521,France,Female,35.0,6,0.0,1,1.0,1.0,120586.32,0
9927,15778515,McIntosh,679,France,Female,36.0,8,0.0,2,1.0,0.0,103715.72,0
9928,15607312,Bergamaschi,628,Germany,Male,44.0,4,83568.55,1,0.0,1.0,199484.96,1
9929,15592222,Henderson,669,France,Female,32.0,3,125445.04,2,1.0,1.0,130234.63,0
9930,15772073,Chukwueloka,651,Spain,Female,38.0,8,113829.45,1,1.0,0.0,139048.0,0
9931,15616550,Chidiebele,698,France,Male,44.0,10,0.0,2,0.0,0.0,198059.16,0
9932,15586566,P'eng,662,France,Female,39.0,3,0.0,2,0.0,0.0,140947.58,0
9933,15721426,Milne,606,Germany,Male,65.0,9,126306.64,2,1.0,0.0,7861.68,0
9934,15700627,Tuan,687,Spain,Male,38.0,7,0.0,1,1.0,1.0,50457.2,1
9935,15631756,Ts'ui,696,Germany,Male,29.0,1,102968.69,2,1.0,1.0,151794.45,0
9936,15772573,Colman,785,France,Male,37.0,5,134560.62,1,1.0,1.0,117622.8,0
9937,15682618,Fanucci,682,France,Female,33.0,2,0.0,2,1.0,1.0,102908.91,0
9938,15649430,Hargreaves,683,France,Female,43.0,1,0.0,1,1.0,0.0,164081.42,1
9939,15756920,Onuoha,781,France,Female,23.0,5,0.0,2,1.0,0.0,165082.25,0
9940,15771749,Wright,731,France,Male,20.0,1,0.0,1,1.0,1.0,178291.89,0
9941,15751531,Tan,497,France,Male,30.0,8,0.0,1,0.0,0.0,85421.48,0
9942,15633537,Uvarova,577,Spain,Female,31.0,1,0.0,1,0.0,1.0,155711.64,0
9943,15605037,Ting,818,France,Male,49.0,2,0.0,1,1.0,0.0,192298.84,1
9944,15686436,Newbery,523,France,Male,32.0,5,0.0,2,1.0,0.0,167848.02,0
9945,15683593,Yefremova,614,Spain,Male,29.0,5,142704.99,1,1.0,1.0,192505.74,0
9946,15662294,Lucchesi,599,Germany,Female,56.0,6,102773.2,1,1.0,1.0,37266.43,0
9947,15693331,Onwumelu,584,France,Male,48.0,5,0.0,1,1.0,1.0,153810.41,0
9948,15723008,Yudina,507,France,Female,36.0,7,0.0,1,1.0,1.0,163496.64,0
9949,15606842,Toscani,657,France,Female,44.0,9,0.0,2,1.0,1.0,44965.57,0
9950,15719624,Hodgson,657,France,Female,38.0,3,121863.61,1,0.0,1.0,130755.34,0
9951,15753566,Padovano,709,France,Female,69.0,7,0.0,2,1.0,1.0,66893.28,0
9952,15645600,Hsia,669,Spain,Male,39.0,7,116546.76,1,1.0,0.0,131177.9,0
9953,15609618,Genovesi,624,France,Male,39.0,6,0.0,2,1.0,1.0,125062.02,0
9954,15635141,Maclean,621,Germany,Male,33.0,4,160541.13,2,0.0,1.0,94722.86,0
9955,15726250,Hsia,535,France,Male,29.0,8,0.0,2,1.0,1.0,61829.89,0
9956,15612109,Lettiere,632,Germany,Male,51.0,4,108432.88,4,1.0,0.0,175072.47,1
9957,15747677,Echezonachukwu,611,Germany,Female,37.0,4,135096.05,1,1.0,0.0,56518.0,1
9958,15670066,Ibezimako,511,Spain,Male,43.0,3,0.0,2,1.0,1.0,116046.22,1
9959,15784218,Mason,559,Spain,Male,38.0,1,0.0,2,1.0,1.0,38015.34,0
9960,15672027,Hs?,629,Spain,Male,34.0,6,0.0,2,0.0,0.0,171718.69,0
9961,15691952,Fanucci,676,France,Male,37.0,10,0.0,2,0.0,1.0,166678.28,0
9962,15660403,Fleming,827,Spain,Female,35.0,9,0.0,2,0.0,0.0,184514.01,0
9963,15690743,Hughes,696,France,Female,43.0,8,123859.6,1,1.0,0.0,64129.03,0
9964,15641114,Power,701,France,Male,37.0,8,130091.5,2,1.0,0.0,120031.29,0
9965,15709861,He,766,Germany,Male,30.0,4,127786.28,1,1.0,1.0,28879.3,1
9966,15788215,Hsia,571,Spain,Female,27.0,4,122924.75,1,0.0,0.0,62390.59,0
9967,15604891,Uvarova,678,France,Female,31.0,10,0.0,2,1.0,1.0,122488.59,0
9968,15618581,Li,583,France,Female,35.0,4,0.0,2,1.0,0.0,89578.32,0
9969,15701946,Ndubueze,727,France,Female,38.0,7,0.0,2,1.0,0.0,137903.54,0
9970,15790599,De Bernales,568,Germany,Male,41.0,5,122485.99,1,1.0,1.0,80553.96,0
9971,15715510,Y?an,768,France,Female,55.0,7,95984.21,1,0.0,0.0,73686.75,1
9972,15794890,Yobachukwu,751,Germany,Male,42.0,9,105770.28,2,1.0,1.0,116848.56,0
9973,15570194,Pirozzi,712,France,Male,22.0,4,0.0,1,1.0,1.0,122925.96,0
9974,15791313,Tung,556,Germany,Female,43.0,7,152212.88,1,1.0,1.0,108528.72,1
9975,15715745,Elliott,690,France,Male,26.0,5,157624.84,1,1.0,0.0,49599.27,1
9976,15713046,Okechukwu,724,Spain,Female,38.0,9,0.0,1,1.0,1.0,158054.43,0
9977,15671249,Macartney,531,France,Male,40.0,4,155455.43,1,0.0,1.0,113581.85,0
9978,15779947,McIntosh,717,France,Female,49.0,2,166082.15,3,1.0,0.0,166310.82,1
9979,15581550,Nwebube,644,Germany,Female,34.0,4,128647.71,1,1.0,0.0,124749.71,0
9980,15790355,Genovese,567,Spain,Female,37.0,1,0.0,1,1.0,1.0,173365.9,0
9981,15709478,Genovese,850,France,Male,28.0,7,0.0,2,1.0,0.0,94820.85,0
9982,15576517,Chuang,478,Spain,Female,48.0,4,0.0,2,1.0,1.0,71559.4,0
9983,15587913,Manna,738,France,Male,43.0,10,0.0,2,1.0,0.0,179634.69,0
9984,15624374,Maclean,703,France,Male,28.0,9,0.0,1,0.0,1.0,2151.17,0
9985,15705777,Burtch,749,Germany,Male,41.0,2,110822.9,2,1.0,1.0,139946.68,0
9986,15645463,Chiu,686,Spain,Male,37.0,10,0.0,2,0.0,1.0,72993.15,0
9987,15597591,T'ang,616,Spain,Female,40.0,2,139756.81,1,1.0,1.0,183579.85,0
9988,15753861,Ballard,569,Spain,Female,27.0,1,110112.54,2,0.0,0.0,78622.46,0
9989,15723043,Onyekaozulu,656,Germany,Female,22.0,2,161768.81,2,0.0,0.0,181890.06,0
9990,15628279,Murphy,624,France,Female,31.0,3,0.0,2,1.0,0.0,163666.85,0
9991,15583371,Bellucci,735,Spain,Male,35.0,5,133537.1,2,0.0,1.0,158545.25,0
9992,15680370,DeRose,492,France,Male,39.0,7,0.0,2,1.0,0.0,71323.23,0
9993,15642933,Onio,592,Spain,Male,35.0,7,0.0,2,0.0,1.0,103499.79,0
9994,15689616,Yudin,589,France,Female,37.0,1,141074.05,1,1.0,1.0,166516.86,0
9995,15773776,K?,691,France,Male,30.0,7,0.0,1,1.0,0.0,149991.32,0
9996,15674720,Smith,667,Germany,Female,37.0,7,123067.63,1,0.0,1.0,98162.44,0
9997,15757628,Hsieh,791,Spain,Male,35.0,4,80793.58,1,1.0,0.0,28188.96,0
9998,15662404,Nwachinemelu,619,France,Male,46.0,4,0.0,2,1.0,0.0,149991.71,0
9999,15806901,Tien,671,France,Male,32.0,7,0.0,1,1.0,1.0,90876.95,0
10000,15638882,Krichauff,850,France,Female,43.0,0,0.0,2,1.0,1.0,141534.04,0
10001,15581893,Shih,685,France,Male,52.0,4,0.0,2,1.0,1.0,90877.76,0
10002,15682541,Hartley,616,Spain,Female,36.0,6,132311.71,1,1.0,0.0,15462.84,0
10003,15781534,Hsing,667,Germany,Male,41.0,3,116565.53,2,1.0,1.0,103557.16,0
10004,15585599,Hs?eh,723,France,Female,45.0,5,0.0,1,1.0,0.0,173868.51,1
10005,15697574,Stewart,582,France,Female,40.0,9,0.0,2,1.0,0.0,60954.45,0
10006,15716276,H?,708,Spain,Male,35.0,8,0.0,2,1.0,0.0,82951.12,0
10007,15571816,Ritchie,715,France,Female,24.0,9,0.0,2,0.0,1.0,60907.49,0
10008,15572762,Mazzanti,619,France,Male,38.0,7,0.0,2,0.0,1.0,78387.32,0
10009,15583481,Genovese,715,France,Female,39.0,5,0.0,1,1.0,0.0,180693.59,1
10010,15796071,Liao,602,France,Male,35.0,4,0.0,2,1.0,0.0,166678.13,0
10011,15646615,Manna,666,Spain,Male,43.0,5,0.0,2,1.0,0.0,29346.1,0
10012,15598894,Holt,523,Spain,Male,37.0,10,122267.85,1,1.0,1.0,145759.93,0
10013,15652981,Nwankwo,694,France,Male,38.0,2,0.0,1,1.0,1.0,79919.13,0
10014,15815271,Zetticci,707,France,Male,41.0,9,0.0,1,1.0,0.0,49865.04,1
10015,15759410,Onyekaozulu,556,Spain,Female,34.0,8,0.0,2,1.0,1.0,151768.67,0
10016,15660200,Ogochukwu,683,Spain,Female,35.0,2,0.0,1,1.0,1.0,9663.28,0
10017,15636589,Padovesi,535,France,Female,44.0,1,0.0,2,1.0,0.0,161074.82,0
10018,15748473,Curnow,744,France,Male,38.0,0,0.0,1,0.0,0.0,27244.35,1
10019,15750811,Nucci,848,Germany,Female,40.0,0,148495.64,1,0.0,1.0,158853.98,1
10020,15662758,Chiekwugo,710,France,Male,33.0,8,120962.59,1,1.0,1.0,144880.81,0
10021,15697307,Nnachetam,691,Spain,Male,34.0,10,0.0,2,0.0,1.0,79078.91,0
10022,15656613,Martin,632,Germany,Male,41.0,1,90194.54,1,1.0,1.0,103563.65,1
10023,15806923,Pirozzi,703,Spain,Female,44.0,3,0.0,1,1.0,0.0,152880.99,1
10024,15732270,Kao,506,France,Male,25.0,10,146011.4,1,1.0,0.0,50249.16,0
10025,15768887,Ch'iu,682,Germany,Male,28.0,9,96252.98,2,1.0,1.0,70783.61,0
10026,15771473,Clements,835,France,Female,37.0,8,126434.94,1,1.0,0.0,9677.0,0
10027,15573852,Bage,850,Spain,Male,25.0,10,84963.53,2,1.0,1.0,168815.07,0
10028,15789546,Giordano,592,Spain,Female,37.0,7,0.0,1,1.0,0.0,126561.07,1
10029,15672598,Ting,756,Spain,Male,28.0,1,0.0,2,0.0,1.0,132424.69,0
10030,15793029,Chia,721,France,Female,38.0,5,103399.42,1,1.0,1.0,64869.33,0
10031,15607269,Costa,456,Germany,Female,43.0,3,151249.45,2,0.0,0.0,167237.94,0
10032,15671358,Fletcher,720,France,Female,44.0,4,0.0,2,0.0,1.0,163471.01,0
10033,15589019,Morant,633,France,Male,33.0,4,0.0,2,1.0,1.0,159813.18,0
10034,15731553,Yuryeva,685,Germany,Female,46.0,4,130404.66,1,0.0,0.0,93478.89,1
10035,15793859,Rizzo,659,France,Female,29.0,7,131581.84,1,1.0,0.0,158032.4,0
10036,15682758,Pinto,696,France,Female,34.0,4,0.0,2,1.0,1.0,140134.43,0
10037,15607301,Pai,651,Spain,Male,63.0,6,0.0,2,0.0,1.0,185555.63,0
10038,15686936,Hsing,596,Germany,Female,28.0,9,117005.57,2,1.0,1.0,73564.44,1
10039,15747772,Pagnotto,633,France,Female,46.0,8,0.0,1,1.0,1.0,26327.42,1
10040,15703778,Ch'ang,695,Germany,Male,33.0,7,96462.74,1,1.0,0.0,72462.95,0
10041,15691956,Nwachukwu,684,France,Male,37.0,2,0.0,2,0.0,1.0,124596.63,0
10042,15634375,Duncan,739,Spain,Male,36.0,7,0.0,1,0.0,0.0,83206.19,0
10043,15626008,Yashina,792,France,Male,37.0,8,0.0,2,1.0,1.0,93478.96,0
10044,15701291,Chidubem,601,France,Female,42.0,3,0.0,2,1.0,0.0,30607.11,0
10045,15573876,Fiorentino,683,France,Male,42.0,7,0.0,1,0.0,1.0,139065.53,0
10046,15731246,Hobler,713,France,Female,35.0,1,0.0,2,1.0,1.0,103832.58,0
10047,15773394,Pirozzi,535,France,Male,33.0,3,0.0,2,1.0,0.0,168460.12,0
10048,15603914,Tsao,699,France,Female,36.0,1,0.0,2,1.0,1.0,133537.03,0
10049,15583850,Haddon,571,France,Male,39.0,6,0.0,2,1.0,1.0,179227.21,1
10050,15690440,Stiles,656,Spain,Male,47.0,1,114779.35,1,1.0,0.0,197961.93,0
10051,15671137,MacDonald,549,France,Male,66.0,6,0.0,2,1.0,1.0,8636.05,0
10052,15718531,Ukaegbunam,819,Spain,Female,35.0,1,0.0,1,1.0,0.0,176779.46,0
10053,15788367,Ellis,487,Germany,Female,48.0,6,61691.45,1,1.0,0.0,53087.98,1
10054,15593782,Williamson,679,France,Male,82.0,2,0.0,2,0.0,1.0,182055.36,0
10055,15672945,Hsu,599,France,Male,48.0,2,130812.91,1,1.0,0.0,111573.3,1
10056,15713774,Manna,645,France,Female,41.0,10,84005.04,1,1.0,1.0,146700.78,0
10057,15746333,Olisanugo,613,France,Female,47.0,1,0.0,2,1.0,0.0,79919.13,1
10058,15636658,Fink,589,Spain,Male,42.0,6,0.0,2,1.0,0.0,150468.93,0
10059,15767339,Kao,622,France,Male,46.0,9,0.0,1,1.0,1.0,131736.23,0
10060,15579969,Mancini,664,France,Female,41.0,9,0.0,2,1.0,1.0,24991.92,1
10061,15689953,Lombardi,641,Germany,Female,35.0,2,137453.43,2,1.0,0.0,123954.15,1
10062,15732621,Real,597,France,Male,24.0,6,0.0,2,1.0,1.0,7387.8,0
10063,15764409,Goodman,613,France,Female,31.0,9,108286.5,1,1.0,0.0,114153.44,0
10064,15694530,Porter,850,Spain,Male,28.0,2,167268.98,1,1.0,0.0,169425.3,0
10065,15732937,Tien,693,Germany,Male,36.0,4,160982.07,2,1.0,1.0,174937.94,0
10066,15756155,Kao,773,France,Female,30.0,4,89743.05,1,1.0,0.0,155850.4,0
10067,15665340,Olisaemeka,564,Spain,Female,45.0,2,0.0,2,1.0,1.0,170984.97,0
10068,15807563,Ulyanov,535,Germany,Female,41.0,0,123322.15,1,1.0,1.0,136330.32,0
10069,15719606,Rivers,627,France,Male,57.0,9,0.0,2,1.0,1.0,37147.61,0
10070,15701605,Nwokezuike,676,France,Female,42.0,2,0.0,2,1.0,1.0,161802.82,1
10071,15752694,Gorman,654,France,Male,54.0,10,132574.61,1,1.0,1.0,133817.19,0
10072,15783659,Cattaneo,528,Germany,Female,23.0,9,146777.44,2,1.0,0.0,170262.97,1
10073,15731519,P'eng,697,France,Male,42.0,5,0.0,2,1.0,1.0,7404.68,0
10074,15583857,Ritchie,703,France,Male,37.0,2,80927.56,2,0.0,1.0,68777.26,0
10075,15702912,Onwuemelie,821,France,Male,28.0,1,138023.79,1,1.0,1.0,52367.29,0
10076,15571305,Hargreaves,773,Germany,Male,32.0,1,121260.19,2,1.0,1.0,184856.89,0
10077,15814035,Milano,726,France,Female,29.0,3,0.0,1,0.0,1.0,20778.39,0
10078,15581197,Nucci,644,Germany,Male,22.0,7,97910.71,2,0.0,1.0,164966.57,0
10079,15681439,Tsou,532,Germany,Female,26.0,1,142755.25,1,0.0,0.0,34231.48,0
10080,15747168,Clements,733,France,Female,40.0,3,82347.71,1,1.0,0.0,157921.52,1
10081,15751177,Pirozzi,714,France,Male,31.0,3,0.0,1,1.0,0.0,161671.33,0
10082,15759436,Gardiner,758,France,Female,50.0,4,0.0,2,1.0,0.0,67944.09,0
10083,15743532,Udinese,469,France,Male,37.0,5,0.0,2,1.0,0.0,112664.24,1
10084,15590828,Burt,706,France,Male,52.0,9,0.0,1,1.0,1.0,114448.77,1
10085,15802381,Nucci,652,France,Male,33.0,4,0.0,2,1.0,0.0,143980.38,0
10086,15752344,She,714,France,Male,33.0,5,0.0,2,1.0,0.0,193040.32,0
10087,15643496,Randolph,730,France,Female,34.0,1,74197.38,1,1.0,0.0,96875.52,0
10088,15611157,P'an,583,France,Female,45.0,6,0.0,1,0.0,1.0,137739.45,0
10089,15718281,Chia,683,Germany,Male,32.0,2,118448.15,2,0.0,1.0,135853.62,0
10090,15711457,Ts'ui,685,France,Male,35.0,2,0.0,2,1.0,1.0,160516.18,0
10091,15782531,Yevseyev,645,France,Female,41.0,6,0.0,2,1.0,0.0,94977.9,0
10092,15713483,Onyekachi,599,France,Male,30.0,5,0.0,2,1.0,1.0,90537.41,0
10093,15662091,O'Donnell,656,Germany,Female,42.0,1,129855.58,1,1.0,0.0,109638.27,1
10094,15662865,Rizzo,679,France,Male,39.0,8,0.0,1,0.0,1.0,101168.9,0
10095,15623644,Onyekachi,586,France,Male,39.0,5,0.0,2,0.0,0.0,93739.71,0
10096,15806420,Aikenhead,575,Spain,Male,51.0,4,84468.67,2,0.0,1.0,53817.23,0
10097,15705515,Lazarev,554,France,Female,43.0,6,0.0,2,1.0,0.0,74287.53,0
10098,15656351,Laidley,530,Spain,Male,60.0,3,0.0,1,1.0,1.0,93844.82,1
10099,15702061,Tsai,632,France,Female,42.0,3,0.0,1,0.0,1.0,174902.82,1
10100,15595874,Nwachinemelu,687,Germany,Male,57.0,1,80538.56,1,1.0,1.0,66561.6,1
10101,15718789,Nwankwo,559,France,Male,41.0,9,0.0,1,1.0,0.0,44977.54,0
10102,15696514,Calabrese,587,Germany,Female,37.0,6,104414.03,1,0.0,1.0,192026.02,0
10103,15815295,Mazzi,705,France,Female,29.0,7,94486.47,1,0.0,1.0,146949.74,0
10104,15667046,Bogle,667,Spain,Female,55.0,9,0.0,1,1.0,0.0,121542.29,1
10105,15604786,Manna,591,France,Male,40.0,8,0.0,1,1.0,1.0,64423.29,0
10106,15644724,Chia,768,Spain,Male,36.0,6,141187.13,1,1.0,1.0,126812.63,0
10107,15740147,Tuan,624,Spain,Male,38.0,2,102097.23,1,0.0,0.0,109159.58,0
10108,15605036,Y?,479,Germany,Female,32.0,2,142531.22,1,1.0,1.0,176678.31,0
10109,15588560,Echezonachukwu,706,France,Male,38.0,10,0.0,2,0.0,0.0,130404.53,0
10110,15773973,Ch'ang,677,Spain,Female,37.0,9,0.0,1,1.0,1.0,823.96,0
10111,15692230,Lueck,691,France,Female,32.0,1,0.0,1,1.0,1.0,93541.75,0
10112,15606436,Ch'iu,635,France,Male,28.0,6,151392.74,1,1.0,1.0,93794.11,0
10113,15687903,Ch'en,793,France,Male,32.0,3,153313.38,1,1.0,0.0,146411.25,0
10114,15672912,Nnamutaezinwa,598,France,Female,49.0,5,0.0,2,1.0,0.0,176943.59,1
10115,15678168,Parry,663,France,Female,28.0,6,0.0,2,1.0,0.0,86619.77,0
10116,15772632,Ts'ui,559,France,Male,34.0,1,0.0,1,1.0,1.0,165580.93,0
10117,15653522,Chigolum,713,Germany,Female,40.0,3,123192.58,1,0.0,1.0,130376.97,0
10118,15797113,Bevan,552,Spain,Male,34.0,4,0.0,2,1.0,0.0,140286.69,0
10119,15661036,Davis,644,Germany,Female,46.0,2,127675.39,1,1.0,0.0,74260.16,1
10120,15789865,Chukwukere,628,France,Female,34.0,6,96863.24,2,0.0,1.0,91056.38,0
10121,15751333,Mai,577,Spain,Female,35.0,6,0.0,2,1.0,0.0,169137.24,0
10122,15702292,Smith,660,Germany,Female,20.0,7,104786.47,2,0.0,0.0,120189.43,0
10123,15722692,Chikelu,705,France,Female,29.0,1,0.0,2,1.0,0.0,1112.76,0
10124,15677764,Ritchie,713,France,Male,42.0,8,0.0,2,1.0,1.0,138880.24,0
10125,15687529,Hsu,581,Germany,Male,33.0,8,139561.58,2,1.0,0.0,166737.06,0
10126,15633059,Fanucci,576,France,Male,34.0,4,0.0,1,1.0,0.0,6534.18,0
10127,15770995,Onwumelu,743,France,Female,34.0,5,0.0,2,1.0,1.0,124872.42,0
10128,15792668,Hsieh,666,Germany,Male,44.0,10,71269.89,1,1.0,0.0,170980.86,0
10129,15773789,T'ien,516,France,Male,37.0,7,0.0,2,1.0,1.0,139431.0,0
10130,15657830,Onuora,850,Germany,Male,40.0,7,104449.8,1,0.0,1.0,747.88,0
10131,15746664,Ting,478,Germany,Female,58.0,5,109740.62,2,0.0,1.0,127506.76,0
10132,15692235,Bellucci,750,France,Male,38.0,1,0.0,1,1.0,1.0,47764.99,0
10133,15591550,Barker,627,France,Male,21.0,7,98993.02,1,1.0,0.0,169156.64,0
10134,15790254,Nwachinemelu,707,France,Male,39.0,3,0.0,1,1.0,1.0,187900.86,0
10135,15743032,Nwachinemelu,611,Germany,Female,29.0,5,110153.46,2,1.0,0.0,146448.52,0
10136,15567446,Onyemere,592,Germany,Female,59.0,0,118402.57,1,1.0,0.0,121166.89,1
10137,15643679,Chukwufumnanya,637,France,Female,34.0,2,0.0,2,1.0,1.0,1713.1,0
10138,15636595,Chukwujamuike,662,France,Male,35.0,3,0.0,1,1.0,0.0,1408.06,0
10139,15746451,Kosisochukwu,850,Spain,Male,37.0,10,0.0,2,1.0,0.0,142412.5,0
10140,15594409,Belstead,710,France,Female,42.0,2,0.0,1,1.0,0.0,36154.66,1
10141,15766272,Ch'iu,531,Spain,Male,37.0,7,0.0,2,1.0,0.0,142903.44,0
10142,15609637,Nwora,537,Germany,Female,37.0,9,70417.79,1,1.0,1.0,19370.73,0
10143,15787026,H?,741,France,Female,52.0,6,0.0,1,1.0,0.0,159820.16,1
10144,15805769,Y?,633,France,Male,39.0,4,0.0,2,1.0,1.0,127033.96,0
10145,15687913,Mai,686,France,Female,34.0,9,0.0,2,1.0,0.0,142331.85,0
10146,15683841,Tsao,834,Germany,Female,35.0,1,136953.29,1,1.0,0.0,84475.13,1
10147,15802585,Naylor,741,Spain,Male,36.0,2,0.0,2,1.0,0.0,136491.02,0
10148,15583576,Ting,613,Spain,Male,40.0,4,0.0,1,0.0,0.0,135851.3,1
10149,15694450,Shao,581,France,Female,46.0,3,0.0,2,0.0,0.0,73881.68,0
10150,15711287,Chukwumaobim,661,France,Male,33.0,0,0.0,2,1.0,1.0,34857.46,0
10151,15754569,Y?,775,France,Male,34.0,8,141665.63,1,1.0,1.0,62446.01,0
10152,15592999,Yermolayev,573,France,Female,32.0,7,164557.95,1,1.0,1.0,186785.01,0
10153,15618155,Macleod,549,Spain,Male,42.0,1,0.0,2,1.0,1.0,86022.92,0
10154,15642816,Yao,678,Spain,Male,27.0,3,154483.98,1,1.0,0.0,156394.74,1
10155,15641822,Hsia,708,France,Female,36.0,7,0.0,2,1.0,0.0,160523.71,0
10156,15665376,P'eng,686,France,Male,39.0,6,0.0,2,0.0,0.0,115818.51,0
10157,15730793,Russell,591,France,Female,37.0,4,99774.5,1,0.0,1.0,186335.07,0
10158,15737571,Chukwuhaenye,646,France,Female,28.0,2,127615.84,1,0.0,1.0,189428.75,0
10159,15776467,De Salis,730,France,Female,41.0,2,0.0,2,1.0,0.0,186489.95,0
10160,15812850,Stradford,494,France,Female,43.0,5,0.0,2,1.0,1.0,85890.16,0
10161,15592566,Chu,846,Spain,Male,33.0,2,0.0,1,1.0,0.0,94722.36,0
10162,15587038,Ogochukwu,670,France,Female,32.0,2,0.0,1,1.0,1.0,51972.92,1
10163,15799785,Ikemefuna,721,Germany,Male,38.0,5,148507.24,2,1.0,1.0,79329.7,0
10164,15706463,White,667,France,Male,36.0,4,117559.05,2,1.0,0.0,81175.25,0
10165,15603665,Lo Duca,651,France,Female,39.0,4,0.0,2,0.0,0.0,149575.59,0
10166,15732774,Hsieh,598,France,Male,36.0,6,132767.66,1,1.0,0.0,131736.23,0
10167,15627876,Woronoff,719,France,Male,47.0,0,0.0,1,1.0,1.0,100727.68,0
10168,15623966,Alexander,668,France,Female,42.0,9,0.0,1,1.0,0.0,171045.35,0
10169,15798851,Ch'ien,652,France,Female,26.0,7,0.0,2,1.0,1.0,38315.04,0
10170,15722246,Fanucci,562,France,Male,43.0,2,0.0,2,1.0,0.0,151146.67,0
10171,15699446,Hobbs,828,France,Male,25.0,8,0.0,2,1.0,1.0,35770.84,0
10172,15635285,Taylor,647,France,Male,42.0,8,0.0,2,1.0,1.0,91055.27,0
10173,15583548,P'eng,566,Spain,Male,22.0,3,0.0,2,0.0,1.0,30781.77,0
10174,15761332,Scott,545,France,Male,29.0,10,0.0,2,1.0,0.0,120531.31,0
10175,15651389,Kay,526,Spain,Female,24.0,5,0.0,2,0.0,0.0,180962.32,0
10176,15679928,Ch'in,753,France,Female,26.0,2,127547.73,1,1.0,0.0,86638.6,0
10177,15772009,Maclean,847,France,Female,40.0,9,134950.19,1,0.0,0.0,67057.27,0
10178,15593948,Li Fonti,713,Germany,Female,36.0,3,123845.86,1,0.0,0.0,85898.13,1
10179,15580249,Cartwright,629,France,Female,34.0,2,0.0,2,1.0,0.0,126812.85,0
10180,15611331,Mazzanti,583,France,Male,42.0,5,61481.07,1,1.0,1.0,94915.71,0
10181,15809509,Brown,708,France,Male,33.0,6,125689.29,1,1.0,1.0,151623.71,0
10182,15662263,Nwokezuike,612,Spain,Female,32.0,9,0.0,2,1.0,1.0,165082.25,0
10183,15654700,Hao,677,France,Female,38.0,9,0.0,2,1.0,1.0,138875.38,0
10184,15624781,Mbanefo,684,France,Female,34.0,2,142151.75,2,1.0,1.0,168753.34,0
10185,15757541,Ch'in,646,Germany,Male,35.0,3,121411.9,2,0.0,1.0,166677.35,0
10186,15640686,Genovesi,683,France,Male,37.0,3,161628.66,1,1.0,0.0,60988.21,0
10187,15806438,Chiu,727,France,Male,40.0,1,131778.66,1,1.0,0.0,38970.14,0
10188,15618695,Ts'ui,663,Spain,Male,22.0,3,0.0,2,0.0,1.0,53379.52,0
10189,15623658,Trevisani,637,Germany,Male,42.0,2,142876.56,2,1.0,0.0,187911.74,0
10190,15610930,Hsueh,666,Spain,Male,40.0,4,0.0,2,1.0,0.0,104889.2,0
10191,15583049,Wallace,643,Germany,Female,34.0,7,160426.07,1,1.0,1.0,188533.11,0
10192,15738954,Pisano,551,France,Female,35.0,7,0.0,2,1.0,1.0,86957.42,0
10193,15785869,Pisano,594,Germany,Male,25.0,9,108380.72,2,0.0,1.0,124071.71,0
10194,15697310,O'Callaghan,559,France,Female,33.0,3,152264.81,1,0.0,0.0,64242.31,0
10195,15798256,Takasuka,558,France,Female,45.0,1,153697.53,2,1.0,0.0,89891.4,0
10196,15585067,Onyemere,745,France,Male,38.0,3,0.0,1,0.0,1.0,84760.92,0
10197,15622370,Boyle,729,France,Male,46.0,6,0.0,1,0.0,0.0,3554.63,0
10198,15782418,Edith,700,France,Female,30.0,8,0.0,2,1.0,1.0,105305.72,0
10199,15692991,P'eng,705,France,Male,29.0,10,0.0,1,1.0,1.0,64849.74,0
10200,15620276,Palermo,696,Spain,Male,43.0,4,118945.09,1,1.0,0.0,18732.84,0
10201,15813877,Teng,694,France,Female,41.0,2,0.0,1,0.0,0.0,101839.79,1
10202,15737735,Grant,613,Spain,Male,52.0,3,95053.1,1,1.0,1.0,116816.54,1
10203,15613772,Moore,705,Germany,Male,33.0,1,133776.86,1,0.0,0.0,55857.48,0
10204,15720509,Nwabugwu,662,Spain,Male,31.0,5,0.0,2,0.0,0.0,162599.51,0
10205,15726153,Fanucci,823,Spain,Female,28.0,4,106250.72,2,1.0,0.0,2578.43,0
10206,15578211,Connolly,687,Spain,Male,25.0,2,172463.45,1,1.0,0.0,40315.27,0
10207,15585350,O'Donnell,613,France,Female,57.0,5,145751.03,1,1.0,0.0,111285.85,1
10208,15691817,Obiajulu,629,France,Male,43.0,10,0.0,2,1.0,1.0,72930.17,0
10209,15806926,Ts'ui,589,Spain,Male,37.0,4,0.0,1,1.0,1.0,87071.18,0
10210,15798850,T'ang,766,France,Female,33.0,7,136082.0,2,1.0,0.0,62746.54,0
10211,15791131,Olisanugo,697,France,Female,67.0,9,0.0,1,1.0,1.0,12917.19,1
10212,15651802,Udokamma,721,Germany,Female,66.0,8,105473.74,1,1.0,1.0,181603.6,1
10213,15596962,Tretiakova,603,France,Male,32.0,9,0.0,1,1.0,1.0,61312.15,0
10214,15681115,Tung,742,France,Female,32.0,4,84524.79,1,1.0,1.0,13075.03,0
10215,15778884,Jamieson,809,Germany,Female,38.0,2,154763.21,2,1.0,1.0,174800.31,0
10216,15795954,Iweobiegbunam,733,France,Female,41.0,4,118317.27,1,1.0,0.0,83499.89,0
10217,15724150,Tsao,573,France,Female,41.0,4,139840.36,1,1.0,0.0,152479.64,1
10218,15760063,Milanesi,755,France,Female,38.0,1,0.0,2,1.0,1.0,177738.98,0
10219,15687884,Alekseyeva,677,France,Female,37.0,3,88363.03,1,0.0,0.0,117946.3,0
10220,15709142,Piazza,652,Spain,Male,43.0,1,0.0,2,1.0,1.0,53356.47,0
10221,15711742,Miller,768,Germany,Male,50.0,7,142882.49,1,0.0,1.0,173629.78,0
10222,15733303,Genovese,746,France,Male,59.0,3,107712.57,1,1.0,0.0,50783.1,1
10223,15719352,P'eng,516,France,Male,43.0,3,0.0,1,0.0,0.0,103889.41,0
10224,15687946,Ch'en,527,Germany,Female,38.0,2,131063.22,1,1.0,1.0,147964.57,1
10225,15569503,Obiajulu,706,Spain,Male,35.0,4,106471.58,2,1.0,1.0,137959.2,0
10226,15592645,Zuyeva,732,Spain,Female,46.0,6,0.0,3,1.0,1.0,158032.5,1
10227,15788483,Folliero,752,France,Female,42.0,9,0.0,2,0.0,0.0,170819.53,0
10228,15603378,Padovano,768,France,Female,36.0,9,0.0,2,0.0,1.0,125870.79,0
10229,15799211,Hayes,527,France,Male,38.0,4,0.0,2,1.0,1.0,125979.36,0
10230,15774872,Joslin,733,France,Male,36.0,5,0.0,2,0.0,0.0,136349.55,0
10231,15783958,Macintyre,624,France,Male,38.0,2,0.0,2,1.0,0.0,147550.36,0
10232,15697606,Sturdee,754,Germany,Female,26.0,1,125712.2,1,0.0,0.0,175072.47,1
10233,15776825,Moseley,539,France,Female,24.0,3,129890.76,1,1.0,1.0,106963.41,0
10234,15643294,Robinson,703,France,Male,33.0,2,190566.65,1,0.0,1.0,79997.14,0
10235,15772329,Fiorentino,606,Spain,Male,49.0,7,0.0,1,1.0,0.0,90876.95,1
10236,15780561,Hay,686,France,Female,34.0,4,0.0,2,1.0,0.0,72927.68,0
10237,15580213,Mazzanti,825,France,Male,20.0,2,137761.95,1,1.0,1.0,105760.79,0
10238,15754072,Teng,713,Spain,Female,44.0,4,0.0,2,0.0,0.0,180800.42,0
10239,15738715,Chiu,600,France,Male,47.0,4,0.0,2,0.0,1.0,7312.25,0
10240,15645839,Yudin,570,France,Female,45.0,3,0.0,1,1.0,0.0,187758.5,1
10241,15668747,White,699,France,Female,33.0,3,0.0,2,1.0,0.0,147055.87,0
10242,15669922,Martin,744,Germany,Female,31.0,4,130812.91,1,1.0,0.0,27231.26,1
10243,15575247,Chiekwugo,567,Germany,Female,47.0,1,126447.4,1,1.0,0.0,165558.71,1
10244,15634950,Genovese,706,France,Male,31.0,4,0.0,2,1.0,1.0,135088.73,0
10245,15570895,Ch'in,835,Germany,Male,56.0,5,163548.07,1,0.0,0.0,38866.85,1
10246,15570194,Onyekachi,710,France,Male,39.0,3,0.0,2,1.0,0.0,129964.5,0
10247,15639415,Thompson,654,France,Female,32.0,3,162442.35,1,1.0,0.0,183566.78,1
10248,15691823,Aksenov,743,France,Male,36.0,8,0.0,2,1.0,0.0,107876.2,0
10249,15718531,Ukaegbunam,753,France,Female,35.0,8,0.0,2,1.0,0.0,176779.46,0
10250,15584545,Aksenov,532,France,Female,40.0,5,106518.52,2,0.0,1.0,177099.71,0
10251,15642063,White,602,France,Female,29.0,5,98897.1,1,0.0,1.0,79919.13,0
10252,15581370,Frewin,662,France,Male,38.0,7,139496.35,1,1.0,1.0,77128.23,0
10253,15670866,Chiu,528,France,Male,32.0,7,0.0,2,1.0,0.0,107759.31,0
10254,15665460,Hsieh,679,Spain,Male,28.0,1,0.0,2,1.0,0.0,176713.47,0
10255,15777051,Nwankwo,753,Spain,Male,33.0,4,0.0,1,1.0,0.0,54474.48,1
10256,15611223,Bull,653,France,Male,22.0,5,0.0,2,1.0,1.0,99828.45,0
10257,15704284,McNaughtan,721,Spain,Female,47.0,1,70417.79,2,0.0,1.0,107874.39,0
10258,15690620,Olisaemeka,507,France,Female,43.0,8,113452.66,2,1.0,0.0,30375.18,0
10259,15789413,Bailey,687,France,Male,44.0,3,0.0,1,1.0,1.0,75285.47,1
10260,15733303,Trevisano,553,France,Female,52.0,6,0.0,1,1.0,0.0,598.8,1
10261,15756870,Azubuike,650,Spain,Female,41.0,4,0.0,1,1.0,0.0,173516.71,0
10262,15737605,Martin,586,France,Female,46.0,4,0.0,2,1.0,0.0,128875.49,0
10263,15585835,T'ien,590,France,Female,40.0,2,0.0,3,0.0,0.0,142515.67,1
10264,15711457,Kibble,755,Spain,Female,43.0,9,0.0,4,1.0,0.0,110916.15,1
10265,15713578,Farrell,483,France,Female,48.0,3,0.0,1,1.0,1.0,111020.24,0
10266,15664543,Ch'ien,671,France,Male,38.0,6,146053.52,1,1.0,1.0,137519.58,0
10267,15647782,Brown,729,Spain,Male,36.0,8,0.0,2,0.0,0.0,177130.33,0
10268,15659800,Teng,689,Spain,Female,47.0,1,0.0,1,1.0,1.0,152567.75,0
10269,15684440,Monaldo,536,Germany,Male,31.0,2,92895.56,1,1.0,0.0,126033.9,0
10270,15696944,Maccallum,724,France,Male,36.0,8,0.0,1,0.0,0.0,80130.53,1
10271,15774551,Chidozie,635,Germany,Female,31.0,8,127560.42,1,1.0,1.0,157791.02,0
10272,15694518,Pinto,645,Spain,Male,36.0,2,0.0,2,1.0,0.0,106041.02,0
10273,15687913,Genovese,599,France,Male,34.0,9,0.0,2,1.0,0.0,102981.02,0
10274,15604792,Ch'ang,627,France,Male,33.0,2,0.0,2,1.0,1.0,193209.11,0
10275,15687413,Anenechi,571,Spain,Male,38.0,6,107193.82,2,0.0,1.0,38962.94,0
10276,15601550,Ijendu,619,Spain,Male,43.0,7,0.0,2,1.0,0.0,121364.61,0
10277,15570145,Chukwualuka,554,France,Male,67.0,3,0.0,2,1.0,1.0,103711.54,0
10278,15576219,Chinonyelum,731,France,Female,33.0,9,105848.69,2,1.0,1.0,87906.85,0
10279,15606507,Pisani,558,France,Male,24.0,5,0.0,2,1.0,0.0,27513.47,0
10280,15732672,Fanucci,746,Spain,Female,62.0,1,127997.72,1,0.0,1.0,103499.98,1
10281,15785024,Ts'ai,667,France,Male,48.0,4,0.0,2,1.0,0.0,117834.92,0
10282,15692631,Brown,743,France,Male,32.0,6,0.0,2,1.0,1.0,94875.52,0
10283,15750837,Combs,461,France,Female,39.0,8,148283.94,1,1.0,1.0,176791.27,0
10284,15797710,Lo,624,France,Female,51.0,9,0.0,1,1.0,0.0,118740.38,1
10285,15779522,Chijindum,655,France,Male,40.0,5,167735.69,1,1.0,1.0,113792.15,0
10286,15701765,Pye,708,France,Female,42.0,0,0.0,2,1.0,0.0,82522.61,0
10287,15694300,T'ien,707,France,Male,36.0,7,0.0,2,1.0,1.0,140941.47,0
10288,15651554,Tsao,593,France,Male,25.0,7,0.0,2,0.0,1.0,132424.69,0
10289,15765257,Gboliwe,711,France,Male,45.0,4,0.0,1,0.0,0.0,166694.77,1
10290,15730273,Mazzanti,661,Spain,Male,34.0,4,0.0,2,1.0,0.0,132468.41,0
10291,15798888,Chibugo,703,Spain,Male,28.0,9,98899.91,1,0.0,1.0,4777.23,0
10292,15760865,Fanucci,554,Spain,Female,48.0,4,0.0,2,1.0,1.0,170099.23,0
10293,15785819,Aksyonova,682,France,Male,38.0,1,0.0,2,1.0,0.0,175072.02,0
10294,15632572,Hsia,676,France,Male,49.0,7,0.0,1,1.0,1.0,95655.16,0
10295,15670066,Ch'iu,686,Germany,Female,49.0,3,117700.86,1,1.0,0.0,64400.08,1
10296,15604792,Mironova,553,Spain,Male,36.0,5,0.0,2,1.0,0.0,74593.79,0
10297,15776947,Chiedozie,675,France,Male,38.0,7,149762.08,1,1.0,0.0,163584.85,0
10298,15624471,T'ien,691,France,Male,30.0,3,0.0,2,1.0,1.0,143613.75,0
10299,15589949,Maclean,714,France,Male,25.0,4,0.0,2,1.0,0.0,93832.33,0
10300,15671342,Lucchese,584,Spain,Male,36.0,7,0.0,2,1.0,0.0,181208.47,0
10301,15730150,Nnaife,637,Germany,Female,40.0,3,144961.97,1,1.0,0.0,182728.8,1
10302,15660768,T'ien,716,France,Male,34.0,10,0.0,2,1.0,1.0,177065.24,0
10303,15640074,Ts'ui,678,France,Female,35.0,9,0.0,2,1.0,1.0,123663.63,0
10304,15592761,Chukwumaobim,710,France,Female,32.0,4,0.0,2,1.0,1.0,26900.59,0
10305,15786042,De Salis,812,France,Female,27.0,8,0.0,2,1.0,1.0,167237.94,0
10306,15653521,Hsueh,617,Spain,Female,36.0,2,0.0,2,1.0,0.0,146700.91,0
10307,15787035,Anderson,711,France,Female,42.0,8,0.0,2,1.0,0.0,152843.53,0
10308,15652914,Milanesi,773,Spain,Male,33.0,4,167878.5,2,1.0,1.0,149536.15,0
10309,15638751,Ch'eng,557,Germany,Female,26.0,4,151762.65,1,0.0,0.0,80552.51,1
10310,15621685,Cocci,561,France,Male,29.0,6,123757.52,2,1.0,0.0,84872.66,0
10311,15814032,Hsieh,807,Germany,Female,31.0,3,93460.47,1,0.0,0.0,172782.69,0
10312,15770041,Rizzo,627,Germany,Male,46.0,9,95900.04,1,1.0,0.0,189430.74,1
10313,15790336,Hsieh,707,Spain,Male,39.0,1,119655.77,1,1.0,1.0,82970.69,0
10314,15636023,O'Donnell,744,Spain,Female,40.0,10,128061.0,1,1.0,1.0,121562.33,0
10315,15641490,Chiawuotu,627,France,Male,45.0,1,142482.81,1,1.0,1.0,161878.81,0
10316,15760446,Hsiao,655,France,Male,49.0,1,0.0,1,1.0,0.0,168822.01,1
10317,15575024,Riddle,630,France,Male,57.0,1,0.0,2,1.0,1.0,35375.18,0
10318,15729582,Tseng,528,France,Female,28.0,9,0.0,2,1.0,1.0,92320.37,0
10319,15569432,Macleod,559,Spain,Male,48.0,9,96659.64,1,1.0,1.0,85240.61,0
10320,15701885,Maclean,739,France,Male,36.0,6,0.0,2,1.0,0.0,141446.01,0
10321,15658768,Fetherstonhaugh,742,Germany,Male,51.0,4,75592.43,1,1.0,1.0,157959.02,0
10322,15666430,Peck,682,France,Male,38.0,8,0.0,2,0.0,0.0,91763.67,0
10323,15798960,Chiazagomekpere,718,Germany,Male,28.0,1,106948.41,2,0.0,1.0,151912.92,0
10324,15682468,Hsia,628,Spain,Male,38.0,2,0.0,2,1.0,0.0,151325.19,0
10325,15701605,Mazzanti,663,Germany,Female,37.0,6,129837.72,1,1.0,1.0,177025.79,1
10326,15603594,Nwankwo,635,France,Male,24.0,4,0.0,2,1.0,1.0,70668.77,0
10327,15581968,Reid,841,France,Female,51.0,2,0.0,3,1.0,0.0,174431.01,1
10328,15804919,Chinomso,774,Germany,Male,32.0,4,152325.85,1,1.0,1.0,168816.22,0
10329,15726088,Nucci,622,Germany,Male,59.0,5,156678.58,1,1.0,1.0,57569.98,1
10330,15790763,Okwukwe,691,Spain,Female,39.0,9,0.0,2,1.0,1.0,102543.17,0
10331,15728082,Tien,673,France,Female,40.0,2,0.0,1,0.0,0.0,88890.05,0
10332,15749472,Brown,718,Germany,Female,44.0,8,128663.31,1,1.0,1.0,101311.95,0
10333,15741181,Ulyanov,731,Germany,Male,38.0,7,89750.06,1,1.0,0.0,75932.3,1
10334,15708917,Nwankwo,556,Spain,Male,47.0,1,135568.36,1,0.0,1.0,49872.44,0
10335,15602312,T'ang,686,France,Male,51.0,7,0.0,2,1.0,1.0,175096.74,0
10336,15690546,Shih,510,France,Female,36.0,5,0.0,2,0.0,1.0,163949.59,0
10337,15741032,Tsao,733,France,Male,32.0,5,0.0,1,0.0,1.0,117830.57,0
10338,15632439,Folliero,644,Germany,Female,45.0,5,108004.64,1,0.0,0.0,49503.5,1
10339,15571928,Hsia,749,France,Male,41.0,2,0.0,2,1.0,1.0,100447.53,0
10340,15791958,Whitehead,726,Germany,Female,30.0,9,123971.5,1,0.0,1.0,26170.24,0
10341,15804822,Hsia,597,France,Male,29.0,3,0.0,2,1.0,1.0,86927.53,0
10342,15655335,Sal,759,Spain,Male,25.0,6,0.0,2,0.0,0.0,48876.84,0
10343,15769005,Ritchie,701,France,Female,29.0,2,0.0,2,1.0,1.0,10963.04,0
10344,15605375,Zuyeva,641,France,Female,39.0,1,0.0,2,0.0,1.0,61315.17,0
10345,15706217,P'eng,717,Germany,Male,28.0,1,117466.03,2,1.0,1.0,34490.06,0
10346,15786680,Bianchi,805,Spain,Male,37.0,4,0.0,2,0.0,0.0,21928.81,1
10347,15782530,Chialuka,659,Germany,Female,28.0,4,121376.39,2,1.0,1.0,96891.79,0
10348,15765297,L?,725,France,Male,43.0,8,0.0,2,1.0,1.0,178229.04,0
10349,15605113,K'ung,439,Spain,Male,57.0,6,0.0,1,0.0,1.0,52862.99,0
10350,15783501,Hs?eh,681,Spain,Male,37.0,4,0.0,1,1.0,0.0,121592.5,0
10351,15768777,Nnaemeka,598,Spain,Female,34.0,7,0.0,2,0.0,1.0,74580.39,0
10352,15702293,Kisch,682,France,Female,31.0,0,0.0,2,1.0,1.0,86099.23,0
10353,15680449,Hsing,773,Spain,Female,25.0,4,0.0,2,1.0,1.0,57898.58,0
10354,15786904,Maclean,529,Germany,Male,27.0,9,125928.71,1,1.0,1.0,52865.01,0
10355,15622897,Sharpe,646,Germany,Female,35.0,7,94762.16,3,1.0,1.0,92243.94,1
10356,15793691,Ojiofor,779,Spain,Male,39.0,6,93822.44,2,1.0,0.0,131359.19,0
10357,15738191,Maclean,577,France,Male,35.0,6,0.0,1,0.0,1.0,124508.29,0
10358,15769125,Hsia,622,France,Female,38.0,5,0.0,2,1.0,1.0,111687.57,0
10359,15608886,Okwudiliolisa,679,Germany,Female,33.0,7,0.0,1,0.0,0.0,69608.48,0
10360,15777033,Okonkwo,704,France,Male,34.0,3,106901.42,1,1.0,0.0,167033.83,0
10361,15679969,Yashina,616,France,Female,34.0,4,0.0,1,1.0,0.0,176843.71,0
10362,15610936,Becher,562,France,Male,32.0,6,0.0,2,1.0,0.0,111590.35,0
10363,15793941,Onyemauchechukwu,792,France,Male,34.0,3,0.0,1,0.0,0.0,141872.09,0
10364,15598046,Pisani,594,Spain,Male,24.0,4,0.0,2,1.0,0.0,91402.61,0
10365,15608528,Munro,645,France,Female,68.0,2,0.0,4,1.0,0.0,176353.87,0
10366,15803801,Pagnotto,619,France,Male,40.0,4,0.0,2,1.0,0.0,71594.26,0
10367,15782530,Kao,639,France,Female,45.0,1,0.0,1,1.0,1.0,163477.22,1
10368,15594827,Palermo,588,France,Female,35.0,0,0.0,2,1.0,1.0,161971.42,0
10369,15774192,Nnachetam,577,France,Male,29.0,8,0.0,2,1.0,1.0,126475.79,0
10370,15736463,Ritchie,685,France,Female,34.0,4,161626.66,1,1.0,1.0,131300.72,0
10371,15720649,Fanucci,657,Spain,Male,58.0,5,0.0,2,1.0,1.0,70563.9,0
10372,15683522,Calabrese,667,Germany,Male,55.0,4,123744.28,1,0.0,1.0,177524.19,1
10373,15769582,Udokamma,543,France,Female,36.0,7,0.0,2,1.0,1.0,180345.24,0
10374,15728693,McWilliams,584,Germany,Female,41.0,4,141784.02,1,1.0,1.0,52367.29,0
10375,15594915,Onyekaozulu,641,Spain,Male,35.0,1,123737.95,1,1.0,0.0,93795.88,0
10376,15589544,Brown,591,France,Male,41.0,9,0.0,2,0.0,1.0,179689.07,0
10377,15802486,Lucchese,775,Spain,Male,35.0,9,0.0,2,0.0,1.0,87400.53,0
10378,15684484,White,543,France,Male,22.0,8,0.0,2,1.0,0.0,127587.22,0
10379,15636700,Folliero,675,France,Male,67.0,3,138162.81,2,1.0,1.0,57856.66,0
10380,15729224,Shih,679,Spain,Male,39.0,7,0.0,2,0.0,1.0,94554.74,0
10381,15682467,Udegbulam,684,France,Male,34.0,4,149961.99,2,0.0,1.0,10078.02,0
10382,15749381,Yermakov,590,France,Female,41.0,4,102749.72,3,1.0,0.0,194913.86,1
10383,15768574,Anderson,794,Spain,Male,34.0,1,0.0,2,1.0,1.0,156768.45,0
10384,15570990,Chuang,620,Germany,Male,37.0,0,98926.49,1,1.0,0.0,65416.38,1
10385,15575024,Palerma,716,Spain,Male,33.0,3,133970.21,1,1.0,0.0,92940.59,0
10386,15794477,Ch'eng,587,France,Male,48.0,7,0.0,1,1.0,0.0,9904.63,1
10387,15674720,Tsou,591,France,Female,45.0,6,0.0,2,1.0,0.0,121138.77,0
10388,15677336,Aitken,557,Germany,Female,61.0,1,120043.13,1,1.0,0.0,132370.75,1
10389,15582977,Chuang,537,Germany,Female,43.0,7,123082.83,1,0.0,0.0,54239.71,1
10390,15690169,Tien,652,Germany,Male,51.0,4,148061.89,1,0.0,1.0,177740.58,1
10391,15785879,Yobachukwu,645,Germany,Female,30.0,4,142929.16,2,0.0,0.0,156774.94,0
10392,15593773,Onwuamaeze,600,France,Female,35.0,5,106414.25,1,1.0,1.0,79555.05,0
10393,15760446,Hsing,519,Germany,Female,34.0,9,128743.55,1,1.0,0.0,134869.93,1
10394,15712777,Palerma,724,Spain,Female,37.0,2,0.0,2,1.0,1.0,172576.6,0
10395,15773876,Tung,655,Spain,Female,34.0,3,0.0,2,1.0,0.0,159638.77,0
10396,15600174,Olisanugo,754,Spain,Female,28.0,8,0.0,2,1.0,1.0,110916.15,0
10397,15658486,Gidney,728,Spain,Female,59.0,8,148021.12,1,1.0,1.0,74870.99,1
10398,15581525,Genovese,714,Spain,Female,35.0,6,0.0,2,1.0,0.0,166031.72,0
10399,15580146,Hung,623,Spain,Male,31.0,2,0.0,2,1.0,1.0,41970.72,0
10400,15788291,Iredale,559,France,Male,28.0,1,149989.39,1,1.0,1.0,67622.46,0
10401,15605804,Y?,544,France,Female,54.0,1,0.0,2,1.0,1.0,149962.61,0
10402,15684519,Ts'ui,613,France,Male,42.0,9,0.0,2,1.0,1.0,121409.09,0
10403,15576774,Hsueh,712,France,Male,39.0,7,114731.76,1,1.0,1.0,59601.15,0
10404,15807524,Gresswell,743,France,Male,60.0,9,0.0,1,1.0,1.0,173783.98,1
10405,15799300,Hs?,557,France,Male,21.0,4,155973.76,1,1.0,0.0,27286.2,0
10406,15723411,Sal,701,France,Female,35.0,2,103465.02,1,1.0,1.0,165626.6,0
10407,15686963,DeRose,626,France,Male,33.0,8,0.0,2,1.0,0.0,138504.28,0
10408,15792926,Nucci,558,France,Female,30.0,1,0.0,1,0.0,0.0,178028.96,0
10409,15715512,Chang,850,Germany,Male,59.0,1,154640.41,1,1.0,0.0,164039.51,1
10410,15779522,O'Connor,620,France,Female,32.0,0,136789.14,1,1.0,1.0,34665.79,0
10411,15750264,Pinto,805,France,Female,39.0,6,0.0,2,1.0,0.0,148579.43,0
10412,15775886,Fanucci,605,France,Male,27.0,6,0.0,2,1.0,1.0,157071.05,0
10413,15700749,Powell,481,France,Female,43.0,6,0.0,2,1.0,1.0,24677.54,0
10414,15809248,Cole,524,France,Female,36.0,10,0.0,2,0.0,1.0,109614.57,0
10415,15631170,Liao,710,France,Male,41.0,5,86053.52,1,1.0,1.0,138527.56,0
10416,15792381,Chiemenam,658,Spain,Female,41.0,2,111524.66,1,0.0,0.0,51354.87,0
10417,15795732,Palerma,704,France,Female,41.0,8,142576.31,1,1.0,0.0,187595.9,0
10418,15683974,Akeroyd,552,France,Female,47.0,9,0.0,2,0.0,1.0,67364.46,0
10419,15772337,Scott,659,France,Male,41.0,9,141441.75,1,1.0,0.0,193014.26,0
10420,15810942,Chiemela,445,Germany,Female,62.0,2,137655.31,1,0.0,1.0,29909.84,0
10421,15585855,Palerma,824,France,Female,30.0,6,182364.54,2,0.0,0.0,132468.76,0
10422,15724254,Tsao,554,Spain,Male,44.0,5,161592.18,1,1.0,0.0,92277.47,1
10423,15587584,Cook,751,France,Male,33.0,1,0.0,2,1.0,0.0,176921.0,0
10424,15727041,Fiorentini,624,France,Male,71.0,1,0.0,2,1.0,1.0,108841.83,0
10425,15680370,Trevisani,492,France,Male,32.0,7,0.0,2,0.0,0.0,71323.23,0
10426,15597901,Tuan,850,Germany,Female,40.0,9,121428.51,1,1.0,0.0,92913.28,0
10427,15651093,Chien,684,Germany,Female,55.0,1,177626.77,1,0.0,0.0,54409.48,0
10428,15583332,Nwachinemelu,596,Spain,Male,39.0,6,0.0,2,1.0,1.0,184856.69,0
10429,15593973,Mazzanti,593,France,Female,35.0,10,0.0,1,1.0,0.0,156476.36,1
10430,15591717,Chiang,628,Germany,Female,51.0,8,103817.19,1,1.0,1.0,44001.11,1
10431,15713144,Ingrassia,713,Spain,Male,26.0,8,0.0,2,1.0,0.0,61931.21,0
10432,15765173,Ibezimako,679,France,Female,39.0,0,102945.01,1,1.0,1.0,5962.3,0
10433,15632125,White,641,France,Female,30.0,8,129732.39,1,1.0,1.0,101637.81,0
10434,15646521,Fan,634,France,Female,46.0,9,0.0,1,1.0,1.0,143960.72,0
10435,15618182,Ozerova,754,France,Male,34.0,2,0.0,2,1.0,0.0,47729.33,0
10436,15624755,Pepper,706,Germany,Female,27.0,8,122531.86,1,1.0,1.0,35179.18,0
10437,15622575,Nnaife,739,Germany,Female,31.0,1,152092.44,2,1.0,0.0,187905.12,0
10438,15803925,Chukwukadibia,545,France,Male,26.0,8,123974.38,1,0.0,0.0,174778.14,0
10439,15590993,Findlay,516,Spain,Male,37.0,5,152212.88,2,0.0,0.0,120219.14,1
10440,15697034,Onyemauchechukwu,718,France,Male,36.0,2,0.0,2,1.0,0.0,174098.28,0
10441,15724154,Lo Duca,719,France,Female,32.0,4,124974.79,2,1.0,1.0,135784.94,0
10442,15814675,Chien,642,Germany,Female,39.0,9,128264.03,2,1.0,1.0,61792.76,0
10443,15690130,Chukwubuikem,607,Spain,Male,45.0,3,76595.08,2,1.0,0.0,169802.73,0
10444,15777797,Bogdanov,634,France,Male,27.0,9,0.0,2,1.0,1.0,52525.15,0
10445,15769169,Trentino,690,France,Male,23.0,6,0.0,1,1.0,0.0,28667.56,0
10446,15616931,Moore,596,Spain,Female,42.0,1,102768.42,1,1.0,0.0,55663.85,1
10447,15683818,Maclean,709,Germany,Male,29.0,5,91955.56,2,1.0,1.0,65979.54,0
10448,15682532,Onyeoruru,632,France,Male,34.0,4,140133.11,1,1.0,1.0,161460.01,0
10449,15693817,Yobanna,697,Germany,Female,33.0,3,121542.57,2,1.0,1.0,86767.48,0
10450,15652949,Liao,650,France,Male,41.0,0,121629.22,1,1.0,0.0,98657.01,0
10451,15777783,Milanesi,554,France,Male,39.0,2,0.0,2,1.0,0.0,57531.87,0
10452,15797293,Brown,803,France,Male,39.0,5,86568.75,1,1.0,0.0,176750.81,0
10453,15654531,Tuan,477,France,Male,31.0,5,82559.42,2,0.0,0.0,163112.9,0
10454,15672447,Bage,632,France,Male,34.0,2,0.0,1,1.0,1.0,91573.19,0
10455,15605325,Houghton,594,Germany,Female,52.0,3,102955.16,2,0.0,1.0,179144.01,0
10456,15790846,Bell,717,France,Male,39.0,9,0.0,2,1.0,0.0,66979.06,0
10457,15632570,Hs?,596,France,Male,38.0,3,0.0,2,1.0,0.0,80590.48,0
10458,15702293,Medvedeva,588,Spain,Male,35.0,10,0.0,2,1.0,1.0,108739.15,0
10459,15761733,Lo Duca,838,Germany,Female,38.0,4,62812.17,1,1.0,1.0,118897.56,1
10460,15742210,Fink,645,France,Female,37.0,8,0.0,2,1.0,0.0,171657.57,0
10461,15694098,Jackson,658,France,Female,47.0,9,0.0,1,0.0,1.0,170563.73,1
10462,15638610,Kennedy,635,Germany,Female,65.0,5,117325.54,1,1.0,1.0,155799.86,0
10463,15617705,Ozioma,714,France,Male,29.0,5,141675.23,1,1.0,0.0,175664.25,0
10464,15793331,Blair,741,Spain,Male,32.0,5,0.0,2,1.0,0.0,89804.83,1
10465,15602909,Akabueze,693,Spain,Female,43.0,7,0.0,1,1.0,0.0,126142.24,1
10466,15625247,Scott,807,France,Male,57.0,1,0.0,2,1.0,1.0,114448.13,0
10467,15665590,Trevisano,584,Spain,Male,29.0,3,0.0,1,1.0,1.0,145789.71,0
10468,15778025,Hsing,733,Spain,Female,33.0,1,97795.31,1,1.0,1.0,59553.37,0
10469,15793317,T'ao,596,Spain,Female,30.0,4,0.0,1,1.0,0.0,151459.26,0
10470,15638047,Ozerova,576,Germany,Female,26.0,6,88837.09,1,1.0,1.0,133572.41,0
10471,15803365,Scott,653,Spain,Male,33.0,4,0.0,2,1.0,0.0,175224.12,0
10472,15735078,Onwughara,705,Germany,Male,33.0,9,142905.51,1,0.0,1.0,12913.92,0
10473,15683544,Ch'in,652,Spain,Female,46.0,2,0.0,2,1.0,0.0,1235.75,0
10474,15614087,Ts'ui,850,France,Female,33.0,9,0.0,2,1.0,1.0,62402.38,0
10475,15581525,Chiemeka,632,Germany,Male,45.0,4,124695.72,2,1.0,0.0,187194.15,0
10476,15585961,Li Fonti,746,Spain,Male,26.0,9,0.0,2,0.0,1.0,67939.89,0
10477,15735263,Isaacs,714,Germany,Female,54.0,3,118449.21,1,1.0,0.0,125424.42,0
10478,15606158,Wood,707,Germany,Female,33.0,7,106807.64,2,0.0,0.0,37140.2,0
10479,15690134,Iweobiegbunam,669,Spain,Female,49.0,7,0.0,1,1.0,0.0,173840.19,0
10480,15708916,T'ao,637,France,Male,38.0,1,0.0,2,1.0,1.0,157058.97,0
10481,15756036,Trevisani,775,Germany,Male,55.0,9,90721.71,3,0.0,0.0,158049.37,1
10482,15605826,Yermolayeva,596,France,Male,37.0,7,0.0,2,1.0,0.0,117848.34,0
10483,15681220,Chijioke,722,Germany,Female,39.0,5,128504.76,2,1.0,0.0,124411.08,0
10484,15582847,Maclean,679,Spain,Female,33.0,8,0.0,2,1.0,0.0,72993.67,0
10485,15808017,Cary,645,France,Male,38.0,9,88293.13,1,1.0,1.0,24302.95,0
10486,15588854,L?,731,Spain,Male,37.0,8,0.0,2,1.0,1.0,176614.86,0
10487,15672930,McIntyre,667,Spain,Male,46.0,9,0.0,1,1.0,0.0,167768.25,1
10488,15618245,Ch'ang,569,France,Female,35.0,6,0.0,2,1.0,1.0,40893.61,0
10489,15667438,Ferguson,714,France,Male,38.0,2,104016.88,2,1.0,1.0,22068.83,0
10490,15803888,Yobachukwu,578,Spain,Male,35.0,4,0.0,2,0.0,1.0,163983.99,0
10491,15709478,P'an,611,France,Male,37.0,1,0.0,2,0.0,1.0,161064.29,0
10492,15694765,Hao,558,Germany,Female,55.0,3,126776.3,1,1.0,0.0,171035.38,1
10493,15662294,Bennett,724,France,Female,38.0,2,117810.79,1,0.0,1.0,120512.08,0
10494,15756563,Olisanugo,697,France,Male,33.0,5,0.0,2,1.0,0.0,153960.92,0
10495,15797767,Iqbal,645,France,Female,48.0,2,90612.34,1,1.0,1.0,149139.13,0
10496,15707571,Hsieh,686,Germany,Male,37.0,2,126442.56,2,1.0,1.0,147090.65,0
10497,15702380,Dyer,645,France,Female,35.0,3,96423.84,1,0.0,0.0,138021.36,0
10498,15691910,Okorie,732,Spain,Male,57.0,7,0.0,2,0.0,1.0,141148.21,0
10499,15601184,Manna,512,Germany,Female,49.0,6,105799.32,2,1.0,1.0,169156.64,1
10500,15680685,Hs?eh,577,France,Male,34.0,6,0.0,1,0.0,0.0,171378.77,1
10501,15650313,Okonkwo,629,Germany,Male,35.0,9,129472.33,1,1.0,1.0,85179.48,0
10502,15681439,Marshall,649,Germany,Male,36.0,9,129834.67,1,1.0,0.0,172363.52,1
10503,15614834,Yeh,641,Spain,Female,31.0,10,179852.26,1,1.0,0.0,102299.81,0
10504,15637315,Hsieh,678,France,Male,36.0,6,0.0,2,1.0,1.0,148516.79,0
10505,15743817,Kambinachi,704,France,Male,40.0,4,97338.19,1,1.0,0.0,162734.31,0
10506,15606076,Pinto,709,France,Male,38.0,7,0.0,2,1.0,0.0,134878.19,0
10507,15792986,T'ao,580,Germany,Male,24.0,1,133811.78,2,1.0,1.0,17185.95,0
10508,15752097,Chiazagomekpere,777,Spain,Male,39.0,5,99640.89,1,1.0,0.0,12429.22,0
10509,15758513,Clements,583,France,Male,34.0,10,133701.05,1,1.0,0.0,101300.94,0
10510,15586674,Hsieh,641,France,Female,34.0,7,167772.04,1,1.0,0.0,103764.94,0
10511,15622658,Lai,551,Spain,Male,24.0,5,144258.52,1,1.0,0.0,49778.79,1
10512,15772381,Baresi,534,Spain,Female,57.0,9,0.0,1,1.0,1.0,160122.66,0
10513,15760774,Manna,507,France,Female,38.0,6,142081.82,1,1.0,1.0,80618.09,0
10514,15706071,Hsia,586,Germany,Male,46.0,1,141461.06,2,1.0,0.0,116858.2,1
10515,15658548,Hsing,485,France,Male,44.0,6,0.0,2,1.0,1.0,170984.97,0
10516,15576723,Ts'ai,736,France,Female,37.0,7,0.0,2,0.0,1.0,194270.91,0
10517,15732621,Mazzanti,718,France,Male,35.0,3,0.0,1,0.0,1.0,75574.48,0
10518,15743478,Johnson,659,Germany,Female,39.0,8,52106.33,1,1.0,1.0,107964.36,0
10519,15593470,Tu,564,Germany,Male,23.0,8,103522.75,2,1.0,1.0,3430.38,0
10520,15674910,Hsia,592,France,Male,46.0,6,0.0,2,1.0,0.0,140138.97,0
10521,15727197,P'eng,439,France,Female,44.0,6,83442.98,1,1.0,0.0,126012.57,0
10522,15763095,Ch'iu,731,Spain,Female,27.0,2,116121.51,1,1.0,1.0,163675.61,0
10523,15668830,Maclean,815,France,Female,37.0,9,152812.23,1,1.0,0.0,38131.73,1
10524,15581525,Milano,479,Germany,Male,34.0,3,133936.05,1,1.0,0.0,51364.25,1
10525,15765461,Grant,596,Germany,Male,38.0,3,123544.21,2,1.0,1.0,120314.75,0
10526,15737080,Boni,559,France,Male,32.0,4,132951.92,1,1.0,0.0,187740.04,0
10527,15579617,Sinclair,489,France,Female,51.0,6,0.0,2,0.0,1.0,174098.28,0
10528,15585892,Wang,569,France,Male,34.0,4,0.0,2,1.0,1.0,164357.1,0
10529,15805429,Tuan,659,Spain,Male,31.0,9,111871.93,1,0.0,1.0,173870.39,0
10530,15651075,Chibugo,675,Spain,Male,37.0,6,87894.26,1,0.0,0.0,50390.98,0
10531,15637993,Pokrovsky,711,France,Male,36.0,9,137688.71,2,0.0,1.0,46884.1,0
10532,15704588,Ts'ui,733,France,Female,42.0,8,0.0,2,1.0,0.0,84920.37,0
10533,15706764,Lo,751,Spain,Female,47.0,2,132435.11,1,1.0,1.0,61820.41,1
10534,15700511,Yobachi,663,France,Male,35.0,7,0.0,2,0.0,1.0,120512.08,0
10535,15600912,Chidubem,584,Germany,Female,46.0,1,117438.92,1,1.0,0.0,116766.79,1
10536,15598882,Milano,615,France,Female,37.0,6,0.0,2,0.0,1.0,57531.14,0
10537,15700627,Chiekwugo,684,Germany,Male,41.0,1,88977.52,1,1.0,0.0,52337.58,1
10538,15727391,Collier,646,France,Male,29.0,9,0.0,2,1.0,0.0,143454.95,0
10539,15607874,Smith,757,France,Female,37.0,7,0.0,2,1.0,1.0,168515.61,0
10540,15702909,Tsao,704,France,Female,34.0,2,0.0,1,1.0,0.0,99444.05,0
10541,15797760,Fyans,805,France,Male,38.0,8,0.0,2,0.0,1.0,186489.95,0
10542,15679884,Hs?,544,France,Male,48.0,4,0.0,2,1.0,1.0,103713.93,0
10543,15783029,Scott,731,Spain,Male,31.0,7,0.0,2,1.0,0.0,24234.11,0
10544,15586069,Kao,569,France,Male,35.0,6,0.0,2,1.0,1.0,182775.08,0
10545,15690743,Shao,627,Spain,Female,37.0,1,0.0,2,1.0,1.0,40357.39,0
10546,15758056,T'ien,744,France,Female,30.0,6,117412.44,1,1.0,1.0,79638.57,0
10547,15734177,Donahue,686,France,Female,40.0,5,0.0,2,1.0,1.0,152992.04,0
10548,15716605,Chukwufumnanya,634,Germany,Female,24.0,7,103099.17,2,1.0,0.0,173276.62,0
10549,15592846,She,683,Germany,Male,64.0,2,128751.65,2,1.0,0.0,189353.37,0
10550,15645496,Seleznyova,603,France,Male,42.0,8,0.0,2,1.0,1.0,169915.02,0
10551,15804053,Maclean,748,Germany,Male,33.0,5,146851.79,1,1.0,0.0,177738.96,1
10552,15683947,Nucci,579,France,Male,29.0,3,0.0,2,1.0,1.0,163587.32,0
10553,15737047,Cremonesi,677,Germany,Female,36.0,7,122552.48,2,1.0,0.0,53581.19,0
10554,15603743,Onyemauchechukwu,633,Spain,Female,47.0,2,0.0,1,0.0,1.0,93832.33,0
10555,15753837,Fang,747,France,Female,41.0,8,0.0,1,1.0,0.0,187911.8,1
10556,15642785,Yocum,581,France,Female,38.0,3,0.0,2,0.0,0.0,174918.72,0
10557,15643908,Trevisani,649,France,Male,40.0,5,0.0,2,0.0,1.0,146891.07,0
10558,15592078,Davide,577,Germany,Female,43.0,8,123599.49,1,1.0,0.0,1676.92,1
10559,15789563,Uspenskaya,607,France,Male,39.0,9,0.0,2,1.0,0.0,120512.08,1
10560,15702566,O'Brien,653,France,Female,31.0,9,0.0,2,1.0,1.0,145593.85,0
10561,15572408,Kung,776,France,Female,30.0,2,0.0,2,1.0,1.0,143301.49,0
10562,15659399,Hughes,600,Germany,Female,50.0,5,143734.01,2,1.0,1.0,175043.69,0
10563,15681887,H?,679,France,Female,29.0,6,0.0,1,1.0,1.0,54949.73,0
10564,15659486,Y?,632,Germany,Female,50.0,7,106518.76,2,0.0,0.0,176725.98,1
10565,15646726,Crawford,579,France,Male,43.0,5,0.0,2,1.0,0.0,63833.09,0
10566,15567855,Chukwufumnanya,623,France,Male,29.0,1,0.0,2,1.0,0.0,39382.06,0
10567,15765322,Chibueze,743,Germany,Male,36.0,9,141791.77,2,1.0,1.0,133051.21,0
10568,15598884,Onwubiko,763,France,Male,40.0,8,0.0,2,1.0,0.0,143665.44,0
10569,15668521,Jamieson,693,France,Male,43.0,4,0.0,3,1.0,1.0,82867.55,1
10570,15631756,Tuan,482,France,Female,35.0,5,147813.05,1,1.0,0.0,109029.72,0
10571,15649418,Repina,739,Germany,Male,45.0,2,119148.55,2,1.0,1.0,149740.22,0
10572,15659736,Titheradge,598,France,Male,43.0,3,0.0,1,1.0,1.0,38186.84,1
10573,15738785,Clements,735,France,Male,35.0,7,0.0,2,1.0,0.0,122547.03,0
10574,15783522,Nkemjika,651,Germany,Female,32.0,4,107592.89,2,1.0,1.0,43982.41,0
10575,15775294,Pirozzi,649,Spain,Female,40.0,1,0.0,2,0.0,0.0,176783.37,0
10576,15679909,P'an,624,France,Male,34.0,8,0.0,2,1.0,1.0,159800.16,0
10577,15786418,Bellucci,695,France,Female,42.0,3,0.0,2,1.0,1.0,123435.05,0
10578,15802570,Maclean,516,France,Female,40.0,6,0.0,1,1.0,0.0,184350.24,0
10579,15694864,Nwachukwu,593,France,Male,29.0,1,171982.95,1,0.0,0.0,142834.64,0
10580,15792525,L?,662,France,Female,40.0,7,0.0,2,1.0,1.0,72757.33,0
10581,15756539,Ts'ai,619,France,Male,59.0,10,0.0,2,1.0,1.0,132702.64,0
10582,15578747,Lucchese,659,France,Female,35.0,8,0.0,1,1.0,0.0,88791.84,0
10583,15626114,O'Brien,642,France,Female,40.0,3,0.0,1,1.0,0.0,181694.44,1
10584,15748072,T'ao,724,France,Male,36.0,2,76656.4,1,1.0,0.0,91573.39,0
10585,15692137,Jen,759,France,Male,46.0,2,0.0,1,1.0,1.0,138380.11,0
10586,15602929,Zikoranachidimma,705,France,Male,38.0,4,0.0,1,1.0,1.0,181208.47,0
10587,15612193,Hsia,665,Spain,Male,45.0,3,115545.33,1,0.0,1.0,148256.43,0
10588,15585855,Schneider,691,France,Male,36.0,5,0.0,2,0.0,1.0,40062.29,0
10589,15712121,Chidimma,657,France,Male,34.0,7,0.0,2,0.0,1.0,27738.01,0
10590,15664227,Pinto,623,Spain,Female,29.0,4,0.0,2,1.0,1.0,127569.8,0
10591,15792862,Otutodilinna,724,Germany,Male,23.0,5,102772.67,2,1.0,0.0,117832.39,0
10592,15592994,Nwankwo,710,France,Male,36.0,3,121235.13,1,1.0,1.0,127633.75,0
10593,15767367,Li,833,France,Male,43.0,1,0.0,2,1.0,1.0,93702.98,0
10594,15727688,Y?an,553,France,Male,37.0,7,0.0,2,1.0,1.0,111097.27,0
10595,15713094,Siciliani,691,France,Male,38.0,1,0.0,2,0.0,1.0,100408.31,0
10596,15611157,McElhone,709,France,Male,32.0,4,87814.89,1,1.0,0.0,138578.37,0
10597,15706585,Uspensky,656,France,Male,31.0,7,0.0,2,0.0,1.0,94548.64,0
10598,15605818,Udegbulam,715,France,Male,32.0,1,0.0,2,1.0,1.0,148775.35,0
10599,15769005,Pisani,770,Germany,Male,60.0,2,99812.88,2,1.0,1.0,57945.45,0
10600,15756481,McGregor,745,Germany,Male,28.0,4,133658.24,2,0.0,1.0,177025.79,0
10601,15620507,Siciliani,689,Germany,Male,30.0,7,151510.17,1,0.0,1.0,27011.8,0
10602,15751207,Pisani,663,France,Female,27.0,8,0.0,2,1.0,1.0,175076.67,0
10603,15810944,Nkemakolam,664,France,Male,35.0,3,0.0,2,1.0,0.0,122381.02,0
10604,15777586,Obiajulu,651,Spain,Female,41.0,2,91955.61,1,1.0,1.0,112202.64,0
10605,15792668,L?,679,Spain,Female,62.0,1,0.0,2,1.0,1.0,72462.75,0
10606,15697035,Purdy,724,France,Male,52.0,9,0.0,1,0.0,0.0,161449.95,1
10607,15809654,Ukaegbunam,684,Spain,Female,40.0,3,0.0,1,1.0,1.0,83022.88,0
10608,15792679,Uspensky,641,France,Female,32.0,4,126728.15,2,1.0,1.0,150580.88,0
10609,15782390,Nnamdi,619,Spain,Female,27.0,5,0.0,2,1.0,1.0,121461.57,0
10610,15799156,Okwuadigbo,569,France,Female,38.0,1,0.0,2,0.0,0.0,35034.15,0
10611,15732674,Gartrell,617,France,Male,47.0,10,0.0,1,0.0,0.0,70916.0,1
10612,15610653,Lo Duca,609,Spain,Female,36.0,5,0.0,2,1.0,0.0,137510.41,0
10613,15632899,Nwankwo,711,France,Male,39.0,6,146053.66,1,1.0,0.0,138344.7,0
10614,15772479,Napolitano,663,France,Male,37.0,4,125510.82,2,0.0,0.0,86764.46,0
10615,15629273,Palerma,701,France,Female,28.0,10,0.0,2,1.0,0.0,87400.51,0
10616,15639217,Smith,613,Spain,Male,36.0,4,0.0,2,1.0,0.0,181419.29,0
10617,15636700,Ugorji,753,Spain,Male,24.0,6,102728.88,1,1.0,1.0,72773.8,0
10618,15775886,Ives,743,Germany,Female,52.0,7,103060.63,1,1.0,1.0,74850.84,1
10619,15768006,Kaur,624,France,Male,37.0,3,0.0,2,1.0,0.0,162758.18,0
10620,15800890,T'ien,621,France,Female,40.0,8,0.0,2,1.0,1.0,181204.5,0
10621,15596022,Liao,775,Germany,Male,40.0,3,127723.33,2,1.0,0.0,120830.81,0
10622,15641675,Hsieh,628,Germany,Female,49.0,1,89800.16,1,1.0,0.0,162987.86,1
10623,15745355,Lai,599,France,Male,38.0,1,122451.01,1,1.0,0.0,122960.98,0
10624,15690169,Biryukov,693,France,Male,45.0,6,0.0,2,1.0,0.0,85901.09,0
10625,15706637,Mazzanti,697,France,Male,32.0,7,106683.52,1,1.0,1.0,167023.95,0
10626,15698902,Lucchese,739,Germany,Male,29.0,9,140931.99,1,0.0,0.0,63795.36,0
10627,15662501,Chikwado,601,Germany,Male,49.0,2,148843.07,1,1.0,1.0,47774.44,0
10628,15773972,Chukwuemeka,524,Spain,Male,34.0,7,134237.09,1,1.0,1.0,125557.95,0
10629,15775888,Ch'ien,684,France,Male,27.0,9,0.0,2,0.0,1.0,9902.42,0
10630,15669342,Chidubem,554,Spain,Female,26.0,3,0.0,2,1.0,0.0,27366.77,0
10631,15692679,Toscani,529,Spain,Male,30.0,5,125512.98,1,1.0,0.0,74898.6,0
10632,15742292,Chin,662,France,Male,34.0,8,128270.72,1,1.0,0.0,86920.53,0
10633,15654700,Ibezimako,585,France,Female,36.0,6,0.0,2,1.0,1.0,120162.58,0
10634,15687959,Tsou,662,Germany,Male,35.0,4,127660.79,2,1.0,1.0,84770.97,0
10635,15581736,Li Fonti,694,France,Male,38.0,4,0.0,2,1.0,1.0,66526.01,0
10636,15605918,Toscani,562,France,Male,40.0,8,0.0,2,1.0,1.0,104960.98,0
10637,15659937,Otutodilinna,703,France,Female,40.0,7,0.0,3,0.0,1.0,122518.5,1
10638,15581768,Genovese,686,France,Male,37.0,2,0.0,2,0.0,0.0,93524.21,0
10639,15579808,Ma,581,Spain,Female,37.0,4,132351.29,1,0.0,0.0,89972.25,0
10640,15690939,Ts'ui,553,France,Male,48.0,2,0.0,1,1.0,0.0,168544.86,1
10641,15647800,Pirozzi,736,France,Male,31.0,8,80932.89,1,0.0,0.0,133600.27,0
10642,15734005,K?,657,France,Female,40.0,8,134734.94,1,0.0,0.0,95864.4,0
10643,15762045,Fanucci,643,Germany,Male,49.0,3,108269.2,2,0.0,0.0,173365.39,1
10644,15714567,Chan,568,Spain,Female,26.0,6,0.0,2,0.0,0.0,166495.2,1
10645,15775294,Weber,692,France,Male,31.0,6,0.0,2,1.0,0.0,91829.17,0
10646,15690620,Chukwualuka,754,France,Male,64.0,0,81095.82,2,1.0,1.0,186981.12,1
10647,15574305,Ch'in,537,France,Male,38.0,3,126477.42,1,0.0,1.0,179833.45,0
10648,15658548,Fyodorov,674,France,Male,41.0,7,0.0,2,1.0,0.0,138051.19,0
10649,15795524,Akubundu,668,France,Female,40.0,8,94722.64,1,1.0,1.0,158890.69,1
10650,15597909,Hsu,743,Spain,Female,45.0,6,103772.49,1,0.0,0.0,163534.75,0
10651,15733261,Scott,735,Spain,Male,35.0,4,0.0,2,1.0,0.0,135655.29,0
10652,15634792,Pirozzi,654,France,Female,36.0,4,0.0,2,1.0,1.0,77878.62,0
10653,15636590,Lueck,600,Spain,Female,29.0,7,0.0,2,1.0,0.0,103480.69,0
10654,15645896,Mazzanti,662,France,Male,34.0,1,0.0,2,1.0,1.0,67553.03,0
10655,15794875,Lai,664,Spain,Male,35.0,6,204510.94,1,0.0,1.0,178038.17,0
10656,15751788,Nnaife,487,France,Male,30.0,6,128743.5,1,1.0,1.0,91972.49,0
10657,15655175,Toscani,683,France,Male,40.0,8,143390.51,1,1.0,1.0,66799.28,0
10658,15658364,Hs?,648,Spain,Male,43.0,9,0.0,2,0.0,1.0,64593.07,0
10659,15759874,Kao,768,France,Female,60.0,3,0.0,1,1.0,1.0,103570.59,1
10660,15718231,Martin,587,Spain,Female,36.0,8,0.0,1,0.0,1.0,152577.67,1
10661,15741336,Hsueh,543,Spain,Male,32.0,7,0.0,2,1.0,1.0,117832.39,0
10662,15570533,Harker,727,Spain,Male,35.0,4,0.0,2,0.0,1.0,63889.1,0
10663,15802070,Fomin,679,France,Female,24.0,7,0.0,2,1.0,1.0,153064.88,0
10664,15790336,Tokareva,591,France,Female,35.0,8,119023.28,1,1.0,0.0,100816.29,0
10665,15607713,Kaeppel,850,France,Female,29.0,1,0.0,2,1.0,1.0,197996.65,0
10666,15640161,Scott,618,Spain,Female,28.0,1,0.0,2,1.0,1.0,29176.04,0
10667,15643487,Martin,459,Germany,Female,39.0,1,161588.81,2,0.0,1.0,141023.01,0
10668,15589793,Onwuamaeze,591,France,Male,34.0,1,0.0,2,1.0,0.0,77965.67,0
10669,15593495,Ugochukwu,585,France,Male,36.0,2,118152.71,1,1.0,1.0,108891.7,0
10670,15783398,Burdekin,449,Spain,Female,49.0,0,0.0,1,1.0,1.0,111190.53,0
10671,15687413,Highland,559,Spain,Male,38.0,9,125919.35,1,1.0,1.0,175910.95,0
10672,15680685,Chidimma,594,France,Male,36.0,2,119852.01,1,1.0,1.0,63687.06,0
10673,15757895,Foveaux,581,Spain,Female,32.0,9,121406.96,1,0.0,1.0,176883.42,0
10674,15807305,Watkins,805,France,Male,48.0,2,0.0,1,1.0,0.0,166650.32,1
10675,15633516,Lo,737,Spain,Male,32.0,0,146282.79,1,1.0,0.0,198516.2,0
10676,15776518,Ch'in,439,France,Male,57.0,4,175739.36,1,1.0,0.0,193130.55,1
10677,15723299,Sorokina,774,France,Male,53.0,7,113709.28,1,0.0,1.0,153887.93,1
10678,15681411,Hsueh,718,Germany,Male,35.0,2,139874.51,2,1.0,0.0,109899.27,0
10679,15640846,Yermolayev,619,Spain,Male,49.0,9,0.0,2,1.0,0.0,105986.01,0
10680,15646720,Tsui,659,France,Female,48.0,1,0.0,1,0.0,0.0,85890.75,1
10681,15749519,Lin,822,France,Female,31.0,6,128289.7,1,1.0,0.0,9149.96,0
10682,15772501,Ch'ang,653,Germany,Female,45.0,5,122347.54,1,1.0,1.0,45424.03,1
10683,15797739,Frolov,602,France,Male,40.0,8,0.0,1,1.0,1.0,142448.64,0
10684,15740458,Murphy,679,Spain,Female,42.0,1,149218.39,1,0.0,1.0,183840.51,0
10685,15764253,Kerr,670,Spain,Male,31.0,7,133446.34,1,0.0,0.0,3154.95,0
10686,15809100,K'ung,521,Spain,Female,64.0,6,0.0,1,1.0,0.0,158323.81,1
10687,15758750,Iweobiegbunam,564,France,Female,31.0,0,110527.17,1,1.0,0.0,87060.77,1
10688,15796065,Fan,745,Spain,Male,49.0,8,96106.85,1,1.0,1.0,131772.51,0
10689,15652289,Ch'iu,667,Germany,Female,61.0,3,121389.06,1,1.0,0.0,77951.84,1
10690,15803790,Nwabugwu,687,France,Male,26.0,3,0.0,2,1.0,1.0,177747.72,0
10691,15747647,Nkemjika,659,France,Male,27.0,2,0.0,2,1.0,1.0,169361.96,0
10692,15686984,Buchi,641,Spain,Male,37.0,2,0.0,2,1.0,1.0,73856.98,0
10693,15676966,Brient,745,France,Female,53.0,3,108548.49,1,1.0,1.0,149852.02,0
10694,15766288,Hsueh,564,Spain,Female,46.0,4,0.0,1,1.0,1.0,179473.26,1
10695,15692408,Nnachetam,557,France,Male,37.0,4,0.0,2,1.0,0.0,86981.45,0
10696,15686885,K'ung,692,France,Male,41.0,4,0.0,1,1.0,0.0,144880.81,0
10697,15756875,Pagnotto,794,France,Female,52.0,2,0.0,1,1.0,0.0,186489.95,1
10698,15752097,Trevisano,689,Spain,Male,41.0,8,96147.55,2,0.0,0.0,137037.97,0
10699,15806917,Hsing,683,Germany,Female,49.0,6,156692.68,2,1.0,0.0,86619.06,1
10700,15689955,K'ung,687,France,Female,41.0,4,0.0,2,1.0,1.0,152843.53,0
10701,15653050,Fanucci,493,France,Male,67.0,9,115406.97,1,0.0,1.0,184800.31,0
10702,15581323,White,488,Germany,Female,28.0,3,139246.22,2,1.0,0.0,106799.49,0
10703,15636977,McLean,627,France,Female,36.0,9,144591.96,2,1.0,1.0,98349.13,0
10704,15623369,Tung,850,Germany,Male,32.0,7,124182.37,2,0.0,1.0,46784.11,0
10705,15572390,Yermakova,696,France,Female,33.0,6,101609.01,1,0.0,1.0,168469.73,0
10706,15646615,Udegbulam,634,France,Male,48.0,3,0.0,1,0.0,0.0,149536.15,1
10707,15656627,Lin,637,Germany,Male,34.0,1,124532.78,1,1.0,0.0,74425.41,0
10708,15620751,Hsu,850,Spain,Male,30.0,6,0.0,2,1.0,0.0,87071.29,0
10709,15602551,Nnachetam,643,France,Female,30.0,8,0.0,2,1.0,1.0,139947.17,0
10710,15784092,Fanucci,614,Germany,Female,47.0,5,109699.08,1,1.0,1.0,166520.96,1
10711,15705676,Ch'iu,721,Germany,Female,44.0,5,101827.51,2,1.0,0.0,79618.07,0
10712,15617301,Mikkelsen,774,France,Male,47.0,10,95671.75,2,1.0,1.0,106564.88,1
10713,15757981,T'ang,738,France,Male,35.0,2,0.0,2,1.0,0.0,162965.59,0
10714,15719348,Chukwualuka,547,Germany,Male,33.0,6,143360.34,2,0.0,0.0,127616.48,0
10715,15594786,Ts'ai,772,France,Male,34.0,7,111565.91,2,1.0,1.0,121073.23,0
10716,15585748,Hsing,556,Spain,Male,28.0,5,135337.49,2,0.0,0.0,40385.61,0
10717,15776844,Hao,762,Spain,Female,37.0,6,0.0,2,0.0,1.0,55500.17,0
10718,15607098,Hs?,621,France,Male,30.0,2,0.0,2,0.0,1.0,163516.64,0
10719,15750248,Udinesi,648,Spain,Female,43.0,8,0.0,2,1.0,0.0,170008.74,0
10720,15753895,Martin,564,Germany,Female,42.0,7,122031.55,1,1.0,0.0,147545.65,1
10721,15623430,L?,672,Spain,Male,34.0,5,0.0,2,1.0,0.0,161800.77,0
10722,15593900,Hs?eh,679,Spain,Female,36.0,7,0.0,2,1.0,1.0,132029.96,0
10723,15622117,Fanucci,562,Spain,Male,46.0,9,0.0,2,1.0,0.0,166830.71,0
10724,15791944,Ni,472,Germany,Male,48.0,7,172645.8,2,1.0,0.0,109783.15,1
10725,15721469,Mach,492,Germany,Male,45.0,1,170295.04,2,0.0,0.0,164741.81,0
10726,15663879,Ugoji,643,Spain,Male,33.0,5,93680.43,1,1.0,1.0,91573.19,0
10727,15620750,Maclean,537,France,Male,24.0,2,0.0,1,1.0,0.0,115286.25,0
10728,15652835,Toscani,553,France,Female,39.0,8,0.0,2,1.0,0.0,80619.17,0
10729,15616380,T'ien,612,Germany,Male,40.0,1,130142.79,2,1.0,0.0,174918.46,0
10730,15749688,Lu,541,France,Male,40.0,8,0.0,2,1.0,0.0,40889.14,0
10731,15661473,Onyemauchechukwu,648,France,Male,37.0,2,0.0,2,0.0,0.0,136983.77,0
10732,15583353,Floyd,610,Spain,Female,45.0,3,0.0,2,1.0,0.0,38276.84,0
10733,15746674,Miller,676,France,Female,47.0,1,0.0,1,0.0,1.0,33373.26,0
10734,15699797,P'eng,651,Spain,Female,39.0,4,0.0,2,1.0,0.0,129933.5,0
10735,15646374,Hs?eh,573,Spain,Male,41.0,7,0.0,1,1.0,1.0,177655.68,0
10736,15597536,Nkemdilim,614,Germany,Male,45.0,3,133658.24,1,0.0,0.0,135244.87,0
10737,15579109,Hsia,694,France,Male,32.0,5,0.0,2,0.0,1.0,130883.8,0
10738,15793842,Chin,687,Germany,Female,34.0,6,134740.38,1,1.0,1.0,104076.82,0
10739,15718667,T'ien,621,France,Male,33.0,4,0.0,2,1.0,1.0,143.34,0
10740,15631756,Gallo,589,France,Male,36.0,0,107379.68,2,1.0,0.0,84460.18,0
10741,15643824,Nwachukwu,697,France,Male,29.0,6,0.0,2,1.0,1.0,161241.65,0
10742,15587913,Palerma,637,Germany,Female,41.0,1,152143.89,2,1.0,0.0,132368.47,0
10743,15584576,Chukwuma,727,Germany,Female,29.0,8,121728.8,1,1.0,0.0,103839.89,1
10744,15778395,Niu,781,Spain,Male,27.0,1,0.0,2,1.0,0.0,112146.52,1
10745,15588560,Scott,748,France,Female,39.0,8,0.0,1,0.0,0.0,57323.18,1
10746,15750569,Iweobiegbunam,686,France,Male,69.0,3,0.0,2,0.0,1.0,154137.33,0
10747,15609510,Krichauff,638,France,Male,30.0,3,0.0,2,1.0,0.0,48426.98,0
10748,15660768,Moore,581,Spain,Male,46.0,5,105795.9,1,1.0,1.0,177747.03,0
10749,15571955,Ogochukwu,614,Spain,Male,36.0,4,0.0,1,1.0,0.0,54689.02,1
10750,15803976,Hoelscher,535,Germany,Male,23.0,8,112044.72,1,1.0,0.0,6076.62,1
10751,15740283,Padovesi,613,France,Male,31.0,9,0.0,2,1.0,0.0,88729.61,0
10752,15637315,Pino,512,France,Female,30.0,1,137523.02,2,1.0,0.0,146680.22,0
10753,15692977,Chiemenam,700,Germany,Female,59.0,1,137648.41,1,1.0,0.0,130686.59,0
10754,15672437,Buccho,642,France,Male,37.0,8,160541.0,2,1.0,1.0,142223.94,0
10755,15707968,Shih,653,France,Male,39.0,5,0.0,2,0.0,0.0,147059.16,0
10756,15671697,Scott,738,France,Male,27.0,4,0.0,2,1.0,1.0,151667.91,0
10757,15676353,Etheridge,598,Germany,Female,35.0,8,114212.6,1,1.0,1.0,74322.85,1
10758,15752694,Zikoranachidimma,573,France,Male,33.0,8,0.0,2,1.0,1.0,131718.12,0
10759,15717307,Ndubuagha,652,France,Male,40.0,6,109824.19,1,1.0,0.0,171681.86,0
10760,15785819,Loyau,598,France,Female,25.0,5,0.0,2,1.0,1.0,141446.01,0
10761,15813974,Mazzanti,574,France,Male,36.0,8,0.0,2,1.0,1.0,119313.74,0
10762,15607176,Kang,589,France,Female,22.0,3,0.0,2,1.0,1.0,173940.59,0
10763,15795531,Hao,669,France,Male,32.0,7,0.0,2,1.0,1.0,162599.65,0
10764,15775293,T'ien,749,France,Female,39.0,7,0.0,2,1.0,0.0,122518.5,0
10765,15687555,Chizuoke,695,Spain,Male,33.0,6,133060.44,1,1.0,1.0,147963.95,0
10766,15680278,Goliwe,706,Germany,Female,59.0,5,97041.16,2,1.0,0.0,171706.66,1
10767,15809870,Linton,678,France,Male,35.0,7,0.0,2,0.0,0.0,83092.8,0
10768,15750181,Hsu,738,France,Male,41.0,5,0.0,2,1.0,0.0,133591.11,0
10769,15680772,Mackey,777,Germany,Male,50.0,2,150777.0,2,1.0,1.0,76622.45,0
10770,15641004,Doyne,759,Spain,Female,48.0,5,150315.92,1,0.0,1.0,133486.36,0
10771,15675231,Francis,585,France,Female,37.0,1,0.0,2,1.0,0.0,61581.2,0
10772,15786035,Pagnotto,632,France,Male,31.0,0,0.0,2,1.0,1.0,93524.19,0
10773,15757788,Onyemere,718,Spain,Male,22.0,9,156810.52,2,1.0,0.0,167984.99,0
10774,15629985,Lucchese,649,France,Female,39.0,6,0.0,2,1.0,0.0,72970.28,0
10775,15771573,Okagbue,481,Germany,Female,37.0,9,137843.8,1,1.0,1.0,117622.8,0
10776,15782630,K'ung,434,Spain,Female,37.0,1,0.0,2,0.0,1.0,181490.42,0
10777,15780124,Bellucci,841,France,Male,47.0,6,108131.53,1,1.0,0.0,60830.38,1
10778,15619935,Vanmeter,783,Spain,Male,29.0,9,0.0,2,1.0,1.0,4423.63,0
10779,15776717,Chimaobim,705,Germany,Male,44.0,2,101868.51,1,1.0,1.0,60728.51,0
10780,15573452,Nnaife,577,France,Female,52.0,1,0.0,1,1.0,1.0,162643.15,1
10781,15686813,Chin,667,France,Male,24.0,6,123401.88,1,1.0,1.0,80582.78,0
10782,15671915,Esposito,646,France,Male,39.0,5,0.0,2,1.0,0.0,161668.15,0
10783,15694450,Hao,703,France,Male,35.0,10,0.0,1,1.0,0.0,139953.94,0
10784,15743617,T'ao,648,Germany,Female,39.0,4,149940.04,2,1.0,1.0,149913.84,0
10785,15739168,Okwuadigbo,675,France,Male,22.0,4,0.0,2,1.0,0.0,152491.03,0
10786,15803378,Small,705,France,Female,39.0,2,0.0,2,0.0,1.0,185547.71,0
10787,15580249,Chibueze,632,France,Female,36.0,2,106834.43,1,1.0,0.0,28144.01,0
10788,15787014,King,714,Spain,Female,41.0,5,0.0,2,1.0,0.0,146851.73,0
10789,15800268,Chiawuotu,594,Germany,Male,46.0,6,132906.88,1,1.0,1.0,93429.95,0
10790,15583724,Hs?,773,Spain,Male,28.0,0,0.0,2,1.0,1.0,176780.21,0
10791,15671915,Bowen,554,France,Male,46.0,5,0.0,2,1.0,0.0,76946.6,0
10792,15793311,Scott,653,France,Male,33.0,3,0.0,2,1.0,1.0,103914.4,0
10793,15641877,Tsao,812,France,Female,29.0,2,0.0,2,1.0,1.0,94790.34,0
10794,15701688,P'eng,596,France,Female,30.0,3,0.0,2,1.0,1.0,169920.92,0
10795,15571816,Ch'ien,786,France,Male,31.0,1,132623.6,1,1.0,1.0,110782.88,0
10796,15780909,Caffyn,769,Germany,Male,39.0,7,115101.5,1,0.0,0.0,57841.89,1
10797,15798824,Nnachetam,583,Spain,Male,43.0,4,99844.68,1,0.0,0.0,2422.91,0
10798,15656937,Li Fonti,584,France,Female,38.0,4,0.0,2,1.0,1.0,93717.55,0
10799,15768293,Young,590,France,Male,36.0,6,0.0,2,1.0,1.0,55725.04,0
10800,15738605,Shih,749,France,Male,33.0,6,0.0,1,1.0,1.0,161076.92,0
10801,15709451,Oguejiofor,588,France,Female,41.0,7,99183.9,1,1.0,1.0,179861.47,0
10802,15583097,Ch'ien,644,France,Female,51.0,9,176491.9,1,1.0,0.0,159822.32,1
10803,15789379,Zetticci,667,France,Male,26.0,6,130428.78,1,1.0,0.0,173365.89,0
10804,15659501,Shih,649,Germany,Female,40.0,5,127545.94,1,1.0,0.0,90876.95,0
10805,15803764,Stanley,629,Germany,Female,28.0,3,78833.15,2,1.0,1.0,37196.15,0
10806,15572547,Hsu,543,France,Male,30.0,9,0.0,2,0.0,0.0,121232.51,0
10807,15685500,Oluchukwu,850,France,Male,36.0,2,126619.27,1,1.0,1.0,152830.06,0
10808,15743759,T'ao,850,France,Male,31.0,9,0.0,2,1.0,1.0,79886.05,0
10809,15574608,Sidorova,614,France,Male,36.0,2,133889.35,1,1.0,0.0,143265.65,0
10810,15803654,Begum,755,Germany,Female,50.0,1,119741.77,2,0.0,0.0,58965.04,1
10811,15591386,Eluemuno,607,France,Male,43.0,6,0.0,1,1.0,1.0,60721.4,1
10812,15705458,Macleod,575,France,Male,29.0,1,90957.81,1,1.0,0.0,156858.2,0
10813,15656471,Udinesi,707,Germany,Female,39.0,4,123894.43,1,1.0,1.0,92865.46,0
10814,15579994,Trevisani,551,Spain,Male,32.0,7,87541.81,3,1.0,0.0,93336.3,1
10815,15641575,Genovese,646,France,Male,46.0,2,97259.25,1,1.0,0.0,87959.83,0
10816,15720354,Bogle,537,France,Female,36.0,5,0.0,1,1.0,0.0,77864.41,1
10817,15598882,Li,594,France,Male,32.0,5,0.0,2,1.0,1.0,75786.55,0
10818,15746802,Toscani,632,France,Male,28.0,8,0.0,1,1.0,1.0,92816.86,0
10819,15707918,Nwachinemelu,619,France,Male,36.0,6,0.0,2,1.0,0.0,89893.8,0
10820,15605327,Genovese,678,France,Male,28.0,6,0.0,2,0.0,1.0,173365.89,0
10821,15614695,Hs?,590,France,Female,38.0,9,0.0,3,1.0,0.0,142516.35,1
10822,15767681,T'ao,582,France,Male,41.0,4,0.0,2,1.0,0.0,160586.16,0
10823,15573077,Cattaneo,714,Germany,Female,37.0,6,152827.99,1,1.0,1.0,26136.89,1
10824,15616471,T'ien,588,Spain,Female,33.0,4,0.0,1,1.0,0.0,102520.07,0
10825,15758067,Pisano,559,France,Male,42.0,1,0.0,2,1.0,0.0,71290.99,0
10826,15793901,Y?,837,France,Female,34.0,1,151242.48,1,0.0,0.0,156587.34,0
10827,15625964,Buckley,582,France,Female,43.0,5,153313.67,1,1.0,0.0,170563.73,0
10828,15741195,Okechukwu,613,Spain,Female,19.0,5,0.0,2,0.0,0.0,176903.35,0
10829,15665062,Lucchese,673,France,Male,37.0,9,0.0,1,1.0,1.0,99537.68,0
10830,15642824,Cattaneo,685,France,Male,67.0,2,0.0,2,0.0,1.0,24472.23,0
10831,15605134,Kao,653,France,Male,34.0,8,0.0,2,0.0,0.0,140937.97,0
10832,15606097,K'ung,635,France,Female,31.0,5,0.0,2,1.0,1.0,144581.99,0
10833,15792231,Nkemdilim,544,Spain,Male,38.0,7,0.0,2,1.0,1.0,64375.84,0
10834,15613786,Lucchesi,668,France,Male,43.0,9,0.0,1,0.0,1.0,96423.39,0
10835,15763776,Udegbunam,510,France,Female,35.0,4,0.0,2,0.0,0.0,97777.52,0
10836,15774551,Liao,553,Germany,Male,31.0,5,139825.53,2,0.0,1.0,103726.71,0
10837,15799217,De Luca,635,France,Female,37.0,8,138657.08,1,1.0,1.0,144414.01,0
10838,15643359,Ch'en,656,Germany,Male,32.0,1,105770.7,1,1.0,0.0,57558.95,0
10839,15799652,Lettiere,619,Spain,Male,26.0,5,0.0,2,1.0,0.0,139431.0,0
10840,15778086,Onwumelu,619,France,Female,38.0,7,0.0,1,1.0,1.0,4497.48,0
10841,15662497,Koehler,635,France,Male,55.0,7,0.0,2,0.0,1.0,153916.14,0
10842,15769005,K?,637,Spain,Male,38.0,9,0.0,1,1.0,0.0,146700.32,1
10843,15595874,Paramor,775,Germany,Female,49.0,8,119688.81,1,1.0,0.0,142783.98,0
10844,15793901,Chibueze,551,Germany,Female,45.0,7,133656.95,2,1.0,0.0,96498.14,0
10845,15616451,Genovese,486,France,Male,44.0,1,0.0,2,1.0,0.0,168034.83,0
10846,15735222,Ignatieff,705,Germany,Female,37.0,4,139972.18,1,0.0,0.0,143665.44,1
10847,15572294,Kelly,623,France,Male,39.0,7,0.0,1,0.0,0.0,129526.57,0
10848,15594039,Milano,652,Germany,Female,32.0,9,117412.19,1,0.0,0.0,184524.74,0
10849,15662533,Porter,755,Spain,Male,46.0,0,132598.38,1,1.0,0.0,177747.03,1
10850,15665865,Hsueh,543,Spain,Female,23.0,3,0.0,2,0.0,0.0,92381.01,0
10851,15756894,Onwughara,798,France,Male,35.0,1,0.0,2,1.0,0.0,24865.54,0
10852,15674929,Hao,678,France,Female,32.0,9,0.0,2,1.0,1.0,129964.14,0
10853,15702715,Kao,747,Spain,Female,34.0,10,0.0,2,1.0,1.0,50759.8,0
10854,15694237,Walker,582,France,Male,34.0,9,156974.26,2,1.0,0.0,51752.18,0
10855,15799720,Ruggiero,556,Germany,Male,31.0,3,115895.22,1,0.0,1.0,153871.54,1
10856,15713890,Maclean,708,France,Male,42.0,5,0.0,2,1.0,1.0,152884.85,0
10857,15705343,May,718,Spain,Female,32.0,6,0.0,2,1.0,0.0,28797.32,0
10858,15806796,Brown,711,Germany,Female,23.0,6,131023.76,2,1.0,1.0,135825.19,0
10859,15568088,Parkin,684,Germany,Male,48.0,3,73309.38,1,0.0,1.0,21228.34,0
10860,15751207,Hs?eh,675,Germany,Male,53.0,5,134954.87,1,1.0,0.0,134876.01,1
10861,15798964,T'ao,691,France,Female,44.0,6,0.0,1,0.0,1.0,59169.95,1
10862,15779207,Y?,577,France,Male,34.0,6,0.0,2,0.0,0.0,26163.74,0
10863,15646817,Zikoranachidimma,655,France,Female,41.0,2,0.0,1,1.0,1.0,71047.51,0
10864,15577358,Maclean,667,France,Male,37.0,3,0.0,2,1.0,1.0,18082.06,0
10865,15658057,Toscani,658,Germany,Female,42.0,2,121765.37,2,1.0,1.0,166516.84,0
10866,15584897,H?,794,France,Male,30.0,1,0.0,2,1.0,0.0,168544.84,0
10867,15749130,Genovese,589,France,Male,40.0,2,0.0,2,1.0,1.0,164083.99,0
10868,15790093,Yudina,684,France,Female,39.0,6,104763.41,1,0.0,0.0,180329.83,0
10869,15583025,Hsu,577,France,Male,28.0,4,137372.68,1,1.0,1.0,126353.3,0
10870,15793849,Ndubuagha,627,France,Male,34.0,2,121389.19,1,1.0,1.0,1364.57,0
10871,15796313,Bitter,754,France,Male,39.0,4,0.0,2,1.0,1.0,110510.17,0
10872,15737778,Ch'ang,650,France,Male,44.0,0,131769.04,1,0.0,1.0,127433.47,0
10873,15770291,T'ien,576,France,Male,39.0,8,0.0,2,1.0,0.0,1713.9,0
10874,15761487,T'ien,711,France,Male,33.0,2,0.0,2,1.0,0.0,61538.51,0
10875,15642996,Ijendu,678,Germany,Female,39.0,9,113386.53,2,1.0,1.0,162515.17,0
10876,15741092,Greece,711,Germany,Female,36.0,7,55417.62,2,1.0,0.0,136902.01,0
10877,15625698,Hs?,645,France,Female,36.0,9,0.0,2,1.0,0.0,57974.62,0
10878,15764654,Nucci,569,France,Female,39.0,1,141789.15,1,1.0,1.0,172749.39,0
10879,15615016,Cremonesi,602,Germany,Male,32.0,6,184715.86,2,0.0,1.0,141798.98,0
10880,15800062,H?,758,Spain,Female,35.0,2,0.0,2,1.0,1.0,16081.62,0
10881,15642391,Lettiere,621,Germany,Male,51.0,4,137946.39,1,1.0,0.0,174540.59,1
10882,15621820,Shih,512,Spain,Female,31.0,3,0.0,2,0.0,0.0,161242.97,0
10883,15638983,Nwachinemelu,586,Spain,Male,26.0,3,0.0,2,1.0,1.0,149807.84,0
10884,15643696,Young,611,France,Male,49.0,3,0.0,2,0.0,0.0,142917.54,1
10885,15762955,Uwakwe,619,Spain,Male,45.0,4,0.0,1,1.0,0.0,96929.71,1
10886,15662901,Onwumelu,756,France,Male,34.0,4,0.0,2,1.0,0.0,78670.52,0
10887,15610753,Onyemauchechukwu,728,France,Female,42.0,7,141404.74,1,0.0,1.0,104469.06,0
10888,15752578,De Luca,641,France,Female,39.0,7,0.0,2,1.0,0.0,142987.05,0
10889,15760450,P'eng,613,France,Male,22.0,3,0.0,2,1.0,0.0,173989.47,0
10890,15713774,Chikwendu,644,Spain,Male,32.0,6,12459.19,1,0.0,0.0,156787.34,0
10891,15724154,Manna,670,France,Female,49.0,4,128504.76,1,1.0,0.0,126812.63,0
10892,15812832,Jideofor,526,Germany,Male,33.0,2,135470.9,1,0.0,1.0,172576.43,0
10893,15660541,Olisanugo,694,France,Male,34.0,5,127900.03,1,1.0,1.0,101737.8,0
10894,15705281,Burt,800,Spain,Male,38.0,9,0.0,1,1.0,1.0,78744.39,0
10895,15746341,Ejikemeifeuwa,630,France,Male,40.0,10,0.0,2,1.0,1.0,42495.81,0
10896,15676966,Ni,593,France,Male,41.0,3,0.0,2,0.0,0.0,79919.13,0
10897,15588958,Maclean,644,Spain,Male,27.0,6,0.0,1,0.0,1.0,73857.65,0
10898,15632859,Hill,578,Spain,Male,34.0,4,124577.15,1,0.0,1.0,198817.72,0
10899,15757140,Pinto,756,France,Male,46.0,0,0.0,2,1.0,0.0,86207.49,0
10900,15673578,May,553,France,Male,36.0,6,106192.1,1,1.0,0.0,149575.59,0
10901,15593476,Wang,559,France,Male,26.0,4,103560.72,1,1.0,0.0,153537.27,0
10902,15799785,Nnanna,709,France,Female,35.0,2,0.0,2,1.0,0.0,102083.78,0
10903,15750765,Onwughara,646,France,Female,54.0,3,0.0,1,1.0,0.0,100835.19,1
10904,15673599,Williamson,733,France,Female,32.0,5,133476.09,1,1.0,1.0,154843.4,0
10905,15644501,Yeh,521,France,Male,42.0,10,0.0,2,1.0,1.0,174435.48,0
10906,15570205,Lo Duca,655,Germany,Female,50.0,7,84722.44,1,1.0,0.0,84700.82,1
10907,15622017,Mazzanti,543,Spain,Female,41.0,9,138160.0,1,1.0,0.0,84410.78,1
10908,15726487,Ting,580,Germany,Female,45.0,0,121588.18,1,0.0,1.0,183580.39,1
10909,15805909,Mancini,576,France,Female,58.0,6,0.0,2,1.0,1.0,180969.55,0
10910,15809309,Cox,689,Spain,Female,40.0,5,154251.67,1,0.0,1.0,118319.5,1
10911,15712121,Chidimma,657,Spain,Male,40.0,5,154983.98,2,1.0,0.0,27738.01,0
10912,15775886,Timms,670,Germany,Female,24.0,4,119624.54,1,1.0,1.0,110472.12,0
10913,15722364,Chukwukere,664,France,Male,38.0,1,189026.53,2,1.0,0.0,56099.86,0
10914,15793324,McKenzie,695,Spain,Male,32.0,4,0.0,2,1.0,0.0,38533.79,0
10915,15696834,Cone,614,France,Female,49.0,5,0.0,1,1.0,0.0,121451.21,1
10916,15651581,Mazzi,793,Germany,Male,34.0,9,114430.18,2,0.0,1.0,80130.54,0
10917,15662488,Yobachi,752,France,Female,39.0,8,0.0,2,1.0,0.0,124749.08,0
10918,15641036,Nwoye,679,Spain,Female,31.0,2,0.0,2,1.0,0.0,71359.78,0
10919,15626042,Webb,850,France,Male,31.0,5,0.0,2,1.0,0.0,63736.17,0
10920,15600575,Padovano,573,Spain,Female,41.0,7,0.0,2,1.0,0.0,43821.56,0
10921,15662574,Chiu,656,France,Female,33.0,7,126428.88,1,1.0,0.0,103747.72,0
10922,15801189,DeRose,686,Spain,Male,29.0,4,0.0,2,0.0,1.0,93524.22,0
10923,15646521,Fan,634,France,Male,36.0,7,0.0,1,1.0,1.0,143960.72,1
10924,15648067,Ugochukwu,488,France,Female,44.0,9,0.0,1,1.0,1.0,120531.31,1
10925,15652782,Chin,638,Germany,Male,43.0,6,148962.76,1,1.0,1.0,102628.56,0
10926,15687310,Hsia,628,Germany,Male,51.0,7,125773.25,1,0.0,0.0,131778.58,1
10927,15741091,Nkemakonam,748,France,Female,44.0,6,0.0,1,1.0,0.0,68814.24,1
10928,15715667,Maclean,678,France,Female,40.0,6,0.0,1,1.0,0.0,62722.44,0
10929,15589296,Brown,487,France,Female,48.0,5,110054.45,1,0.0,1.0,86950.72,1
10930,15677739,Stevenson,635,Spain,Male,38.0,3,88798.34,1,1.0,0.0,45610.63,0
10931,15731519,Kerr,511,France,Female,30.0,5,0.0,1,1.0,0.0,143994.86,0
10932,15764444,L?,675,France,Male,32.0,2,89974.81,2,1.0,1.0,86761.6,0
10933,15752091,Cattaneo,687,Germany,Male,28.0,3,128927.93,1,1.0,1.0,163511.6,0
10934,15605872,Felix,709,France,Male,36.0,8,66573.17,2,0.0,1.0,96864.36,0
10935,15776936,K?,773,Spain,Male,31.0,6,0.0,1,1.0,1.0,120115.5,0
10936,15717995,Keen,849,France,Male,27.0,0,0.0,2,0.0,1.0,157891.11,0
10937,15601172,Nelson,715,France,Male,31.0,4,0.0,1,1.0,0.0,188193.25,0
10938,15571261,Yobanna,629,Germany,Female,37.0,6,107794.22,1,1.0,0.0,74800.97,1
10939,15644295,Nwabugwu,850,Germany,Female,50.0,8,133800.98,4,0.0,0.0,96832.82,1
10940,15613102,Ogochukwu,652,Spain,Female,31.0,2,0.0,2,1.0,0.0,181893.31,0
10941,15782311,Shih,509,Spain,Female,39.0,8,125561.97,2,1.0,0.0,187985.77,1
10942,15807593,Chukwubuikem,705,France,Male,23.0,3,152296.83,1,1.0,0.0,104170.48,0
10943,15758851,Ts'ai,651,Spain,Female,37.0,6,0.0,2,0.0,1.0,83681.05,0
10944,15614923,McEwan,625,Spain,Female,37.0,7,104478.12,2,0.0,1.0,38131.77,0
10945,15772892,Milne,681,France,Male,34.0,1,0.0,2,1.0,0.0,81431.99,0
10946,15790314,Ch'ien,671,France,Female,37.0,3,141252.18,1,1.0,0.0,88890.05,0
10947,15649024,Riggs,571,France,Female,26.0,6,117738.83,1,0.0,0.0,76642.68,0
10948,15578977,Robinson,786,France,Male,34.0,2,0.0,1,0.0,0.0,144517.19,1
10949,15758531,Achebe,725,France,Male,27.0,4,0.0,2,1.0,0.0,73882.75,0
10950,15750867,Ts'ui,640,France,Female,37.0,1,0.0,2,1.0,1.0,183469.01,0
10951,15657779,Chidozie,663,Germany,Female,43.0,3,109895.16,1,1.0,0.0,137028.97,1
10952,15778515,Wu,748,France,Male,40.0,3,0.0,2,0.0,1.0,171515.84,0
10953,15585892,Napolitani,596,Spain,Female,27.0,4,0.0,2,1.0,1.0,125553.52,0
10954,15690182,Ball,719,Spain,Female,45.0,6,0.0,2,0.0,1.0,189683.7,0
10955,15779207,Chukwukere,644,France,Male,38.0,7,71843.64,1,0.0,1.0,52882.29,0
10956,15686461,Liao,733,France,Male,31.0,7,0.0,2,1.0,1.0,162967.29,0
10957,15697939,Ugochukwu,624,France,Female,48.0,7,0.0,1,0.0,0.0,44965.44,1
10958,15753955,Hs?,611,France,Female,34.0,2,0.0,2,0.0,1.0,91094.82,0
10959,15765283,Wenz,703,France,Female,40.0,7,149961.99,1,1.0,1.0,104610.86,0
10960,15624510,Chuang,668,Spain,Male,26.0,2,0.0,2,0.0,1.0,42392.24,0
10961,15686959,McNeill,667,Spain,Male,41.0,1,0.0,1,0.0,1.0,146487.82,0
10962,15693683,Y?,622,France,Female,35.0,5,0.0,2,1.0,0.0,87547.33,0
10963,15583857,Macleod,597,Germany,Male,33.0,7,134571.3,1,1.0,0.0,127977.66,0
10964,15605455,Hsia,584,Germany,Female,38.0,9,93577.3,1,0.0,0.0,115068.99,1
10965,15691823,Hs?,684,France,Male,30.0,9,108914.87,1,0.0,1.0,174098.24,0
10966,15706458,Blesing,634,Germany,Male,38.0,2,151260.89,2,1.0,0.0,186985.12,0
10967,15721251,Watson,554,Spain,Female,41.0,4,112152.89,2,0.0,1.0,36242.19,0
10968,15682547,Chiu,622,France,Male,33.0,3,0.0,2,1.0,1.0,196257.67,0
10969,15727353,Ch'ang,836,France,Female,49.0,2,0.0,2,0.0,0.0,3524.69,0
10970,15723488,Iadanza,498,Spain,Female,40.0,1,118899.45,1,0.0,0.0,177065.24,1
10971,15780779,H?,721,France,Male,34.0,9,0.0,2,0.0,1.0,51362.82,0
10972,15778830,Okechukwu,607,France,Female,36.0,2,0.0,2,1.0,0.0,186612.47,0
10973,15727421,Anayolisa,776,Spain,Female,38.0,8,0.0,2,1.0,1.0,37935.83,0
10974,15776936,Okwudilichukwu,692,Germany,Female,41.0,9,120825.7,1,1.0,0.0,95957.09,1
10975,15611644,Onyemauchechukwu,627,France,Female,73.0,0,146329.73,1,1.0,1.0,43615.67,1
10976,15779985,Nnachetam,659,Spain,Female,29.0,1,0.0,2,1.0,1.0,91652.43,0
10977,15674671,Chineze,687,Spain,Male,35.0,5,98899.76,2,1.0,0.0,143357.03,0
10978,15682928,Milne,652,France,Male,34.0,4,0.0,1,1.0,1.0,168816.31,0
10979,15731463,Okeke,764,Spain,Male,33.0,8,0.0,2,1.0,0.0,141180.66,0
10980,15573876,Nock,586,France,Male,48.0,2,160599.06,1,1.0,1.0,41815.22,0
10981,15796490,Zikoranachidimma,710,France,Male,31.0,3,0.0,2,1.0,1.0,134846.76,0
10982,15809823,McLean,597,France,Male,29.0,2,0.0,1,1.0,1.0,162515.17,1
10983,15753888,O'Donnell,569,Germany,Female,34.0,4,137714.25,2,1.0,1.0,143960.72,0
10984,15805955,L?,837,France,Male,28.0,3,0.0,1,1.0,1.0,187811.71,0
10985,15589475,Ponomaryov,646,Spain,Female,36.0,3,0.0,1,0.0,1.0,26500.29,0
10986,15802570,Nwankwo,561,France,Male,31.0,2,0.0,2,1.0,0.0,184524.6,0
10987,15587443,Akudinobi,728,France,Female,69.0,1,0.0,1,1.0,0.0,131804.86,1
10988,15641644,Chikwado,748,France,Female,55.0,7,142856.39,1,1.0,1.0,103716.57,1
10989,15668774,Chiemenam,758,Germany,Male,58.0,8,122739.1,1,1.0,1.0,102460.84,0
10990,15591724,Clements,557,France,Female,39.0,9,0.0,1,0.0,0.0,144880.81,1
10991,15598940,Achebe,681,Germany,Male,36.0,6,181804.34,2,1.0,1.0,57517.71,0
10992,15671973,Chukwuemeka,706,Spain,Female,24.0,5,0.0,2,0.0,1.0,7415.96,0
10993,15809302,Uwaezuoke,678,Germany,Male,32.0,3,139844.0,1,1.0,1.0,92708.0,0
10994,15703437,Chinedum,600,France,Male,40.0,3,0.0,1,1.0,0.0,199753.97,0
10995,15671591,Hao,647,Germany,Female,30.0,6,132615.73,1,1.0,1.0,54776.64,0
10996,15663826,Brim,532,Spain,Female,66.0,4,0.0,1,1.0,1.0,115227.02,0
10997,15626141,Nnanna,554,Spain,Female,32.0,8,0.0,1,1.0,1.0,35240.54,0
10998,15718454,Ch'eng,640,Spain,Female,71.0,5,0.0,1,1.0,1.0,141453.62,0
10999,15679297,Haddon,629,France,Male,27.0,4,0.0,2,0.0,0.0,74588.33,0
11000,15644975,Chibuzo,637,France,Male,39.0,7,0.0,2,1.0,0.0,1568.18,0
11001,15748360,Cocci,619,Spain,Female,32.0,9,0.0,2,1.0,0.0,182099.71,0
11002,15783859,Chu,478,France,Female,41.0,2,0.0,2,1.0,0.0,26389.72,0
11003,15659364,Hsia,581,Spain,Male,35.0,6,0.0,2,1.0,1.0,71154.65,0
11004,15777904,Mai,850,France,Female,30.0,7,0.0,2,1.0,1.0,185808.7,0
11005,15776048,Teng,726,France,Male,32.0,6,139540.03,1,0.0,1.0,182960.36,0
11006,15593943,Chinagorom,685,France,Female,30.0,1,132667.17,1,1.0,0.0,41876.98,0
11007,15688760,Onuchukwu,641,Spain,Male,39.0,6,103516.87,1,0.0,0.0,101433.76,0
11008,15649033,Liao,545,Germany,Male,35.0,6,127095.14,2,1.0,0.0,120893.85,0
11009,15662337,Nkemdirim,685,France,Male,41.0,7,0.0,2,0.0,0.0,19370.73,0
11010,15765311,Tung,538,France,Male,45.0,7,0.0,1,1.0,0.0,149195.44,1
11011,15603665,Onyemere,638,Germany,Male,40.0,2,138053.79,1,1.0,0.0,74564.41,0
11012,15803909,Martin,679,Spain,Male,34.0,4,123401.58,1,1.0,0.0,177738.0,0
11013,15792360,L?,603,Spain,Male,34.0,2,0.0,1,1.0,0.0,142331.85,0
11014,15727490,Scott,661,France,Male,39.0,5,107193.82,1,0.0,1.0,52166.25,0
11015,15602851,Manna,658,Germany,Male,53.0,6,136674.55,1,1.0,0.0,58879.31,1
11016,15585835,Ch'ang,676,Spain,Female,31.0,1,0.0,2,1.0,1.0,6761.36,0
11017,15764293,Clements,663,Germany,Female,31.0,7,93920.68,2,1.0,0.0,152899.14,0
11018,15638047,O'Sullivan,763,France,Female,29.0,10,0.0,2,1.0,1.0,82709.6,0
11019,15682955,Yuriev,679,Germany,Female,32.0,7,142711.81,1,1.0,0.0,98896.06,0
11020,15709478,Tien,497,France,Female,32.0,5,0.0,2,1.0,1.0,139030.96,0
11021,15794396,Salas,695,Germany,Female,44.0,3,119558.35,3,1.0,0.0,54129.89,1
11022,15633930,Yobachukwu,648,Spain,Female,56.0,6,157559.59,2,1.0,1.0,140991.23,0
11023,15671514,Sinclair,562,Spain,Female,32.0,5,0.0,2,0.0,1.0,128538.05,0
11024,15602979,Dunn,736,France,Male,28.0,9,0.0,2,1.0,0.0,151645.96,0
11025,15594762,Kepley,676,France,Female,42.0,3,0.0,2,1.0,0.0,175750.28,1
11026,15672894,De Bernales,739,France,Male,36.0,8,0.0,1,1.0,1.0,85853.62,0
11027,15797246,Hsing,635,France,Male,24.0,5,91285.13,2,1.0,1.0,142935.83,1
11028,15723950,Kruglov,684,France,Female,46.0,2,70291.02,1,1.0,0.0,115468.84,1
11029,15611759,Simmons,656,Spain,Female,57.0,8,126776.3,2,1.0,1.0,132298.49,0
11030,15773969,T'ao,676,Spain,Female,47.0,6,0.0,2,1.0,0.0,53437.1,1
11031,15692406,Yefimova,679,France,Male,34.0,5,0.0,2,1.0,1.0,67976.57,0
11032,15637646,De Luca,590,Spain,Female,33.0,2,0.0,2,0.0,0.0,152872.06,0
11033,15622532,Walker,593,France,Male,31.0,5,83373.22,1,1.0,0.0,160139.35,0
11034,15762682,Yermolayev,707,France,Male,33.0,7,0.0,2,1.0,0.0,9241.83,0
11035,15588080,Ts'ui,623,France,Female,51.0,4,0.0,1,1.0,0.0,110273.84,1
11036,15775082,Stewart,749,France,Female,42.0,1,129776.72,2,0.0,1.0,143538.51,0
11037,15704769,Ndukaku,585,Germany,Female,27.0,0,121063.63,2,1.0,0.0,93781.79,0
11038,15770214,Nnonso,627,Spain,Female,33.0,3,0.0,2,1.0,0.0,128528.24,0
11039,15752953,Chigozie,647,France,Male,20.0,1,139432.55,1,1.0,1.0,85606.83,0
11040,15687765,Chukwujamuike,849,France,Male,38.0,7,71996.29,2,1.0,1.0,139065.94,0
11041,15583857,Obijiaku,660,France,Male,44.0,7,0.0,2,1.0,1.0,134417.31,0
11042,15669175,Iqbal,625,France,Male,56.0,5,132942.53,1,0.0,1.0,137519.44,0
11043,15618243,Palerma,537,Spain,Male,37.0,6,0.0,2,1.0,0.0,74850.74,0
11044,15769582,Niu,694,France,Male,44.0,6,0.0,1,1.0,0.0,96881.1,1
11045,15794849,McIntyre,624,France,Male,47.0,6,0.0,1,1.0,0.0,141364.62,1
11046,15775124,Watterston,478,Spain,Female,37.0,8,0.0,2,1.0,1.0,933.38,0
11047,15634896,Ch'eng,512,Germany,Male,29.0,10,107751.68,2,0.0,0.0,163830.64,0
11048,15706232,Tuan,652,Spain,Female,32.0,7,0.0,2,1.0,0.0,146491.22,0
11049,15774857,Onyemachukwu,684,Spain,Male,36.0,2,0.0,2,1.0,0.0,86414.41,0
11050,15682421,Oluchi,583,Spain,Female,56.0,10,0.0,2,0.0,1.0,100496.84,1
11051,15612193,Hsia,762,Spain,Male,29.0,10,115545.33,1,1.0,0.0,148256.43,0
11052,15579647,Vasilyeva,653,France,Male,36.0,7,128736.39,1,1.0,1.0,160968.44,0
11053,15631512,Fokine,645,France,Male,37.0,2,0.0,2,0.0,0.0,100929.62,0
11054,15769005,Onyekaozulu,816,France,Male,41.0,10,0.0,1,1.0,0.0,112269.67,1
11055,15772329,Fiorentino,580,Germany,Male,45.0,0,103741.14,1,1.0,0.0,47428.73,1
11056,15665283,Rawling,583,France,Female,27.0,4,0.0,3,1.0,1.0,163113.41,0
11057,15736008,Toth,739,France,Female,38.0,5,0.0,2,0.0,1.0,79555.08,0
11058,15703972,Uspenskaya,682,France,Male,37.0,6,0.0,2,1.0,1.0,168816.23,0
11059,15592736,Skelton,641,Germany,Female,62.0,6,133050.67,1,0.0,0.0,178291.02,1
11060,15669501,Ts'ai,498,Spain,Male,35.0,7,0.0,2,1.0,1.0,120107.1,0
11061,15792473,Kerr,698,France,Female,42.0,9,112499.42,1,1.0,0.0,128124.7,0
11062,15574068,Onyemauchechukwu,565,France,Male,36.0,8,0.0,2,1.0,0.0,158750.19,0
11063,15601796,Padovano,718,Spain,Male,47.0,1,95293.86,1,0.0,0.0,143338.0,0
11064,15746074,Genovese,590,Spain,Female,39.0,4,0.0,2,1.0,0.0,138872.46,0
11065,15723143,Pirozzi,676,France,Female,52.0,7,102800.49,1,0.0,0.0,152054.46,1
11066,15615047,Ndubueze,597,France,Male,48.0,5,0.0,1,0.0,0.0,175843.48,1
11067,15586970,Ch'ang,695,Germany,Male,52.0,8,103023.26,1,1.0,1.0,22485.64,0
11068,15782909,Onyemachukwu,544,France,Male,31.0,5,0.0,2,1.0,1.0,162599.48,0
11069,15661532,Frolov,718,Spain,Female,51.0,7,0.0,1,0.0,1.0,72370.37,1
11070,15598883,Lo,605,Spain,Female,23.0,7,0.0,2,1.0,0.0,135851.3,0
11071,15783882,Daly,642,Spain,Male,38.0,5,0.0,2,1.0,1.0,92914.67,0
11072,15721592,Owen,709,France,Female,38.0,5,0.0,2,1.0,1.0,188203.58,0
11073,15572360,Marcelo,722,Germany,Male,32.0,5,106807.64,1,1.0,1.0,76998.69,1
11074,15742575,Pinto,752,France,Male,21.0,9,0.0,1,1.0,1.0,142989.59,0
11075,15631871,Leckie,600,Germany,Female,37.0,9,108309.0,1,1.0,0.0,41788.37,1
11076,15587562,Hs?,652,Spain,Female,36.0,5,0.0,1,1.0,1.0,132673.23,0
11077,15613886,Scott,576,Spain,Male,36.0,4,0.0,1,0.0,1.0,58320.84,0
11078,15671139,Tsou,628,France,Male,38.0,0,96950.74,1,1.0,1.0,126761.9,0
11079,15693543,Ibeabuchi,678,France,Male,46.0,8,0.0,3,1.0,0.0,90547.67,1
11080,15647575,Onyemauchechukwu,616,France,Male,39.0,7,0.0,1,1.0,1.0,80618.41,0
11081,15635240,Uspensky,584,France,Female,29.0,5,0.0,2,1.0,0.0,127964.54,0
11082,15657317,Milanesi,730,Spain,Male,26.0,5,0.0,1,0.0,0.0,130805.5,0
11083,15812720,Chidubem,711,France,Male,51.0,10,155739.76,3,1.0,0.0,171552.02,1
11084,15740170,Onwuamaeze,679,France,Male,34.0,7,115725.28,1,0.0,1.0,183617.74,0
11085,15665760,Piazza,593,France,Female,35.0,8,139064.04,1,1.0,0.0,151872.14,0
11086,15807340,Hsia,594,Spain,Male,33.0,4,0.0,2,0.0,0.0,64038.34,0
11087,15569976,Woronoff,586,Spain,Male,65.0,1,0.0,2,1.0,1.0,121529.59,0
11088,15665760,Nnachetam,754,France,Male,43.0,4,0.0,1,1.0,0.0,182076.97,1
11089,15706799,Tseng,678,Germany,Female,26.0,2,153549.8,1,1.0,0.0,163435.3,0
11090,15757577,MacPherson,706,Spain,Male,33.0,6,0.0,2,1.0,0.0,36249.76,0
11091,15748673,Calabresi,624,France,Female,33.0,6,0.0,2,1.0,1.0,83058.14,0
11092,15769412,Ts'ao,550,Germany,Male,21.0,1,121827.43,2,1.0,1.0,99818.31,0
11093,15612505,Ch'eng,482,Germany,Female,40.0,6,113000.38,2,1.0,1.0,88840.54,0
11094,15800412,Wang,749,France,Male,34.0,2,0.0,2,1.0,0.0,141533.19,0
11095,15571843,Pinto,712,France,Male,31.0,5,0.0,2,0.0,1.0,165082.25,0
11096,15738605,Fischer,850,France,Female,43.0,6,97665.61,1,1.0,1.0,123304.62,0
11097,15666884,Hodge,659,France,Male,37.0,2,0.0,2,0.0,0.0,171457.06,0
11098,15657747,Chiganu,678,Germany,Female,49.0,7,151766.71,1,1.0,1.0,57549.65,1
11099,15776631,Ma,480,France,Female,36.0,8,0.0,1,1.0,1.0,70403.65,1
11100,15674720,Smith,791,Germany,Female,37.0,6,123067.63,1,0.0,1.0,98162.44,0
11101,15742009,Hsueh,741,France,Male,58.0,4,0.0,2,1.0,0.0,191419.32,0
11102,15572735,Chukwudi,523,Spain,Female,52.0,8,113657.83,1,1.0,0.0,71047.51,1
11103,15788480,Pagnotto,786,Germany,Female,48.0,0,122325.58,1,0.0,0.0,34712.34,1
11104,15583725,Mairinger,682,France,Female,48.0,10,138778.15,1,0.0,0.0,168840.23,1
11105,15682576,Lai,622,France,Female,40.0,3,0.0,1,1.0,0.0,126792.87,0
11106,15619407,Ts'ui,706,France,Male,36.0,2,0.0,1,1.0,1.0,124596.63,0
11107,15794916,Genovese,710,Germany,Female,55.0,3,118546.71,1,1.0,0.0,187946.55,1
11108,15643689,Hao,653,France,Female,47.0,6,0.0,1,0.0,1.0,85787.31,0
11109,15600462,Calabrese,542,France,Female,43.0,8,145618.37,1,0.0,1.0,10350.74,0
11110,15666887,Ukaegbulam,748,France,Male,40.0,5,0.0,2,1.0,1.0,96586.76,0
11111,15776596,O'Loghlin,613,Spain,Male,29.0,1,0.0,1,1.0,0.0,122403.38,0
11112,15749472,Onwuatuegwu,726,France,Female,26.0,5,0.0,2,1.0,0.0,90162.46,0
11113,15596088,De Luca,586,France,Male,33.0,5,136678.52,1,1.0,0.0,159483.76,0
11114,15754068,Onyemauchechukwu,634,France,Male,31.0,1,0.0,2,1.0,1.0,105760.01,0
11115,15661248,Eluemuno,589,Spain,Male,36.0,7,93712.45,1,1.0,0.0,181429.87,0
11116,15790678,Hsieh,525,Spain,Male,35.0,7,153366.85,1,0.0,0.0,67780.41,0
11117,15715951,Hs?,673,Spain,Female,26.0,8,127278.31,1,1.0,1.0,90876.84,0
11118,15672397,L?,705,France,Male,36.0,8,0.0,2,1.0,0.0,145789.71,0
11119,15808971,Norton,701,Spain,Male,30.0,3,0.0,2,1.0,1.0,131083.56,0
11120,15576774,Stevenson,729,France,Male,38.0,7,0.0,3,1.0,0.0,45779.9,1
11121,15671789,Gould,579,France,Male,40.0,7,0.0,2,1.0,0.0,16897.19,0
11122,15676835,Hsiao,687,France,Male,43.0,1,0.0,2,1.0,1.0,171768.66,0
11123,15694860,Uspensky,675,France,Female,38.0,6,68065.8,1,0.0,0.0,138777.0,0
11124,15593622,Hsiao,686,Spain,Male,39.0,6,0.0,2,0.0,1.0,171056.65,0
11125,15745307,Martin,683,Germany,Male,32.0,7,121887.91,1,1.0,1.0,176570.46,0
11126,15744041,Yobanna,780,France,Female,26.0,5,140356.7,2,1.0,0.0,117144.15,0
11127,15585768,Gether,769,Spain,Male,31.0,9,104678.62,2,0.0,1.0,50972.6,0
11128,15622532,Lo,571,Spain,Male,44.0,6,82767.69,1,0.0,0.0,180426.7,1
11129,15680767,Frolova,846,France,Female,51.0,4,157597.61,1,0.0,0.0,86460.29,0
11130,15572398,Ozerova,646,Spain,Female,34.0,8,115930.87,2,1.0,1.0,173498.45,0
11131,15630349,Hollis,592,France,Male,23.0,5,0.0,1,1.0,0.0,117832.39,0
11132,15783865,Kulikova,568,France,Male,59.0,5,119380.37,1,1.0,1.0,60429.43,0
11133,15795519,Martin,705,France,Female,34.0,2,0.0,2,1.0,1.0,136050.44,0
11134,15641298,Hsieh,678,Germany,Male,40.0,8,136855.24,1,1.0,0.0,78670.52,0
11135,15749638,Kaodilinakachukwu,621,France,Female,51.0,9,104760.82,1,1.0,1.0,165574.54,0
11136,15745324,Milani,622,Spain,Female,39.0,4,0.0,3,1.0,0.0,194273.2,1
11137,15713983,Chen,477,Spain,Male,34.0,6,74681.9,2,0.0,0.0,31257.1,1
11138,15702801,Macleod,686,France,Male,41.0,7,0.0,2,1.0,0.0,183490.99,0
11139,15772421,Teng,705,Germany,Female,30.0,7,100885.93,2,1.0,1.0,38772.65,1
11140,15572361,Martin,641,France,Male,32.0,8,0.0,2,1.0,1.0,64859.6,0
11141,15780142,Yobachi,729,France,Male,45.0,4,0.0,2,1.0,0.0,40333.94,0
11142,15787071,Calabrese,624,France,Female,31.0,3,0.0,2,1.0,0.0,160126.67,0
11143,15805254,Kerr,707,Spain,Female,30.0,5,0.0,2,1.0,1.0,5177.62,0
11144,15661410,Nwankwo,695,Spain,Female,57.0,4,0.0,2,1.0,1.0,80450.16,1
11145,15788151,Wright,687,Spain,Female,46.0,10,0.0,1,1.0,1.0,176903.35,1
11146,15625035,Mills,703,France,Male,50.0,8,160139.59,1,1.0,1.0,79314.1,0
11147,15793883,T'ien,678,France,Female,49.0,7,0.0,1,1.0,0.0,85890.68,1
11148,15570086,Parry-Okeden,638,Spain,Male,41.0,9,132623.76,1,1.0,0.0,36292.94,0
11149,15686670,Chia,595,France,Male,37.0,6,128509.79,1,1.0,1.0,78915.73,0
11150,15654733,Fan,646,France,Female,38.0,5,0.0,2,1.0,1.0,160529.71,0
11151,15739931,Nwankwo,712,France,Female,40.0,5,0.0,2,1.0,0.0,168032.49,0
11152,15594792,Nnachetam,547,Spain,Female,41.0,8,0.0,3,1.0,1.0,145516.92,1
11153,15683660,Aitken,599,France,Male,38.0,5,0.0,2,1.0,0.0,116772.46,0
11154,15691823,Uvarova,586,France,Female,33.0,6,0.0,2,1.0,0.0,107876.78,0
11155,15649033,Milani,610,Germany,Male,30.0,9,71843.15,2,0.0,0.0,61843.73,0
11156,15737047,Weatherford,637,France,Male,40.0,6,0.0,2,1.0,1.0,73881.68,0
11157,15671149,T'ang,554,France,Male,35.0,2,141806.64,1,1.0,1.0,148815.64,0
11158,15681180,Chizuoke,756,France,Male,43.0,8,127924.25,2,0.0,1.0,172574.62,0
11159,15777743,Shubin,636,Germany,Female,45.0,8,121540.9,1,0.0,0.0,75825.53,1
11160,15693737,Carr,495,Spain,Female,27.0,5,0.0,2,0.0,0.0,121821.16,0
11161,15660646,Hsueh,681,Germany,Female,31.0,8,98710.89,2,1.0,0.0,125961.48,0
11162,15738018,T'ao,715,France,Female,43.0,4,0.0,1,1.0,0.0,165575.31,1
11163,15706199,Liao,587,France,Female,33.0,5,0.0,2,1.0,0.0,141946.92,0
11164,15757577,Ndubueze,601,France,Male,40.0,10,98627.13,2,0.0,0.0,77977.69,0
11165,15597909,Nwankwo,703,France,Male,33.0,6,0.0,1,1.0,1.0,59249.83,0
11166,15578883,Uspensky,652,France,Female,31.0,0,0.0,2,1.0,0.0,19231.84,0
11167,15762799,Mazzanti,646,Spain,Female,41.0,2,0.0,2,0.0,1.0,182270.88,0
11168,15695465,Gibson,638,France,Female,31.0,7,0.0,2,1.0,1.0,164247.51,0
11169,15575428,Ebelechukwu,614,France,Male,40.0,6,127739.08,1,1.0,1.0,170968.99,1
11170,15700801,Genovese,619,France,Male,35.0,6,117103.26,2,1.0,0.0,178025.07,0
11171,15766205,Li Fonti,649,France,Male,24.0,4,128743.55,1,1.0,0.0,133091.32,0
11172,15643654,Fennell,782,Germany,Male,33.0,4,141426.84,2,1.0,0.0,148828.13,0
11173,15642655,Lu,839,France,Female,31.0,4,0.0,2,1.0,1.0,105760.01,0
11174,15751177,Hales,672,Germany,Female,27.0,3,169025.83,2,1.0,0.0,169137.24,0
11175,15571816,Ritchie,850,Spain,Female,70.0,5,0.0,1,1.0,1.0,70529.0,0
11176,15775294,Yobanna,717,France,Male,37.0,2,0.0,2,0.0,1.0,145553.46,0
11177,15777033,Tsai,605,Spain,Female,28.0,6,0.0,2,1.0,0.0,84908.2,0
11178,15617116,McElhone,581,Germany,Female,34.0,7,110150.55,1,1.0,1.0,93717.71,1
11179,15739476,T'ao,750,France,Female,28.0,6,0.0,1,0.0,1.0,119817.19,0
11180,15697035,Uchenna,679,France,Male,39.0,4,0.0,1,1.0,0.0,94439.5,0
11181,15666987,Aksenov,599,France,Male,30.0,9,127726.58,1,1.0,0.0,171430.52,0
11182,15643330,Nwachukwu,775,France,Male,35.0,6,0.0,2,1.0,0.0,146033.89,0
11183,15683339,Goddard,540,France,Male,48.0,0,0.0,1,1.0,1.0,108469.2,0
11184,15720662,Ubanwa,653,Spain,Male,38.0,2,0.0,1,1.0,0.0,87985.2,1
11185,15796569,Donaldson,651,Spain,Female,44.0,1,0.0,1,0.0,1.0,47729.33,0
11186,15650288,Scott,731,Germany,Female,40.0,4,91522.06,1,0.0,0.0,141872.05,0
11187,15667085,Lucchesi,769,France,Male,26.0,7,0.0,2,1.0,0.0,176843.53,0
11188,15685536,Shih,608,France,Female,31.0,4,113899.92,1,1.0,0.0,187839.9,0
11189,15700826,Lucchesi,668,France,Male,33.0,4,137008.92,1,1.0,0.0,142516.35,0
11190,15664555,Hughes,581,Germany,Male,42.0,8,144386.32,1,1.0,0.0,32919.42,0
11191,15585066,Cremonesi,715,France,Female,36.0,1,0.0,2,1.0,1.0,192387.51,0
11192,15596984,Pinto,667,Spain,Female,35.0,8,0.0,2,1.0,1.0,16447.6,0
11193,15790379,Udegbunam,680,France,Male,45.0,4,0.0,3,1.0,0.0,92277.47,1
11194,15687634,T'ien,707,Germany,Female,50.0,5,115920.62,1,0.0,0.0,160546.58,1
11195,15765258,Nwokike,592,France,Female,29.0,8,0.0,2,1.0,0.0,115525.13,0
11196,15588928,Y?an,607,France,Female,41.0,2,0.0,2,1.0,1.0,107876.2,0
11197,15569641,Sung,637,Germany,Female,45.0,6,130701.29,1,1.0,0.0,59354.24,1
11198,15805523,Gilleland,538,Spain,Male,27.0,7,0.0,2,1.0,0.0,167033.07,0
11199,15579647,Oluchukwu,665,Spain,Male,52.0,5,0.0,1,1.0,1.0,160828.98,0
11200,15589725,Hsia,714,Germany,Female,21.0,1,141806.09,1,0.0,1.0,172031.22,0
11201,15777047,Yip,667,Spain,Male,33.0,2,148363.37,2,1.0,0.0,108645.49,0
11202,15697310,Yudina,616,France,Female,28.0,3,0.0,2,1.0,0.0,103557.83,0
11203,15605968,Hs?,556,Spain,Male,43.0,2,0.0,1,1.0,0.0,80149.79,0
11204,15674583,Lajoie,716,France,Male,45.0,9,98173.02,3,1.0,1.0,105525.32,1
11205,15609913,Mundy,619,France,Female,50.0,4,0.0,1,1.0,0.0,143668.58,1
11206,15655192,Wang,683,Spain,Male,37.0,8,0.0,2,1.0,1.0,140745.17,0
11207,15655679,Milanesi,601,France,Female,32.0,2,0.0,2,1.0,1.0,172363.76,0
11208,15579969,Uvarova,703,France,Male,28.0,4,0.0,2,1.0,0.0,138052.12,0
11209,15591257,Ejimofor,796,France,Male,32.0,8,0.0,1,1.0,1.0,61349.37,0
11210,15682533,Nwankwo,604,France,Female,42.0,4,0.0,2,1.0,0.0,167035.07,0
11211,15707918,Hsing,613,Spain,Female,43.0,8,0.0,2,1.0,0.0,136053.53,0
11212,15704315,Teng,705,France,Male,30.0,7,165692.91,1,0.0,1.0,73551.44,0
11213,15668894,P'eng,804,France,Male,41.0,4,141428.99,1,1.0,1.0,58883.91,0
11214,15784092,Yevseyev,627,Spain,Female,49.0,8,0.0,1,1.0,1.0,9983.88,0
11215,15586870,Chukwuemeka,653,Germany,Female,56.0,2,147726.65,2,1.0,1.0,161573.66,0
11216,15684960,Chukwuemeka,683,Spain,Female,65.0,1,102767.67,1,1.0,0.0,178827.05,1
11217,15751774,Ch'eng,657,France,Male,47.0,4,143542.36,1,1.0,0.0,75762.0,1
11218,15762543,Grant,648,France,Male,32.0,1,0.0,2,1.0,1.0,26752.56,0
11219,15658969,Ch'ang,659,France,Male,43.0,1,113829.45,1,1.0,0.0,144593.4,1
11220,15643967,Nwokezuike,569,Germany,Male,56.0,1,141749.74,1,1.0,0.0,93736.73,1
11221,15581626,Mancini,619,Spain,Male,39.0,8,0.0,2,0.0,1.0,24176.44,0
11222,15661162,Lai,729,France,Male,33.0,2,0.0,1,1.0,0.0,94815.04,0
11223,15808960,Hsieh,565,France,Male,36.0,1,0.0,1,1.0,0.0,148838.52,1
11224,15756920,Martin,625,Spain,Female,46.0,3,162701.65,1,1.0,1.0,133473.42,0
11225,15593943,Rose,575,France,Male,40.0,9,112701.04,1,1.0,0.0,29296.74,0
11226,15662865,Mancini,696,Spain,Female,19.0,8,110928.51,1,1.0,1.0,2766.63,0
11227,15782941,Sagese,681,Germany,Male,30.0,6,121702.73,1,1.0,1.0,169964.12,0
11228,15731553,Tsao,628,France,Female,28.0,0,116920.91,2,1.0,0.0,187915.7,0
11229,15751531,Ch'iu,667,Spain,Male,31.0,1,116326.07,1,1.0,0.0,158043.11,0
11230,15689412,Lucciano,834,Germany,Male,24.0,6,132403.56,2,1.0,0.0,166520.96,0
11231,15652782,Uspenskaya,592,France,Female,39.0,2,0.0,2,1.0,1.0,142538.31,0
11232,15803032,Bibi,650,France,Female,24.0,7,0.0,2,1.0,0.0,121562.33,0
11233,15661409,Hsing,663,Germany,Male,34.0,1,122450.54,1,0.0,1.0,199203.71,0
11234,15723008,Tseng,593,France,Female,29.0,9,0.0,2,1.0,0.0,76515.79,0
11235,15581388,Pinto,677,Germany,Male,42.0,4,113635.43,3,1.0,0.0,101057.95,1
11236,15656029,Houghton,644,Germany,Male,38.0,5,148843.59,2,1.0,1.0,92898.15,0
11237,15673591,Oluchukwu,772,France,Male,34.0,4,141252.18,2,0.0,1.0,128521.16,0
11238,15706199,Williamson,636,France,Male,34.0,5,0.0,2,0.0,1.0,182059.28,0
11239,15793726,Matveyeva,681,Spain,Female,41.0,0,0.0,2,0.0,0.0,170968.99,0
11240,15798960,T'ien,721,France,Female,41.0,2,0.0,2,0.0,1.0,180890.4,0
11241,15684317,Pinto,707,Spain,Female,43.0,8,0.0,4,1.0,0.0,117842.02,1
11242,15636595,Loton,488,Spain,Male,34.0,4,0.0,2,0.0,0.0,195692.3,0
11243,15635143,Palerma,637,Spain,Female,48.0,3,0.0,1,1.0,0.0,168522.81,1
11244,15792324,Chikwendu,684,France,Male,66.0,8,0.0,1,1.0,1.0,103908.41,1
11245,15581811,Chukwukere,678,Germany,Male,30.0,1,139676.95,2,0.0,1.0,16146.0,0
11246,15724443,Taylor,703,Germany,Female,29.0,3,122084.63,1,0.0,0.0,83983.39,1
11247,15778589,Y?,628,France,Male,27.0,1,0.0,2,1.0,1.0,74580.8,0
11248,15784700,Chikelu,811,France,Male,31.0,7,117799.28,1,1.0,1.0,182372.35,1
11249,15589475,K?,689,France,Male,33.0,3,0.0,2,1.0,0.0,136869.31,0
11250,15662501,Kao,652,Spain,Male,36.0,9,0.0,2,0.0,0.0,175071.01,0
11251,15689237,Shaw,471,France,Female,43.0,6,0.0,2,1.0,0.0,122642.09,1
11252,15608878,Ting,696,France,Male,55.0,7,0.0,1,0.0,1.0,114448.13,0
11253,15730441,Eluemuno,704,France,Female,39.0,6,99842.6,1,1.0,0.0,182055.36,0
11254,15807269,Lucciano,447,Spain,Male,21.0,2,140950.11,2,0.0,1.0,96833.41,0
11255,15626900,Fang,605,France,Female,33.0,2,0.0,2,1.0,1.0,93844.82,0
11256,15660878,Ndubueze,714,Spain,Male,25.0,1,0.0,2,1.0,1.0,103381.77,0
11257,15622518,Onyemauchechukwu,609,France,Male,31.0,7,0.0,2,1.0,1.0,129964.13,0
11258,15706268,Smith,697,Germany,Male,35.0,1,147910.3,1,1.0,1.0,53581.14,0
11259,15690130,Folliero,724,France,Female,35.0,9,0.0,2,1.0,0.0,158973.77,0
11260,15618245,Chukwumaobim,684,Germany,Male,31.0,1,117020.08,1,1.0,1.0,64436.16,0
11261,15729117,Chu,496,France,Female,35.0,2,0.0,2,1.0,1.0,173794.94,0
11262,15690164,Nnonso,678,France,Female,39.0,5,0.0,1,1.0,0.0,166957.82,1
11263,15649523,Ukaegbunam,635,Germany,Female,57.0,8,114756.08,1,1.0,0.0,138880.24,1
11264,15714874,Major,850,France,Female,42.0,3,0.0,2,1.0,1.0,92982.61,0
11265,15569446,Hs?,667,Germany,Male,46.0,3,104356.76,1,1.0,0.0,64516.8,1
11266,15711602,Ni,745,Germany,Male,43.0,6,111907.97,2,0.0,1.0,1055.65,1
11267,15736088,Hsing,718,Spain,Male,32.0,3,0.0,2,0.0,1.0,161479.31,0
11268,15668893,Kaleski,597,France,Female,31.0,8,0.0,2,1.0,1.0,19116.97,0
11269,15584564,Pagnotto,558,France,Female,43.0,5,0.0,1,1.0,1.0,169161.46,1
11270,15640078,Nwachukwu,667,France,Male,33.0,7,0.0,2,1.0,1.0,166526.76,0
11271,15812720,Ch'in,807,Germany,Male,37.0,10,130110.45,2,0.0,1.0,172097.4,0
11272,15793693,Nwagugheuzo,543,Germany,Male,32.0,9,133855.33,1,1.0,1.0,151314.96,0
11273,15674851,Ting,757,France,Female,40.0,9,0.0,2,1.0,0.0,141175.15,0
11274,15641685,Y?,616,France,Female,33.0,4,0.0,2,1.0,0.0,84421.64,0
11275,15749177,Teng,687,France,Female,31.0,7,0.0,2,0.0,1.0,98661.27,0
11276,15642093,Piccio,646,Spain,Male,34.0,7,0.0,2,1.0,0.0,153566.97,0
11277,15592707,Tsou,649,France,Male,43.0,8,0.0,2,1.0,0.0,124749.08,0
11278,15780650,Biryukov,602,France,Male,37.0,5,0.0,1,0.0,1.0,196395.05,0
11279,15604577,Ch'in,644,Spain,Female,40.0,7,105835.24,1,1.0,1.0,163477.8,0
11280,15812356,Chukwualuka,622,France,Female,56.0,2,94203.8,2,0.0,1.0,152883.95,0
11281,15756926,Nwabugwu,604,France,Male,36.0,0,0.0,2,1.0,0.0,123697.95,0
11282,15592707,H?,720,Germany,Female,47.0,3,103907.28,1,1.0,0.0,99154.86,1
11283,15662658,Mitchell,663,France,Male,43.0,10,0.0,2,1.0,1.0,158032.5,0
11284,15753837,Mazzi,649,Germany,Female,31.0,10,141581.71,1,1.0,0.0,85901.89,1
11285,15724145,Lucciano,684,Spain,Female,52.0,4,0.0,1,1.0,0.0,71429.51,1
11286,15678916,Onyemauchechukwu,631,France,Female,39.0,9,81947.76,2,1.0,0.0,121277.78,0
11287,15732270,Hung,603,Spain,Male,42.0,8,0.0,2,1.0,1.0,198446.91,0
11288,15601383,Atherton,589,France,Male,48.0,5,129831.46,2,1.0,1.0,103548.24,0
11289,15677871,Nwagugheuzo,687,France,Female,30.0,9,0.0,3,0.0,0.0,126561.07,1
11290,15653778,Shih,651,France,Male,43.0,7,0.0,2,1.0,1.0,149705.25,0
11291,15585835,Ch'iu,714,Germany,Male,35.0,7,119499.67,2,1.0,1.0,88729.84,0
11292,15591428,Miles,674,Germany,Male,43.0,8,85957.88,1,1.0,0.0,8757.39,0
11293,15632665,Iweobiegbunam,603,Spain,Male,59.0,3,0.0,3,0.0,1.0,103583.01,1
11294,15672357,Chigozie,725,Spain,Male,44.0,10,118577.24,1,1.0,0.0,31484.76,1
11295,15621267,Onyemachukwu,507,Spain,Female,25.0,4,0.0,2,1.0,0.0,131807.14,0
11296,15651220,Okechukwu,809,Spain,Male,35.0,5,0.0,2,0.0,1.0,1843.24,0
11297,15587640,Bateson,718,France,Male,61.0,0,155973.13,1,0.0,1.0,147554.26,0
11298,15607577,Vasilyeva,677,Germany,Male,35.0,2,85089.3,2,1.0,1.0,71638.0,0
11299,15638730,Macleod,682,France,Male,21.0,0,82844.33,1,1.0,1.0,14081.64,0
11300,15584092,Ts'ai,705,Germany,Male,35.0,4,118913.55,2,0.0,1.0,87412.45,0
11301,15803462,Ts'ai,637,Germany,Male,35.0,7,151310.58,2,1.0,0.0,102665.91,0
11302,15622578,Macleod,629,France,Female,48.0,10,0.0,1,1.0,0.0,97908.01,1
11303,15566660,Colebatch,577,France,Female,30.0,8,0.0,2,1.0,1.0,55473.15,0
11304,15650889,T'ao,593,France,Male,34.0,7,0.0,2,1.0,1.0,114626.35,0
11305,15790267,Toscani,629,France,Female,47.0,3,0.0,1,1.0,0.0,72993.57,1
11306,15702468,McWilliams,601,France,Male,31.0,7,131889.31,1,0.0,1.0,156033.11,0
11307,15588923,Lucciano,579,Spain,Female,32.0,3,0.0,2,1.0,1.0,180329.83,0
11308,15648069,Mancini,584,France,Female,34.0,6,117307.44,1,1.0,1.0,24020.49,0
11309,15753332,Loftus,401,Germany,Male,48.0,5,81026.77,2,1.0,0.0,175753.55,0
11310,15593250,Hs?,711,France,Female,29.0,9,0.0,2,1.0,0.0,44904.26,0
11311,15606836,Nnamdi,748,France,Male,54.0,8,146943.38,2,1.0,1.0,41815.22,0
11312,15721019,Ignatieff,591,France,Male,63.0,5,0.0,2,1.0,1.0,161579.85,0
11313,15628007,Hsia,754,France,Male,25.0,6,0.0,2,1.0,0.0,168515.12,0
11314,15709487,Fanucci,679,France,Male,44.0,7,0.0,2,0.0,0.0,102280.56,0
11315,15811314,Ejimofor,775,Germany,Female,52.0,3,129834.59,4,1.0,1.0,104079.62,1
11316,15733303,Liu,630,France,Male,28.0,5,0.0,2,1.0,1.0,27330.27,0
11317,15706054,Ch'en,573,Germany,Female,32.0,4,161371.12,1,0.0,1.0,117929.24,0
11318,15653857,Wallis,492,France,Male,35.0,2,0.0,2,1.0,1.0,148528.24,0
11319,15792679,Hsia,686,France,Female,45.0,3,0.0,1,0.0,0.0,160110.65,1
11320,15594404,Genovese,834,France,Male,49.0,8,160602.25,2,1.0,0.0,129273.94,0
11321,15667588,Cremonesi,569,France,Male,27.0,10,0.0,2,1.0,1.0,195192.4,0
11322,15665695,Middleton,458,France,Female,27.0,5,0.0,1,1.0,0.0,79723.78,0
11323,15768449,Ricci,632,Spain,Female,24.0,7,0.0,2,1.0,1.0,184312.88,0
11324,15656613,Palerma,749,France,Female,30.0,2,121898.58,1,1.0,1.0,135875.51,0
11325,15671585,Calabrese,643,France,Male,36.0,6,0.0,2,1.0,1.0,170821.45,0
11326,15645956,Seleznyova,617,Spain,Male,41.0,3,121765.37,2,1.0,1.0,131177.22,0
11327,15632256,Wilson,747,France,Male,38.0,8,0.0,1,1.0,0.0,91724.79,1
11328,15587591,Pinto,681,France,Male,29.0,1,0.0,2,1.0,0.0,667.66,0
11329,15730488,Dyer,711,Spain,Male,25.0,3,0.0,2,1.0,0.0,62756.26,0
11330,15593976,Farber,578,Germany,Female,33.0,5,143258.85,1,0.0,0.0,192721.98,1
11331,15700511,Ting,539,France,Female,35.0,3,0.0,2,1.0,1.0,129894.74,0
11332,15782418,Niu,823,France,Male,27.0,7,0.0,2,1.0,0.0,99341.87,0
11333,15790730,Onyinyechukwuka,703,France,Female,46.0,3,76939.8,1,1.0,0.0,119381.43,0
11334,15776936,O'Toole,597,Germany,Male,40.0,4,112896.86,3,1.0,1.0,185827.74,1
11335,15724955,Lucchesi,730,France,Male,32.0,9,0.0,2,0.0,0.0,141023.01,0
11336,15798895,Kambinachi,615,Spain,Female,33.0,8,134766.85,1,1.0,0.0,143952.24,1
11337,15691792,Manna,762,France,Male,25.0,10,0.0,2,0.0,1.0,87834.79,0
11338,15608328,Chukwufumnanya,710,France,Female,26.0,2,0.0,1,0.0,0.0,39382.06,0
11339,15685826,Ritchie,751,Spain,Male,38.0,8,0.0,2,1.0,0.0,93795.86,0
11340,15702631,Tang,557,France,Female,26.0,2,0.0,2,1.0,0.0,78651.55,1
11341,15794360,Kline,683,Germany,Female,34.0,10,170833.46,1,0.0,0.0,137783.85,0
11342,15704769,Lombardo,732,France,Male,46.0,7,0.0,2,1.0,1.0,172576.43,0
11343,15569641,Hargreaves,704,Spain,Male,41.0,2,175509.8,3,1.0,0.0,158336.36,1
11344,15641822,Pagnotto,705,France,Female,29.0,0,0.0,2,1.0,0.0,91512.86,0
11345,15696834,Cone,725,France,Female,29.0,6,0.0,2,0.0,0.0,121451.21,0
11346,15641822,Fane,723,France,Female,36.0,6,0.0,2,1.0,1.0,28228.35,0
11347,15807565,T'ao,731,Spain,Male,39.0,3,0.0,2,1.0,1.0,149170.25,0
11348,15783875,Chung,725,France,Male,45.0,3,0.0,1,0.0,1.0,125658.28,0
11349,15718057,Uchenna,675,France,Male,39.0,5,0.0,1,1.0,1.0,94748.04,0
11350,15625740,Enyinnaya,644,France,Male,32.0,4,137479.13,2,1.0,0.0,71379.92,0
11351,15814465,Wang,526,France,Male,44.0,9,127847.86,1,0.0,0.0,173117.22,0
11352,15686461,Dyer,669,France,Female,40.0,3,0.0,1,0.0,1.0,158610.89,0
11353,15725767,Lettiere,565,Spain,Female,23.0,7,0.0,2,0.0,1.0,86622.56,0
11354,15759537,Y?an,537,France,Female,35.0,7,0.0,2,1.0,1.0,119374.84,0
11355,15695097,Genovese,653,France,Male,33.0,9,0.0,2,1.0,1.0,25571.37,0
11356,15699507,Davidson,707,Spain,Female,35.0,6,121626.9,1,1.0,1.0,82438.13,0
11357,15725835,Shih,785,Germany,Female,39.0,10,124493.03,2,1.0,0.0,52583.79,0
11358,15642797,Palermo,656,France,Female,38.0,4,73496.93,1,1.0,0.0,166656.18,0
11359,15698953,Hart,677,France,Female,36.0,1,0.0,3,1.0,0.0,74048.1,0
11360,15761733,Okwuadigbo,751,Germany,Female,32.0,3,148874.04,1,1.0,0.0,168516.17,0
11361,15718789,Yobachi,645,France,Male,43.0,2,0.0,2,1.0,0.0,132798.95,0
11362,15782530,Milani,583,Spain,Male,35.0,0,119565.92,2,0.0,1.0,151623.91,0
11363,15761706,Scott,687,France,Female,36.0,4,131593.85,1,1.0,1.0,91406.62,0
11364,15693382,Hsia,699,Spain,Female,39.0,4,0.0,1,1.0,0.0,160162.42,0
11365,15700801,Yudina,535,France,Female,59.0,3,0.0,1,1.0,0.0,176984.34,1
11366,15761047,Nnonso,659,France,Male,33.0,2,0.0,2,0.0,1.0,51672.91,0
11367,15682532,T'ao,689,France,Male,39.0,7,0.0,2,0.0,0.0,180598.86,0
11368,15701221,Shipton,698,Spain,Female,31.0,6,0.0,2,1.0,0.0,83058.14,0
11369,15626985,Yefremova,850,France,Female,39.0,0,0.0,2,0.0,0.0,105886.77,0
11370,15621210,Angelo,599,Germany,Female,39.0,9,123444.72,2,1.0,1.0,31368.08,0
11371,15633666,Martin,625,Spain,Male,33.0,5,110182.54,1,0.0,0.0,155711.64,0
11372,15700826,T'ien,562,France,Male,38.0,8,0.0,2,1.0,0.0,72993.65,0
11373,15777797,Kovalyova,659,France,Male,33.0,9,75075.14,1,1.0,1.0,8651.92,0
11374,15815490,H?,648,Spain,Female,38.0,9,0.0,2,0.0,1.0,171096.2,0
11375,15704950,Pagnotto,748,Germany,Male,33.0,8,134740.24,1,1.0,1.0,141038.98,0
11376,15573854,Shih,727,Germany,Male,62.0,8,119839.69,2,1.0,0.0,51016.02,1
11377,15587914,Hs?,850,France,Female,27.0,9,118537.47,1,1.0,0.0,40321.96,0
11378,15714241,Y?,675,France,Male,42.0,1,0.0,2,1.0,1.0,167984.72,0
11379,15752097,Palermo,552,Germany,Male,40.0,6,152581.06,1,1.0,0.0,71408.63,0
11380,15645839,Onyemachukwu,673,Germany,Female,57.0,7,113322.35,2,1.0,1.0,72991.15,0
11381,15751336,Pirozzi,540,France,Female,32.0,7,0.0,2,1.0,0.0,133031.96,0
11382,15782247,Yeh,540,Spain,Male,27.0,4,0.0,2,1.0,1.0,186233.26,0
11383,15698462,Chiu,532,France,Male,34.0,4,0.0,2,1.0,1.0,132798.78,0
11384,15705521,Chukwudi,679,Germany,Male,40.0,4,140891.08,1,1.0,1.0,126555.7,0
11385,15755825,McGuirk,850,France,Female,21.0,1,0.0,2,1.0,0.0,102999.33,0
11386,15794182,Olisaemeka,850,Germany,Male,42.0,9,106573.81,1,1.0,0.0,56864.0,0
11387,15697035,Chiawuotu,590,Germany,Male,31.0,10,102983.91,2,1.0,0.0,136610.02,0
11388,15629128,Lai,706,Germany,Female,27.0,8,111868.52,2,1.0,0.0,176778.28,0
11389,15682211,Tu,467,France,Female,37.0,1,0.0,1,1.0,0.0,114448.77,1
11390,15772381,Ts'ui,660,Spain,Female,40.0,4,0.0,2,1.0,0.0,170893.6,0
11391,15775293,Tien,714,Spain,Female,33.0,7,0.0,2,1.0,1.0,131625.14,0
11392,15682468,Nkemakonam,712,France,Male,29.0,9,141581.06,1,1.0,1.0,141914.96,0
11393,15744531,Pethard,474,France,Male,33.0,4,82275.81,1,0.0,1.0,88874.47,0
11394,15657317,Nucci,730,France,Male,29.0,6,0.0,2,1.0,1.0,28407.4,0
11395,15725945,Nweke,659,Spain,Female,38.0,2,0.0,2,1.0,0.0,162734.31,1
11396,15756975,Li Fonti,663,France,Male,47.0,7,0.0,1,0.0,1.0,170819.01,0
11397,15590730,Teng,708,France,Female,37.0,9,0.0,2,0.0,0.0,172096.08,0
11398,15572265,Chizoba,699,Germany,Female,42.0,3,121513.19,2,1.0,0.0,187936.43,1
11399,15696812,Fomin,660,France,Male,31.0,6,0.0,2,1.0,0.0,88728.47,0
11400,15616550,Chidiebele,698,France,Male,44.0,9,0.0,2,1.0,0.0,198059.16,0
11401,15632789,Yates,513,France,Female,29.0,5,0.0,1,1.0,1.0,126336.72,0
11402,15713378,Sagese,546,France,Female,55.0,9,0.0,1,1.0,0.0,176471.78,1
11403,15752885,Smith,752,France,Male,21.0,9,0.0,2,0.0,1.0,77500.62,0
11404,15778886,Shen,667,Spain,Male,41.0,2,0.0,2,1.0,1.0,145537.35,0
11405,15619130,Manna,510,France,Male,39.0,3,0.0,2,1.0,1.0,109988.09,0
11406,15778089,Ijendu,748,Spain,Female,44.0,8,0.0,1,1.0,1.0,168882.05,1
11407,15663625,Johnson,697,France,Male,49.0,7,0.0,1,1.0,0.0,63405.2,1
11408,15717307,Uren,551,France,Male,31.0,8,0.0,1,1.0,1.0,182609.97,0
11409,15782802,Beneventi,735,Germany,Male,26.0,7,114450.32,1,1.0,1.0,14081.64,0
11410,15792722,Tretiakova,569,France,Male,31.0,8,61692.19,2,1.0,0.0,181221.09,0
11411,15700394,Bellucci,769,France,Male,34.0,4,0.0,2,1.0,0.0,130784.2,0
11412,15742632,Fanucci,628,Germany,Female,53.0,0,116772.23,1,1.0,0.0,129890.97,1
11413,15764294,Ifeatu,683,Germany,Male,41.0,4,98899.91,2,1.0,1.0,47832.82,0
11414,15758513,T'ien,726,France,Male,38.0,6,141038.51,1,0.0,0.0,185543.36,0
11415,15641675,Hsueh,694,France,Male,46.0,6,0.0,2,1.0,0.0,48571.1,0
11416,15719348,Hsia,536,France,Male,38.0,8,158584.28,1,1.0,0.0,76640.29,0
11417,15768095,Shih,561,France,Male,38.0,1,0.0,2,0.0,0.0,142783.98,0
11418,15651460,Williamson,571,France,Male,31.0,8,0.0,1,1.0,1.0,63736.17,0
11419,15684419,Hs?,632,Germany,Male,32.0,5,141404.06,1,1.0,0.0,131905.95,1
11420,15763625,Nwankwo,593,France,Male,41.0,4,0.0,2,0.0,0.0,159718.27,0
11421,15723858,Mazzanti,588,Spain,Male,37.0,2,0.0,2,0.0,1.0,187816.59,0
11422,15621834,Hawkins,634,Spain,Male,37.0,4,0.0,1,1.0,1.0,167030.51,0
11423,15749669,Scott,751,Spain,Female,41.0,6,91285.55,1,0.0,0.0,54524.24,0
11424,15700965,Yefimov,633,Germany,Male,40.0,7,127406.34,1,0.0,0.0,107569.01,1
11425,15578908,Li,605,Germany,Male,42.0,7,74988.59,1,0.0,0.0,79928.41,0
11426,15703937,T'ien,678,France,Male,29.0,7,0.0,1,1.0,0.0,140586.11,0
11427,15600110,Genovesi,580,France,Female,27.0,3,0.0,2,0.0,0.0,48606.71,0
11428,15619130,Shih,684,France,Female,37.0,3,0.0,2,1.0,0.0,143317.19,0
11429,15578098,Jamieson,731,France,Male,31.0,8,128663.81,1,1.0,1.0,121555.51,0
11430,15790630,Onyemauchechi,646,Spain,Female,51.0,5,101960.74,1,0.0,1.0,87422.28,1
11431,15613886,Trevisan,722,Spain,Male,43.0,8,0.0,1,1.0,0.0,44560.17,1
11432,15691823,Shih,758,France,Male,40.0,3,148045.65,1,0.0,0.0,143711.02,0
11433,15711316,Ch'ang,663,Spain,Male,27.0,8,0.0,2,0.0,1.0,199527.34,0
11434,15699467,Hsiung,651,Germany,Male,45.0,0,170600.78,2,1.0,1.0,103921.43,0
11435,15589312,Cremonesi,707,Spain,Female,35.0,7,115576.44,1,1.0,0.0,27922.45,0
11436,15806964,Chiang,659,Spain,Male,38.0,9,102773.15,1,1.0,0.0,136028.96,0
11437,15572038,Hargreaves,594,France,Female,38.0,3,0.0,2,1.0,1.0,173576.22,0
11438,15645095,Ting,715,France,Female,35.0,6,0.0,1,1.0,1.0,133086.59,0
11439,15682612,Lu,644,Germany,Male,39.0,0,107974.75,1,0.0,0.0,185543.26,0
11440,15773789,Pagnotto,648,France,Male,29.0,3,0.0,2,1.0,0.0,107961.11,0
11441,15736578,Y?,635,Spain,Female,37.0,9,115920.92,1,1.0,0.0,102908.39,0
11442,15778701,Chidi,774,France,Male,34.0,3,97440.38,1,1.0,1.0,115928.84,0
11443,15809800,Ku,590,Spain,Male,44.0,8,0.0,1,0.0,0.0,172498.76,1
11444,15578671,Sergeyeva,584,Germany,Male,43.0,2,109698.41,1,1.0,1.0,88391.29,1
11445,15592662,Kao,694,Germany,Male,50.0,4,147974.85,2,0.0,1.0,143681.54,0
11446,15752403,Fanucci,600,Spain,Male,43.0,3,0.0,2,1.0,0.0,76564.48,0
11447,15739357,Milani,710,Germany,Male,57.0,0,141441.75,1,0.0,0.0,155870.82,1
11448,15780042,Tung,727,Germany,Female,44.0,3,100374.98,1,1.0,1.0,54954.51,0
11449,15640846,Manna,546,Germany,Female,58.0,3,106458.31,1,0.0,0.0,128881.87,0
11450,15758056,Manna,547,France,Female,46.0,2,0.0,3,0.0,0.0,140770.31,1
11451,15652069,Milani,687,Germany,Male,39.0,2,138306.01,2,1.0,0.0,92920.27,0
11452,15583540,Ndubueze,599,France,Female,44.0,1,0.0,2,1.0,1.0,172096.82,0
11453,15742876,Ch'iu,849,Spain,Female,71.0,7,0.0,1,1.0,1.0,167066.84,1
11454,15577683,K'ung,736,Spain,Male,38.0,8,0.0,1,1.0,1.0,131919.48,1
11455,15580252,Kao,751,Germany,Male,39.0,7,187861.16,1,1.0,0.0,79623.31,1
11456,15761158,Olisaemeka,850,Spain,Male,38.0,4,118098.53,1,1.0,1.0,46811.58,0
11457,15739692,Yegorova,516,France,Male,43.0,8,0.0,1,0.0,0.0,136879.46,1
11458,15682868,Elliott,850,France,Female,27.0,3,99816.46,1,1.0,1.0,163989.66,0
11459,15765518,Pinto,648,France,Female,36.0,10,114713.57,1,1.0,0.0,159800.16,0
11460,15617134,Smith,595,Spain,Male,43.0,6,132729.08,1,1.0,1.0,72993.67,0
11461,15656086,Niu,644,Spain,Female,21.0,4,133020.17,1,1.0,0.0,53511.74,0
11462,15665421,Dyson,794,Germany,Female,50.0,10,110755.03,2,1.0,1.0,119059.13,0
11463,15606435,Lung,682,France,Female,34.0,5,0.0,2,1.0,1.0,87363.56,0
11464,15682637,Onwuamaeze,666,Spain,Male,32.0,1,0.0,2,1.0,1.0,72375.47,0
11465,15579706,Curtis,611,France,Female,64.0,0,0.0,1,0.0,1.0,77677.14,0
11466,15753213,Lees,635,France,Female,37.0,6,0.0,2,1.0,0.0,193021.49,0
11467,15637646,Rowley,690,Spain,Male,31.0,9,122661.39,2,0.0,0.0,61666.87,1
11468,15720354,Mazzi,738,Spain,Female,35.0,4,0.0,2,1.0,1.0,141872.05,0
11469,15703437,Ch'iu,621,Spain,Male,62.0,1,0.0,2,1.0,1.0,26589.45,0
11470,15657565,Ch'iu,629,France,Male,37.0,6,125512.98,1,0.0,1.0,79082.76,0
11471,15762091,White,678,France,Male,46.0,2,0.0,2,1.0,0.0,139259.54,0
11472,15761506,Ugochukwu,718,Spain,Male,55.0,6,0.0,1,1.0,1.0,132418.38,1
11473,15705735,Ts'ai,676,Germany,Female,28.0,4,133432.59,2,1.0,1.0,171344.09,0
11474,15660571,Chiang,529,Spain,Male,27.0,7,0.0,1,1.0,1.0,110560.14,0
11475,15584930,Achebe,749,France,Female,32.0,6,0.0,2,0.0,1.0,129964.94,0
11476,15776047,Hsiung,805,France,Male,32.0,3,0.0,2,1.0,1.0,92865.0,0
11477,15598838,Chukwumaobim,593,Spain,Male,41.0,9,89087.19,1,1.0,0.0,172576.25,0
11478,15739189,Ts'ai,828,Germany,Male,46.0,10,113865.26,2,1.0,0.0,131625.32,0
11479,15750755,Calabrese,705,France,Female,56.0,8,0.0,1,1.0,0.0,145796.49,1
11480,15793883,Lo Duca,729,France,Male,32.0,3,0.0,2,1.0,0.0,2305.27,0
11481,15789936,Miller,729,Germany,Female,36.0,1,151957.91,1,1.0,1.0,110359.68,1
11482,15581257,Chukwuhaenye,781,France,Male,28.0,9,92786.74,1,1.0,0.0,108731.81,0
11483,15656726,Tsao,699,France,Male,29.0,7,0.0,2,1.0,1.0,51387.1,0
11484,15661409,Nkemdirim,633,Germany,Male,37.0,3,152979.43,2,1.0,0.0,167749.76,0
11485,15776939,Zox,778,France,Female,36.0,3,0.0,2,1.0,0.0,182691.31,0
11486,15680587,Zuyeva,724,France,Female,40.0,1,0.0,2,1.0,0.0,174844.02,0
11487,15642345,Teng,699,France,Male,32.0,9,121207.17,1,1.0,1.0,187915.85,0
11488,15579914,Miller,594,Germany,Female,35.0,10,121255.24,2,1.0,0.0,121552.08,1
11489,15663917,Nnamutaezinwa,543,Spain,Male,35.0,9,0.0,1,1.0,1.0,140937.91,0
11490,15615177,Dalton,606,Germany,Female,47.0,0,129646.91,1,0.0,0.0,53784.22,1
11491,15713578,Hsing,544,France,Male,41.0,4,0.0,2,1.0,0.0,50783.1,0
11492,15663410,Y?,648,France,Male,42.0,2,0.0,2,1.0,0.0,90537.97,0
11493,15703394,L?,613,Spain,Male,20.0,8,0.0,1,0.0,0.0,100618.17,0
11494,15756901,Udegbulam,699,Spain,Male,34.0,4,0.0,2,1.0,0.0,145562.82,0
11495,15576761,Tikhonov,686,Spain,Female,38.0,4,0.0,2,0.0,0.0,35687.47,0
11496,15771535,Calabrese,637,Spain,Male,42.0,8,0.0,2,1.0,1.0,122449.72,0
11497,15668679,Ozerova,630,France,Male,31.0,5,0.0,2,1.0,0.0,34475.14,0
11498,15791747,Mancini,602,France,Female,31.0,3,78939.15,2,1.0,1.0,189307.7,0
11499,15670492,Dike,648,France,Male,35.0,9,0.0,2,1.0,1.0,105869.65,0
11500,15770811,Wallace,607,Spain,Male,29.0,6,0.0,2,1.0,1.0,145562.4,0
11501,15770041,Watson,624,France,Male,33.0,1,83772.84,1,1.0,0.0,122925.5,1
11502,15704763,Kozlova,546,Spain,Female,49.0,2,0.0,2,1.0,1.0,118711.75,0
11503,15723884,Nucci,735,France,Female,30.0,3,0.0,2,0.0,1.0,144880.43,0
11504,15589320,Shih,554,Spain,Male,50.0,6,112119.48,1,0.0,1.0,27231.26,0
11505,15788052,Onyemauchechukwu,671,France,Male,38.0,3,0.0,2,1.0,1.0,72970.93,0
11506,15783526,Scott,769,Germany,Male,32.0,8,91562.6,2,1.0,1.0,141501.34,0
11507,15772826,Olisanugo,573,France,Male,36.0,2,0.0,2,1.0,1.0,40257.86,0
11508,15677223,Hs?,607,France,Male,29.0,1,0.0,1,0.0,1.0,179655.85,0
11509,15761487,Chukwuebuka,580,Germany,Female,42.0,10,125909.85,1,1.0,1.0,120830.73,1
11510,15809837,Loyau,588,France,Male,38.0,6,0.0,2,1.0,0.0,96985.58,0
11511,15637194,Onyemauchechukwu,636,Germany,Male,36.0,5,123953.33,2,1.0,1.0,161854.98,0
11512,15685564,Nnamutaezinwa,745,Spain,Female,35.0,8,105492.53,1,1.0,1.0,67830.2,0
11513,15567446,Trevisano,756,France,Male,60.0,4,113575.51,2,1.0,1.0,179689.05,1
11514,15650098,Marshall,513,France,Male,34.0,7,0.0,2,1.0,0.0,183479.12,0
11515,15787772,Hansen,759,France,Male,38.0,1,104091.29,1,0.0,0.0,91561.91,0
11516,15807709,T'ang,467,Spain,Male,42.0,6,0.0,2,1.0,0.0,28461.32,0
11517,15703728,Chieloka,700,Germany,Female,47.0,4,133745.44,1,1.0,0.0,121798.52,0
11518,15718153,Shih,570,France,Female,36.0,8,0.0,2,0.0,0.0,141827.83,1
11519,15629551,Chidiebele,678,Germany,Female,44.0,1,139859.23,1,1.0,0.0,54949.73,1
11520,15718921,Uwakwe,569,France,Male,34.0,8,0.0,2,1.0,1.0,131711.59,0
11521,15795540,Lai,684,France,Female,35.0,9,0.0,2,1.0,1.0,137763.93,0
11522,15732674,Palerma,583,Spain,Female,32.0,9,0.0,1,1.0,1.0,187900.12,0
11523,15642391,Y?,745,Germany,Male,42.0,5,94108.54,1,1.0,0.0,177235.21,1
11524,15740264,Maclean,651,France,Female,25.0,8,0.0,2,0.0,1.0,43828.56,0
11525,15746199,Eluemuno,658,Germany,Male,38.0,4,131406.56,3,1.0,1.0,73656.38,0
11526,15625020,Macintyre,710,France,Female,34.0,9,0.0,2,1.0,0.0,72627.74,0
11527,15589488,Lu,474,France,Female,46.0,9,0.0,1,1.0,1.0,116977.6,1
11528,15637593,Lucchesi,537,France,Female,46.0,7,116933.11,1,1.0,1.0,169653.32,1
11529,15753092,Nwabugwu,632,France,Male,32.0,10,0.0,2,1.0,0.0,62811.03,0
11530,15610105,White,479,Spain,Female,39.0,6,0.0,2,1.0,1.0,47921.22,0
11531,15662758,Lettiere,639,France,Male,26.0,4,0.0,2,1.0,0.0,82969.61,0
11532,15580148,Bellucci,533,Germany,Female,47.0,1,117641.43,1,1.0,0.0,43852.05,1
11533,15691627,Chikwendu,587,France,Male,67.0,6,0.0,2,1.0,1.0,171657.55,0
11534,15581102,Baresi,516,France,Female,27.0,8,0.0,1,0.0,1.0,142670.61,0
11535,15761606,Law,656,Spain,Female,24.0,9,101707.8,1,1.0,0.0,123866.28,0
11536,15623499,Holman,548,Germany,Female,49.0,9,108437.89,1,0.0,1.0,127022.87,0
11537,15685300,Nwachinemelu,706,France,Female,51.0,9,0.0,2,1.0,0.0,100686.11,1
11538,15641183,Liang,629,France,Male,32.0,7,0.0,1,0.0,0.0,77965.44,0
11539,15632848,Chukwukere,471,France,Female,43.0,5,0.0,1,1.0,0.0,144593.3,1
11540,15663438,Hsing,660,France,Female,32.0,5,0.0,1,1.0,0.0,91956.36,0
11541,15609525,Hsing,635,France,Female,31.0,9,99353.42,1,1.0,0.0,163547.24,1
11542,15617134,Ch'in,628,France,Female,40.0,7,147551.44,1,1.0,0.0,163598.33,0
11543,15729582,Chidiebere,697,Spain,Male,39.0,2,119492.84,1,1.0,1.0,168035.44,0
11544,15614365,Kuo,526,Spain,Male,42.0,5,0.0,1,1.0,0.0,79479.06,1
11545,15604818,Ibezimako,850,Spain,Female,33.0,5,0.0,2,1.0,0.0,74846.67,0
11546,15691483,Chin,678,France,Female,33.0,9,0.0,2,0.0,0.0,190857.79,0
11547,15589475,Mazzi,699,France,Male,37.0,1,0.0,2,1.0,1.0,94875.03,0
11548,15606849,Shao,692,Spain,Male,35.0,2,109760.92,1,1.0,1.0,93820.07,0
11549,15710365,Uspensky,683,France,Female,36.0,6,0.0,2,1.0,0.0,86619.77,0
11550,15792475,Palermo,655,France,Female,29.0,3,0.0,2,1.0,0.0,117626.22,0
11551,15788776,Chukwuebuka,637,Germany,Female,59.0,5,123593.22,1,1.0,1.0,151210.5,1
11552,15754578,Okeke,640,Germany,Female,39.0,0,118613.34,1,1.0,0.0,165849.49,1
11553,15746872,Fiorentini,567,Germany,Female,34.0,5,142400.28,1,1.0,0.0,137895.59,0
11554,15776433,Hsieh,694,France,Male,23.0,3,0.0,2,1.0,0.0,171045.45,0
11555,15792968,Udinesi,695,France,Female,33.0,1,0.0,1,0.0,1.0,149550.67,0
11556,15653937,Chikezie,571,France,Female,31.0,6,126772.57,1,1.0,0.0,178045.97,0
11557,15793326,Ruse,738,France,Female,36.0,2,0.0,2,0.0,1.0,175836.03,0
11558,15690452,Tung,605,Germany,Male,52.0,1,63349.75,1,1.0,0.0,108887.44,1
11559,15782442,Dancy,730,Germany,Female,39.0,4,117468.91,1,0.0,1.0,85421.84,0
11560,15712769,Nevzorova,633,Germany,Female,39.0,1,150905.03,2,1.0,1.0,102758.43,0
11561,15573345,Onyemere,803,France,Female,36.0,4,0.0,2,0.0,0.0,3524.37,0
11562,15596713,Christie,786,Germany,Male,37.0,7,165896.22,2,1.0,1.0,66977.68,0
11563,15714215,Ojiofor,594,Germany,Male,48.0,6,103557.57,1,1.0,0.0,93914.6,0
11564,15773276,Townsend,741,Spain,Male,63.0,4,114552.6,1,1.0,0.0,73856.28,1
11565,15598884,Zaytseva,526,France,Male,32.0,7,0.0,2,1.0,0.0,123972.36,0
11566,15581286,Olisaemeka,542,France,Male,37.0,1,0.0,1,0.0,0.0,86044.98,0
11567,15767793,Nnaife,637,France,Male,45.0,7,81531.85,1,1.0,0.0,124749.06,1
11568,15687042,Trevisani,648,Spain,Male,29.0,7,89086.31,1,1.0,1.0,79071.89,0
11569,15636589,Benson,517,France,Male,37.0,5,113308.84,1,0.0,1.0,31517.16,1
11570,15577078,Nnanna,607,France,Male,39.0,5,0.0,1,1.0,1.0,86490.09,0
11571,15582154,Riley,728,France,Male,43.0,1,92350.36,1,1.0,0.0,120088.17,0
11572,15718893,Genovese,681,Germany,Female,33.0,2,126812.61,1,1.0,0.0,54487.04,0
11573,15739592,Maclean,667,France,Male,29.0,10,0.0,1,1.0,0.0,12096.92,0
11574,15602551,Nwora,696,Spain,Male,24.0,8,0.0,2,1.0,0.0,145796.49,0
11575,15732674,Kao,537,Spain,Male,41.0,2,0.0,2,1.0,1.0,136491.72,0
11576,15698872,Smith,754,France,Male,37.0,1,0.0,2,1.0,1.0,129964.75,0
11577,15709780,Azuka,659,France,Male,37.0,6,0.0,2,1.0,1.0,84487.62,0
11578,15772528,Mishin,750,Germany,Female,47.0,7,121376.15,2,0.0,0.0,54473.6,0
11579,15750458,Hawkins,693,France,Male,39.0,4,0.0,2,0.0,1.0,142331.39,0
11580,15667085,Trevisano,594,France,Male,48.0,7,0.0,2,1.0,1.0,150694.76,0
11581,15589572,Chiemenam,584,Spain,Male,34.0,7,74989.58,1,1.0,0.0,164038.07,0
11582,15686957,Yudin,712,France,Male,30.0,5,0.0,2,0.0,0.0,177638.27,0
11583,15586880,T'ao,597,Germany,Female,32.0,4,126495.57,1,1.0,0.0,57961.81,0
11584,15791365,Kenechi,715,Germany,Male,42.0,5,127806.91,1,0.0,1.0,103760.53,0
11585,15803947,Onochie,776,France,Female,35.0,4,0.0,2,0.0,0.0,92647.94,0
11586,15636990,Kao,606,France,Female,45.0,4,0.0,1,1.0,0.0,133537.55,1
11587,15774727,Genovesi,678,France,Female,32.0,5,0.0,2,0.0,0.0,96864.34,0
11588,15598782,Pinto,724,France,Male,28.0,1,0.0,2,1.0,1.0,62688.55,0
11589,15794356,Toscani,751,Germany,Female,36.0,3,121765.37,1,1.0,0.0,166516.84,1
11590,15692403,Fyodorov,695,Spain,Male,41.0,3,0.0,2,1.0,1.0,102393.15,0
11591,15770121,Eberegbulam,637,France,Female,44.0,10,0.0,2,1.0,0.0,171345.02,0
11592,15746333,Ndubueze,674,France,Male,61.0,10,0.0,1,1.0,0.0,171515.84,1
11593,15603764,Chien,642,France,Female,38.0,0,0.0,2,1.0,1.0,898.51,0
11594,15759436,Marsden,496,France,Female,40.0,1,98400.61,2,1.0,0.0,182337.98,0
11595,15657107,P'eng,563,Germany,Female,41.0,2,106171.68,2,0.0,1.0,163145.5,0
11596,15711489,Maclean,583,France,Female,36.0,4,0.0,2,1.0,1.0,79222.02,0
11597,15763625,Palerma,614,France,Female,34.0,5,81573.59,1,1.0,0.0,129938.72,0
11598,15661626,Mazzanti,582,France,Male,40.0,5,131647.01,1,1.0,1.0,67979.35,0
11599,15678727,Ts'ai,594,France,Male,30.0,8,106434.55,1,1.0,1.0,180598.98,0
11600,15573319,Palerma,680,Spain,Female,55.0,10,0.0,1,1.0,0.0,140745.91,1
11601,15568487,Hsueh,717,Germany,Male,36.0,2,125927.51,1,1.0,0.0,80149.27,1
11602,15659656,Pan,849,France,Male,37.0,4,110837.73,2,0.0,0.0,126419.8,0
11603,15741643,Nkemakonam,695,Germany,Male,44.0,8,133950.36,1,1.0,1.0,127977.66,0
11604,15758755,Beneventi,731,France,Male,37.0,8,132121.71,1,1.0,1.0,105409.31,0
11605,15761554,Blackburn,581,France,Male,54.0,4,89299.81,1,0.0,0.0,5558.47,0
11606,15663134,Uspenskaya,634,Spain,Male,58.0,1,0.0,2,1.0,1.0,11779.98,0
11607,15794323,Buckley,673,France,Male,32.0,8,0.0,1,1.0,0.0,116969.73,1
11608,15667651,Young,585,France,Female,33.0,8,0.0,2,1.0,0.0,114182.07,0
11609,15752857,Pennington,641,France,Male,40.0,4,150578.0,1,0.0,0.0,34670.62,0
11610,15649414,Ts'ui,682,France,Male,39.0,2,0.0,2,1.0,1.0,130132.43,0
11611,15590188,Folliero,635,France,Male,69.0,3,0.0,1,1.0,0.0,125870.2,1
11612,15781619,Stevenson,785,France,Female,38.0,1,0.0,1,1.0,0.0,134964.85,0
11613,15773798,Lo,656,Germany,Male,62.0,9,123407.69,3,0.0,1.0,138700.69,1
11614,15782630,Cattaneo,652,Germany,Female,35.0,5,128707.33,1,1.0,1.0,141872.08,0
11615,15734312,Onwughara,614,France,Female,33.0,5,0.0,2,1.0,1.0,107876.78,0
11616,15602554,Vorobyova,664,France,Male,58.0,9,114519.57,2,1.0,1.0,79222.02,0
11617,15600379,Hsiung,608,Spain,Male,30.0,7,86656.13,1,0.0,1.0,59890.29,0
11618,15751340,Piazza,602,France,Female,43.0,4,0.0,1,1.0,0.0,48217.64,0
11619,15809901,Nwachinemelu,705,Germany,Male,40.0,4,84495.04,1,1.0,0.0,105818.49,1
11620,15801338,Lucchese,662,France,Male,40.0,1,166522.78,1,1.0,1.0,136028.99,0
11621,15652914,Tien,676,France,Male,33.0,8,0.0,2,1.0,0.0,102638.35,0
11622,15776433,O'Donnell,682,Germany,Male,38.0,3,136576.19,2,1.0,0.0,131312.8,1
11623,15772381,Chibueze,645,Germany,Male,36.0,4,133801.34,2,1.0,0.0,127587.31,0
11624,15727408,T'ao,591,Spain,Male,38.0,4,0.0,2,1.0,1.0,129890.94,0
11625,15771977,T'ao,730,France,Female,40.0,1,0.0,1,0.0,1.0,194945.8,0
11626,15631681,Tseng,693,France,Male,37.0,9,0.0,2,1.0,0.0,104889.3,0
11627,15611325,Wood,682,Germany,Male,44.0,9,57929.81,2,1.0,0.0,53134.3,0
11628,15809826,Wood,744,France,Male,46.0,8,0.0,2,1.0,0.0,83470.4,0
11629,15701281,Yobachi,586,France,Male,33.0,8,0.0,2,1.0,1.0,174814.01,0
11630,15598892,Ts'ao,638,France,Female,41.0,3,105961.68,1,1.0,0.0,174094.24,0
11631,15779627,Maclean,523,France,Female,33.0,3,123894.43,1,1.0,0.0,70381.49,0
11632,15615477,Arcuri,792,Spain,Female,36.0,2,0.0,2,1.0,0.0,16274.67,0
11633,15641640,Y?an,586,France,Male,44.0,5,0.0,2,1.0,0.0,71830.1,0
11634,15806901,Chiemenam,584,France,Male,39.0,5,118098.53,1,0.0,0.0,676.48,0
11635,15596455,Mao,777,France,Male,36.0,7,0.0,2,1.0,1.0,197789.83,0
11636,15626012,Obidimkpa,601,France,Female,26.0,5,104763.41,2,0.0,0.0,50070.59,0
11637,15571928,Ubanwa,616,France,Male,38.0,8,0.0,1,1.0,0.0,118319.04,0
11638,15622834,Stevenson,578,Germany,Female,54.0,6,115280.49,1,1.0,0.0,125518.32,1
11639,15656471,Macleod,628,France,Male,58.0,3,0.0,2,1.0,1.0,173599.77,0
11640,15603465,Martin,681,France,Male,26.0,1,0.0,2,1.0,1.0,169287.99,0
11641,15652782,Chibuzo,627,Germany,Male,48.0,2,101099.9,2,0.0,1.0,193476.04,0
11642,15606945,Hs?,598,France,Female,29.0,4,0.0,2,1.0,1.0,73069.09,0
11643,15627377,Shih,639,Germany,Female,49.0,5,111395.53,1,1.0,1.0,136902.01,0
11644,15782454,Ts'ai,598,France,Female,31.0,0,0.0,2,1.0,1.0,140881.2,0
11645,15732437,L?,482,France,Female,45.0,5,0.0,1,1.0,1.0,118862.08,1
11646,15769907,Obiajulu,560,France,Male,55.0,10,123674.67,1,1.0,0.0,150684.43,1
11647,15724889,Trevisani,697,Spain,Male,28.0,6,144801.97,1,1.0,0.0,181196.76,0
11648,15806360,Tien,730,France,Female,34.0,0,0.0,1,1.0,0.0,93829.54,0
11649,15646810,Quinn,603,Germany,Male,21.0,8,108122.39,2,1.0,1.0,108488.33,0
11650,15604818,T'ang,637,France,Female,45.0,4,0.0,1,1.0,0.0,27308.58,1
11651,15768282,Boulger,629,France,Male,33.0,6,0.0,2,1.0,1.0,163789.49,0
11652,15674811,Genovese,769,France,Male,29.0,9,0.0,1,0.0,1.0,131708.59,1
11653,15657566,Wieck,699,France,Male,33.0,1,103097.85,1,1.0,1.0,157577.29,0
11654,15644934,Piazza,583,France,Male,36.0,9,0.0,1,1.0,1.0,121053.9,0
11655,15761148,Chukwujekwu,652,France,Male,45.0,3,154737.66,2,1.0,1.0,42012.55,1
11656,15705512,Welch,668,Germany,Female,37.0,6,167864.4,1,0.0,1.0,115638.29,0
11657,15651145,Cremonesi,663,France,Male,47.0,1,0.0,2,0.0,1.0,105715.01,0
11658,15808566,T'ien,688,France,Male,45.0,5,0.0,1,0.0,1.0,170226.47,1
11659,15749727,Chukwufumnanya,829,Spain,Female,50.0,10,102954.68,2,0.0,0.0,178458.86,1
11660,15621870,Miller,592,Germany,Male,44.0,4,131355.44,1,1.0,0.0,182855.74,0
11661,15640409,Carpenter,817,Germany,Female,46.0,0,89087.89,1,0.0,1.0,87941.85,0
11662,15569247,K'ung,697,Spain,Male,31.0,0,146750.81,1,1.0,0.0,113436.08,0
11663,15695339,Chin,515,France,Male,44.0,0,90963.49,2,1.0,0.0,87677.15,1
11664,15792668,Nnonso,713,France,Female,44.0,1,139872.18,1,0.0,0.0,9086.0,0
11665,15663410,Onwumelu,743,Germany,Female,29.0,2,99785.28,1,1.0,0.0,48984.89,0
11666,15759915,Kao,605,Spain,Female,41.0,4,0.0,1,1.0,0.0,82870.75,1
11667,15723008,Manna,807,France,Male,41.0,4,74989.3,1,1.0,1.0,178028.51,0
11668,15656319,Ibezimako,739,France,Male,49.0,7,0.0,1,1.0,0.0,142935.83,0
11669,15756070,Ijendu,663,France,Female,40.0,5,0.0,1,1.0,0.0,1710.89,1
11670,15643908,Palermo,678,France,Female,37.0,8,0.0,2,1.0,1.0,104930.46,0
11671,15697310,Kibby,653,France,Female,57.0,4,140881.64,1,1.0,0.0,163319.4,0
11672,15580043,Bailey,547,France,Female,35.0,2,0.0,2,1.0,1.0,33879.26,0
11673,15653595,Maclean,684,France,Male,38.0,0,0.0,1,1.0,1.0,80619.09,0
11674,15677538,Nwokike,569,France,Male,38.0,8,0.0,2,1.0,1.0,108469.2,0
11675,15615140,T'ien,585,France,Male,22.0,3,0.0,2,1.0,0.0,164741.4,0
11676,15657868,Chinwendu,684,France,Male,30.0,10,171260.46,1,1.0,1.0,187976.16,0
11677,15812513,P'eng,726,France,Female,45.0,0,154495.08,1,1.0,1.0,56614.92,0
11678,15753850,Fennell,699,France,Male,37.0,7,0.0,2,1.0,1.0,114066.77,0
11679,15569654,Hsia,584,France,Male,32.0,5,0.0,2,1.0,1.0,94949.84,0
11680,15742404,Yefremova,565,France,Male,37.0,2,0.0,2,1.0,0.0,121533.33,0
11681,15794273,Lu,636,France,Female,38.0,1,0.0,2,1.0,0.0,140937.91,0
11682,15661655,Ts'ui,627,Spain,Male,35.0,5,0.0,2,1.0,0.0,116471.09,0
11683,15701164,Shipp,741,France,Male,63.0,5,53573.52,1,1.0,0.0,91523.04,1
11684,15735222,Chidiebele,769,France,Male,67.0,5,0.0,1,1.0,1.0,158852.95,0
11685,15769783,Yefremova,733,Spain,Female,48.0,4,83547.12,1,0.0,1.0,154870.58,1
11686,15684776,Tuan,662,Spain,Female,39.0,1,0.0,2,0.0,1.0,66893.59,0
11687,15676966,Onyekachukwu,516,France,Female,47.0,9,0.0,1,0.0,0.0,90928.02,1
11688,15611644,Brown,603,France,Female,25.0,8,83324.5,1,0.0,0.0,92915.84,0
11689,15770225,Padovesi,732,France,Female,35.0,9,0.0,2,1.0,0.0,65816.53,0
11690,15566380,Chiang,701,France,Female,30.0,0,0.0,2,0.0,1.0,47468.56,0
11691,15721591,Mazzi,709,Germany,Male,33.0,8,157989.13,1,1.0,1.0,122547.02,0
11692,15583033,McMillan,659,Germany,Female,36.0,4,98899.76,1,1.0,0.0,86190.34,0
11693,15757829,Walker,724,Spain,Male,39.0,6,81818.49,1,1.0,1.0,44731.8,0
11694,15636238,Graham,521,France,Male,40.0,1,0.0,2,1.0,1.0,102547.56,0
11695,15729362,Yobachi,660,France,Male,37.0,7,0.0,2,1.0,1.0,71159.6,0
11696,15684419,Palermo,616,Spain,Male,28.0,4,71018.6,2,1.0,0.0,122268.75,0
11697,15751158,Pagnotto,749,France,Male,41.0,5,183768.47,1,1.0,0.0,79547.39,0
11698,15714046,Hsueh,710,Germany,Female,35.0,9,121778.51,2,0.0,1.0,70810.68,0
11699,15597983,Little,416,France,Female,69.0,2,0.0,2,1.0,1.0,878.87,0
11700,15796834,Lo,811,Spain,Female,43.0,0,148556.74,2,1.0,1.0,159737.56,0
11701,15779176,Chibueze,585,Germany,Male,40.0,4,148962.46,2,0.0,0.0,93524.19,0
11702,15650258,Ts'ao,652,France,Male,33.0,2,91622.42,1,1.0,0.0,26261.42,1
11703,15668894,Cattaneo,633,Spain,Male,36.0,7,71142.77,1,1.0,1.0,51362.82,0
11704,15714046,K'ung,652,France,Male,35.0,5,0.0,2,1.0,1.0,100615.83,0
11705,15765532,Ts'ai,651,Germany,Female,31.0,9,89974.09,1,1.0,1.0,157552.08,1
11706,15665521,Kenechukwu,628,France,Male,38.0,1,0.0,2,1.0,1.0,114628.2,0
11707,15651389,Kay,591,France,Male,21.0,8,0.0,2,1.0,1.0,180969.55,0
11708,15753591,He,438,France,Male,38.0,4,0.0,2,1.0,0.0,136859.55,0
11709,15606849,Tuan,651,France,Male,34.0,4,91592.06,1,1.0,1.0,46857.52,0
11710,15811490,French,600,Germany,Male,33.0,5,0.0,1,1.0,0.0,103737.82,1
11711,15745605,Trevisan,705,France,Female,47.0,2,88011.4,1,1.0,1.0,90655.94,0
11712,15737778,Hargreaves,602,Germany,Male,58.0,5,108881.29,1,1.0,1.0,134901.59,0
11713,15783591,Ozerova,595,France,Male,31.0,6,0.0,2,1.0,1.0,116471.45,0
11714,15660147,Chienezie,721,Spain,Male,53.0,9,141646.25,1,1.0,0.0,199644.3,1
11715,15604782,Onwumelu,669,France,Female,64.0,1,142989.69,1,1.0,1.0,93832.33,0
11716,15653780,K'ung,657,Spain,Male,36.0,3,0.0,2,1.0,1.0,66797.28,0
11717,15809279,Nwebube,638,Germany,Female,39.0,4,81231.85,2,0.0,0.0,171766.73,0
11718,15681697,Onwuamaeze,850,France,Male,29.0,6,98795.61,1,1.0,1.0,102290.56,0
11719,15583499,Cattaneo,739,France,Male,45.0,0,141446.06,1,1.0,0.0,164980.54,0
11720,15752984,Nwachukwu,583,France,Male,33.0,3,0.0,2,0.0,1.0,143628.56,0
11721,15700549,Alvares,597,France,Male,54.0,5,0.0,2,0.0,1.0,4493.12,0
11722,15626806,Labrador,558,France,Male,32.0,2,0.0,1,1.0,1.0,40652.33,0
11723,15581548,P'eng,598,France,Female,30.0,8,137986.06,1,1.0,0.0,81776.84,1
11724,15702631,Manna,579,France,Male,34.0,6,0.0,2,1.0,1.0,90174.84,0
11725,15717643,Y?an,774,France,Male,71.0,7,0.0,2,1.0,1.0,196257.67,0
11726,15705739,Hsieh,586,France,Male,33.0,1,108410.87,2,1.0,1.0,126475.79,0
11727,15772479,Napolitano,673,France,Male,37.0,9,0.0,1,0.0,0.0,163563.07,1
11728,15634180,Fiorentini,683,France,Male,45.0,5,0.0,2,1.0,1.0,159584.64,0
11729,15567063,Kovalev,679,Spain,Female,36.0,8,0.0,2,0.0,0.0,104786.59,0
11730,15683524,Mancini,683,France,Female,38.0,1,0.0,2,1.0,0.0,123477.78,0
11731,15765537,Toscani,687,Spain,Female,31.0,1,127740.57,1,1.0,1.0,164871.65,0
11732,15644297,Austin,740,Germany,Male,34.0,5,178787.54,1,1.0,1.0,195760.53,0
11733,15697567,Bazarova,614,France,Male,66.0,4,0.0,1,0.0,1.0,39570.78,0
11734,15631392,T'ao,592,Germany,Male,34.0,1,126645.13,1,1.0,0.0,179435.21,0
11735,15635197,Baresi,619,France,Male,32.0,9,0.0,1,1.0,0.0,162960.05,0
11736,15747345,Dilibe,584,Germany,Male,26.0,1,129398.58,2,1.0,1.0,158580.91,0
11737,15640507,Erskine,693,France,Female,43.0,9,0.0,1,1.0,0.0,151887.16,0
11738,15751748,Trevisani,666,France,Male,51.0,2,148222.65,1,1.0,0.0,156953.54,0
11739,15583076,Welch,756,Germany,Female,36.0,6,148200.72,1,1.0,0.0,194584.48,0
11740,15661871,Trevisani,648,France,Female,31.0,10,0.0,2,0.0,1.0,159823.39,0
11741,15806360,Hou,589,France,Male,41.0,1,0.0,1,0.0,1.0,112585.19,0
11742,15623229,Noble,648,France,Female,22.0,9,0.0,2,1.0,1.0,12796.43,0
11743,15780498,Chiawuotu,569,Germany,Female,52.0,7,115465.86,1,1.0,1.0,149915.28,1
11744,15618243,Calabrese,590,France,Male,32.0,7,0.0,2,1.0,1.0,65816.53,0
11745,15651563,K'ung,549,Germany,Male,42.0,3,125900.28,1,1.0,0.0,147090.41,1
11746,15642824,Ibragimova,640,France,Male,40.0,7,0.0,2,1.0,0.0,131283.6,0
11747,15705739,Chukwukadibia,738,France,Male,49.0,1,134956.02,1,1.0,0.0,182025.95,0
11748,15700325,Tuan,614,France,Female,39.0,3,102749.64,1,1.0,0.0,49775.63,1
11749,15662098,Manna,667,France,Male,41.0,7,129205.49,2,1.0,1.0,79146.36,0
11750,15802857,Pinto,749,Spain,Female,39.0,4,105163.88,1,0.0,0.0,181270.84,1
11751,15702469,Burdekin,649,Germany,Male,71.0,9,111871.51,2,0.0,1.0,171045.17,0
11752,15642934,Yobachi,559,France,Male,64.0,5,0.0,1,1.0,1.0,45424.13,0
11753,15806926,Lai,662,France,Male,40.0,1,0.0,2,1.0,0.0,151623.67,0
11754,15682778,Fomin,707,Spain,Male,56.0,4,0.0,2,1.0,1.0,137537.98,0
11755,15665221,Trevisano,535,Spain,Female,39.0,6,0.0,2,0.0,0.0,40407.4,0
11756,15648725,Yobanna,547,France,Male,38.0,2,115409.19,1,1.0,1.0,72987.15,0
11757,15693523,Trevisani,709,France,Male,34.0,2,0.0,2,0.0,0.0,64495.87,0
11758,15664521,Y?an,751,France,Male,40.0,4,0.0,2,1.0,1.0,131284.19,0
11759,15591698,P'eng,849,Spain,Female,49.0,9,132934.89,1,1.0,1.0,171056.65,0
11760,15682955,Kao,539,France,Male,36.0,8,0.0,2,1.0,1.0,125909.75,0
11761,15652084,O'Donnell,598,France,Female,31.0,4,0.0,2,1.0,0.0,82222.86,0
11762,15668853,Chidubem,501,France,Female,39.0,9,117301.66,1,1.0,0.0,182025.95,1
11763,15744295,Shaw,756,France,Male,29.0,0,97544.29,1,0.0,0.0,114279.63,0
11764,15794870,Sal,639,Germany,Male,37.0,9,73023.17,2,1.0,1.0,78770.86,0
11765,15591091,Brown,726,France,Male,19.0,6,0.0,2,1.0,1.0,53420.58,0
11766,15659105,Fomin,632,France,Male,27.0,1,0.0,2,1.0,1.0,128875.86,0
11767,15672821,Fanucci,685,France,Male,29.0,6,0.0,2,1.0,1.0,72330.46,0
11768,15694859,McLean,751,Germany,Female,31.0,5,143930.92,1,1.0,1.0,46630.47,0
11769,15706557,Chia,814,France,Male,29.0,5,143988.57,1,1.0,1.0,89891.4,0
11770,15661409,Hsing,607,Spain,Female,39.0,9,0.0,2,0.0,0.0,184866.74,0
11771,15586517,Hsiung,627,France,Male,40.0,7,0.0,2,1.0,0.0,122547.73,0
11772,15713378,Chia,642,France,Female,31.0,5,96888.39,1,1.0,1.0,70400.86,0
11773,15674573,Mazzanti,521,France,Male,35.0,8,0.0,2,1.0,1.0,113046.81,0
11774,15640059,Nnaemeka,731,Spain,Male,35.0,4,0.0,2,1.0,1.0,133086.55,0
11775,15806967,Udegbunam,652,Spain,Female,46.0,1,0.0,1,1.0,1.0,154870.54,0
11776,15694852,Chiang,682,Germany,Female,42.0,8,112088.04,1,1.0,1.0,184524.74,1
11777,15651336,Chidiebere,469,France,Female,38.0,3,0.0,2,1.0,0.0,147040.25,0
11778,15689517,White,569,France,Female,38.0,7,0.0,2,1.0,0.0,109153.04,0
11779,15706647,Jordan,557,Spain,Male,31.0,7,0.0,3,0.0,1.0,166698.18,0
11780,15777060,Dyer,594,Germany,Male,30.0,4,141252.13,2,1.0,1.0,145789.71,0
11781,15578866,Hsia,616,Spain,Female,35.0,4,0.0,2,1.0,1.0,102565.41,0
11782,15757549,Hsiao,647,Germany,Male,45.0,1,128270.22,1,1.0,0.0,110317.41,1
11783,15746035,Iweobiegbunam,635,Germany,Male,43.0,0,127122.79,2,1.0,0.0,83700.66,0
11784,15583580,Onyekachukwu,634,France,Female,41.0,8,0.0,1,1.0,0.0,53584.24,1
11785,15656901,Lettiere,644,France,Female,48.0,3,0.0,2,1.0,1.0,92876.22,0
11786,15680112,Thomson,629,France,Male,27.0,7,0.0,2,0.0,1.0,190269.21,0
11787,15662594,Udegbunam,708,Spain,Female,45.0,9,0.0,2,1.0,0.0,71139.85,0
11788,15684902,Udegbunam,721,France,Female,34.0,9,153835.19,1,0.0,1.0,74850.4,0
11789,15588456,Hsieh,658,France,Female,31.0,3,143566.12,1,1.0,1.0,189607.71,0
11790,15788448,Watson,490,France,Male,31.0,4,145260.23,1,0.0,1.0,114066.77,0
11791,15588580,Manna,692,France,Male,41.0,5,135555.26,1,1.0,1.0,62278.92,0
11792,15749951,Tuan,693,France,Male,30.0,10,0.0,2,0.0,1.0,176678.57,0
11793,15685576,Tsou,773,Germany,Female,51.0,5,116197.65,1,1.0,1.0,86701.4,1
11794,15789865,Akhtar,640,France,Female,38.0,7,0.0,1,1.0,0.0,72838.69,1
11795,15773591,Jobson,787,Spain,Male,46.0,7,117685.31,1,1.0,0.0,93360.35,1
11796,15591150,Nwebube,644,Spain,Male,34.0,10,0.0,2,0.0,1.0,183387.12,0
11797,15601383,Ibrahimova,744,Spain,Male,44.0,6,120654.68,1,1.0,0.0,82290.81,0
11798,15794413,Ch'iu,586,Germany,Female,32.0,2,91057.28,2,1.0,1.0,180598.86,0
11799,15702641,Hsia,599,Germany,Male,39.0,5,75212.28,1,1.0,0.0,38772.45,1
11800,15626474,Zetticci,687,Germany,Female,36.0,9,145974.79,2,1.0,1.0,183963.34,0
11801,15651955,Hs?,755,Spain,Female,25.0,3,99786.07,1,0.0,1.0,26136.89,0
11802,15649150,Milanesi,630,Spain,Male,39.0,8,0.0,1,0.0,1.0,106024.02,0
11803,15647800,Ijendu,554,France,Female,29.0,4,0.0,2,1.0,1.0,138051.27,0
11804,15724868,L?,692,Germany,Female,31.0,8,162702.75,2,1.0,0.0,152967.44,0
11805,15711398,Fetherstonhaugh,525,France,Female,25.0,1,0.0,2,1.0,1.0,89566.64,0
11806,15604588,Chin,603,France,Male,39.0,0,151421.44,1,1.0,0.0,67622.46,0
11807,15626806,Shih,668,France,Female,32.0,2,0.0,2,1.0,1.0,40652.33,0
11808,15645496,Fitts,614,Spain,Male,33.0,4,146286.22,2,1.0,0.0,182505.68,0
11809,15771059,Binder,711,France,Male,38.0,2,142072.02,1,1.0,0.0,131281.29,0
11810,15690021,Ibezimako,685,France,Male,34.0,8,0.0,1,1.0,0.0,72851.49,0
11811,15592777,Hsia,632,Germany,Male,59.0,5,102363.69,1,1.0,1.0,120596.16,1
11812,15748696,Page,712,France,Male,42.0,6,150507.21,2,0.0,1.0,169964.12,0
11813,15728010,Genovese,683,France,Female,38.0,4,0.0,2,1.0,0.0,100236.02,0
11814,15632272,Pirozzi,584,France,Male,37.0,1,0.0,2,1.0,0.0,93820.49,0
11815,15734246,She,746,France,Female,21.0,9,166883.07,2,0.0,1.0,194563.65,0
11816,15650454,Tran,653,France,Male,26.0,4,115076.06,1,1.0,1.0,90163.85,0
11817,15782418,Macleod,598,France,Female,26.0,7,0.0,2,1.0,1.0,189414.74,0
11818,15751180,Genovese,707,France,Male,33.0,1,120586.54,1,1.0,1.0,91830.75,0
11819,15653776,Yobanna,710,France,Male,35.0,1,0.0,1,1.0,0.0,62700.18,1
11820,15669281,Ch'iu,711,Spain,Female,38.0,3,128718.78,1,0.0,1.0,114793.45,0
11821,15571944,Genovesi,543,France,Female,38.0,6,0.0,2,1.0,0.0,86410.53,0
11822,15779947,Thomas,737,Spain,Male,35.0,2,113922.44,2,1.0,1.0,174815.54,0
11823,15740487,Shih,539,France,Male,42.0,3,0.0,2,1.0,1.0,64443.75,0
11824,15687852,Vinogradoff,637,France,Male,30.0,10,104145.65,1,0.0,1.0,159629.64,0
11825,15749669,Nwokezuike,669,France,Female,36.0,6,0.0,2,0.0,1.0,158974.45,0
11826,15593959,Travis,528,France,Male,34.0,7,93577.3,1,1.0,0.0,51670.82,1
11827,15783083,Shubin,524,France,Male,33.0,2,99824.45,1,0.0,1.0,36721.4,0
11828,15595047,Manna,664,Spain,Female,43.0,9,128412.61,1,0.0,1.0,139024.31,0
11829,15744578,Lira,585,France,Female,33.0,9,0.0,2,1.0,1.0,57380.13,0
11830,15603631,Teng,683,Germany,Female,29.0,5,119492.62,2,1.0,1.0,135067.88,0
11831,15696514,Golubev,527,Germany,Female,57.0,10,133501.36,1,0.0,1.0,15607.27,1
11832,15753362,Genovese,711,Spain,Male,35.0,1,0.0,2,1.0,1.0,77866.41,0
11833,15753830,Ejimofor,749,Germany,Male,32.0,3,122524.61,1,1.0,0.0,62732.65,0
11834,15756695,Milani,648,Germany,Male,55.0,1,127842.4,2,1.0,1.0,131768.58,0
11835,15633181,Swinton,724,Spain,Male,29.0,6,71269.89,1,1.0,0.0,125912.77,0
11836,15635388,Lo Duca,581,Spain,Male,47.0,1,102520.09,1,1.0,1.0,91429.96,0
11837,15591251,Nworie,548,France,Male,24.0,6,151908.43,1,1.0,1.0,70783.58,1
11838,15781689,T'ien,712,Spain,Male,46.0,7,0.0,1,0.0,1.0,158313.87,0
11839,15670584,Nkemakolam,646,Spain,Male,51.0,1,0.0,1,1.0,0.0,170821.43,1
11840,15792925,Yermakova,703,France,Female,36.0,7,0.0,2,1.0,1.0,105857.9,0
11841,15797900,Chukwuemeka,775,France,Male,47.0,9,156021.31,1,1.0,1.0,176913.42,0
11842,15812920,Nkemdilim,819,France,Female,40.0,6,0.0,1,1.0,0.0,115115.32,1
11843,15796965,Zikoranachidimma,715,Spain,Female,45.0,5,102562.39,1,1.0,0.0,79919.49,1
11844,15789563,P'eng,744,France,Female,34.0,7,0.0,1,1.0,1.0,137565.57,0
11845,15703983,Ndubueze,709,Spain,Female,32.0,6,0.0,1,0.0,1.0,164875.05,1
11846,15683553,Muir,706,France,Male,31.0,9,0.0,1,0.0,0.0,164257.37,1
11847,15794549,Ritchie,712,Spain,Male,29.0,3,95877.5,1,0.0,1.0,167889.1,1
11848,15797149,Lloyd,563,Spain,Female,36.0,5,143680.47,2,1.0,1.0,63531.19,0
11849,15752388,Ponce,585,France,Female,34.0,1,123872.0,1,1.0,1.0,143683.75,0
11850,15667438,Uvarov,850,France,Male,37.0,9,0.0,1,0.0,0.0,51637.67,0
11851,15588456,Hsueh,651,Germany,Female,37.0,4,99806.85,2,1.0,1.0,164652.02,0
11852,15748327,Ruth,651,France,Female,33.0,8,0.0,2,1.0,0.0,156425.57,0
11853,15683552,Ugochukwutubelum,589,Germany,Male,36.0,1,122021.17,2,0.0,1.0,134878.58,0
11854,15660866,Fan,592,France,Male,31.0,8,137300.23,1,1.0,1.0,69428.79,0
11855,15611409,Sun,676,France,Male,35.0,7,0.0,1,0.0,1.0,139911.58,1
11856,15629338,Milano,644,France,Female,41.0,2,101736.66,1,1.0,1.0,58961.49,0
11857,15711254,Martin,598,Germany,Male,35.0,9,106116.56,2,1.0,1.0,121210.09,0
11858,15767891,Findlay,619,Germany,Female,40.0,6,99152.73,2,1.0,1.0,48475.12,0
11859,15583076,Nnachetam,728,Spain,Female,43.0,5,102520.37,1,0.0,1.0,153046.16,0
11860,15605036,Pisano,704,France,Female,37.0,7,155619.58,1,1.0,1.0,135088.58,0
11861,15689612,Hsia,582,France,Male,53.0,1,0.0,1,0.0,1.0,26342.33,1
11862,15726186,Genovese,639,Spain,Male,29.0,4,133434.57,1,1.0,0.0,97983.44,1
11863,15720559,McLean,463,France,Male,41.0,7,0.0,2,1.0,0.0,100015.79,0
11864,15583480,Hargreaves,619,France,Female,47.0,2,0.0,1,0.0,0.0,173870.39,1
11865,15738751,Davide,646,Spain,Female,47.0,8,0.0,1,1.0,0.0,166516.84,1
11866,15634792,P'eng,661,Spain,Male,37.0,6,0.0,2,1.0,1.0,182821.7,0
11867,15788683,Onyenachiya,706,Spain,Male,35.0,9,0.0,2,1.0,1.0,166473.33,0
11868,15661723,Milano,636,France,Female,38.0,5,0.0,2,0.0,1.0,103381.47,0
11869,15738174,Ervin,452,France,Male,32.0,5,0.0,1,0.0,0.0,75279.39,1
11870,15736254,Chiazagomekpele,575,Spain,Female,50.0,5,108881.73,3,1.0,0.0,179445.24,1
11871,15583580,Onwuamaeze,691,France,Female,32.0,2,0.0,2,1.0,1.0,122960.96,0
11872,15798960,Lo,678,France,Male,26.0,0,0.0,2,0.0,0.0,162960.05,0
11873,15729018,Hsiao,687,France,Male,45.0,5,95710.11,1,1.0,0.0,105760.01,1
11874,15742126,Teng,554,Germany,Male,35.0,9,99167.54,2,1.0,1.0,88728.47,0
11875,15602479,Kuo,603,Spain,Male,37.0,1,98544.11,2,1.0,1.0,52319.26,0
11876,15745354,Smith,521,France,Male,25.0,1,0.0,1,1.0,0.0,51554.58,0
11877,15723105,Manna,667,France,Male,33.0,5,102773.2,1,1.0,1.0,47799.15,0
11878,15662021,Lucciano,539,Spain,Female,38.0,9,0.0,2,0.0,0.0,199992.48,0
11879,15576935,Clements,782,France,Male,29.0,4,0.0,2,1.0,1.0,142566.75,0
11880,15783522,Lo Duca,809,France,Male,41.0,8,0.0,2,0.0,0.0,165675.01,0
11881,15724145,Pisani,675,Spain,Female,41.0,8,0.0,1,1.0,0.0,142341.22,0
11882,15764409,T'ien,629,France,Male,40.0,1,0.0,2,1.0,1.0,86410.29,0
11883,15661670,Nwachukwu,633,France,Female,46.0,6,0.0,1,1.0,1.0,55867.38,1
11884,15594576,Zhdanov,645,France,Male,38.0,1,144875.71,1,0.0,1.0,187740.04,0
11885,15771742,Nwebube,739,France,Female,37.0,2,0.0,2,1.0,1.0,138399.67,0
11886,15669957,Onio,687,France,Female,42.0,8,139529.43,1,1.0,1.0,79240.9,0
11887,15739087,Pisani,679,Spain,Female,41.0,4,124782.61,1,1.0,0.0,114474.55,0
11888,15807595,Tien,699,France,Male,47.0,7,153722.23,2,1.0,0.0,173365.63,1
11889,15610105,Shih,712,France,Male,30.0,3,166943.42,1,1.0,1.0,55775.51,0
11890,15708917,Martin,598,France,Female,53.0,10,0.0,1,0.0,1.0,136886.86,1
11891,15663933,K'ung,765,Germany,Male,42.0,2,165947.99,1,1.0,1.0,168816.22,0
11892,15573319,Smith,699,France,Female,35.0,7,0.0,2,0.0,1.0,92406.22,0
11893,15649523,Palermo,584,France,Male,35.0,6,0.0,2,1.0,0.0,86310.46,0
11894,15763898,Nwachinemelu,656,France,Male,39.0,9,0.0,1,1.0,0.0,181429.87,0
11895,15672356,Brown,757,Germany,Female,31.0,9,114513.66,2,1.0,0.0,147964.35,0
11896,15645095,Chinweike,697,Germany,Male,25.0,8,106416.31,1,1.0,1.0,138527.57,0
11897,15690169,Chukwudi,645,France,Male,29.0,1,141782.57,1,1.0,1.0,4400.32,0
11898,15640855,Chinagorom,539,Germany,Male,50.0,0,104760.82,1,1.0,1.0,96833.0,1
11899,15642093,Hsiung,662,France,Male,59.0,9,0.0,2,1.0,1.0,157958.9,0
11900,15803908,Fu,626,France,Female,48.0,8,0.0,1,0.0,0.0,96862.56,1
11901,15594349,Streeten,850,Spain,Female,49.0,1,122486.47,1,0.0,0.0,59748.19,0
11902,15642345,Milanesi,498,France,Female,24.0,8,131659.59,1,1.0,0.0,93769.89,0
11903,15596800,Mitchell,809,Spain,Female,34.0,6,0.0,2,1.0,0.0,197283.2,0
11904,15637411,Chinweuba,734,Germany,Male,40.0,7,135889.13,2,0.0,0.0,121866.87,0
11905,15790247,Koger,699,France,Male,33.0,6,0.0,1,1.0,0.0,38587.7,0
11906,15631406,Gleeson,459,France,Male,35.0,5,0.0,1,1.0,0.0,158937.55,0
11907,15705768,Onyemaechi,704,France,Male,33.0,7,0.0,2,1.0,0.0,147903.3,0
11908,15761148,Chiemenam,595,France,Female,62.0,8,0.0,2,1.0,1.0,125806.33,0
11909,15689671,Pirozzi,684,France,Male,43.0,4,0.0,2,1.0,0.0,151310.41,1
11910,15758048,Okonkwo,556,Germany,Male,32.0,3,97665.61,1,1.0,0.0,105898.79,0
11911,15719958,Fiorentino,719,Spain,Female,61.0,7,0.0,1,1.0,0.0,140800.66,1
11912,15567839,Ch'in,501,Germany,Male,49.0,9,114631.23,1,0.0,1.0,91429.74,0
11913,15753969,K'ung,724,France,Male,45.0,7,83888.54,1,0.0,0.0,34121.81,0
11914,15761131,Ch'ien,744,Germany,Female,40.0,9,128929.88,2,1.0,0.0,48725.68,0
11915,15748673,Nnamutaezinwa,644,France,Male,28.0,5,0.0,2,1.0,1.0,149922.38,0
11916,15766896,Chidumaga,793,Germany,Male,34.0,9,151772.63,1,1.0,0.0,194867.78,0
11917,15701962,Scott,590,Spain,Female,29.0,2,166930.76,2,1.0,1.0,122487.73,0
11918,15761487,Yefimova,678,France,Female,46.0,5,0.0,1,0.0,0.0,196794.11,1
11919,15781598,Onyemauchechukwu,537,France,Male,31.0,9,0.0,2,1.0,0.0,182784.11,0
11920,15589401,Allen,637,France,Female,30.0,4,0.0,1,1.0,0.0,89216.29,0
11921,15670174,Pugh,687,Spain,Female,34.0,1,116537.63,1,1.0,0.0,179460.2,0
11922,15701376,Hsia,584,France,Female,34.0,4,0.0,2,1.0,1.0,48505.1,0
11923,15778395,Cattaneo,602,Spain,Male,32.0,3,152509.25,1,1.0,0.0,55868.97,0
11924,15623369,Nnachetam,704,Spain,Male,35.0,8,0.0,2,1.0,1.0,108732.64,0
11925,15638751,Ashton,693,France,Female,43.0,2,124601.58,2,1.0,1.0,71173.64,1
11926,15704769,Chigozie,705,France,Male,35.0,8,0.0,2,1.0,0.0,705.18,0
11927,15675256,Olisaemeka,628,France,Male,36.0,9,0.0,2,1.0,1.0,151325.84,0
11928,15694879,Reeves,731,Spain,Male,38.0,7,0.0,2,1.0,0.0,196789.9,0
11929,15653715,Y?an,663,Spain,Female,28.0,6,0.0,2,1.0,0.0,82565.94,0
11930,15693947,Hs?,749,France,Male,37.0,1,0.0,2,1.0,0.0,112256.57,0
11931,15676526,H?,667,France,Male,46.0,8,0.0,2,1.0,1.0,74048.1,0
11932,15731463,Tsou,613,Germany,Male,36.0,8,91285.32,2,1.0,0.0,81763.94,0
11933,15723886,Watkins,698,Germany,Female,57.0,8,138456.03,1,1.0,0.0,12048.67,1
11934,15649150,Tung,742,France,Male,40.0,9,121455.65,1,0.0,0.0,192831.67,1
11935,15792477,Trevisani,569,France,Male,25.0,3,0.0,1,1.0,0.0,93825.27,0
11936,15689786,Hao,690,France,Male,29.0,8,0.0,1,1.0,1.0,101905.34,0
11937,15601787,Pisano,838,France,Male,32.0,1,0.0,2,0.0,1.0,73953.39,0
11938,15682527,Y?,667,Germany,Male,34.0,0,125557.51,2,0.0,1.0,103832.6,0
11939,15762332,Onyekachukwu,599,France,Male,34.0,7,0.0,2,1.0,1.0,71564.22,0
11940,15758813,Nnachetam,678,France,Male,32.0,4,0.0,2,1.0,0.0,90162.35,0
11941,15800412,Ritchie,679,France,Male,46.0,7,0.0,1,1.0,0.0,142400.27,1
11942,15682355,Hsueh,616,France,Female,43.0,9,95167.82,2,0.0,1.0,132741.56,0
11943,15783901,Scott,554,Spain,Female,61.0,3,0.0,2,1.0,0.0,172712.05,0
11944,15710687,Chukwualuka,605,France,Male,33.0,5,71264.25,1,1.0,0.0,130789.3,0
11945,15734491,Pagnotto,709,Germany,Male,46.0,10,135927.07,2,1.0,0.0,103908.51,1
11946,15806360,Fennell,790,France,Female,30.0,7,0.0,2,0.0,1.0,170968.99,0
11947,15764294,Chizuoke,637,Spain,Female,36.0,4,114748.71,1,1.0,0.0,158974.77,0
11948,15589975,Deleon,588,Germany,Female,41.0,6,106116.56,1,1.0,1.0,198766.61,1
11949,15730353,Olisaemeka,818,France,Male,56.0,9,145294.08,1,1.0,0.0,147484.13,0
11950,15583595,Iadanza,576,France,Male,34.0,7,0.0,1,0.0,0.0,113580.79,0
11951,15763093,Hsing,731,France,Female,35.0,7,143571.57,1,1.0,1.0,138882.78,0
11952,15732778,Onwughara,797,France,Male,33.0,4,56214.85,2,0.0,0.0,96546.55,0
11953,15756820,Ma,747,France,Female,47.0,6,0.0,3,1.0,0.0,32421.32,1
11954,15677783,Ch'iu,652,Spain,Female,35.0,2,0.0,2,1.0,0.0,878.53,0
11955,15685829,McKay,747,Spain,Female,37.0,8,0.0,2,1.0,0.0,50578.4,0
11956,15782778,Doyne,588,Spain,Female,22.0,1,0.0,2,1.0,1.0,155062.8,0
11957,15621435,McLean,752,France,Female,32.0,3,0.0,2,0.0,0.0,121085.72,0
11958,15761047,Cheng,663,France,Male,42.0,2,0.0,2,1.0,1.0,1140.02,0
11959,15581252,Hsueh,642,France,Male,38.0,7,0.0,2,1.0,1.0,155041.51,0
11960,15638610,Kennedy,635,Germany,Male,65.0,9,117325.54,1,1.0,1.0,155799.86,0
11961,15742886,Chukwukere,594,France,Male,40.0,1,128881.49,1,1.0,1.0,49133.45,0
11962,15800434,Burgess,811,Germany,Male,51.0,10,81954.6,1,0.0,0.0,146359.81,1
11963,15793337,Ejimofor,553,Germany,Female,37.0,0,91522.56,1,0.0,0.0,52411.55,1
11964,15683553,O'Donnell,779,Spain,Male,32.0,1,117070.21,1,1.0,0.0,116912.45,0
11965,15692406,Gow,699,France,Male,37.0,5,0.0,2,1.0,1.0,121485.1,0
11966,15791174,Balsillie,651,France,Male,41.0,4,0.0,2,1.0,1.0,171045.35,0
11967,15576945,Clements,592,France,Male,37.0,7,0.0,1,1.0,0.0,142516.35,0
11968,15725776,Sagese,535,France,Female,43.0,9,0.0,1,1.0,0.0,127095.41,1
11969,15791373,Yermakova,758,France,Male,19.0,4,76595.98,1,1.0,0.0,105599.61,0
11970,15617166,Mamelu,542,Germany,Female,35.0,2,142717.52,1,1.0,1.0,35418.39,0
11971,15654574,Yegorov,660,France,Female,36.0,5,0.0,2,1.0,0.0,95887.12,0
11972,15756629,Yefremov,693,Spain,Female,33.0,2,0.0,2,1.0,1.0,137783.27,0
11973,15648067,Kao,624,France,Female,36.0,7,0.0,2,1.0,1.0,167087.08,0
11974,15692929,Chukwumaobim,571,France,Female,27.0,8,106683.52,1,1.0,1.0,70810.6,0
11975,15699430,Genovesi,678,France,Male,38.0,7,154575.76,1,1.0,0.0,142400.27,0
11976,15750874,Tien,486,France,Female,26.0,8,0.0,1,1.0,1.0,132467.99,1
11977,15798888,Pisano,605,Germany,Female,51.0,1,117992.59,1,1.0,1.0,183598.77,1
11978,15780128,Yobachi,708,Spain,Female,37.0,7,0.0,2,1.0,0.0,159823.16,0
11979,15705739,Nwabugwu,656,France,Female,32.0,8,0.0,2,0.0,1.0,46811.77,0
11980,15694453,Ngozichukwuka,621,Spain,Female,34.0,6,106521.49,1,0.0,1.0,173792.77,0
11981,15725772,Ch'in,660,Spain,Male,35.0,3,100768.77,1,1.0,0.0,146652.11,0
11982,15752588,Esposito,577,Spain,Female,40.0,8,0.0,2,1.0,0.0,108891.3,0
11983,15690182,Kapustin,670,Spain,Male,35.0,5,113488.68,1,0.0,0.0,95611.74,0
11984,15672053,Miah,662,France,Female,41.0,2,0.0,2,1.0,0.0,91094.46,0
11985,15792913,Tuan,637,France,Male,28.0,7,0.0,1,1.0,1.0,38190.78,0
11986,15777639,Bellucci,723,France,Male,60.0,7,0.0,2,1.0,1.0,173599.38,0
11987,15605836,Nwachinemelu,727,Spain,Female,35.0,6,0.0,1,1.0,0.0,125986.46,0
11988,15708904,Yermakova,850,France,Female,38.0,9,0.0,2,1.0,1.0,100101.06,0
11989,15637235,Mazzanti,651,France,Male,31.0,3,0.0,2,1.0,1.0,146785.44,0
11990,15678760,Azubuike,732,France,Female,29.0,9,0.0,2,1.0,1.0,25339.9,0
11991,15723437,Milani,477,France,Female,35.0,8,0.0,2,1.0,1.0,65765.22,0
11992,15578738,Tuan,611,France,Female,26.0,5,71872.19,2,1.0,0.0,151924.9,0
11993,15643654,Ejimofor,613,Spain,Male,30.0,6,0.0,1,1.0,0.0,162763.07,0
11994,15764491,Tung,678,France,Female,23.0,2,114510.51,1,1.0,0.0,108732.95,0
11995,15576044,Chukwudi,692,Germany,Female,34.0,10,127847.75,1,1.0,0.0,132719.15,0
11996,15582728,Maclean,535,France,Male,36.0,6,0.0,2,1.0,0.0,153698.65,0
11997,15799790,Iloerika,727,France,Male,29.0,2,0.0,2,1.0,0.0,100727.68,0
11998,15578783,Lucchese,632,France,Female,38.0,5,0.0,2,1.0,1.0,131521.72,0
11999,15701352,Fanucci,623,Spain,Female,28.0,3,96381.68,2,1.0,0.0,181419.29,0
12000,15761493,Wright,653,Spain,Female,46.0,1,147531.07,1,1.0,1.0,151239.56,0
12001,15600708,Hsia,721,Spain,Male,48.0,4,0.0,2,1.0,0.0,131281.28,1
12002,15592956,Iweobiegbunam,682,France,Male,32.0,8,0.0,2,1.0,1.0,86764.41,0
12003,15673908,T'ien,588,France,Male,47.0,4,131078.14,1,1.0,1.0,86099.27,0
12004,15765532,Horton,617,Germany,Female,31.0,1,61592.14,1,1.0,1.0,191468.78,1
12005,15696711,Aitken,724,Spain,Male,31.0,7,0.0,1,1.0,0.0,116969.95,0
12006,15673573,Hs?,681,France,Male,33.0,2,140931.58,1,1.0,1.0,123825.75,0
12007,15666835,Okwuoma,705,France,Female,53.0,5,0.0,2,1.0,0.0,163814.34,1
12008,15762418,Milanesi,592,France,Male,33.0,4,0.0,2,1.0,1.0,140941.47,0
12009,15580845,Nnaife,685,Germany,Male,57.0,1,101868.51,1,0.0,1.0,113483.96,0
12010,15581647,Fiorentino,777,Germany,Female,43.0,1,117637.19,1,1.0,0.0,120849.52,1
12011,15589493,Onyeorulu,729,Spain,Male,30.0,10,138705.02,1,1.0,1.0,136516.82,0
12012,15597945,Lu,611,France,Male,38.0,1,0.0,2,1.0,0.0,143325.36,0
12013,15764405,Onyemauchechukwu,773,Spain,Male,29.0,7,53436.4,1,1.0,1.0,56577.0,0
12014,15656563,O'Brien,719,Spain,Male,30.0,4,0.0,2,1.0,1.0,193209.11,0
12015,15774510,Ch'ien,714,France,Female,31.0,4,125169.26,1,1.0,1.0,106636.89,0
12016,15785819,Y?an,562,Germany,Male,28.0,9,123974.85,1,1.0,1.0,77500.68,0
12017,15592773,Chibueze,680,Germany,Male,58.0,7,108449.23,3,1.0,0.0,88372.69,1
12018,15635964,Lloyd,664,France,Male,36.0,5,0.0,2,1.0,0.0,186136.48,0
12019,15809800,Onyekaozulu,635,France,Female,31.0,8,0.0,2,1.0,0.0,150784.29,0
12020,15622985,Chukwuhaenye,638,Germany,Male,36.0,3,131354.36,1,1.0,1.0,54954.51,1
12021,15700394,Palermo,758,France,Male,26.0,1,122857.46,2,1.0,1.0,144682.17,0
12022,15753874,Mazzanti,627,France,Female,33.0,9,0.0,2,1.0,0.0,166650.9,0
12023,15778005,Kemp,687,Germany,Male,34.0,2,146943.38,2,1.0,1.0,183494.87,0
12024,15718507,Kao,706,Germany,Female,48.0,8,71667.97,1,1.0,0.0,145789.71,1
12025,15794356,Toscani,753,France,Male,43.0,6,121797.09,1,0.0,1.0,166516.84,0
12026,15660101,Nnonso,629,France,Male,69.0,9,157120.86,2,1.0,1.0,141300.53,0
12027,15567452,Chiu,605,Germany,Male,28.0,6,132436.04,1,1.0,0.0,125762.95,0
12028,15656917,Manna,569,Germany,Male,35.0,1,117791.07,1,1.0,0.0,55902.93,1
12029,15643908,Turnbull,433,France,Female,49.0,10,0.0,1,0.0,1.0,87711.61,0
12030,15664523,Pisano,643,France,Male,33.0,2,145981.87,1,1.0,1.0,167033.83,0
12031,15613216,Cameron,599,France,Male,39.0,3,0.0,1,1.0,0.0,92455.96,0
12032,15762928,Sagese,584,France,Male,41.0,7,0.0,1,1.0,1.0,176547.8,1
12033,15770174,Udinesi,850,France,Male,48.0,4,89743.05,1,0.0,0.0,54439.51,1
12034,15686942,Pirozzi,673,France,Male,36.0,10,0.0,2,1.0,1.0,75860.95,0
12035,15719170,P'an,696,France,Female,46.0,10,0.0,2,1.0,1.0,56793.57,0
12036,15766575,Ross,823,France,Female,34.0,3,0.0,2,1.0,0.0,142797.5,0
12037,15573452,Manna,712,Spain,Female,29.0,6,171913.87,1,0.0,0.0,48571.14,1
12038,15572022,Udegbunam,683,Germany,Male,44.0,4,118097.87,1,1.0,1.0,125762.95,0
12039,15643354,Hsieh,638,France,Male,49.0,9,0.0,1,1.0,0.0,61961.1,1
12040,15700657,Wright,769,France,Female,30.0,2,91711.66,2,1.0,0.0,54483.09,0
12041,15750769,Ch'ang,597,Germany,Female,35.0,5,122522.32,2,1.0,0.0,157871.55,0
12042,15661548,Ferri,683,France,Male,29.0,0,157829.12,1,0.0,0.0,129891.66,0
12043,15742210,Oguejiofor,699,Germany,Female,40.0,2,109681.61,1,1.0,0.0,198376.02,1
12044,15629603,White,598,France,Female,60.0,3,162448.29,1,1.0,0.0,69055.45,1
12045,15656627,Lin,850,France,Female,34.0,2,0.0,2,1.0,1.0,74945.11,0
12046,15787222,Ch'iu,676,Spain,Male,28.0,3,69459.05,2,1.0,1.0,128461.29,0
12047,15669253,Y?an,680,Germany,Female,37.0,5,156773.78,1,0.0,1.0,117832.39,1
12048,15722532,Maclean,708,France,Male,29.0,7,0.0,2,0.0,0.0,55868.97,0
12049,15658768,Lucas,521,France,Male,32.0,2,0.0,1,1.0,0.0,65466.93,0
12050,15754577,Nucci,807,Germany,Female,48.0,1,144961.97,1,1.0,0.0,64746.07,1
12051,15588929,Zetticci,516,France,Male,43.0,8,0.0,2,1.0,1.0,807.06,1
12052,15623927,Alexander,576,France,Male,55.0,9,0.0,1,0.0,1.0,94450.97,0
12053,15691387,Obiajulu,562,Spain,Female,46.0,7,0.0,1,1.0,1.0,144592.83,1
12054,15681275,Hsu,648,France,Male,52.0,8,150635.3,1,1.0,1.0,153895.31,0
12055,15734886,Rizzo,712,France,Male,36.0,3,0.0,2,1.0,1.0,105525.15,0
12056,15752061,Maclean,669,Spain,Female,54.0,1,0.0,2,1.0,1.0,74965.92,0
12057,15761472,Trevisani,592,France,Male,34.0,5,0.0,2,1.0,0.0,129964.5,0
12058,15734578,Goliwe,543,Spain,Male,31.0,8,0.0,2,1.0,0.0,116971.65,0
12059,15730161,Ts'ao,748,Germany,Male,30.0,1,125961.74,1,1.0,1.0,158750.53,0
12060,15645404,Hsieh,608,France,Female,33.0,7,133537.7,1,1.0,0.0,137037.93,0
12061,15591386,Nwabugwu,537,Germany,Female,61.0,3,122334.26,1,1.0,1.0,51113.14,1
12062,15727291,Hsia,591,France,Male,33.0,5,177729.13,2,0.0,1.0,157097.09,0
12063,15575510,Milanesi,659,France,Male,32.0,2,155584.21,1,1.0,0.0,153662.88,1
12064,15649566,Udegbulam,613,France,Female,37.0,3,0.0,1,1.0,1.0,176576.7,0
12065,15607178,Welch,850,Germany,Male,38.0,3,54901.01,1,1.0,0.0,140075.55,0
12066,15631240,Milani,735,France,Female,26.0,8,75170.54,1,1.0,0.0,70454.79,0
12067,15570192,Henry,718,France,Male,40.0,8,0.0,2,1.0,0.0,61164.45,0
12068,15765192,Chidubem,732,France,Female,39.0,9,127660.89,1,1.0,0.0,143086.23,1
12069,15757897,Burgess,771,France,Male,18.0,1,0.0,1,1.0,1.0,41542.95,0
12070,15743871,Nkemdirim,567,France,Male,39.0,9,0.0,2,1.0,0.0,25843.7,0
12071,15678058,Manna,661,France,Male,28.0,7,0.0,2,1.0,0.0,122946.84,0
12072,15796910,Tsui,679,Spain,Male,57.0,7,0.0,1,1.0,1.0,84106.17,0
12073,15807221,Nwagugheuzo,520,Spain,Male,31.0,8,121263.62,1,0.0,1.0,185210.63,0
12074,15575024,Uwaezuoke,744,France,Male,29.0,3,0.0,2,1.0,0.0,143954.99,0
12075,15766683,Sal,635,Germany,Female,29.0,8,83693.34,2,1.0,0.0,142783.98,0
12076,15589230,Kao,706,France,Female,39.0,1,0.0,1,1.0,0.0,54949.73,1
12077,15612193,Nnamdi,632,France,Male,44.0,4,139290.41,1,1.0,0.0,47848.56,1
12078,15674880,Hsia,545,Spain,Female,45.0,2,0.0,1,0.0,1.0,120821.17,1
12079,15576723,Chukwuhaenye,835,France,Female,54.0,7,0.0,1,0.0,0.0,85902.39,1
12080,15793883,Fanucci,837,Spain,Female,37.0,3,0.0,2,1.0,1.0,89099.18,0
12081,15589210,Adamson,564,Germany,Female,24.0,8,72835.56,1,1.0,0.0,20515.72,0
12082,15591943,Chibuzo,719,France,Female,39.0,9,139106.69,1,1.0,0.0,119446.64,0
12083,15765806,Wu,492,France,Female,36.0,3,153040.03,2,1.0,0.0,116816.54,0
12084,15664448,Romano,679,Germany,Male,30.0,7,70731.07,2,1.0,0.0,171430.16,0
12085,15648577,Pickering,696,France,Female,39.0,3,0.0,1,1.0,1.0,176570.28,1
12086,15690182,Genovesi,614,France,Female,33.0,3,85227.84,1,1.0,1.0,68087.15,0
12087,15632967,Nwabugwu,671,France,Female,37.0,2,0.0,2,1.0,1.0,158059.05,0
12088,15702601,T'ang,704,France,Male,40.0,6,0.0,1,1.0,0.0,124592.84,0
12089,15671769,Teng,696,France,Male,34.0,7,0.0,2,1.0,1.0,182257.71,0
12090,15774857,Ting,678,France,Male,39.0,6,0.0,2,1.0,0.0,116971.05,0
12091,15677586,Palerma,607,France,Male,42.0,1,118989.85,1,0.0,1.0,180344.02,0
12092,15750839,Burns,649,Germany,Male,29.0,1,45022.23,2,1.0,1.0,173425.68,0
12093,15603465,Dunn,665,Germany,Female,35.0,5,155447.65,2,0.0,1.0,51871.95,0
12094,15791875,Pinto,577,France,Female,33.0,9,0.0,2,1.0,0.0,62222.84,0
12095,15757588,Wright,557,France,Male,32.0,8,0.0,2,0.0,1.0,112331.19,0
12096,15686164,Trevisano,850,Germany,Female,41.0,5,135643.0,1,1.0,0.0,72876.43,0
12097,15635078,Hargreaves,619,France,Male,52.0,2,0.0,1,1.0,1.0,142963.29,1
12098,15780220,Wang,679,France,Male,27.0,3,0.0,2,1.0,1.0,76640.29,0
12099,15585748,Onyemauchechukwu,793,Germany,Female,29.0,6,165896.0,1,1.0,1.0,79577.4,0
12100,15607986,Chidubem,773,Germany,Male,31.0,2,115563.71,1,1.0,0.0,162960.02,0
12101,15761387,Chibuzo,531,France,Male,29.0,3,103544.68,2,1.0,1.0,145575.93,0
12102,15590810,Zhirov,679,Germany,Male,39.0,6,123599.48,2,1.0,0.0,183656.45,0
12103,15586585,Kegley,599,France,Female,49.0,2,0.0,1,1.0,0.0,48498.19,1
12104,15757933,Teng,733,France,Male,42.0,3,0.0,2,1.0,0.0,53394.12,0
12105,15632914,Liao,599,Spain,Female,42.0,5,124993.28,2,1.0,0.0,133611.01,0
12106,15695034,Lucciano,736,France,Male,26.0,1,51522.75,1,1.0,1.0,131753.97,0
12107,15742210,Davis,714,France,Male,38.0,6,0.0,1,0.0,1.0,78899.22,0
12108,15756118,T'ao,584,Spain,Female,20.0,8,0.0,2,1.0,1.0,110252.53,0
12109,15779743,Walker,637,France,Female,33.0,5,82844.81,1,1.0,1.0,158054.49,0
12110,15745307,Ch'iu,477,Spain,Female,35.0,4,0.0,2,1.0,0.0,9692.58,0
12111,15583394,Mazzanti,668,Spain,Female,37.0,8,0.0,2,1.0,0.0,53478.02,0
12112,15687413,Nkemdirim,725,Germany,Female,38.0,5,148368.02,1,1.0,1.0,82662.73,1
12113,15734987,Lo Duca,602,Germany,Male,62.0,2,113657.41,1,1.0,1.0,102021.39,0
12114,15672330,Lear,678,France,Female,31.0,1,0.0,1,0.0,0.0,130446.65,1
12115,15726088,Dickson,705,France,Male,39.0,0,152532.4,1,1.0,0.0,166983.09,0
12116,15775295,Ch'eng,597,France,Female,39.0,3,107563.7,1,1.0,0.0,177853.87,0
12117,15654296,Martin,639,Spain,Male,44.0,9,0.0,1,1.0,0.0,125860.2,1
12118,15605276,Brothers,724,France,Male,29.0,4,0.0,2,1.0,0.0,180066.59,0
12119,15757521,Sinclair,514,France,Male,33.0,1,0.0,2,1.0,0.0,100995.68,0
12120,15750803,Jess,512,France,Female,28.0,6,0.0,2,1.0,0.0,50457.2,0
12121,15582892,Hughes,685,Spain,Male,25.0,2,86006.21,1,1.0,1.0,37973.13,0
12122,15756804,O'Loghlen,667,France,Female,33.0,1,0.0,2,1.0,0.0,110510.28,0
12123,15743532,Genovese,670,Germany,Female,58.0,7,141573.55,1,1.0,0.0,136886.46,1
12124,15600399,Zetticci,659,France,Female,44.0,8,0.0,2,1.0,0.0,76731.62,0
12125,15800890,T'ien,554,France,Female,45.0,6,0.0,2,0.0,1.0,181204.5,0
12126,15793331,Teng,648,Spain,Male,29.0,6,0.0,1,1.0,1.0,119127.06,0
12127,15594923,Ch'in,706,Germany,Female,42.0,7,125534.6,2,1.0,1.0,95985.04,0
12128,15642996,Chimezie,649,Germany,Male,36.0,1,89750.21,3,1.0,1.0,116696.77,1
12129,15672977,White,615,France,Male,22.0,3,0.0,2,1.0,1.0,146835.32,0
12130,15809838,Moore,697,Spain,Male,30.0,1,0.0,2,1.0,0.0,735.79,0
12131,15724181,Hs?,586,France,Male,42.0,6,0.0,2,0.0,1.0,151336.96,0
12132,15656937,Martin,683,France,Male,37.0,1,0.0,2,0.0,1.0,126192.79,0
12133,15592386,Nwabugwu,554,France,Female,37.0,7,0.0,2,0.0,1.0,56984.58,0
12134,15590730,Hsia,814,Spain,Male,39.0,4,0.0,2,1.0,1.0,125877.69,0
12135,15632551,Iloerika,678,France,Female,28.0,6,0.0,2,1.0,0.0,53584.03,0
12136,15651802,Trevisani,546,Spain,Female,36.0,9,157777.58,1,1.0,0.0,100566.81,1
12137,15652693,Ritchie,616,Spain,Female,39.0,7,0.0,2,1.0,1.0,106174.7,0
12138,15683820,Estrada,624,Germany,Female,31.0,6,81711.41,2,0.0,0.0,154857.9,0
12139,15630106,Mamelu,582,France,Female,49.0,6,0.0,1,1.0,1.0,132770.11,1
12140,15603851,Galkin,711,France,Male,46.0,2,0.0,1,0.0,1.0,85547.33,0
12141,15591135,Nwebube,773,France,Male,22.0,8,0.0,2,1.0,1.0,96823.32,0
12142,15809124,T'ien,750,France,Male,38.0,5,151532.4,1,1.0,1.0,46555.15,1
12143,15670496,Schwartz,655,Germany,Male,25.0,9,122874.74,1,0.0,1.0,108008.65,1
12144,15593694,Yuryeva,743,France,Male,38.0,2,0.0,2,1.0,0.0,172033.57,0
12145,15707120,Chia,635,France,Male,67.0,5,151762.65,1,1.0,1.0,198269.02,0
12146,15702300,Walker,671,France,Male,29.0,5,0.0,2,0.0,0.0,120893.07,0
12147,15609511,Mazzanti,658,France,Male,32.0,6,146023.66,2,1.0,1.0,49161.01,0
12148,15651022,Ibezimako,678,Germany,Female,36.0,2,137781.65,2,1.0,1.0,99818.41,0
12149,15633650,Chiazagomekpele,512,France,Female,26.0,5,0.0,2,1.0,1.0,149912.28,0
12150,15598614,Lucchesi,730,Spain,Male,33.0,5,0.0,2,1.0,0.0,168152.76,0
12151,15628112,Yobachi,669,Spain,Male,34.0,3,91291.9,1,1.0,0.0,107841.86,0
12152,15589869,Chinweuba,624,Spain,Male,30.0,6,134593.23,1,1.0,0.0,143538.35,0
12153,15672358,White,648,France,Male,32.0,5,0.0,2,1.0,1.0,55872.52,0
12154,15736254,Goliwe,683,Spain,Male,33.0,1,0.0,2,1.0,0.0,172601.62,0
12155,15792364,Maitland,754,France,Male,37.0,10,0.0,2,1.0,0.0,136051.48,0
12156,15761158,Yancy,832,France,Male,34.0,8,0.0,2,1.0,1.0,77558.65,0
12157,15809558,Tsou,586,France,Male,36.0,6,144764.61,2,1.0,1.0,57896.01,0
12158,15760177,Coffman,621,France,Male,39.0,9,0.0,1,1.0,0.0,4791.8,0
12159,15653347,Hsia,668,Spain,Female,52.0,8,88656.37,1,0.0,0.0,159475.08,1
12160,15738247,Ch'iu,644,Germany,Male,38.0,0,121063.88,2,0.0,1.0,102076.02,1
12161,15753874,Houghton,616,France,Female,46.0,6,0.0,2,1.0,0.0,147554.26,0
12162,15658589,Brady,850,France,Male,33.0,3,128398.38,1,1.0,0.0,55400.17,0
12163,15645593,Eluemuno,633,France,Female,36.0,1,0.0,1,0.0,1.0,187905.12,0
12164,15719827,O'Donnell,767,France,Male,36.0,7,0.0,2,0.0,0.0,65147.27,0
12165,15681433,Chigolum,781,Germany,Female,52.0,1,102287.43,1,0.0,1.0,163570.22,1
12166,15751167,Ch'iu,637,France,Female,61.0,8,145644.05,1,1.0,1.0,119817.19,0
12167,15611579,Chinomso,586,France,Female,36.0,6,164801.54,2,1.0,0.0,141446.02,0
12168,15783026,Udobata,611,France,Female,36.0,7,0.0,2,1.0,1.0,47318.75,0
12169,15724307,Onyemachukwu,681,France,Male,40.0,9,0.0,2,1.0,0.0,166477.33,0
12170,15800814,Okeke,584,France,Female,40.0,5,0.0,2,0.0,0.0,91673.5,0
12171,15596972,Owens,617,France,Female,24.0,4,137295.19,1,1.0,1.0,91195.12,0
12172,15641310,Trevisani,572,Spain,Male,44.0,3,0.0,1,1.0,1.0,79691.4,1
12173,15735687,Chuang,695,Spain,Female,48.0,8,105419.73,1,0.0,0.0,83912.24,1
12174,15656840,Tien,614,France,Male,34.0,8,104450.86,1,0.0,1.0,47125.11,0
12175,15756680,Hsia,850,France,Male,36.0,5,0.0,2,0.0,0.0,140763.18,0
12176,15605791,P'eng,537,France,Male,38.0,5,0.0,1,1.0,0.0,41233.97,0
12177,15796074,Toscani,584,France,Female,38.0,3,144878.69,1,1.0,0.0,177528.92,0
12178,15582847,Yermakova,662,France,Male,40.0,0,0.0,2,1.0,1.0,72929.96,0
12179,15736112,Tien,714,Spain,Female,41.0,4,0.0,2,1.0,0.0,80618.09,0
12180,15674827,Uvarov,697,France,Male,31.0,0,0.0,2,1.0,0.0,173966.3,0
12181,15603846,Fang,711,Spain,Male,37.0,2,0.0,2,1.0,1.0,83978.86,0
12182,15668032,Stevenson,592,France,Male,36.0,5,0.0,1,0.0,0.0,83084.33,0
12183,15702683,Yeh,850,Spain,Female,38.0,9,99167.54,2,0.0,1.0,132906.57,0
12184,15602551,T'ao,651,France,Female,33.0,9,0.0,2,0.0,1.0,73881.68,0
12185,15676958,Nwachukwu,528,France,Male,34.0,7,125566.9,1,1.0,1.0,176763.27,0
12186,15810829,Macfarlan,653,Spain,Male,48.0,7,0.0,2,1.0,0.0,13921.82,0
12187,15743293,Waters,686,France,Female,44.0,8,55053.62,2,1.0,0.0,181757.19,0
12188,15649536,Onwuamaeze,714,France,Male,26.0,1,109848.6,1,1.0,0.0,67769.94,0
12189,15785869,Y?,684,France,Female,38.0,7,0.0,2,1.0,0.0,86410.27,0
12190,15616666,Lai,583,France,Female,22.0,3,108117.1,2,0.0,0.0,53328.7,0
12191,15803365,Chukwufumnanya,669,France,Male,39.0,7,127545.83,1,1.0,0.0,162758.9,0
12192,15668309,Onio,557,Spain,Female,34.0,6,124678.35,1,0.0,1.0,152499.8,0
12193,15688984,Li Fonti,618,France,Female,24.0,3,128736.39,1,0.0,1.0,37147.61,0
12194,15704378,Patterson,655,Germany,Male,31.0,9,121342.24,1,1.0,1.0,180241.44,0
12195,15604544,Manfrin,850,France,Male,28.0,2,140891.46,2,1.0,1.0,179834.45,0
12196,15647570,L?,628,France,Male,33.0,6,161807.18,1,1.0,1.0,121789.3,0
12197,15610753,Kegley,562,Spain,Male,45.0,4,110929.9,1,1.0,0.0,9241.61,0
12198,15619343,Chijioke,670,Spain,Male,36.0,1,101438.0,2,1.0,0.0,55868.97,0
12199,15771054,Echezonachukwu,638,France,Female,43.0,3,0.0,1,1.0,0.0,138526.96,1
12200,15801817,McWilliam,669,France,Male,56.0,6,137714.4,1,0.0,0.0,107981.42,0
12201,15733261,Yudina,633,France,Female,42.0,7,0.0,2,1.0,1.0,142940.39,0
12202,15570087,Parry-Okeden,664,France,Female,44.0,5,142989.69,1,1.0,1.0,115452.51,0
12203,15609913,Clark,743,France,Male,43.0,9,0.0,2,1.0,0.0,113436.08,0
12204,15726588,Ts'ui,599,France,Female,23.0,8,0.0,1,0.0,0.0,59905.29,0
12205,15738980,Yobanna,649,France,Male,43.0,3,0.0,2,0.0,0.0,105568.6,0
12206,15659428,Hsiao,803,France,Female,50.0,1,0.0,2,0.0,1.0,110900.43,0
12207,15732621,Fennell,538,France,Male,37.0,9,0.0,2,1.0,1.0,32246.63,0
12208,15621520,Ozerova,656,France,Male,32.0,0,155619.58,1,1.0,1.0,92982.61,0
12209,15576706,Madison,769,France,Male,28.0,4,0.0,2,1.0,1.0,160979.66,0
12210,15797197,Macleod,438,Spain,Male,32.0,4,0.0,2,1.0,1.0,64421.02,0
12211,15673369,Onyemachukwu,748,France,Female,38.0,8,109942.8,2,0.0,1.0,155791.15,0
12212,15586680,Baresi,606,Spain,Male,33.0,8,0.0,1,1.0,0.0,140800.12,0
12213,15736413,Chia,706,Germany,Male,32.0,6,119496.64,2,1.0,1.0,141763.28,0
12214,15802560,Okonkwo,637,Germany,Male,38.0,1,104853.36,2,1.0,1.0,79915.17,0
12215,15681180,Okorie,728,France,Male,41.0,6,0.0,2,0.0,0.0,120139.57,0
12216,15786418,Chidubem,679,Germany,Male,36.0,8,108586.86,2,1.0,0.0,158887.09,0
12217,15690546,Ch'in,645,Germany,Male,45.0,8,121205.99,1,1.0,0.0,96891.02,1
12218,15611189,Kao,709,Spain,Male,37.0,1,0.0,2,1.0,0.0,91560.04,0
12219,15649450,Cooper,776,Spain,Male,28.0,4,0.0,1,1.0,1.0,10357.03,0
12220,15802741,Trevisani,594,France,Female,42.0,3,0.0,2,1.0,1.0,121863.61,0
12221,15652883,Hsu,706,Germany,Female,32.0,3,127631.62,2,1.0,1.0,147545.65,0
12222,15761043,Nwabugwu,711,France,Male,41.0,7,0.0,2,1.0,0.0,26772.02,0
12223,15595842,Hsueh,712,Germany,Female,39.0,1,158266.42,1,0.0,0.0,23702.42,0
12224,15653715,Tsai,602,France,Female,63.0,7,0.0,2,1.0,1.0,56323.21,0
12225,15686835,Ch'ang,662,Germany,Female,34.0,6,126534.6,1,1.0,1.0,171045.65,0
12226,15710111,Genovesi,586,France,Male,39.0,10,0.0,2,0.0,1.0,64849.74,0
12227,15713659,Obialo,706,Spain,Male,50.0,9,0.0,1,1.0,0.0,137791.18,1
12228,15599792,Dimauro,607,France,Female,26.0,1,0.0,2,1.0,1.0,199638.56,0
12229,15583278,Greece,717,France,Female,36.0,7,92716.96,1,1.0,0.0,33693.78,0
12230,15796834,Nebeolisa,730,Spain,Female,28.0,9,115141.18,1,0.0,1.0,125518.32,1
12231,15572467,Nwabugwu,678,Spain,Female,40.0,6,0.0,2,1.0,1.0,176921.0,0
12232,15670163,Genovesi,562,Spain,Female,43.0,8,120961.5,1,0.0,0.0,85787.31,1
12233,15642870,Ross,773,France,Male,29.0,8,0.0,2,1.0,0.0,168650.4,0
12234,15658675,Tsao,479,France,Male,36.0,9,0.0,2,1.0,0.0,86413.51,0
12235,15654060,Koch,605,France,Male,29.0,6,0.0,2,0.0,1.0,88866.92,0
12236,15714006,Macleod,559,France,Female,53.0,1,0.0,2,1.0,1.0,131409.07,0
12237,15593959,Chimezie,645,France,Male,66.0,3,0.0,2,0.0,1.0,180593.45,0
12238,15732020,Rutherford,508,Germany,Male,57.0,6,106938.11,2,1.0,1.0,138510.01,0
12239,15772996,McIntyre,739,Germany,Female,64.0,5,128707.31,1,0.0,1.0,168516.16,1
12240,15635784,Horsfall,627,Germany,Female,52.0,4,142705.95,1,1.0,0.0,148528.24,1
12241,15726310,Hsu,597,Germany,Male,30.0,5,141551.29,1,1.0,0.0,48466.94,0
12242,15766066,Moss,508,France,Male,33.0,1,0.0,2,1.0,0.0,103713.93,0
12243,15576131,Hsieh,703,France,Male,37.0,4,0.0,2,1.0,1.0,140889.31,0
12244,15750811,Nwankwo,653,France,Male,42.0,4,0.0,2,1.0,0.0,56794.31,0
12245,15773876,Tung,655,France,Female,34.0,2,0.0,2,1.0,0.0,159638.77,0
12246,15585595,Clements,692,Spain,Male,29.0,8,0.0,1,1.0,1.0,142516.35,0
12247,15642996,Yermakov,554,France,Male,42.0,3,0.0,2,1.0,0.0,187636.06,0
12248,15748068,Chijioke,589,France,Male,38.0,9,148045.45,1,1.0,1.0,62368.33,0
12249,15604073,Onyekachukwu,653,France,Female,38.0,9,0.0,1,0.0,0.0,158974.67,1
12250,15752372,Chigolum,588,Germany,Male,26.0,10,148061.89,1,1.0,0.0,94767.77,0
12251,15686909,Hs?eh,576,Spain,Male,37.0,3,0.0,2,1.0,0.0,38153.26,0
12252,15737173,Ch'iu,559,Germany,Male,29.0,7,69459.05,1,1.0,0.0,128461.29,0
12253,15710206,Larson,591,Germany,Female,44.0,7,150500.64,1,0.0,0.0,14928.8,1
12254,15708504,Smith,615,Germany,Male,71.0,5,107379.68,2,1.0,1.0,24210.56,0
12255,15694879,Kenechukwu,487,France,Male,36.0,4,95478.17,2,0.0,1.0,163554.55,0
12256,15703037,Edwards,652,France,Male,38.0,8,64900.32,1,1.0,0.0,102426.12,0
12257,15614778,Genovesi,554,Spain,Female,55.0,8,116084.32,3,0.0,0.0,49684.09,1
12258,15675320,John,661,Spain,Female,35.0,5,96479.81,1,1.0,0.0,62280.91,0
12259,15799300,Tien,579,Germany,Female,28.0,4,117152.09,3,1.0,0.0,105818.77,1
12260,15625944,Li Fonti,646,France,Male,44.0,5,0.0,1,1.0,1.0,178822.31,1
12261,15802362,Ch'iu,592,Germany,Female,49.0,3,91760.11,2,1.0,0.0,137037.97,1
12262,15638272,T'ien,609,Spain,Male,32.0,4,99883.16,1,1.0,1.0,120594.85,1
12263,15602845,Cremonesi,814,France,Female,51.0,2,0.0,2,1.0,0.0,141023.01,1
12264,15568953,Maclean,561,France,Female,27.0,4,128554.98,1,1.0,0.0,133173.19,1
12265,15772761,T'ien,817,France,Male,34.0,5,121798.53,1,0.0,0.0,120880.53,0
12266,15586029,Fanucci,807,France,Male,26.0,8,0.0,2,1.0,0.0,144870.28,0
12267,15677906,Padovano,634,Spain,Male,51.0,3,0.0,2,0.0,1.0,150227.85,0
12268,15757408,Ibezimako,655,Spain,Male,38.0,3,250898.09,3,1.0,1.0,81054.0,0
12269,15666096,De Luca,584,France,Female,64.0,4,0.0,1,0.0,0.0,96660.76,1
12270,15747534,Maclean,714,France,Female,31.0,4,0.0,2,1.0,1.0,72762.61,0
12271,15696900,Aitken,634,Germany,Female,44.0,8,168069.74,1,0.0,1.0,170819.43,0
12272,15746139,Bage,712,France,Male,42.0,2,0.0,1,1.0,0.0,115668.08,0
12273,15740476,Hsu,544,Germany,Female,48.0,5,110654.03,3,0.0,1.0,76511.44,1
12274,15719579,Bazarova,589,France,Male,40.0,8,153714.42,1,1.0,0.0,109096.71,1
12275,15662294,Kao,561,France,Female,64.0,1,0.0,2,1.0,1.0,87412.34,0
12276,15752097,Chiazagomekpere,708,Spain,Female,38.0,8,99640.89,2,1.0,0.0,12429.22,0
12277,15804822,Fiorentino,710,France,Male,28.0,1,0.0,2,1.0,0.0,108764.69,0
12278,15672447,Ulyanov,641,Germany,Male,34.0,3,127940.47,1,1.0,1.0,45309.24,0
12279,15652658,Y?an,593,France,Male,29.0,8,0.0,1,0.0,0.0,126812.53,0
12280,15681332,Tate,437,France,Female,41.0,6,141389.06,1,1.0,0.0,145796.49,0
12281,15794468,Chizuoke,516,France,Male,30.0,9,0.0,1,1.0,1.0,125445.8,0
12282,15607577,Smith,755,France,Male,37.0,3,0.0,2,0.0,1.0,156868.21,0
12283,15683483,Lo,585,France,Female,57.0,1,174851.9,1,1.0,0.0,99444.02,1
12284,15566892,Trevisano,731,France,Male,39.0,9,0.0,2,1.0,0.0,141359.19,0
12285,15802823,Maclean,745,Spain,Female,38.0,9,0.0,2,1.0,0.0,194230.82,0
12286,15705050,Tuan,850,France,Female,37.0,4,0.0,2,1.0,0.0,177028.96,0
12287,15612667,Nwagugheuzo,718,France,Female,42.0,5,0.0,2,1.0,1.0,128882.66,0
12288,15780133,T'ien,594,Spain,Female,34.0,6,0.0,2,1.0,0.0,129892.98,0
12289,15622658,Mironova,584,France,Female,32.0,10,0.0,2,0.0,0.0,141872.05,0
12290,15703588,Palerma,665,Germany,Male,37.0,5,153611.83,2,0.0,1.0,35321.65,0
12291,15764916,Rowley,616,Germany,Male,56.0,9,95984.21,1,0.0,1.0,115262.54,1
12292,15581610,Baresi,691,France,Male,44.0,9,0.0,1,1.0,0.0,53563.27,0
12293,15677906,Kao,621,France,Female,37.0,9,0.0,2,0.0,1.0,88728.47,0
12294,15711028,Nnachetam,633,France,Male,26.0,1,0.0,2,1.0,0.0,104035.41,0
12295,15631219,Nwabugwu,705,France,Male,28.0,5,112610.77,1,0.0,1.0,125658.55,0
12296,15593683,Nwankwo,716,Germany,Female,40.0,2,109646.83,2,0.0,0.0,147964.99,1
12297,15698839,Chiazagomekpere,679,France,Male,32.0,3,132005.77,2,0.0,1.0,141776.62,1
12298,15779904,Yefimova,672,France,Female,41.0,4,0.0,2,1.0,0.0,71843.95,0
12299,15583680,Trevisani,719,France,Female,41.0,3,0.0,2,1.0,1.0,91549.94,0
12300,15582404,Nnachetam,663,France,Male,43.0,1,0.0,2,1.0,0.0,79078.25,0
12301,15658306,Lo,693,France,Male,69.0,4,97705.99,1,1.0,1.0,61569.07,0
12302,15774722,Okeke,850,France,Female,40.0,4,114722.75,1,1.0,1.0,181449.92,0
12303,15732266,Boniwell,756,France,Female,67.0,4,0.0,1,0.0,1.0,93081.87,0
12304,15808689,Dominguez,563,Germany,Male,34.0,6,140133.13,2,1.0,1.0,103469.45,0
12305,15662091,K'ung,680,Germany,Female,40.0,7,113688.1,2,1.0,1.0,85890.05,0
12306,15623471,Hale,696,Germany,Male,23.0,6,92366.72,2,1.0,0.0,120661.71,0
12307,15788183,Okwudiliolisa,747,Germany,Female,44.0,3,111537.23,2,1.0,1.0,59747.13,1
12308,15579548,Milne,704,France,Male,38.0,7,155413.24,1,0.0,1.0,151739.92,0
12309,15767064,Chigolum,646,France,Male,34.0,2,154741.44,1,1.0,0.0,109563.01,0
12310,15757534,Houghton,619,Spain,Male,29.0,9,123971.63,1,1.0,0.0,131806.28,0
12311,15656937,Smith,694,France,Male,29.0,6,0.0,2,1.0,0.0,176768.28,0
12312,15595884,O'Donnell,592,France,Male,37.0,2,99816.51,1,1.0,0.0,158853.08,0
12313,15673570,Shih,723,France,Female,37.0,9,0.0,2,1.0,0.0,89891.6,0
12314,15592361,Chiang,553,France,Male,36.0,10,154584.64,1,1.0,1.0,168885.52,0
12315,15586976,Chukwumaobim,479,Germany,Female,33.0,9,122311.88,1,1.0,1.0,92811.2,1
12316,15665411,Trevisano,632,France,Male,34.0,6,0.0,1,1.0,0.0,52471.09,1
12317,15749119,Santiago,710,France,Female,32.0,3,0.0,2,1.0,1.0,112289.06,0
12318,15786433,D'Albertis,587,France,Male,26.0,9,0.0,2,1.0,1.0,84482.61,0
12319,15603465,Dickson,611,France,Male,33.0,5,161787.86,1,1.0,1.0,94898.2,0
12320,15753549,Onwuamaeze,582,France,Female,34.0,8,0.0,2,1.0,1.0,131736.23,0
12321,15704586,Onyemere,597,Germany,Male,42.0,7,133701.07,3,1.0,1.0,101069.71,1
12322,15795968,Ch'eng,753,France,Male,55.0,8,166526.99,3,1.0,0.0,123318.76,1
12323,15577700,McIntyre,641,France,Female,24.0,5,0.0,1,1.0,0.0,145700.22,0
12324,15799211,Tuan,594,France,Female,45.0,7,0.0,2,0.0,0.0,123439.13,0
12325,15633141,Nwachinemelu,554,Spain,Male,35.0,5,0.0,2,1.0,1.0,121537.51,0
12326,15669945,Mazzanti,733,France,Female,34.0,8,0.0,2,1.0,1.0,67951.1,0
12327,15577695,Zito,678,France,Male,51.0,2,148088.11,1,1.0,0.0,14083.12,1
12328,15663821,Hsia,810,France,Male,39.0,3,0.0,2,1.0,1.0,64872.56,0
12329,15682570,Yefremova,587,Spain,Male,32.0,4,0.0,2,1.0,1.0,166677.35,0
12330,15713673,Okwuadigbo,714,Spain,Male,36.0,1,79475.3,2,1.0,1.0,71709.12,0
12331,15784526,Davila,645,Germany,Male,35.0,5,166883.07,2,1.0,0.0,194467.23,1
12332,15658852,Stevens,676,France,Male,38.0,6,0.0,2,1.0,1.0,133692.88,0
12333,15627195,Parry,628,Germany,Male,59.0,5,154377.3,1,1.0,1.0,51721.52,0
12334,15642099,Watson,675,Spain,Female,50.0,5,163700.84,1,1.0,0.0,48475.12,1
12335,15702801,Ts'ao,677,France,Female,29.0,3,86616.35,1,0.0,1.0,91903.9,0
12336,15774507,Furneaux,716,France,Female,69.0,1,82255.51,2,1.0,1.0,76476.05,0
12337,15613630,Tang,775,France,Male,40.0,8,109922.61,1,1.0,1.0,96823.32,0
12338,15698932,Chidiegwu,828,Spain,Female,32.0,7,0.0,2,1.0,1.0,165034.02,0
12339,15621544,Ponomaryov,521,Germany,Male,34.0,8,71187.67,2,0.0,0.0,180954.74,0
12340,15736717,Burt,775,France,Female,36.0,10,105609.17,1,0.0,1.0,168290.06,0
12341,15768474,Yobachi,706,France,Male,31.0,9,0.0,1,1.0,1.0,149991.32,0
12342,15765192,Ting,685,Spain,Male,52.0,5,106116.5,1,1.0,0.0,63795.8,0
12343,15785865,Chidiebele,648,France,Male,31.0,7,129855.32,1,0.0,0.0,73873.65,0
12344,15748673,Zetticci,619,Spain,Female,49.0,7,0.0,1,1.0,1.0,116249.72,0
12345,15632830,Clements,659,Germany,Female,24.0,9,122314.5,1,1.0,1.0,113079.19,0
12346,15584928,Iadanza,753,Germany,Female,49.0,1,105103.33,1,1.0,0.0,184399.76,1
12347,15775082,Stewart,562,France,Female,28.0,6,0.0,2,1.0,1.0,99136.49,0
12348,15813917,Kao,796,France,Female,57.0,6,0.0,2,1.0,1.0,50299.14,0
12349,15724838,Moretti,599,France,Female,43.0,4,0.0,2,1.0,1.0,170347.1,0
12350,15585892,Lin,674,France,Male,34.0,7,0.0,1,0.0,1.0,187638.34,0
12351,15579915,Hsu,599,France,Female,33.0,1,0.0,2,1.0,0.0,1055.25,1
12352,15592765,Marks,637,France,Male,26.0,8,0.0,2,1.0,0.0,175910.95,0
12353,15592645,Nwankwo,718,France,Female,38.0,8,0.0,2,1.0,1.0,94003.11,0
12354,15705448,Hargreaves,723,Spain,Male,30.0,3,0.0,2,1.0,0.0,70778.61,0
12355,15706061,Obiajulu,718,France,Female,37.0,7,0.0,2,1.0,1.0,157862.99,0
12356,15647830,Pagnotto,730,France,Male,61.0,6,107467.39,1,1.0,1.0,109493.62,0
12357,15770309,T'ien,516,France,Female,33.0,6,0.0,2,1.0,0.0,58965.04,0
12358,15771059,Obidimkpa,721,France,Male,40.0,10,115451.07,1,0.0,1.0,154775.7,0
12359,15662976,Biryukov,570,France,Female,32.0,9,97786.07,2,1.0,0.0,64436.16,0
12360,15753531,Chukwudi,714,Germany,Female,23.0,10,123889.19,2,0.0,1.0,79871.54,0
12361,15748995,Ifeajuna,691,Spain,Male,22.0,8,0.0,1,0.0,1.0,10963.04,0
12362,15771573,Hsieh,584,France,Male,55.0,1,0.0,2,1.0,0.0,176778.62,1
12363,15666030,Lucchesi,675,France,Male,34.0,3,134958.18,1,1.0,0.0,172733.34,0
12364,15567114,Chikelu,553,France,Male,52.0,7,103515.39,2,1.0,0.0,94450.97,1
12365,15578722,Bradley,554,Germany,Female,39.0,4,131402.21,1,0.0,0.0,193668.49,1
12366,15743016,Yobachi,714,France,Female,44.0,7,0.0,2,0.0,1.0,182609.97,0
12367,15623927,T'ien,511,France,Female,66.0,4,0.0,1,1.0,1.0,1643.11,0
12368,15729975,Chidozie,613,France,Male,36.0,8,0.0,2,1.0,0.0,44390.38,0
12369,15762729,Cattaneo,729,Germany,Male,34.0,5,123845.36,2,0.0,0.0,49829.8,0
12370,15748123,Walker,684,Germany,Male,39.0,5,125921.73,2,1.0,0.0,11302.7,0
12371,15598586,Shaw,680,France,Male,28.0,10,113292.17,2,1.0,1.0,122639.73,0
12372,15782247,Yeh,540,Germany,Male,22.0,4,133845.28,2,1.0,1.0,186233.26,0
12373,15805062,Tuan,637,France,Female,34.0,8,0.0,2,1.0,0.0,56865.62,0
12374,15802486,Chukwualuka,537,Germany,Male,58.0,9,112755.34,2,1.0,1.0,132945.43,1
12375,15654229,Onyemere,720,France,Female,38.0,2,0.0,1,1.0,0.0,92888.52,1
12376,15765415,Ch'eng,547,Germany,Female,36.0,9,129855.85,2,1.0,1.0,61811.1,0
12377,15801488,Hsia,671,France,Male,37.0,8,0.0,1,0.0,0.0,100137.7,0
12378,15783083,Shubin,622,France,Male,28.0,2,0.0,2,1.0,0.0,161344.13,0
12379,15643496,Maclean,607,Spain,Female,46.0,10,0.0,1,1.0,0.0,170980.99,1
12380,15611189,K?,728,France,Male,33.0,8,70657.61,1,1.0,0.0,102925.76,0
12381,15727467,Hs?eh,702,France,Male,23.0,5,131762.94,1,1.0,1.0,61230.83,0
12382,15623369,Chukwubuikem,629,France,Male,35.0,2,111284.53,1,0.0,1.0,84760.32,0
12383,15791513,Yermolayeva,663,Spain,Male,39.0,5,0.0,2,1.0,0.0,161845.81,0
12384,15810075,Y?,754,France,Female,39.0,6,130694.89,2,1.0,1.0,153955.38,0
12385,15643082,Nnaife,675,France,Male,43.0,1,0.0,1,0.0,0.0,80974.37,1
12386,15682890,Woronoff,585,Germany,Male,38.0,5,65095.41,2,1.0,1.0,140197.42,0
12387,15673020,Ts'ui,549,France,Male,26.0,7,0.0,2,1.0,1.0,9984.78,0
12388,15793825,Ikechukwu,536,France,Male,39.0,4,0.0,1,1.0,0.0,27150.35,0
12389,15777217,T'ien,724,Germany,Male,50.0,4,123537.07,1,1.0,0.0,119425.94,1
12390,15680141,Onwubiko,652,Germany,Male,25.0,8,118024.05,2,0.0,0.0,121311.12,0
12391,15672798,Liao,670,France,Male,29.0,9,0.0,2,1.0,0.0,64511.44,0
12392,15720559,Palermo,695,Spain,Male,41.0,3,0.0,2,1.0,0.0,152956.82,0
12393,15794479,Ni,651,Spain,Male,29.0,9,85899.14,1,0.0,0.0,128799.86,0
12394,15671609,H?,691,Spain,Male,30.0,9,0.0,2,1.0,1.0,84872.56,0
12395,15617655,Stewart,649,Germany,Male,51.0,4,129776.72,2,0.0,1.0,143544.48,1
12396,15773469,Clark,611,France,Male,29.0,1,0.0,2,1.0,0.0,126494.82,0
12397,15715707,Nnonso,641,France,Male,28.0,7,0.0,2,1.0,1.0,85413.51,0
12398,15756850,T'ien,705,France,Female,33.0,6,0.0,2,1.0,1.0,55867.28,0
12399,15690169,Fanucci,713,France,Male,42.0,8,0.0,2,1.0,0.0,79775.68,0
12400,15705458,Yefimova,675,Germany,Male,67.0,1,108477.27,1,1.0,0.0,167522.19,1
12401,15747345,Iheatu,644,France,Male,34.0,3,0.0,1,1.0,0.0,75969.19,0
12402,15605036,T'ien,652,Germany,Female,54.0,9,73348.04,1,1.0,0.0,87976.84,1
12403,15584580,Chinwendu,645,Germany,Male,33.0,5,141359.37,2,0.0,0.0,75860.01,0
12404,15793311,Ndubueze,603,Germany,Female,41.0,3,116324.39,1,1.0,1.0,184524.65,1
12405,15785519,Bellucci,481,France,Female,34.0,1,0.0,2,1.0,1.0,114020.06,0
12406,15722845,Babbage,667,Spain,Male,37.0,4,0.0,2,1.0,1.0,34702.92,0
12407,15773779,Cattaneo,601,France,Male,38.0,1,64430.06,1,0.0,1.0,96517.97,0
12408,15779267,Onyemere,584,Spain,Male,24.0,5,0.0,2,1.0,0.0,89286.29,0
12409,15654772,MacDonald,646,France,Female,49.0,6,89729.53,1,1.0,0.0,135768.25,0
12410,15681671,Nkemjika,682,France,Male,59.0,2,0.0,1,1.0,1.0,170072.9,0
12411,15639552,T'ien,516,France,Female,32.0,4,0.0,2,1.0,0.0,52404.47,0
12412,15751756,Chiu,828,France,Male,56.0,8,0.0,1,0.0,0.0,112585.19,1
12413,15606386,Wang,753,Germany,Female,46.0,3,111512.75,1,1.0,0.0,159576.75,0
12414,15622289,Folliero,579,France,Male,39.0,9,0.0,2,1.0,0.0,103917.19,0
12415,15630466,Maclean,797,Spain,Male,35.0,4,0.0,1,0.0,0.0,125110.02,0
12416,15683544,Gallo,652,Germany,Male,45.0,3,131354.39,1,1.0,0.0,120663.57,1
12417,15681476,Dickson,694,France,Female,41.0,2,0.0,2,1.0,1.0,90896.03,0
12418,15760641,Maclean,646,Spain,Male,35.0,6,0.0,1,1.0,0.0,182076.95,0
12419,15722083,Tien,693,France,Male,31.0,8,124576.65,1,1.0,1.0,60907.49,0
12420,15710271,Tsai,608,France,Male,31.0,2,58820.23,1,0.0,0.0,160916.53,1
12421,15699325,Aitken,582,France,Male,33.0,2,121513.87,1,1.0,0.0,72970.97,0
12422,15737265,Nwokeocha,758,France,Female,66.0,6,0.0,2,1.0,1.0,164119.35,0
12423,15726776,Trevisani,681,France,Female,41.0,7,0.0,2,1.0,1.0,91763.73,0
12424,15729975,Chidozie,634,France,Female,46.0,6,99835.17,1,1.0,0.0,161479.19,1
12425,15568360,Rolon,569,Spain,Female,44.0,3,139840.36,1,1.0,1.0,163524.7,1
12426,15649418,Fan,579,France,Female,42.0,3,112070.44,1,1.0,1.0,76743.53,0
12427,15679963,Hsueh,754,France,Female,48.0,4,107525.07,1,1.0,1.0,180140.29,1
12428,15582917,Lombardo,678,Spain,Male,48.0,5,0.0,1,1.0,0.0,162820.6,1
12429,15696829,O'Brien,612,France,Male,40.0,1,0.0,2,1.0,0.0,111097.39,0
12430,15627305,Uspensky,524,France,Female,37.0,2,132954.68,1,1.0,0.0,121061.89,0
12431,15680234,Smith,611,France,Male,34.0,7,155732.82,1,1.0,1.0,95985.18,0
12432,15770041,Ritchie,704,France,Female,36.0,9,0.0,2,0.0,1.0,189159.97,0
12433,15569438,Uspenskaya,641,France,Male,35.0,8,130334.64,1,1.0,1.0,121151.13,0
12434,15592765,Chinwemma,731,Germany,Male,65.0,8,123378.2,1,1.0,1.0,6076.62,1
12435,15594917,Hsia,757,Spain,Female,53.0,7,0.0,1,1.0,0.0,81634.45,1
12436,15743538,T'an,625,France,Female,35.0,1,141166.74,1,0.0,0.0,166476.08,0
12437,15589019,Morant,633,France,Male,51.0,9,92855.02,1,1.0,1.0,159814.17,0
12438,15793854,Abdulov,595,France,Female,36.0,7,121542.57,1,1.0,0.0,186841.71,1
12439,15589660,Obiora,712,France,Male,47.0,4,140694.78,1,1.0,1.0,130861.95,0
12440,15686983,Kung,681,France,Male,38.0,9,0.0,2,0.0,0.0,89801.9,0
12441,15689344,Zetticci,567,France,Male,37.0,2,0.0,2,1.0,0.0,90826.28,0
12442,15759250,Barnett,745,Germany,Female,51.0,4,99183.9,1,1.0,0.0,28922.25,1
12443,15593499,Lucciano,696,Spain,Male,29.0,4,0.0,1,1.0,0.0,152992.83,0
12444,15651140,Smith,706,Germany,Male,52.0,5,92512.18,1,1.0,1.0,84872.66,0
12445,15658977,Cremonesi,733,France,Male,39.0,7,0.0,2,1.0,1.0,70743.61,0
12446,15662397,Kao,736,Germany,Male,60.0,1,120568.41,2,1.0,1.0,131312.38,1
12447,15790594,Brown,703,France,Female,29.0,9,0.0,2,1.0,0.0,53511.12,0
12448,15762855,Yobachukwu,733,France,Male,51.0,5,0.0,1,1.0,1.0,173787.38,1
12449,15730394,Onyekachi,584,France,Male,38.0,2,0.0,2,0.0,1.0,95159.13,0
12450,15716085,Norris,739,Spain,Male,39.0,8,0.0,1,1.0,0.0,191694.77,0
12451,15658067,Walker,729,Germany,Male,48.0,3,120568.41,1,1.0,0.0,190160.04,0
12452,15648933,O'Loghlin,757,France,Female,46.0,7,0.0,1,1.0,0.0,130541.1,1
12453,15679963,Mackenzie,667,Germany,Female,29.0,7,105204.01,1,1.0,1.0,138490.03,0
12454,15750765,Sanders,650,Spain,Male,34.0,6,0.0,2,1.0,1.0,175380.77,0
12455,15658716,Onwuamaeze,652,France,Female,40.0,8,0.0,2,1.0,1.0,163587.9,0
12456,15750867,Yobachukwu,667,Spain,Female,45.0,3,0.0,1,1.0,1.0,27509.52,1
12457,15762927,Black,517,Germany,Female,36.0,6,113146.98,2,1.0,0.0,123535.05,0
12458,15583736,Chukwudi,850,France,Male,37.0,5,146098.43,1,1.0,1.0,143357.03,0
12459,15690150,Rizzo,691,France,Female,27.0,4,0.0,2,0.0,0.0,136622.28,1
12460,15693904,Chiang,691,Germany,Female,30.0,6,125428.37,1,1.0,0.0,194691.95,0
12461,15611186,Chukwujamuike,627,France,Male,55.0,10,113858.95,3,1.0,1.0,78670.52,1
12462,15661907,White,589,Germany,Male,49.0,9,91810.86,1,0.0,1.0,91638.56,0
12463,15815271,Ritchie,755,Germany,Male,43.0,6,165048.5,2,1.0,0.0,16929.41,1
12464,15704769,Kao,695,Spain,Male,37.0,9,0.0,2,1.0,0.0,131083.99,0
12465,15607314,Chiefo,585,Spain,Female,53.0,8,0.0,1,1.0,1.0,2019.78,1
12466,15591036,K?,731,France,Male,43.0,3,118890.72,1,1.0,1.0,170142.09,0
12467,15684860,Dickson,624,France,Female,37.0,8,0.0,2,1.0,1.0,101141.28,0
12468,15633866,Nwabugwu,461,France,Male,36.0,5,0.0,1,1.0,1.0,68860.3,1
12469,15597914,Rahman,667,France,Male,66.0,2,0.0,2,1.0,0.0,180082.7,1
12470,15662641,Yefimova,517,France,Male,36.0,9,71786.9,2,0.0,1.0,67734.79,0
12471,15663942,Mazzi,718,France,Male,41.0,4,0.0,2,1.0,1.0,141677.33,0
12472,15747174,Hao,526,France,Male,58.0,9,190298.89,2,1.0,1.0,191263.76,1
12473,15758813,Hsieh,583,Spain,Male,32.0,4,0.0,2,1.0,1.0,187632.22,0
12474,15630363,Teng,608,Spain,Male,58.0,1,0.0,2,1.0,0.0,154486.01,1
12475,15595039,Martin,755,Germany,Female,37.0,8,114754.08,1,1.0,0.0,136050.44,0
12476,15582033,Kornilova,734,Germany,Female,34.0,1,131938.58,2,0.0,0.0,198402.12,1
12477,15775104,Martin,633,France,Female,56.0,4,0.0,1,1.0,0.0,120770.52,1
12478,15583595,Tao,659,Spain,Female,44.0,2,0.0,2,0.0,1.0,103349.74,0
12479,15582914,Trevisani,726,France,Male,35.0,7,0.0,2,1.0,0.0,141946.92,0
12480,15812920,Nwabugwu,546,Spain,Male,22.0,7,0.0,1,1.0,0.0,173912.29,0
12481,15757559,Chukwujamuike,609,Germany,Female,38.0,3,150148.51,1,1.0,1.0,117841.06,1
12482,15614827,Allan,604,France,Female,71.0,2,0.0,2,1.0,1.0,49506.82,0
12483,15758028,Brown,732,France,Male,29.0,6,0.0,2,1.0,1.0,193309.12,0
12484,15637315,H?,561,France,Female,34.0,8,132623.76,1,1.0,1.0,125846.81,0
12485,15658360,Laney,642,Spain,Female,40.0,1,134590.21,1,1.0,1.0,46253.65,0
12486,15799925,Uwakwe,744,France,Male,41.0,6,0.0,2,1.0,1.0,131753.97,0
12487,15700965,Toscano,724,Germany,Female,32.0,6,0.0,2,1.0,1.0,150026.79,0
12488,15610765,Onwumelu,559,France,Male,31.0,9,0.0,2,1.0,0.0,155639.76,0
12489,15811127,Lombardo,745,France,Female,30.0,9,0.0,1,1.0,0.0,129935.52,1
12490,15606133,Lay,829,Spain,Male,42.0,10,191665.21,1,1.0,1.0,182224.14,0
12491,15675518,Bulgakov,703,Germany,Male,34.0,5,108410.87,2,1.0,0.0,102908.91,0
12492,15671358,Fletcher,720,France,Male,44.0,5,0.0,2,1.0,0.0,163471.01,0
12493,15676519,Forbes,663,Spain,Male,52.0,4,0.0,2,1.0,0.0,130661.95,0
12494,15699507,Genovese,581,Germany,Female,35.0,2,138171.1,1,1.0,0.0,147527.3,0
12495,15602851,Hsia,562,Spain,Female,35.0,8,0.0,2,1.0,1.0,9902.39,0
12496,15642934,Chuter,516,Germany,Male,29.0,3,145166.09,2,0.0,0.0,111421.45,0
12497,15772383,Nwachinemelu,529,Spain,Male,33.0,6,126674.52,2,0.0,1.0,72873.84,0
12498,15691723,Chukwudi,834,Spain,Male,55.0,9,95452.89,1,1.0,1.0,114474.98,0
12499,15783629,Jamieson,850,Spain,Male,33.0,3,100476.46,2,1.0,1.0,136539.13,0
12500,15679963,Uspensky,792,France,Female,40.0,1,0.0,2,1.0,1.0,88838.96,0
12501,15742272,Ozerova,669,France,Male,35.0,6,96418.09,1,0.0,1.0,131609.48,0
12502,15681410,Y?an,581,Germany,Male,28.0,3,98088.09,1,1.0,1.0,26687.22,0
12503,15686959,Tung,587,France,Female,30.0,2,0.0,2,0.0,1.0,145537.33,0
12504,15694581,Clements,592,France,Male,34.0,6,0.0,1,1.0,0.0,140881.2,1
12505,15671210,Milano,676,Spain,Female,25.0,3,102515.72,1,1.0,1.0,157564.08,0
12506,15668818,Manna,674,France,Male,27.0,6,0.0,2,1.0,1.0,129964.94,0
12507,15622478,Patterson,754,Spain,Male,30.0,7,0.0,2,0.0,1.0,121529.59,0
12508,15656937,Chigolum,724,Germany,Male,44.0,2,129269.27,1,0.0,1.0,132498.39,1
12509,15702175,Liang,672,France,Female,27.0,5,46870.43,1,1.0,1.0,64515.5,0
12510,15579891,Doyle,706,Spain,Female,43.0,4,79886.43,1,1.0,0.0,4121.04,1
12511,15605023,Chia,627,Germany,Male,45.0,9,95668.95,1,0.0,0.0,140136.38,0
12512,15743817,Okwudiliolisa,612,Spain,Female,33.0,5,0.0,2,1.0,1.0,76611.33,0
12513,15808332,Nucci,530,Spain,Male,38.0,1,98640.84,1,0.0,1.0,24402.82,0
12514,15704466,Burns,654,France,Female,34.0,3,125211.92,2,0.0,1.0,144496.07,0
12515,15596962,Ritchie,538,Germany,Male,43.0,3,148042.97,1,1.0,0.0,91652.43,1
12516,15749472,Hsia,553,France,Female,33.0,8,0.0,2,1.0,1.0,101954.78,0
12517,15692463,Tsao,584,France,Female,31.0,1,0.0,2,0.0,1.0,111687.57,0
12518,15787907,McGregor,707,Germany,Male,55.0,3,122823.34,1,1.0,0.0,51636.7,1
12519,15704144,Ann,812,Germany,Male,33.0,2,127154.14,2,0.0,1.0,105383.49,0
12520,15665014,Middleton,458,France,Male,36.0,5,0.0,2,1.0,1.0,79723.78,0
12521,15792668,Mao,584,Germany,Female,47.0,5,131778.08,1,1.0,0.0,8982.75,1
12522,15622442,Greaves,698,France,Female,40.0,7,105061.74,3,1.0,0.0,107815.31,1
12523,15571144,Ives,655,France,Female,58.0,10,0.0,1,0.0,1.0,126565.21,1
12524,15575486,Okoli,529,Germany,Female,28.0,1,132954.64,2,1.0,1.0,37769.98,0
12525,15743478,Nkemjika,762,France,Male,43.0,2,0.0,1,0.0,0.0,134483.57,1
12526,15699532,Okagbue,516,France,Male,51.0,8,120124.35,2,1.0,0.0,168773.54,1
12527,15602282,Fiorentini,646,Germany,Male,74.0,1,160858.13,1,0.0,1.0,158610.89,0
12528,15620372,Cross,579,Spain,Male,47.0,3,0.0,2,1.0,1.0,48228.1,0
12529,15652048,Chibueze,729,Germany,Male,35.0,3,145807.59,2,1.0,1.0,74637.57,0
12530,15589872,Iloerika,613,Germany,Female,68.0,3,113086.31,1,0.0,0.0,178361.89,1
12531,15777586,Moss,471,Spain,Female,26.0,2,0.0,2,1.0,0.0,6409.55,0
12532,15743545,Nworie,554,Spain,Female,29.0,2,0.0,2,0.0,0.0,179032.68,0
12533,15680918,Nnaife,624,France,Female,50.0,1,0.0,1,1.0,1.0,113958.42,0
12534,15794513,Iadanza,748,France,Male,34.0,10,108469.75,1,0.0,1.0,153362.28,0
12535,15792922,Udinese,593,Germany,Male,41.0,6,158414.85,1,1.0,1.0,131300.68,0
12536,15703199,Ritchie,563,Germany,Female,38.0,9,96152.68,1,1.0,0.0,98994.92,0
12537,15711489,Williamson,700,Germany,Male,82.0,4,139723.9,4,0.0,1.0,182055.36,1
12538,15688984,Belonwu,595,France,Female,20.0,4,95830.43,1,0.0,0.0,177738.98,0
12539,15610903,Chukwueloka,523,Spain,Male,35.0,3,135827.33,1,1.0,0.0,122899.01,0
12540,15803764,Kao,667,Spain,Male,34.0,7,0.0,2,1.0,1.0,95567.33,0
12541,15686983,Shcherbakov,739,Germany,Male,34.0,1,143576.36,2,1.0,1.0,164768.33,0
12542,15677020,Ijendu,592,Spain,Male,29.0,7,0.0,2,1.0,1.0,123880.19,0
12543,15700946,Smith,587,Germany,Male,47.0,2,152926.6,1,1.0,0.0,53394.12,0
12544,15690337,Chinwenma,551,France,Male,42.0,5,0.0,2,1.0,0.0,194681.6,0
12545,15751177,Yao,733,Germany,Female,42.0,2,150561.03,2,0.0,1.0,14725.36,0
12546,15599301,Yeates,531,France,Male,32.0,3,99056.45,1,0.0,0.0,93783.94,0
12547,15746674,Miller,558,France,Male,47.0,7,0.0,1,1.0,0.0,33373.26,1
12548,15720371,Nkemakolam,681,France,Female,35.0,2,0.0,2,1.0,1.0,63736.17,0
12549,15617138,Iweobiegbunam,629,France,Male,28.0,5,0.0,2,1.0,1.0,181300.86,0
12550,15671387,Browne,637,Spain,Female,59.0,10,0.0,1,1.0,1.0,58961.49,1
12551,15738448,Sanford,651,Germany,Female,25.0,9,145215.43,1,1.0,0.0,164040.94,0
12552,15652967,Kosisochukwu,646,France,Male,45.0,10,87541.82,1,1.0,1.0,71183.33,0
12553,15693764,Hsiung,547,France,Male,29.0,1,0.0,2,1.0,0.0,145700.91,0
12554,15658889,Yobachi,704,Spain,Male,38.0,7,0.0,1,1.0,1.0,139946.68,0
12555,15777923,Fiorentini,757,France,Male,58.0,2,0.0,2,1.0,1.0,177528.87,0
12556,15695098,Nwabugwu,628,Germany,Male,33.0,5,113311.01,2,1.0,0.0,142517.99,0
12557,15737571,Brown,739,France,Male,33.0,2,121063.85,1,1.0,0.0,85578.63,0
12558,15650068,O'Sullivan,681,Spain,Male,52.0,4,0.0,1,0.0,0.0,145536.28,1
12559,15596962,Moss,576,France,Male,43.0,1,126872.6,1,1.0,0.0,197266.58,0
12560,15605826,Korovina,635,Germany,Male,34.0,10,121063.49,3,1.0,0.0,151481.86,1
12561,15763065,Palerma,769,Spain,Female,40.0,9,0.0,2,1.0,0.0,199753.97,0
12562,15644832,Udinese,721,Germany,Male,41.0,7,115142.9,1,0.0,0.0,86480.29,1
12563,15585748,K'ung,678,Spain,Male,40.0,8,0.0,2,1.0,0.0,75562.47,0
12564,15592914,T'ien,669,France,Male,34.0,2,0.0,1,1.0,0.0,153980.17,1
12565,15733581,Dickson,726,France,Male,35.0,0,141434.04,1,0.0,1.0,158887.09,0
12566,15792360,Fanucci,686,France,Female,41.0,2,0.0,2,1.0,1.0,62762.99,0
12567,15625941,Chiu,762,France,Female,37.0,1,116969.85,1,1.0,0.0,121405.52,0
12568,15647975,Onyekaozulu,705,Germany,Female,43.0,6,146547.78,3,1.0,0.0,10072.55,1
12569,15671243,Y?,558,France,Female,29.0,9,0.0,1,0.0,1.0,103787.28,1
12570,15803378,Biryukov,575,Germany,Male,44.0,2,109528.16,2,1.0,0.0,55857.48,0
12571,15668893,Lettiere,646,France,Male,28.0,1,0.0,1,1.0,0.0,94544.88,0
12572,15786433,Aitken,650,Germany,Male,35.0,4,165982.43,2,0.0,1.0,24482.16,1
12573,15748854,Sung,698,Germany,Female,27.0,5,91938.31,1,1.0,0.0,143481.85,0
12574,15775131,Ch'ien,557,France,Male,22.0,9,137222.68,1,0.0,1.0,79972.33,0
12575,15757912,Ch'iu,667,France,Male,38.0,4,0.0,2,1.0,1.0,4861.72,0
12576,15565806,Lockington,773,France,Male,54.0,9,0.0,2,0.0,1.0,24267.88,0
12577,15673837,Ko,850,France,Male,30.0,4,0.0,2,1.0,1.0,172001.44,0
12578,15672016,Smith,716,France,Male,24.0,0,0.0,2,1.0,0.0,51752.18,0
12579,15637993,Pokrovsky,649,France,Male,37.0,9,137688.71,1,1.0,1.0,46884.1,0
12580,15756521,Onyekachukwu,648,France,Female,32.0,6,0.0,1,1.0,0.0,149913.99,0
12581,15742532,Echezonachukwu,561,France,Female,29.0,9,0.0,2,1.0,1.0,173870.25,0
12582,15746490,Nwankwo,707,Germany,Female,32.0,8,133486.78,2,1.0,0.0,124592.84,0
12583,15701042,Dalton,712,France,Female,27.0,9,0.0,2,1.0,0.0,170320.58,0
12584,15585855,Gould,577,France,Male,40.0,1,0.0,1,1.0,1.0,16897.19,0
12585,15690182,Kapustin,635,Germany,Male,37.0,7,113488.68,1,0.0,0.0,95611.74,1
12586,15761043,Chu,506,Germany,Male,41.0,10,0.0,2,1.0,1.0,7611.61,0
12587,15672955,Uren,696,France,Female,26.0,2,0.0,2,1.0,1.0,105961.79,0
12588,15571261,Ch'ien,656,Germany,Male,37.0,2,123974.45,1,1.0,0.0,164040.24,0
12589,15626578,Milne,637,France,Male,26.0,9,0.0,2,1.0,1.0,153237.59,0
12590,15653780,Pisani,693,Spain,Male,38.0,9,0.0,2,1.0,0.0,77519.38,0
12591,15599552,L?,664,Germany,Male,31.0,9,150249.71,1,1.0,0.0,170526.65,0
12592,15646921,T'ao,638,Germany,Female,50.0,4,79954.61,2,1.0,0.0,80552.12,0
12593,15783030,H?,559,France,Male,33.0,5,0.0,2,1.0,1.0,142963.29,0
12594,15593555,Ch'en,630,France,Female,52.0,8,155973.13,1,1.0,0.0,139377.24,0
12595,15601873,Feng,610,France,Male,33.0,4,111582.11,1,0.0,0.0,113943.17,0
12596,15733602,Rubin,814,France,Female,72.0,2,0.0,2,0.0,0.0,130853.03,0
12597,15605264,Ch'ang,589,France,Male,52.0,10,142310.76,1,0.0,1.0,152996.85,0
12598,15652401,Iadanza,639,France,Male,40.0,1,99786.2,1,1.0,0.0,86957.42,0
12599,15735439,Milani,756,France,Female,27.0,3,0.0,2,1.0,0.0,38960.59,0
12600,15720929,P'eng,738,France,Female,54.0,2,89838.71,2,1.0,1.0,79259.77,0
12601,15759537,Kambinachi,607,France,Male,44.0,7,0.0,2,1.0,0.0,88890.05,0
12602,15684960,Yegorova,750,France,Male,33.0,6,120549.21,1,0.0,1.0,40893.61,0
12603,15695844,Tretyakova,633,Germany,Female,42.0,5,74483.92,1,1.0,1.0,60582.48,1
12604,15582910,Hsia,713,Germany,Male,32.0,9,156811.74,2,1.0,1.0,141946.92,0
12605,15574071,Onyemauchechukwu,663,France,Male,35.0,5,133628.09,1,1.0,0.0,166677.53,1
12606,15732270,Onwuamaegbu,614,France,Male,26.0,5,0.0,1,1.0,1.0,146821.42,0
12607,15713346,Fanucci,554,Spain,Male,48.0,4,0.0,2,1.0,1.0,193476.04,0
12608,15605034,Ijendu,697,Spain,Female,30.0,2,0.0,2,1.0,1.0,72967.44,0
12609,15807563,Johnston,622,Spain,Male,31.0,10,0.0,2,1.0,1.0,137784.25,0
12610,15613172,Tien,745,France,Female,33.0,9,0.0,2,0.0,0.0,130883.11,0
12611,15654574,Hsiao,667,Spain,Male,38.0,9,121863.61,1,1.0,0.0,71173.64,0
12612,15752404,Smith,683,France,Male,31.0,4,0.0,1,0.0,0.0,162962.99,0
12613,15782456,Murphy,624,France,Female,48.0,3,0.0,2,0.0,0.0,163666.85,1
12614,15582129,Oliver,628,France,Male,44.0,5,0.0,2,1.0,0.0,89609.26,0
12615,15581550,Ngozichukwuka,594,France,Female,47.0,8,0.0,1,1.0,1.0,145338.61,1
12616,15584560,Chin,684,Germany,Male,43.0,1,115414.19,1,1.0,0.0,140889.33,0
12617,15771299,Nnamutaezinwa,715,France,Male,41.0,1,119825.75,1,1.0,1.0,107961.11,0
12618,15681402,Genovesi,721,France,Female,38.0,1,95829.13,1,1.0,1.0,11168.74,0
12619,15673570,Onyemauchechukwu,644,Spain,Female,39.0,5,115796.81,2,1.0,1.0,91667.74,0
12620,15701765,Ogochukwu,681,Spain,Male,38.0,9,99546.25,1,1.0,0.0,162858.29,0
12621,15625151,Humphries,712,France,Female,70.0,9,77919.78,1,0.0,0.0,91556.57,1
12622,15595588,Mazzanti,756,Spain,Male,33.0,10,0.0,2,1.0,1.0,134902.82,0
12623,15623430,Hill,696,Spain,Male,34.0,9,0.0,2,1.0,0.0,161800.77,0
12624,15657306,Kershaw,567,France,Female,25.0,6,0.0,1,0.0,1.0,110900.43,0
12625,15761976,Su,797,Spain,Female,38.0,8,0.0,2,1.0,0.0,117916.63,0
12626,15777616,Hs?,781,France,Female,37.0,7,0.0,2,1.0,0.0,107980.35,0
12627,15663921,Pisani,429,France,Male,60.0,3,0.0,2,0.0,1.0,163691.48,0
12628,15627377,Chibuzo,742,Germany,Female,31.0,6,113657.83,1,1.0,0.0,123309.57,0
12629,15621653,Kesteven,758,Germany,Female,34.0,4,125191.69,2,0.0,0.0,65612.12,0
12630,15579183,Hs?,714,Spain,Male,40.0,6,0.0,2,1.0,1.0,121747.96,0
12631,15649536,T'ang,656,Spain,Male,38.0,0,0.0,2,0.0,0.0,157937.14,0
12632,15579915,Lo,591,Germany,Male,39.0,6,140197.31,2,1.0,0.0,138053.24,0
12633,15783025,Nebeolisa,706,Germany,Male,45.0,9,95556.31,1,1.0,0.0,176450.19,1
12634,15791045,Y?,756,France,Male,27.0,1,0.0,1,0.0,1.0,166650.32,0
12635,15650538,K?,693,France,Female,42.0,2,102645.65,1,0.0,1.0,26017.25,1
12636,15711457,Ch'ien,749,France,Female,42.0,2,85845.43,1,1.0,0.0,102628.98,0
12637,15730345,Miah,617,Spain,Female,39.0,2,104508.1,2,1.0,1.0,147635.33,0
12638,15657317,Bales,472,Spain,Male,33.0,4,102287.05,1,1.0,0.0,63336.78,0
12639,15676909,Hsiung,721,France,Female,33.0,2,0.0,2,1.0,0.0,176921.0,0
12640,15578788,Chidiegwu,684,Germany,Female,42.0,9,108449.23,2,1.0,0.0,129892.93,0
12641,15654574,Yobanna,554,France,Female,39.0,8,0.0,1,1.0,0.0,89566.64,1
12642,15699446,Ni,583,France,Female,40.0,4,55776.39,2,1.0,1.0,26920.43,0
12643,15615896,Hsu,743,France,Female,43.0,9,0.0,2,1.0,1.0,61139.64,0
12644,15793307,Calabresi,710,Spain,Male,42.0,4,142880.28,2,1.0,0.0,185541.2,0
12645,15628893,Ugochukwu,587,France,Male,56.0,1,0.0,2,1.0,0.0,113912.39,1
12646,15777891,Nkemakolam,667,France,Female,37.0,7,156769.36,1,0.0,0.0,161553.94,0
12647,15570194,Macleod,529,France,Female,52.0,3,0.0,1,0.0,0.0,120546.17,1
12648,15594917,Chiang,718,Germany,Female,48.0,6,124445.58,1,1.0,0.0,103737.82,1
12649,15705050,Hsiao,648,Germany,Female,38.0,9,133656.54,1,1.0,0.0,93787.07,0
12650,15648898,H?,694,France,Male,39.0,7,0.0,2,1.0,0.0,129964.94,0
12651,15714993,Nwokike,593,France,Female,37.0,4,0.0,2,0.0,0.0,139435.24,0
12652,15615032,Peng,624,Spain,Male,46.0,4,121669.23,1,1.0,1.0,62825.03,0
12653,15763747,Toscani,707,France,Female,43.0,4,0.0,1,1.0,0.0,138700.75,1
12654,15759915,Rapuokwu,753,France,Female,31.0,6,0.0,2,1.0,0.0,188516.45,0
12655,15794142,Hsieh,627,Germany,Female,37.0,5,123070.89,2,1.0,0.0,176882.08,0
12656,15644297,Hsu,724,France,Female,51.0,2,0.0,1,1.0,1.0,102517.53,1
12657,15690526,Tuan,720,Germany,Male,33.0,8,138306.34,2,0.0,0.0,141031.08,0
12658,15757933,Milano,749,France,Female,37.0,6,0.0,2,1.0,0.0,109098.71,0
12659,15571302,Chukwukadibia,648,Germany,Female,34.0,9,127772.38,1,1.0,1.0,90547.73,0
12660,15769641,Mancini,774,Germany,Male,29.0,2,101168.91,2,1.0,0.0,47318.45,0
12661,15643908,Manna,583,Spain,Male,31.0,6,0.0,2,1.0,0.0,57988.51,0
12662,15626628,Tretiakova,631,Spain,Female,31.0,2,0.0,2,1.0,0.0,127630.88,0
12663,15669516,Nicholson,691,France,Male,35.0,1,0.0,2,1.0,0.0,92811.2,0
12664,15777901,Chibueze,659,Spain,Male,39.0,6,133970.21,1,1.0,1.0,151256.28,0
12665,15743817,Liao,591,France,Male,38.0,0,0.0,2,0.0,1.0,198969.78,0
12666,15737506,Hao,682,Germany,Male,30.0,7,129440.3,2,1.0,1.0,177737.09,0
12667,15729771,Smith,691,France,Female,44.0,2,0.0,2,1.0,0.0,85547.33,0
12668,15783526,H?,653,France,Female,51.0,2,0.0,1,1.0,0.0,88827.67,1
12669,15746127,P'eng,579,France,Male,38.0,5,0.0,1,0.0,0.0,147055.87,1
12670,15577905,White,509,France,Male,40.0,9,100169.67,2,1.0,1.0,158948.34,0
12671,15574761,McGregor,710,France,Female,48.0,5,0.0,2,1.0,0.0,122021.9,1
12672,15778418,Eluemuno,721,Germany,Male,35.0,3,122924.55,2,1.0,0.0,64869.33,0
12673,15732658,Uspenskaya,659,France,Female,38.0,2,0.0,2,0.0,1.0,173516.71,0
12674,15758769,Ebelegbulam,678,France,Male,32.0,1,0.0,1,1.0,1.0,57553.98,0
12675,15682944,Ritchie,596,France,Male,33.0,10,143350.11,1,1.0,1.0,133679.01,0
12676,15609637,Pinto,635,Spain,Female,31.0,8,0.0,2,1.0,0.0,19842.92,0
12677,15593499,Onyemauchechukwu,633,Spain,Female,54.0,2,0.0,1,1.0,0.0,131312.39,1
12678,15604832,Shih,724,Spain,Male,41.0,3,0.0,2,0.0,1.0,61164.9,0
12679,15715643,Frolov,714,Spain,Female,22.0,0,0.0,1,1.0,0.0,60952.62,1
12680,15680752,Tien,608,France,Female,36.0,2,0.0,1,1.0,1.0,143859.66,0
12681,15588580,Hsu,714,Spain,Male,39.0,10,0.0,2,0.0,0.0,128882.7,1
12682,15790630,Olisaemeka,619,France,Male,48.0,4,0.0,2,1.0,0.0,18094.96,0
12683,15768367,Onyenachiya,509,France,Female,39.0,2,132876.23,1,0.0,1.0,97938.59,0
12684,15740175,Burt,684,France,Female,27.0,5,0.0,2,1.0,0.0,103517.49,0
12685,15766066,Yobachi,639,France,Female,39.0,9,0.0,2,0.0,1.0,185599.7,0
12686,15793331,Okwudiliolisa,695,France,Female,39.0,1,0.0,2,1.0,1.0,159800.16,0
12687,15623649,White,516,France,Female,50.0,4,0.0,2,1.0,0.0,79919.97,1
12688,15600710,T'ien,535,France,Male,29.0,4,0.0,1,1.0,0.0,61450.97,1
12689,15596710,Manna,656,Spain,Male,26.0,8,0.0,2,0.0,0.0,166784.92,0
12690,15631217,Hsieh,815,Germany,Female,60.0,5,142929.16,1,1.0,1.0,105887.04,1
12691,15591552,Ts'ui,697,Germany,Female,40.0,5,131287.68,2,1.0,0.0,59374.82,0
12692,15658240,Parry,628,France,Female,44.0,9,135814.7,2,0.0,0.0,115091.38,0
12693,15598782,Pinto,755,Germany,Female,30.0,6,154221.37,2,1.0,0.0,62688.55,0
12694,15672796,McIntyre,595,Germany,Male,46.0,2,117738.76,2,1.0,0.0,143301.58,1
12695,15618401,Nkemakonam,715,France,Male,37.0,9,0.0,2,1.0,1.0,143614.01,0
12696,15697574,Stewart,705,France,Female,35.0,9,0.0,2,0.0,0.0,65682.93,0
12697,15691817,Maclean,616,France,Female,36.0,7,0.0,2,1.0,1.0,94790.34,0
12698,15655410,Akhtar,733,France,Male,29.0,7,142582.28,1,1.0,0.0,132054.34,0
12699,15730448,Lucchesi,707,Germany,Male,36.0,1,148074.13,2,1.0,0.0,67531.16,0
12700,15678916,Okoli,655,France,Female,30.0,2,0.0,1,1.0,0.0,69569.64,1
12701,15734659,Hirst,545,Germany,Female,44.0,6,103421.45,1,1.0,0.0,67789.99,1
12702,15763415,Padovano,724,Spain,Male,34.0,6,0.0,2,1.0,1.0,44406.17,0
12703,15618562,Fan,523,Spain,Male,37.0,8,0.0,1,1.0,0.0,79323.61,0
12704,15576717,Boulger,581,France,Male,36.0,8,0.0,2,1.0,1.0,182372.24,0
12705,15584897,Yefimova,590,France,Female,37.0,9,0.0,2,1.0,0.0,137980.58,0
12706,15753639,Gibson,521,Germany,Male,37.0,2,146093.39,1,1.0,0.0,160593.41,0
12707,15798256,Fiorentini,644,Spain,Male,51.0,5,0.0,1,0.0,1.0,78700.03,0
12708,15757628,Savage,631,France,Male,40.0,10,112896.86,1,1.0,1.0,121402.53,0
12709,15773868,Ts'ai,650,France,Male,39.0,1,0.0,2,0.0,0.0,122925.4,0
12710,15665088,Gordon,531,France,Male,42.0,2,0.0,2,0.0,1.0,90537.47,0
12711,15574878,Hsiung,543,France,Male,28.0,2,0.0,2,1.0,0.0,124872.54,0
12712,15760849,Gratton,705,France,Female,45.0,7,0.0,3,1.0,0.0,131924.38,1
12713,15642579,Chang,731,France,Female,37.0,1,128932.4,1,1.0,0.0,180712.52,1
12714,15803841,Palermo,693,France,Female,31.0,3,0.0,2,1.0,1.0,167830.87,0
12715,15702377,Knorr,627,Spain,Male,48.0,1,132759.8,1,0.0,0.0,78899.22,0
12716,15588515,Molineux,738,France,Female,40.0,6,118392.45,1,1.0,1.0,66588.57,0
12717,15733883,Mack,531,Spain,Female,31.0,5,127343.4,1,1.0,0.0,60906.12,0
12718,15765457,Cross,614,Spain,Male,47.0,3,0.0,2,1.0,1.0,178822.32,0
12719,15587562,Hsueh,535,France,Male,31.0,4,0.0,1,1.0,1.0,122433.09,0
12720,15804787,Yefremova,628,France,Female,47.0,6,87202.38,1,0.0,0.0,75762.0,1
12721,15658364,Lu,686,France,Female,38.0,4,0.0,2,1.0,0.0,187987.01,0
12722,15662571,Clements,682,France,Male,35.0,8,0.0,2,1.0,0.0,170483.9,0
12723,15695174,Chang,679,France,Female,29.0,8,132954.64,2,1.0,1.0,146715.07,0
12724,15753837,O'Donnell,639,France,Male,37.0,9,0.0,2,1.0,1.0,51549.74,0
12725,15748069,Tien,497,France,Male,28.0,5,0.0,2,0.0,0.0,169963.2,0
12726,15662494,Hs?,611,France,Male,30.0,2,0.0,2,0.0,1.0,181270.84,0
12727,15593907,Elizabeth,573,Spain,Male,46.0,8,159863.9,2,0.0,1.0,154279.87,0
12728,15763877,Gentry,639,France,Male,42.0,4,0.0,2,1.0,1.0,171922.93,0
12729,15759915,Ifeatu,765,France,Female,60.0,1,124532.78,1,0.0,1.0,185210.63,1
12730,15750155,Brown,636,Germany,Female,36.0,2,140889.17,2,1.0,1.0,179761.36,0
12731,15780677,Tien,719,Spain,Male,30.0,9,0.0,1,0.0,0.0,183617.09,0
12732,15591130,Kao,573,France,Female,37.0,6,0.0,2,1.0,1.0,125553.96,0
12733,15658813,Hsia,661,Germany,Male,38.0,1,121442.4,1,1.0,1.0,50368.63,0
12734,15584580,Zaytseva,648,France,Male,71.0,3,0.0,1,0.0,1.0,86587.37,0
12735,15726250,Hsia,602,France,Female,29.0,3,0.0,2,1.0,1.0,22614.19,0
12736,15805303,Olisanugo,661,France,Male,33.0,1,141136.79,1,0.0,1.0,189742.78,0
12737,15776596,Fiorentini,459,France,Female,29.0,7,0.0,1,1.0,1.0,151375.75,0
12738,15573319,Piazza,735,Germany,Male,54.0,7,129848.57,1,1.0,0.0,99812.16,1
12739,15602405,Otitodilinna,778,France,Female,38.0,7,0.0,2,1.0,0.0,192013.23,0
12740,15589312,Okonkwo,585,France,Female,49.0,9,0.0,1,1.0,0.0,124592.84,1
12741,15602811,Chidiebele,651,Germany,Male,43.0,9,124551.29,1,0.0,0.0,131407.07,1
12742,15784042,Pisano,584,France,Male,39.0,8,141827.04,1,1.0,0.0,97629.12,0
12743,15762748,Ts'ao,586,France,Female,34.0,0,127842.18,1,1.0,1.0,158610.79,0
12744,15791268,Mann,478,Germany,Male,43.0,4,127649.64,4,1.0,0.0,177378.66,1
12745,15776925,Kenechukwu,633,France,Female,38.0,9,0.0,2,0.0,0.0,45418.12,0
12746,15641466,Lo Duca,683,France,Male,56.0,6,129824.59,2,0.0,1.0,182336.22,1
12747,15658813,Howard,689,Germany,Female,48.0,5,129965.18,1,0.0,0.0,10070.4,1
12748,15654025,T'an,579,France,Female,39.0,9,90957.81,1,1.0,1.0,132973.18,0
12749,15674583,K'ung,637,Spain,Male,35.0,4,0.0,2,1.0,0.0,82436.47,0
12750,15570271,Lu,693,France,Male,31.0,4,0.0,2,1.0,0.0,122580.48,0
12751,15645271,Tsao,572,France,Female,32.0,4,0.0,2,0.0,0.0,7921.27,0
12752,15803685,Ch'ang,850,Germany,Female,46.0,5,121898.52,1,0.0,0.0,131804.64,1
12753,15604020,Palerma,723,Spain,Male,40.0,5,0.0,1,1.0,1.0,54394.38,1
12754,15670029,Hsueh,715,Spain,Male,24.0,8,0.0,2,1.0,1.0,121084.27,0
12755,15766172,Kang,699,Germany,Male,34.0,5,125845.66,2,1.0,0.0,10137.34,0
12756,15571586,T'ien,651,France,Male,31.0,10,0.0,1,1.0,1.0,115818.51,0
12757,15623210,Yermolayeva,577,Spain,Female,28.0,8,0.0,2,1.0,0.0,104982.72,0
12758,15779620,Ts'ui,662,France,Female,34.0,9,0.0,3,1.0,1.0,176925.69,1
12759,15772073,Hargreaves,664,France,Male,38.0,7,129728.6,1,1.0,0.0,140173.17,0
12760,15573045,Ni,722,France,Female,38.0,2,109387.9,2,1.0,0.0,74838.64,1
12761,15801658,Summers,575,France,Male,55.0,9,104305.74,3,1.0,1.0,175750.21,1
12762,15779906,Kao,684,Germany,Male,36.0,1,81260.06,2,1.0,1.0,46729.46,0
12763,15609817,Manna,692,Spain,Female,38.0,2,97728.73,1,1.0,1.0,74800.88,0
12764,15645103,Su,612,Germany,Male,49.0,2,88915.85,1,1.0,0.0,49133.45,1
12765,15570078,Kisch,526,France,Male,39.0,2,120599.06,1,1.0,1.0,117413.15,0
12766,15680046,Onochie,715,France,Male,37.0,3,0.0,2,0.0,0.0,55207.41,0
12767,15667934,Chibueze,679,Germany,Male,35.0,4,116546.59,1,1.0,1.0,174434.06,1
12768,15589435,Hao,749,France,Female,50.0,5,0.0,2,0.0,1.0,193008.52,0
12769,15749557,Chu,586,France,Female,31.0,7,100768.53,1,0.0,0.0,138700.94,0
12770,15796218,Ewing,658,France,Male,57.0,2,57098.96,1,1.0,1.0,133501.94,0
12771,15735388,Piazza,662,Spain,Female,37.0,4,0.0,2,1.0,0.0,57553.62,0
12772,15747534,Torkelson,595,France,Male,46.0,10,0.0,2,1.0,0.0,73489.15,0
12773,15754177,Bazarova,712,Spain,Male,28.0,2,0.0,2,0.0,1.0,26542.17,0
12774,15779733,Shcherbakov,507,France,Female,31.0,7,0.0,2,1.0,0.0,137794.27,0
12775,15581280,Chiazagomekpere,673,France,Male,37.0,9,121205.13,2,1.0,0.0,54417.84,0
12776,15799652,Fanucci,521,Spain,Male,42.0,6,157624.93,1,1.0,0.0,1843.24,0
12777,15776936,Liao,679,France,Male,37.0,1,133656.95,1,0.0,0.0,158853.98,0
12778,15706799,Chiang,676,Germany,Female,60.0,3,127616.56,1,1.0,0.0,141706.43,1
12779,15723307,Obiajulu,730,Germany,Female,44.0,8,106870.12,1,1.0,1.0,137903.54,0
12780,15693582,Eluemuno,577,Germany,Female,29.0,8,116870.58,1,1.0,1.0,94487.86,0
12781,15726774,Iweobiegbunam,753,France,Male,36.0,4,0.0,2,0.0,0.0,82820.85,0
12782,15631681,Milano,661,France,Female,31.0,2,0.0,2,1.0,1.0,1643.11,0
12783,15593969,Brown,596,France,Female,44.0,1,0.0,1,1.0,0.0,149991.03,0
12784,15664881,Norton,543,Spain,Male,26.0,7,0.0,2,1.0,1.0,144849.1,0
12785,15591289,Ch'iu,558,Germany,Male,50.0,8,122318.14,1,0.0,0.0,187985.49,1
12786,15654562,L?,663,Germany,Female,50.0,7,118342.82,1,1.0,0.0,152871.02,1
12787,15704498,Lettiere,573,Spain,Female,40.0,6,161376.47,1,1.0,0.0,164085.48,0
12788,15812198,Biryukov,601,France,Male,39.0,6,125851.93,1,1.0,0.0,141069.88,0
12789,15768124,Chidimma,534,Germany,Male,34.0,0,106901.94,1,1.0,0.0,137916.49,0
12790,15692226,Mancini,691,France,Male,36.0,7,0.0,2,1.0,0.0,151823.9,0
12791,15594862,Okwukwe,683,Spain,Female,40.0,6,0.0,2,1.0,1.0,94738.54,0
12792,15744127,Macdonald,686,Spain,Female,40.0,0,0.0,1,1.0,1.0,134871.99,1
12793,15610711,Eluemuno,757,Germany,Male,59.0,3,187013.13,1,1.0,0.0,73686.75,1
12794,15657770,Mamelu,711,France,Female,63.0,3,153366.7,2,1.0,1.0,164864.64,1
12795,15589204,Zikoranaudodimma,594,Germany,Male,42.0,2,145580.61,1,1.0,0.0,14073.11,0
12796,15692226,Hsing,607,Germany,Female,39.0,4,133501.66,1,1.0,1.0,79577.3,1
12797,15617482,Ritchie,596,France,Male,36.0,6,0.0,2,1.0,1.0,162860.29,0
12798,15785899,Mazzanti,640,France,Male,33.0,9,0.0,1,1.0,1.0,187632.22,0
12799,15710687,Eluemuno,706,France,Female,35.0,5,0.0,2,1.0,1.0,44965.9,0
12800,15742534,Ch'iu,628,Germany,Female,34.0,9,122549.64,1,1.0,1.0,152872.39,0
12801,15566790,Yudin,508,France,Female,46.0,10,95858.39,2,1.0,1.0,152883.53,0
12802,15760090,Hsiung,707,France,Female,33.0,8,118889.66,1,0.0,0.0,158973.28,0
12803,15761763,Y?an,719,Spain,Female,39.0,8,0.0,1,1.0,0.0,83478.12,0
12804,15690670,L?,593,Spain,Female,34.0,0,0.0,2,1.0,0.0,131283.6,0
12805,15628992,Mazzanti,478,Spain,Male,40.0,9,118577.24,1,1.0,0.0,117031.2,1
12806,15618950,Lo Duca,644,Spain,Male,44.0,8,96659.64,1,1.0,0.0,138775.69,1
12807,15664270,Tsao,571,Germany,Male,41.0,4,71026.77,2,0.0,0.0,78780.86,0
12808,15777958,Maclean,466,France,Female,43.0,1,0.0,2,1.0,1.0,38960.59,0
12809,15780128,Fanucci,640,France,Male,54.0,8,110240.04,1,1.0,0.0,49722.34,0
12810,15705739,Toscani,676,France,Female,32.0,1,141356.47,1,0.0,1.0,137985.69,1
12811,15640454,Parkhill,637,Spain,Male,35.0,0,120711.73,1,1.0,1.0,30772.86,0
12812,15583576,Tai,671,France,Male,30.0,2,0.0,1,1.0,1.0,102057.86,0
12813,15715184,Smith,553,France,Male,42.0,7,0.0,2,1.0,1.0,88898.68,0
12814,15754599,Chukwualuka,641,France,Male,43.0,2,0.0,1,1.0,1.0,43821.56,1
12815,15799720,Smith,669,France,Female,34.0,1,131060.04,1,1.0,0.0,74870.67,0
12816,15636592,Baresi,681,France,Male,33.0,1,0.0,2,1.0,1.0,162087.82,0
12817,15738088,Zikoranachidimma,741,Spain,Male,31.0,7,0.0,2,1.0,1.0,71139.38,0
12818,15683027,Chang,570,Germany,Male,29.0,4,122028.65,1,1.0,1.0,173792.77,0
12819,15702601,Toscani,710,France,Female,43.0,1,0.0,2,1.0,1.0,102640.51,0
12820,15623787,T'ien,748,France,Male,37.0,2,0.0,1,1.0,1.0,131768.66,0
12821,15625716,Genovesi,634,France,Female,33.0,9,113913.53,1,1.0,0.0,65316.5,0
12822,15640034,Hsia,717,France,Female,38.0,6,0.0,1,1.0,1.0,86099.27,0
12823,15657449,Chukwuma,696,Germany,Male,26.0,3,136202.78,1,1.0,0.0,176743.51,0
12824,15677377,Lawrence,543,Spain,Male,37.0,3,0.0,2,1.0,0.0,78915.68,0
12825,15811978,Lucchese,646,France,Male,32.0,6,0.0,2,1.0,1.0,138700.72,0
12826,15572390,H?,775,Spain,Male,32.0,7,0.0,2,1.0,0.0,72924.56,0
12827,15613282,Akeroyd,731,France,Female,30.0,0,0.0,2,1.0,0.0,162858.28,0
12828,15739248,Golubeva,619,Germany,Female,44.0,8,112755.34,2,1.0,0.0,102195.16,0
12829,15803982,Onwuemelie,544,Germany,Male,36.0,6,136623.26,2,1.0,0.0,71416.16,0
12830,15793856,Gadsdon,602,Spain,Female,42.0,9,81272.13,3,1.0,1.0,186826.22,1
12831,15692226,Onwumelu,774,France,Female,29.0,9,142997.46,1,1.0,1.0,84133.48,0
12832,15699389,Genovesi,586,Spain,Male,37.0,7,0.0,2,1.0,1.0,138351.68,0
12833,15613734,Bellucci,640,France,Male,33.0,6,84719.13,2,1.0,1.0,113048.79,0
12834,15565996,Chiazagomekpere,594,Germany,Female,43.0,9,106936.97,1,1.0,0.0,116652.11,1
12835,15691624,Chigolum,733,Germany,Male,27.0,9,111369.79,2,1.0,1.0,91947.74,0
12836,15770147,Genovesi,686,France,Female,32.0,1,0.0,2,1.0,1.0,175068.2,0
12837,15602731,Mazzanti,641,France,Male,38.0,8,0.0,2,0.0,0.0,151843.08,0
12838,15762605,Wall,648,France,Male,58.0,1,104796.54,1,1.0,1.0,154181.41,0
12839,15571656,Mironova,607,France,Female,35.0,7,0.0,1,0.0,0.0,132768.96,1
12840,15749669,Chinedum,678,France,Male,67.0,0,0.0,2,0.0,1.0,103480.69,0
12841,15635776,Chiemezie,523,France,Male,33.0,1,0.0,2,1.0,1.0,131738.98,0
12842,15807593,Manna,683,France,Male,36.0,4,0.0,2,0.0,0.0,4798.12,0
12843,15585192,Chukwufumnanya,584,France,Male,41.0,4,0.0,2,1.0,0.0,40257.87,0
12844,15743817,Pirozzi,559,Germany,Male,33.0,5,124233.24,1,1.0,0.0,152418.66,0
12845,15786905,Lu,559,Spain,Female,60.0,5,0.0,1,1.0,1.0,58854.79,0
12846,15726103,Tsou,689,Germany,Female,55.0,2,76296.81,1,0.0,1.0,42364.75,0
12847,15612184,P'an,729,France,Female,42.0,4,0.0,2,1.0,0.0,131804.86,0
12848,15668575,Ibezimako,696,France,Male,21.0,10,0.0,2,1.0,1.0,51672.08,0
12849,15667460,Nwokike,642,France,Male,42.0,6,0.0,2,1.0,1.0,158886.56,0
12850,15791947,Milani,674,France,Male,32.0,8,0.0,2,0.0,1.0,49374.57,0
12851,15768495,Shih,551,Spain,Male,40.0,6,87541.05,2,1.0,0.0,85890.15,0
12852,15691703,Ball,777,France,Male,36.0,6,99685.06,2,0.0,0.0,145558.42,0
12853,15696900,Chukwumaobim,656,Spain,Male,37.0,7,123697.57,1,1.0,1.0,145537.71,0
12854,15626806,Udegbulam,742,France,Male,31.0,7,104568.41,2,1.0,1.0,67364.42,0
12855,15762331,Y?an,796,Germany,Female,43.0,1,110928.51,1,1.0,0.0,193008.52,1
12856,15739803,Lucciano,775,Spain,Female,34.0,6,0.0,1,1.0,0.0,127569.8,0
12857,15706764,Spencer,705,France,Female,35.0,1,0.0,2,1.0,0.0,3701.63,0
12858,15769957,Pinto,748,Spain,Female,32.0,4,0.0,1,0.0,1.0,122662.98,0
12859,15585955,Onyemachukwu,686,France,Male,32.0,4,0.0,2,0.0,0.0,187734.94,0
12860,15723604,Tien,712,France,Male,42.0,5,0.0,2,1.0,1.0,82969.69,0
12861,15768476,Obidimkpa,682,Spain,Male,30.0,6,0.0,2,0.0,1.0,199293.06,0
12862,15739357,Pinto,755,France,Male,28.0,2,155973.13,1,0.0,1.0,180121.22,0
12863,15673539,Chiu,706,France,Female,49.0,5,0.0,2,0.0,1.0,9241.44,0
12864,15729975,Chidozie,616,Spain,Female,63.0,8,161628.66,1,1.0,1.0,146366.08,0
12865,15792275,Tsou,633,Spain,Female,63.0,5,0.0,1,1.0,0.0,26149.06,1
12866,15750243,Campbell,738,France,Male,34.0,8,0.0,2,1.0,1.0,123437.05,0
12867,15773798,Omeokachie,540,Spain,Male,44.0,4,0.0,1,1.0,0.0,102748.0,1
12868,15670039,Y?,627,Spain,Male,25.0,2,0.0,1,1.0,0.0,106920.57,0
12869,15807269,Nnanna,599,France,Female,40.0,9,0.0,2,1.0,1.0,183572.44,0
12870,15640491,Shih,651,Germany,Female,49.0,1,141074.59,1,1.0,0.0,149853.89,1
12871,15677538,Nwokike,721,France,Female,38.0,7,0.0,1,1.0,1.0,108469.2,0
12872,15758031,Shao,635,France,Male,34.0,1,0.0,2,0.0,1.0,161450.17,0
12873,15592581,Genovesi,718,Spain,Male,38.0,8,0.0,2,1.0,0.0,125870.92,0
12874,15795990,Ts'ai,642,France,Female,39.0,8,0.0,1,1.0,0.0,139994.68,1
12875,15783883,Lori,733,France,Male,35.0,5,0.0,2,0.0,1.0,12761.16,0
12876,15601116,Hsing,581,Germany,Male,51.0,6,136835.53,1,1.0,0.0,166535.96,1
12877,15671410,Hsieh,684,France,Female,33.0,2,0.0,2,1.0,1.0,152996.64,0
12878,15655952,Li,628,France,Male,28.0,4,0.0,2,1.0,1.0,159418.1,0
12879,15764405,Chiu,622,Germany,Female,40.0,2,109044.29,2,1.0,0.0,116522.01,0
12880,15668886,K?,615,France,Female,41.0,3,0.0,3,1.0,0.0,103656.97,1
12881,15581388,Hs?,619,France,Male,47.0,2,0.0,2,1.0,0.0,145593.85,0
12882,15751177,Yeh,685,Spain,Male,31.0,3,0.0,2,1.0,1.0,121537.06,0
12883,15790717,Shih,711,France,Female,37.0,8,112701.04,1,0.0,1.0,151822.66,0
12884,15648067,Yobachukwu,695,France,Male,38.0,0,0.0,2,0.0,1.0,156774.75,0
12885,15668830,Fyodorov,744,Germany,Male,42.0,6,108585.16,2,0.0,1.0,156594.79,0
12886,15594897,Brown,699,France,Female,27.0,8,0.0,2,1.0,0.0,84902.72,0
12887,15769959,Chibugo,553,France,Female,33.0,2,104982.57,1,1.0,1.0,121568.37,0
12888,15611191,Hao,749,Germany,Male,44.0,4,121428.04,2,1.0,1.0,52404.01,0
12889,15588560,Lo Duca,537,France,Female,42.0,4,0.0,2,0.0,0.0,133535.57,0
12890,15670562,Baresi,588,France,Female,33.0,8,0.0,2,0.0,0.0,198490.48,0
12891,15731519,Mazzanti,710,France,Female,59.0,9,0.0,2,1.0,1.0,181718.76,0
12892,15735439,P'an,449,Spain,Female,31.0,5,113693.0,2,0.0,0.0,82796.29,0
12893,15734312,Okechukwu,624,France,Male,24.0,1,137714.08,1,0.0,0.0,171757.66,0
12894,15705001,H?,629,France,Male,25.0,7,0.0,2,1.0,1.0,176712.08,0
12895,15661473,Boni,780,France,Male,38.0,4,0.0,1,1.0,0.0,195259.31,0
12896,15790729,Nnamutaezinwa,554,France,Male,49.0,8,0.0,1,0.0,1.0,164128.41,1
12897,15714610,Alexeeva,575,Spain,Male,39.0,2,0.0,1,1.0,0.0,82222.86,1
12898,15595228,Ts'ai,759,France,Male,40.0,7,0.0,2,1.0,1.0,52885.23,0
12899,15748995,Ifeajuna,691,Spain,Male,40.0,9,0.0,2,0.0,1.0,10963.04,0
12900,15806983,Bergamaschi,754,France,Male,41.0,7,0.0,2,0.0,1.0,85547.33,0
12901,15792650,Eluemuno,611,France,Male,30.0,7,0.0,2,1.0,1.0,145558.2,0
12902,15691708,Lucchesi,651,Spain,Male,41.0,8,0.0,1,0.0,0.0,100940.91,1
12903,15657529,Yeh,686,France,Female,32.0,5,0.0,2,1.0,0.0,162511.19,0
12904,15672640,Kambinachi,850,Spain,Male,45.0,9,114347.85,2,1.0,1.0,109089.04,0
12905,15672082,Schatz,562,France,Male,62.0,8,0.0,2,1.0,0.0,105986.01,0
12906,15647975,Koo,678,Germany,Male,43.0,7,91246.53,1,0.0,1.0,167984.72,0
12907,15576077,Kelly,610,Germany,Female,28.0,9,159561.93,2,1.0,0.0,103381.47,0
12908,15634218,O'Loghlin,739,Germany,Female,30.0,8,99097.33,2,1.0,1.0,86619.77,0
12909,15632437,Milne,557,France,Male,30.0,3,0.0,1,1.0,1.0,149188.5,0
12910,15803801,Lucchesi,622,Germany,Female,52.0,2,93590.47,1,0.0,1.0,116893.87,1
12911,15674720,Hs?,579,France,Female,26.0,3,0.0,2,1.0,1.0,149558.94,0
12912,15722404,Ts'ui,733,Spain,Female,36.0,2,0.0,2,1.0,1.0,121537.91,0
12913,15583067,Kudryashova,704,France,Female,38.0,6,0.0,1,0.0,1.0,93767.39,0
12914,15799785,Kao,786,Spain,Female,31.0,1,0.0,2,1.0,1.0,176913.87,0
12915,15674929,Ch'ien,589,Germany,Male,44.0,5,92526.15,2,1.0,0.0,136902.01,0
12916,15638329,Uspensky,603,France,Male,37.0,6,98848.19,1,1.0,1.0,28257.89,0
12917,15578374,Uvarova,690,France,Male,28.0,10,0.0,2,0.0,1.0,145986.28,0
12918,15686963,Tsao,643,Germany,Female,23.0,1,125919.35,1,1.0,0.0,101240.08,0
12919,15687634,Uspensky,728,Germany,Male,29.0,10,114774.55,2,1.0,0.0,27468.13,0
12920,15716781,T'ang,585,France,Male,28.0,3,0.0,2,0.0,0.0,45985.52,0
12921,15754577,T'ao,584,France,Male,37.0,2,165413.43,1,0.0,0.0,161241.65,0
12922,15785078,Shao,705,Spain,Male,35.0,2,130588.82,1,1.0,1.0,65313.52,0
12923,15791279,Ts'ao,446,France,Male,31.0,6,106648.98,1,1.0,1.0,26106.93,0
12924,15627212,Smith,667,France,Male,36.0,2,0.0,2,1.0,0.0,48984.95,1
12925,15690796,Skelton,646,France,Male,47.0,7,113599.74,1,1.0,0.0,12238.37,1
12926,15634936,Chukwukadibia,735,Spain,Male,45.0,7,179904.0,1,0.0,1.0,137180.95,0
12927,15687551,Maclean,569,Spain,Female,58.0,8,0.0,1,1.0,1.0,117632.6,0
12928,15579647,Oluchukwu,682,France,Male,35.0,3,0.0,2,1.0,1.0,160828.98,0
12929,15704053,T'ang,710,Spain,Male,62.0,6,131078.42,1,1.0,1.0,119348.76,0
12930,15589544,Wallis,673,Spain,Female,57.0,3,0.0,2,1.0,1.0,49684.09,0
12931,15806486,Cattaneo,667,Germany,Male,36.0,4,108508.76,1,1.0,1.0,125870.89,0
12932,15610903,Chukwudi,560,Spain,Male,33.0,5,125341.69,2,1.0,0.0,79547.39,0
12933,15592994,Kao,714,Spain,Male,22.0,1,0.0,2,1.0,1.0,161450.31,0
12934,15711352,Hsu,751,Germany,Male,20.0,7,96947.14,2,0.0,0.0,141533.19,0
12935,15641389,Bezrukova,696,France,Female,43.0,4,0.0,2,1.0,0.0,132097.95,0
12936,15704770,Yuryeva,686,France,Female,30.0,7,0.0,2,1.0,1.0,153917.41,0
12937,15761149,Wright,733,France,Male,44.0,1,96340.81,1,1.0,1.0,64375.4,0
12938,15722061,Nwachinemelu,681,Spain,Female,29.0,7,0.0,2,1.0,0.0,111241.19,0
12939,15665088,Trevisano,711,France,Male,37.0,2,0.0,2,1.0,0.0,126812.63,0
12940,15662533,Porter,598,Spain,Female,23.0,6,0.0,2,0.0,0.0,153229.19,0
12941,15603554,Ndubueze,588,France,Male,37.0,8,0.0,2,1.0,1.0,174825.57,0
12942,15794468,Tsou,641,France,Female,39.0,6,0.0,2,0.0,0.0,121138.77,0
12943,15641480,Hs?eh,713,Spain,Male,37.0,1,0.0,2,1.0,1.0,62222.96,0
12944,15618243,P'eng,813,France,Female,71.0,2,0.0,2,1.0,1.0,95577.42,0
12945,15756670,Kao,662,Spain,Male,34.0,2,0.0,1,1.0,1.0,73922.95,0
12946,15799156,Okwuadigbo,569,France,Male,38.0,1,142120.91,1,1.0,0.0,79618.79,0
12947,15609977,Onyemauchechukwu,691,France,Male,31.0,2,0.0,2,1.0,1.0,159891.94,0
12948,15793954,Goliwe,667,France,Male,29.0,8,0.0,2,1.0,0.0,133040.51,0
12949,15627995,Omeokachie,684,France,Female,53.0,7,0.0,1,0.0,0.0,158887.09,1
12950,15665534,Ch'ang,647,Germany,Male,41.0,4,121233.38,1,1.0,0.0,53954.21,1
12951,15774402,Donaldson,562,Spain,Female,36.0,8,0.0,1,1.0,1.0,182843.24,0
12952,15786850,Ch'ang,773,France,Male,35.0,1,94498.81,1,1.0,0.0,93944.1,0
12953,15778947,Pagnotto,641,France,Male,43.0,8,132412.56,1,1.0,0.0,127033.07,0
12954,15749345,T'ao,743,Spain,Female,26.0,7,0.0,2,1.0,1.0,151421.64,0
12955,15701333,Blackburn,646,France,Female,41.0,3,0.0,2,1.0,0.0,98178.57,0
12956,15794137,Nevzorova,751,Germany,Female,37.0,2,141535.52,1,1.0,1.0,109309.29,0
12957,15659149,Lu,704,Spain,Male,39.0,2,0.0,2,1.0,1.0,86977.8,0
12958,15681075,Chukwualuka,682,Spain,Female,58.0,2,0.0,1,1.0,1.0,706.5,0
12959,15772777,Chiu,638,Germany,Female,46.0,1,105701.91,1,1.0,1.0,146411.6,1
12960,15599329,Christopher,628,France,Female,49.0,7,195238.29,1,1.0,1.0,131083.56,0
12961,15805764,Onyemachukwu,757,France,Male,59.0,10,119540.15,1,1.0,1.0,142516.35,0
12962,15652884,Chibuzo,758,Germany,Female,38.0,5,138515.72,2,1.0,0.0,86413.51,0
12963,15623357,Onio,683,Germany,Male,24.0,2,120596.93,1,0.0,1.0,180490.53,0
12964,15595036,Tien,727,France,Male,37.0,6,0.0,2,1.0,0.0,71154.1,0
12965,15774250,Reilly,585,Germany,Male,40.0,1,109342.82,2,1.0,1.0,86044.98,0
12966,15709991,Hsieh,635,France,Male,36.0,1,0.0,1,0.0,0.0,127587.22,0
12967,15645571,Chimezie,581,France,Male,35.0,5,121205.15,2,1.0,1.0,98463.99,0
12968,15798872,Macrossan,571,Germany,Female,37.0,10,110942.75,1,0.0,0.0,135078.47,1
12969,15788151,Titheradge,699,Spain,Female,42.0,9,0.0,2,1.0,0.0,79042.66,0
12970,15747000,Ch'en,711,Germany,Male,42.0,3,118201.41,1,1.0,0.0,173498.45,1
12971,15808189,T'ang,659,France,Male,32.0,2,139837.58,1,1.0,1.0,79997.34,0
12972,15671514,Sinclair,607,France,Female,33.0,8,0.0,2,1.0,0.0,128538.05,0
12973,15604072,Hsieh,583,Germany,Female,35.0,1,165536.4,2,1.0,1.0,51553.53,0
12974,15768201,Paterson,850,France,Male,35.0,2,148586.64,2,1.0,1.0,156791.36,0
12975,15751137,Ch'eng,757,France,Male,37.0,7,0.0,2,1.0,0.0,1528.7,0
12976,15696637,Ch'ien,757,France,Male,23.0,7,0.0,2,1.0,0.0,17163.75,0
12977,15738751,Riddle,641,France,Female,31.0,1,0.0,2,1.0,1.0,131300.65,0
12978,15753847,Kuo,716,France,Female,24.0,1,143501.73,1,1.0,1.0,138526.96,0
12979,15709941,Nwabugwu,834,Spain,Male,37.0,8,0.0,1,0.0,0.0,97794.63,0
12980,15771417,Hsia,590,France,Male,59.0,2,0.0,1,1.0,0.0,151316.37,1
12981,15640865,Chibuzo,624,Germany,Male,46.0,6,119787.76,1,0.0,0.0,29995.83,1
12982,15791321,Nwora,682,Spain,Female,28.0,4,0.0,1,1.0,0.0,176036.01,0
12983,15782929,Maclean,719,Spain,Male,42.0,7,0.0,2,1.0,1.0,161244.65,0
12984,15618750,P'eng,611,France,Female,44.0,9,0.0,2,1.0,0.0,88890.05,0
12985,15593976,Maclean,652,France,Male,34.0,3,157842.08,1,1.0,1.0,127528.82,0
12986,15682421,O'Sullivan,706,France,Female,35.0,3,0.0,2,1.0,1.0,176730.31,0
12987,15614827,Sun,627,France,Male,42.0,8,104430.08,1,1.0,1.0,147557.71,0
12988,15765258,Ch'iu,516,France,Female,37.0,0,118889.76,1,1.0,0.0,71692.8,0
12989,15663438,Onyekachi,648,France,Male,31.0,7,95502.21,1,1.0,1.0,59816.41,0
12990,15651387,Fiorentini,616,France,Female,31.0,1,0.0,2,1.0,0.0,186785.01,0
12991,15590213,Ch'eng,479,Spain,Male,32.0,4,125920.98,1,1.0,1.0,20393.44,0
12992,15692599,Fan,664,France,Female,28.0,3,0.0,2,1.0,1.0,667.66,0
12993,15703820,Nnamdi,547,France,Male,37.0,8,0.0,2,0.0,1.0,135067.94,0
12994,15645025,Akhtar,589,Germany,Female,43.0,6,109974.69,2,0.0,1.0,79871.95,1
12995,15618703,White,663,Spain,Female,33.0,6,150200.23,1,0.0,1.0,151317.27,1
12996,15594878,Maclean,774,Spain,Male,41.0,5,114530.43,1,1.0,0.0,70774.94,0
12997,15744553,Feng,841,France,Male,33.0,10,0.0,2,1.0,0.0,183289.22,0
12998,15759917,Ikedinachukwu,491,France,Male,40.0,1,119948.45,2,1.0,1.0,110802.42,0
12999,15767231,Kent,696,Germany,Male,44.0,6,88109.81,1,0.0,1.0,32825.5,0
13000,15806808,Hope,834,Germany,Female,57.0,5,112281.7,1,0.0,0.0,140225.14,0
13001,15724307,Laidley,477,France,Male,39.0,8,0.0,2,0.0,1.0,90876.95,0
13002,15672115,Ifeatu,598,France,Male,45.0,6,102936.72,1,0.0,1.0,161811.23,0
13003,15632999,Ijendu,662,France,Male,27.0,1,0.0,2,1.0,0.0,103783.22,0
13004,15693337,Perry,689,Spain,Male,41.0,0,148863.17,1,1.0,1.0,163989.66,0
13005,15645511,Onwuamaeze,681,France,Female,31.0,6,0.0,2,1.0,1.0,103399.28,0
13006,15770539,Walters,792,France,Male,30.0,1,127187.86,1,1.0,1.0,113553.42,1
13007,15750458,Nwebube,716,Germany,Female,62.0,3,107548.94,1,1.0,0.0,70954.41,1
13008,15797903,Pirozzi,712,France,Male,34.0,2,0.0,2,0.0,1.0,72987.35,0
13009,15682355,Manna,652,Spain,Female,33.0,7,0.0,2,1.0,1.0,112333.22,0
13010,15601796,Nwankwo,539,France,Male,30.0,7,0.0,1,1.0,0.0,94878.1,0
13011,15624592,Tan,603,France,Male,31.0,9,0.0,2,1.0,1.0,169915.02,0
13012,15761298,Chukwueloka,790,Spain,Female,39.0,2,0.0,2,1.0,0.0,131804.86,0
13013,15671340,Fiorentino,628,Spain,Female,37.0,1,129974.65,1,0.0,1.0,116692.85,0
13014,15638247,Burdekin,637,Germany,Female,29.0,10,126547.8,1,1.0,0.0,44114.88,0
13015,15814940,Lawrence,659,Spain,Female,33.0,9,0.0,2,1.0,1.0,150475.14,0
13016,15593694,Mazzanti,730,Spain,Male,33.0,1,0.0,2,1.0,0.0,168085.97,0
13017,15740458,DeRose,714,Germany,Male,36.0,8,87847.84,1,1.0,0.0,102073.29,0
13018,15687094,Oluchukwu,498,France,Male,34.0,2,152296.83,2,1.0,1.0,80619.17,0
13019,15770039,Piazza,691,France,Female,41.0,9,0.0,3,1.0,0.0,182566.76,1
13020,15621205,Olisaemeka,721,France,Male,41.0,2,0.0,2,1.0,1.0,74858.3,0
13021,15594878,Hs?,758,Spain,Male,37.0,0,143571.52,1,1.0,0.0,125890.79,0
13022,15712551,White,676,France,Male,31.0,4,157844.47,1,1.0,1.0,181224.74,0
13023,15606601,Onyemauchechukwu,654,Spain,Male,37.0,1,0.0,1,1.0,0.0,100862.36,0
13024,15800784,Bruce,651,France,Male,38.0,8,96939.06,1,1.0,1.0,69080.46,0
13025,15593795,Linton,516,Germany,Female,28.0,1,156674.2,1,1.0,0.0,118502.34,1
13026,15716134,Wang,648,France,Male,34.0,3,143330.56,2,1.0,0.0,145536.28,0
13027,15659800,Hovell,675,France,Female,38.0,8,0.0,2,1.0,1.0,182055.36,0
13028,15732291,Hsueh,645,France,Female,37.0,0,0.0,2,1.0,0.0,146052.85,0
13029,15583681,Maclean,658,France,Female,42.0,3,0.0,2,1.0,0.0,72927.68,0
13030,15695792,Onyemauchechi,627,Germany,Male,39.0,7,122570.07,2,1.0,1.0,115023.02,0
13031,15596929,Chizuoke,683,France,Male,43.0,7,96166.35,2,0.0,0.0,171756.76,0
13032,15677369,Golubov,711,France,Female,39.0,4,0.0,2,0.0,0.0,182038.6,0
13033,15768293,Wimble,706,Spain,Male,38.0,3,0.0,2,1.0,1.0,54871.02,0
13034,15567855,Chukwufumnanya,623,France,Female,29.0,2,0.0,2,0.0,0.0,39382.06,0
13035,15603830,Dann,622,France,Male,29.0,7,0.0,2,1.0,1.0,79775.67,0
13036,15662291,Hao,594,France,Male,42.0,8,0.0,2,1.0,1.0,143783.28,0
13037,15594816,Hsiung,739,France,Female,44.0,6,121286.39,1,1.0,0.0,132418.38,1
13038,15589969,Toscani,652,France,Male,35.0,9,0.0,2,1.0,0.0,81861.1,0
13039,15671392,Nwabugwu,598,France,Female,31.0,9,0.0,1,1.0,1.0,144599.5,1
13040,15651554,K'ung,581,France,Male,40.0,2,94488.82,1,0.0,0.0,132979.15,1
13041,15581610,Mazzanti,540,Spain,Male,40.0,5,104553.83,1,0.0,1.0,184866.74,0
13042,15570134,Henry,683,Germany,Male,41.0,6,131156.76,2,1.0,0.0,37976.36,1
13043,15637461,Wang,571,Germany,Male,25.0,2,106431.97,2,1.0,1.0,177747.03,0
13044,15589329,Pirozzi,567,Spain,Male,30.0,9,0.0,2,1.0,0.0,49337.84,0
13045,15763027,Bogle,757,France,Female,39.0,5,0.0,1,1.0,1.0,78416.14,0
13046,15724453,Tien,699,Spain,Male,26.0,9,0.0,2,1.0,1.0,136826.07,0
13047,15672905,Sani,584,Spain,Female,29.0,4,0.0,2,1.0,0.0,163757.29,1
13048,15769915,Tuan,710,France,Female,27.0,4,0.0,2,1.0,0.0,129964.13,0
13049,15779985,Gibbons,656,France,Female,30.0,2,0.0,2,1.0,1.0,176882.08,0
13050,15809462,Kao,656,France,Male,30.0,3,0.0,2,1.0,1.0,17104.0,0
13051,15604797,McGregor,624,France,Female,53.0,10,178095.95,1,1.0,0.0,120775.92,1
13052,15598883,Manna,743,Germany,Female,44.0,1,124577.33,1,1.0,0.0,83983.39,1
13053,15586699,K'ung,694,Germany,Male,29.0,5,98765.84,2,1.0,1.0,110317.39,0
13054,15587562,T'ao,709,France,Male,38.0,5,0.0,2,1.0,0.0,164038.07,0
13055,15676958,Chukwudi,667,Spain,Female,37.0,8,113383.06,2,0.0,0.0,61326.93,0
13056,15806922,Clements,743,France,Male,33.0,5,123916.67,1,1.0,0.0,71139.31,0
13057,15713483,L?,695,France,Female,50.0,4,0.0,1,1.0,0.0,102632.88,1
13058,15624229,Yudina,628,Spain,Female,31.0,7,86619.97,1,1.0,0.0,112771.95,0
13059,15758056,Ch'ang,703,France,Male,48.0,1,154486.78,3,1.0,1.0,91763.67,1
13060,15626012,Mazzanti,749,Spain,Female,40.0,7,0.0,2,1.0,1.0,177835.44,0
13061,15749583,Teng,616,France,Female,31.0,6,0.0,2,1.0,0.0,83087.13,0
13062,15572777,Kao,751,Spain,Male,37.0,8,0.0,2,1.0,1.0,173898.68,0
13063,15603554,Berkeley,613,France,Female,31.0,8,164649.52,1,1.0,0.0,49915.52,0
13064,15690673,Tuan,623,France,Female,39.0,8,0.0,2,1.0,1.0,34857.46,0
13065,15654870,Chiazagomekpere,738,France,Male,30.0,3,115636.05,2,1.0,1.0,108987.25,0
13066,15799600,Pisano,646,France,Female,41.0,1,126622.21,1,1.0,0.0,120115.44,0
13067,15757952,Teng,651,France,Male,44.0,6,0.0,3,1.0,0.0,102530.35,0
13068,15754929,K?,850,France,Female,32.0,9,0.0,2,1.0,0.0,177524.03,0
13069,15713250,O'Meara,556,France,Male,34.0,1,171922.72,1,0.0,0.0,178028.96,0
13070,15570194,Maclean,587,Germany,Male,51.0,8,121402.56,1,1.0,1.0,62989.57,0
13071,15767064,L?,635,France,Male,25.0,7,0.0,2,1.0,0.0,151299.5,0
13072,15672970,Thomson,673,France,Male,51.0,8,79563.36,2,1.0,1.0,172200.91,0
13073,15630661,Scott,591,Spain,Female,33.0,4,120549.29,1,1.0,1.0,523.0,0
13074,15611409,T'ien,695,France,Male,26.0,4,0.0,2,1.0,1.0,158527.15,0
13075,15734365,Hsueh,712,France,Male,39.0,5,0.0,3,1.0,0.0,39891.84,1
13076,15610900,Thompson,770,France,Female,70.0,9,110738.89,2,1.0,0.0,22666.77,0
13077,15803965,H?,694,France,Male,35.0,5,0.0,2,1.0,1.0,122953.0,0
13078,15679410,Caldwell,729,France,Female,61.0,4,140549.4,1,1.0,0.0,30990.16,1
13079,15569682,Gartrell,651,Germany,Female,41.0,0,141069.89,2,1.0,1.0,62796.55,0
13080,15731751,Genovese,682,Spain,Male,27.0,1,0.0,2,0.0,1.0,153821.99,0
13081,15569641,Maclean,682,Spain,Female,29.0,9,0.0,2,0.0,0.0,163331.85,0
13082,15718216,Ts'ui,719,Spain,Male,39.0,7,0.0,2,1.0,1.0,88481.69,0
13083,15679914,Nwabugwu,728,Spain,Male,34.0,5,0.0,2,1.0,1.0,132861.9,0
13084,15641640,Frolov,686,France,Male,29.0,5,0.0,2,1.0,1.0,181419.29,0
13085,15698031,Romano,693,Germany,Female,45.0,6,101851.8,2,1.0,0.0,7103.71,0
13086,15740147,Nwachukwu,775,France,Male,38.0,2,0.0,1,1.0,1.0,61251.25,0
13087,15787619,T'ang,748,France,Male,44.0,5,110939.3,1,0.0,1.0,122950.01,0
13088,15683683,White,699,Germany,Female,37.0,8,123773.23,2,1.0,1.0,136868.19,0
13089,15748625,Yobachi,696,Spain,Male,41.0,5,90218.02,1,1.0,0.0,146033.96,0
13090,15815043,McMillan,714,France,Male,49.0,8,0.0,2,1.0,0.0,162012.6,0
13091,15639590,Hsia,757,France,Male,36.0,5,0.0,1,1.0,0.0,173870.39,0
13092,15756148,Tuan,629,France,Male,35.0,9,118628.8,1,1.0,0.0,151924.9,1
13093,15691647,McGregor,559,France,Female,38.0,6,0.0,2,1.0,0.0,93825.78,0
13094,15704771,Fyodorova,686,Spain,Male,29.0,9,0.0,1,1.0,1.0,167032.82,0
13095,15694408,Okwukwe,613,Spain,Male,42.0,8,177069.23,2,0.0,1.0,161083.7,0
13096,15672185,Liu,590,Germany,Male,38.0,1,138515.02,1,0.0,0.0,171768.76,1
13097,15701412,T'ien,645,Spain,Male,32.0,4,0.0,2,0.0,1.0,88566.9,0
13098,15661526,Diggs,628,France,Male,26.0,4,0.0,2,1.0,1.0,76614.06,0
13099,15674851,T'ien,622,France,Male,38.0,3,0.0,1,0.0,0.0,105295.77,0
13100,15774491,Ross,480,France,Female,28.0,5,0.0,2,0.0,0.0,48131.92,0
13101,15608873,Lucchesi,628,France,Male,39.0,9,0.0,2,1.0,0.0,121763.66,0
13102,15771580,De Luca,545,Spain,Male,33.0,7,0.0,2,1.0,0.0,152852.6,0
13103,15580492,Hsueh,590,France,Male,33.0,10,115341.58,1,1.0,0.0,26687.93,0
13104,15680243,Brown,637,Germany,Male,28.0,10,106723.28,1,1.0,1.0,183536.24,0
13105,15667620,Young,581,France,Female,39.0,5,0.0,2,1.0,1.0,97628.08,0
13106,15764067,Shih,724,France,Female,41.0,7,185516.9,3,0.0,0.0,152643.73,1
13107,15752388,Doyle,643,Spain,Male,35.0,6,0.0,2,1.0,1.0,41549.64,0
13108,15697249,Lettiere,546,Germany,Female,25.0,2,132837.7,1,1.0,0.0,131647.31,0
13109,15652097,Trevisano,442,France,Female,30.0,3,0.0,2,1.0,1.0,160546.49,0
13110,15644896,Gilleland,652,France,Male,30.0,8,0.0,2,1.0,1.0,93881.75,0
13111,15581626,Mancini,664,France,Male,54.0,4,0.0,1,1.0,1.0,162719.69,0
13112,15669664,Dettmann,608,Germany,Female,64.0,2,99607.37,1,1.0,1.0,35877.03,1
13113,15773876,Chin,643,Germany,Male,37.0,7,136596.79,1,1.0,0.0,75868.94,0
13114,15745107,Ts'ui,767,France,Male,43.0,1,0.0,2,1.0,1.0,102391.06,0
13115,15756625,H?,775,France,Male,41.0,1,0.0,2,1.0,0.0,139844.04,0
13116,15583480,Belonwu,565,Germany,Male,46.0,4,98899.76,2,1.0,1.0,86190.34,0
13117,15715078,Nkemakolam,584,France,Male,31.0,6,161613.94,2,1.0,1.0,148238.16,0
13118,15661288,Uspensky,652,Germany,Male,40.0,4,85867.58,1,1.0,0.0,85801.68,0
13119,15762855,Illingworth,487,Germany,Female,24.0,8,92760.55,2,1.0,0.0,112239.03,0
13120,15581840,T'ien,685,France,Female,31.0,7,0.0,2,1.0,1.0,182262.66,0
13121,15775627,Gordon,509,France,Male,42.0,7,0.0,2,0.0,1.0,67431.28,0
13122,15612207,Lo Duca,707,Germany,Female,45.0,1,123711.73,1,1.0,0.0,140941.47,1
13123,15577988,Martin,706,Spain,Female,26.0,1,0.0,2,1.0,1.0,177519.39,0
13124,15758843,Uspensky,735,France,Female,35.0,1,78314.04,1,0.0,0.0,99136.29,0
13125,15648032,P'an,705,Germany,Male,35.0,5,126679.69,1,1.0,1.0,123587.83,1
13126,15660301,Dellucci,665,Germany,Female,61.0,8,140745.33,1,1.0,1.0,17818.33,1
13127,15649457,Ritchie,684,Germany,Female,29.0,3,118520.26,1,0.0,1.0,173498.45,1
13128,15665087,Gordon,579,Spain,Female,35.0,2,100829.94,2,1.0,0.0,68621.98,0
13129,15604834,Hargreaves,679,France,Female,37.0,7,0.0,2,1.0,0.0,62950.03,0
13130,15772479,Montgomery,507,France,Male,29.0,4,0.0,2,1.0,0.0,123587.83,0
13131,15595588,Goliwe,553,France,Male,21.0,5,0.0,2,0.0,1.0,176580.93,0
13132,15789859,Teng,649,Spain,Female,26.0,5,134593.98,1,1.0,0.0,1539.82,0
13133,15724181,Hudson,645,Spain,Male,43.0,5,0.0,2,1.0,0.0,157360.9,0
13134,15656717,Elewechi,679,Spain,Female,30.0,3,0.0,1,0.0,1.0,179206.92,0
13135,15656901,Chimaobim,660,Spain,Male,33.0,8,106922.96,1,1.0,0.0,146359.81,0
13136,15744273,Okwuadigbo,584,France,Male,36.0,9,0.0,2,1.0,1.0,77965.67,0
13137,15664498,Lucciano,775,France,Male,26.0,7,205962.0,1,1.0,0.0,156424.4,0
13138,15731519,Zito,742,Germany,Male,45.0,9,67726.56,1,1.0,0.0,178342.63,1
13139,15784323,Gallo,449,France,Female,37.0,7,0.0,2,0.0,0.0,175743.92,0
13140,15766185,She,578,Germany,Male,31.0,3,146587.3,2,0.0,0.0,89874.82,1
13141,15603830,Uspensky,730,France,Female,37.0,8,0.0,2,1.0,1.0,102681.02,0
13142,15665634,Teague,695,Spain,Male,62.0,7,0.0,2,1.0,1.0,35177.31,0
13143,15642448,Hs?,678,Spain,Female,30.0,8,0.0,2,1.0,0.0,100835.19,0
13144,15629390,Kennedy,721,France,Male,37.0,7,0.0,1,1.0,1.0,144880.81,0
13145,15658670,Pagnotto,684,France,Male,30.0,6,0.0,2,1.0,0.0,74846.67,0
13146,15669664,Hsia,627,France,Male,37.0,10,0.0,2,1.0,1.0,103396.08,0
13147,15797787,Ikedinachukwu,614,France,Female,39.0,8,0.0,1,0.0,0.0,148087.88,1
13148,15766374,Leak,632,Germany,Female,42.0,4,119624.6,2,1.0,1.0,195978.86,1
13149,15592999,Baresi,725,France,Male,47.0,9,0.0,2,1.0,0.0,91097.27,1
13150,15658716,Groom,521,France,Male,35.0,7,0.0,2,1.0,1.0,151822.66,0
13151,15569410,Tang,601,Germany,Male,33.0,6,114430.18,1,1.0,1.0,25885.72,1
13152,15625916,Trevisani,539,France,Female,34.0,8,98400.27,1,1.0,0.0,125877.22,0
13153,15762745,Shaw,592,Spain,Female,32.0,8,0.0,2,1.0,0.0,143681.83,0
13154,15794360,Hao,592,France,Female,70.0,4,0.0,2,1.0,0.0,105096.82,0
13155,15753215,Murray,554,Spain,Female,37.0,9,95357.49,1,1.0,0.0,171378.77,0
13156,15691396,Cremonesi,638,Germany,Male,36.0,8,119655.77,1,0.0,1.0,180932.46,0
13157,15815295,Tang,479,France,Male,48.0,1,114435.47,1,0.0,0.0,183566.78,1
13158,15661655,Chukwufumnanya,653,Germany,Male,27.0,2,156773.78,1,0.0,1.0,178373.43,0
13159,15777784,Kao,591,France,Male,32.0,2,156864.6,1,1.0,0.0,101057.63,0
13160,15673367,Pisano,646,France,Female,32.0,4,121325.84,1,0.0,0.0,53534.8,0
13161,15583278,Greece,743,Spain,Female,29.0,8,92716.96,1,1.0,1.0,33693.78,0
13162,15642997,Tuan,607,France,Male,34.0,2,0.0,2,0.0,1.0,158054.49,0
13163,15671708,Palerma,789,Germany,Male,32.0,8,144581.83,2,0.0,1.0,74833.56,0
13164,15781409,Lazarev,834,France,Male,28.0,6,0.0,2,1.0,0.0,74287.53,0
13165,15572778,Uwaezuoke,695,France,Female,59.0,4,0.0,1,1.0,0.0,140137.98,1
13166,15746749,Boyle,493,Germany,Female,48.0,8,109019.65,2,1.0,0.0,33693.78,1
13167,15587571,Ts'ui,594,France,Male,31.0,5,0.0,2,1.0,1.0,151456.79,0
13168,15803689,Teng,727,France,Female,36.0,2,0.0,2,0.0,0.0,79704.12,0
13169,15599552,Conway,639,Spain,Male,54.0,3,0.0,2,1.0,1.0,53843.71,0
13170,15665083,Hsiao,697,France,Male,34.0,6,0.0,2,1.0,0.0,105599.65,0
13171,15804962,L?,675,France,Male,33.0,1,0.0,2,1.0,1.0,157549.9,0
13172,15658052,Yuriev,498,France,Male,28.0,8,0.0,2,1.0,1.0,161568.45,0
13173,15741643,Black,599,France,Male,42.0,4,0.0,2,1.0,0.0,87412.24,0
13174,15652289,Yobanna,710,France,Male,25.0,0,0.0,2,1.0,1.0,79577.3,0
13175,15791867,Wilder,690,France,Male,40.0,0,0.0,1,1.0,0.0,108577.97,1
13176,15771750,Duncan,782,Spain,Male,36.0,7,143637.58,2,1.0,1.0,174227.66,0
13177,15788930,Ch'ien,761,France,Male,33.0,7,132730.17,1,1.0,0.0,199293.01,0
13178,15567855,Chukwufumnanya,639,France,Female,29.0,1,0.0,2,0.0,1.0,39382.06,0
13179,15607745,Trevisano,681,France,Male,56.0,8,0.0,1,1.0,0.0,180598.86,1
13180,15682860,Gorman,674,Spain,Female,56.0,2,45472.28,1,0.0,0.0,41055.71,1
13181,15789339,Yen,681,France,Male,25.0,2,111099.79,1,1.0,0.0,140650.19,0
13182,15623082,Iweobiegbunam,582,Germany,Male,34.0,7,120829.74,2,0.0,0.0,143679.35,0
13183,15671934,Ijendu,564,France,Male,40.0,2,0.0,1,0.0,1.0,183490.99,0
13184,15746199,Ejikemeifeuwa,672,France,Male,34.0,7,84390.8,1,1.0,0.0,38614.69,1
13185,15664523,Hughes,587,France,Male,28.0,2,0.0,3,0.0,0.0,106174.7,1
13186,15616240,Nott,724,Spain,Male,37.0,10,166501.17,1,1.0,0.0,89893.6,0
13187,15585192,Lucchesi,656,Spain,Male,30.0,8,0.0,2,0.0,0.0,152323.62,0
13188,15791743,Chinomso,767,Germany,Male,26.0,1,101868.52,1,1.0,0.0,143347.19,0
13189,15813911,Hayes-Williams,725,France,Female,39.0,5,0.0,2,1.0,1.0,77705.75,0
13190,15596962,Hsiao,727,France,Female,26.0,1,0.0,2,1.0,0.0,71738.56,0
13191,15748649,Macdonald,736,France,Male,30.0,8,0.0,2,1.0,0.0,34180.33,0
13192,15677369,Nwachukwu,637,Germany,Male,35.0,2,151922.94,2,0.0,1.0,151349.35,0
13193,15673747,Padovano,573,Spain,Female,33.0,2,0.0,2,1.0,1.0,479.54,0
13194,15694349,Genovese,572,France,Female,60.0,5,0.0,2,1.0,0.0,49656.24,0
13195,15761043,McEwan,554,France,Female,34.0,3,0.0,2,1.0,0.0,143392.33,0
13196,15717231,Hsu,665,Spain,Male,37.0,4,152296.84,1,1.0,1.0,91347.92,0
13197,15573741,Tsai,651,France,Male,25.0,2,185511.05,1,0.0,1.0,170142.09,0
13198,15585599,Stone,530,France,Female,34.0,8,0.0,2,1.0,1.0,141872.52,0
13199,15635367,Y?an,648,France,Male,29.0,7,0.0,2,1.0,0.0,166586.99,0
13200,15661936,Iloerika,708,France,Male,26.0,9,0.0,2,1.0,0.0,172576.43,0
13201,15573971,Nwabugwu,679,France,Male,34.0,7,0.0,1,1.0,1.0,121765.85,0
13202,15734085,Chukwufumnanya,486,France,Female,24.0,3,0.0,2,1.0,1.0,93718.38,0
13203,15653306,Fraser,679,Germany,Female,32.0,7,88335.05,1,0.0,0.0,159584.81,0
13204,15631603,Baresi,482,Spain,Male,29.0,5,0.0,2,1.0,0.0,120852.85,0
13205,15763895,Chikwendu,695,France,Male,32.0,0,121418.18,1,1.0,1.0,48131.77,0
13206,15773731,T'ien,653,France,Female,38.0,8,0.0,2,0.0,0.0,179833.45,0
13207,15655410,Trevisano,718,France,Female,31.0,5,0.0,2,1.0,1.0,48682.1,0
13208,15727177,Zetticci,576,France,Female,34.0,7,0.0,2,1.0,1.0,181051.99,0
13209,15622985,Lin,729,France,Female,39.0,4,0.0,1,0.0,0.0,172939.3,1
13210,15689517,Hales,635,France,Male,27.0,7,127009.83,1,1.0,0.0,161909.95,0
13211,15809302,Monds,683,France,Male,35.0,5,0.0,2,1.0,1.0,151581.79,0
13212,15594556,Loggia,749,Spain,Female,42.0,1,0.0,2,0.0,1.0,31921.95,0
13213,15637414,Gell,660,France,Female,34.0,7,128736.39,1,1.0,0.0,37147.61,0
13214,15644295,Scott,732,Spain,Male,38.0,8,178787.54,1,1.0,1.0,195760.53,1
13215,15659425,Ozerova,774,Germany,Female,41.0,1,150956.71,1,1.0,0.0,62449.75,0
13216,15623107,Chukwumaobim,686,France,Male,41.0,3,74274.87,2,1.0,1.0,64907.48,0
13217,15631392,Hargrave,578,Germany,Female,37.0,4,115934.74,1,1.0,1.0,54487.43,0
13218,15761886,Gant,750,Spain,Male,22.0,3,121681.82,1,1.0,1.0,128643.35,0
13219,15593499,Nwoye,667,France,Male,33.0,4,0.0,2,1.0,0.0,168816.23,0
13220,15697065,Onwumelu,648,France,Male,59.0,6,123971.54,1,1.0,0.0,174431.01,1
13221,15637954,Lewis,637,France,Female,29.0,3,155470.55,1,1.0,1.0,53718.28,0
13222,15633181,Onwumelu,678,France,Male,38.0,4,0.0,2,1.0,0.0,166650.58,0
13223,15612043,Chineze,585,France,Male,39.0,8,83061.08,1,1.0,1.0,136985.27,0
13224,15656613,Macrossan,613,France,Female,35.0,3,0.0,2,1.0,1.0,93941.64,0
13225,15580149,Chijindum,611,France,Male,40.0,8,40488.76,1,1.0,0.0,46735.19,0
13226,15714658,Ugochukwu,585,France,Female,37.0,2,0.0,1,0.0,1.0,186489.91,0
13227,15764681,Macdonald,813,France,Male,25.0,6,0.0,1,1.0,0.0,146700.61,0
13228,15810829,Yobachi,850,France,Male,36.0,4,0.0,2,1.0,0.0,176770.28,0
13229,15755731,T'ien,651,Spain,Female,29.0,8,0.0,2,1.0,0.0,131736.23,0
13230,15739357,Moss,613,Spain,Male,30.0,2,145127.85,1,1.0,0.0,7554.68,0
13231,15754068,Scott,645,Spain,Male,44.0,0,0.0,2,0.0,0.0,182076.97,0
13232,15684925,Calabresi,664,France,Female,51.0,5,0.0,2,1.0,1.0,161388.22,0
13233,15781689,MacPherson,511,France,Male,43.0,3,0.0,2,1.0,0.0,20092.89,0
13234,15603565,Tuan,652,Spain,Female,42.0,3,0.0,2,1.0,0.0,109742.8,0
13235,15793491,Fiorentini,627,Spain,Male,45.0,1,161757.87,1,1.0,0.0,91973.63,1
13236,15743871,Stevens,590,France,Male,38.0,3,0.0,2,1.0,1.0,54871.02,0
13237,15747534,Torkelson,629,France,Male,32.0,8,0.0,1,1.0,0.0,64833.28,0
13238,15772528,Ch'iu,526,Germany,Male,50.0,6,118627.06,1,1.0,0.0,180934.67,1
13239,15756241,Yirawala,767,France,Female,44.0,2,0.0,2,1.0,1.0,136915.15,0
13240,15733491,Ch'iu,572,Germany,Male,42.0,4,124573.33,1,1.0,1.0,35786.76,1
13241,15572390,Clark,651,France,Male,32.0,8,133968.96,2,1.0,1.0,148305.82,0
13242,15652884,Teng,646,France,Male,35.0,4,114439.58,1,1.0,0.0,137944.6,0
13243,15628999,Hsia,708,France,Female,52.0,4,92467.73,1,0.0,1.0,189430.95,0
13244,15700540,Barrera,557,Germany,Male,37.0,1,129893.56,1,0.0,0.0,102076.03,1
13245,15718893,Pirozzi,809,Spain,Male,44.0,3,0.0,1,1.0,0.0,34164.05,0
13246,15751137,P'eng,535,Spain,Female,37.0,6,0.0,1,1.0,0.0,93873.13,1
13247,15697480,Molineux,573,Germany,Female,43.0,1,132084.66,1,0.0,0.0,85421.0,1
13248,15753837,Young,573,France,Male,38.0,3,0.0,2,1.0,1.0,196517.43,0
13249,15588955,Mazzanti,713,France,Female,66.0,7,0.0,1,1.0,1.0,29792.11,0
13250,15657772,Okwudiliolisa,712,France,Male,41.0,7,183569.26,1,1.0,1.0,50560.44,0
13251,15771299,Nnachetam,707,France,Male,57.0,1,92053.0,1,1.0,1.0,164064.44,0
13252,15662397,Manna,589,France,Female,44.0,7,0.0,1,1.0,0.0,61324.87,1
13253,15782360,Okechukwu,849,France,Female,35.0,2,133436.44,2,1.0,1.0,187597.98,0
13254,15806870,Kornilova,663,France,Female,35.0,4,0.0,2,1.0,1.0,182581.56,0
13255,15652999,Okeke,744,Germany,Male,37.0,9,140725.98,2,0.0,0.0,99503.03,0
13256,15777784,Chinwendu,726,Germany,Male,47.0,5,113034.22,1,1.0,1.0,4989.33,1
13257,15709653,H?,679,France,Male,36.0,3,0.0,1,0.0,1.0,184312.88,0
13258,15763097,Blackburn,597,Spain,Female,39.0,2,0.0,2,0.0,0.0,123846.07,0
13259,15642870,Akobundu,677,France,Male,39.0,8,0.0,2,1.0,1.0,161802.82,0
13260,15651272,Reyes,786,France,Male,29.0,5,0.0,2,1.0,0.0,81452.29,1
13261,15652700,Ritchie,537,France,Male,39.0,5,0.0,1,1.0,1.0,77414.45,0
13262,15717290,Baryshnikov,670,France,Male,37.0,8,0.0,1,1.0,1.0,102740.06,0
13263,15583480,Ts'ai,619,France,Female,33.0,5,0.0,2,1.0,1.0,121299.94,0
13264,15794841,Hs?,612,Spain,Female,23.0,5,0.0,2,1.0,1.0,161848.03,0
13265,15639665,Iheatu,696,Germany,Male,32.0,5,77910.23,1,1.0,1.0,100862.36,0
13266,15699507,Messersmith,774,France,Male,34.0,7,0.0,2,0.0,1.0,82393.08,0
13267,15783338,Nwachinemelu,665,Germany,Female,39.0,7,116326.07,1,1.0,0.0,182728.8,1
13268,15794178,Chukwukere,693,France,Female,34.0,10,127631.62,1,1.0,1.0,143681.85,0
13269,15725166,Fanucci,634,Germany,Male,32.0,4,121345.88,2,1.0,1.0,88695.38,0
13270,15737071,Calabresi,640,France,Male,63.0,7,70655.48,1,0.0,1.0,78955.8,0
13271,15576644,Cremonesi,587,France,Female,40.0,8,116431.45,2,0.0,0.0,99505.75,0
13272,15594915,Crist,649,France,Female,41.0,8,0.0,2,1.0,1.0,109179.89,0
13273,15602841,Maclean,794,France,Female,28.0,8,0.0,2,0.0,0.0,86699.98,1
13274,15599829,T'ang,573,France,Female,45.0,6,0.0,1,1.0,0.0,98820.07,1
13275,15629150,Nnaemeka,663,France,Female,40.0,1,136980.23,2,1.0,0.0,192387.51,0
13276,15667424,Ikedinachukwu,545,Germany,Female,49.0,6,131694.52,1,0.0,1.0,57553.62,1
13277,15709338,T'ien,685,France,Male,20.0,7,0.0,1,1.0,0.0,164137.36,0
13278,15716781,Cocci,773,Germany,Female,24.0,7,171922.72,2,0.0,0.0,178028.96,0
13279,15723654,Fanucci,747,France,Female,32.0,1,0.0,2,0.0,1.0,99818.45,0
13280,15572379,H?,616,Spain,Female,40.0,1,118026.55,1,1.0,1.0,92916.52,0
13281,15743828,Stevens,557,France,Male,30.0,9,0.0,2,1.0,1.0,57850.1,0
13282,15652700,Ritchie,519,France,Male,39.0,6,0.0,2,0.0,1.0,61977.82,0
13283,15665077,Vincent,597,France,Male,28.0,8,0.0,2,1.0,0.0,79723.78,0
13284,15751177,Hsueh,628,France,Female,43.0,10,0.0,2,1.0,0.0,174918.46,0
13285,15777901,H?,611,Germany,Female,37.0,9,137657.25,1,0.0,1.0,24207.86,1
13286,15788494,Alekseeva,592,France,Male,31.0,3,0.0,1,1.0,0.0,137491.23,0
13287,15689237,Nwokezuike,718,France,Male,40.0,9,160903.2,1,1.0,0.0,55853.41,0
13288,15629078,Wilson,628,Germany,Male,38.0,2,156267.59,1,1.0,0.0,134417.31,1
13289,15757811,Iheanacho,545,Spain,Male,40.0,0,152392.61,1,1.0,0.0,46730.03,0
13290,15806901,Chinwendu,549,Germany,Male,35.0,6,112392.45,2,1.0,1.0,83611.45,0
13291,15616280,Cone,646,Spain,Female,33.0,4,0.0,1,1.0,0.0,132861.9,1
13292,15789055,Watt,635,Spain,Male,37.0,2,0.0,2,1.0,0.0,90883.12,0
13293,15804006,Okeke,751,Spain,Male,37.0,5,0.0,2,0.0,1.0,25222.56,0
13294,15692731,De Neeve,685,Spain,Female,38.0,2,125919.52,1,1.0,1.0,131409.27,0
13295,15582892,Hsia,710,Spain,Male,38.0,7,0.0,2,1.0,1.0,53817.23,0
13296,15671930,Yefremova,535,Germany,Male,47.0,7,127913.56,1,1.0,0.0,97465.89,1
13297,15740557,Dickson,681,Germany,Female,31.0,4,116473.32,2,1.0,1.0,93769.97,0
13298,15654891,Aparicio,703,France,Male,32.0,2,0.0,2,0.0,0.0,95583.45,0
13299,15567422,Chienezie,525,France,Male,38.0,5,102520.88,1,0.0,1.0,171460.56,0
13300,15753337,Milne,706,France,Female,36.0,8,0.0,1,1.0,1.0,82996.48,0
13301,15770811,Doherty,722,France,Female,40.0,3,0.0,2,1.0,1.0,152883.95,0
13302,15641158,P'eng,564,Spain,Female,35.0,4,138160.0,1,1.0,1.0,25161.61,0
13303,15636105,Chung,758,Spain,Male,61.0,2,0.0,2,1.0,0.0,43982.41,1
13304,15673578,Ch'iu,537,Germany,Male,42.0,6,128415.45,1,1.0,1.0,145537.32,0
13305,15715117,Milanesi,588,France,Female,29.0,8,0.0,1,0.0,1.0,55818.37,0
13306,15577478,Pirozzi,686,France,Male,32.0,7,0.0,2,0.0,1.0,110610.71,0
13307,15691785,Findlay,738,France,Female,66.0,5,0.0,1,1.0,1.0,53067.83,1
13308,15591386,Hsia,647,Spain,Female,35.0,7,82759.12,1,1.0,1.0,4459.09,0
13309,15659149,DeRose,850,Germany,Male,32.0,3,107955.61,2,1.0,0.0,47764.33,0
13310,15684861,Obielumani,687,Germany,Female,47.0,4,126674.81,1,1.0,0.0,124170.9,1
13311,15572294,Li,623,France,Male,28.0,7,0.0,2,1.0,0.0,129526.57,0
13312,15576425,Kaeppel,662,Germany,Male,49.0,4,53573.18,1,1.0,0.0,142513.5,0
13313,15792629,Eluemuno,681,Germany,Female,40.0,0,133468.02,1,1.0,1.0,55775.81,0
13314,15686588,Maclean,624,France,Male,33.0,7,0.0,2,1.0,1.0,157549.6,0
13315,15683560,Tobenna,563,France,Male,47.0,9,0.0,2,1.0,0.0,85286.3,0
13316,15785352,Chang,820,France,Male,37.0,6,82373.94,1,1.0,0.0,115985.38,0
13317,15607275,Ch'ang,534,Spain,Male,64.0,8,206014.94,1,0.0,1.0,42774.84,0
13318,15686983,Ford,678,France,Female,25.0,1,0.0,2,0.0,1.0,131501.72,0
13319,15592779,Udinesi,707,Germany,Male,33.0,3,137986.07,1,1.0,0.0,50777.46,1
13320,15766064,Kao,724,Spain,Female,38.0,4,0.0,1,1.0,0.0,106826.92,1
13321,15567339,Pirozzi,584,France,Male,45.0,9,0.0,2,1.0,0.0,115288.24,0
13322,15586522,Hsueh,669,Germany,Male,38.0,8,121801.72,2,1.0,0.0,177719.88,0
13323,15766047,Shao,775,France,Female,42.0,8,0.0,2,1.0,1.0,94898.4,0
13324,15704771,Ritchie,668,France,Female,38.0,8,0.0,1,1.0,0.0,147071.19,1
13325,15764661,Fanucci,705,France,Male,41.0,7,0.0,2,0.0,1.0,109135.11,0
13326,15707961,Mistry,819,Spain,Male,40.0,8,0.0,2,1.0,1.0,92373.42,0
13327,15645600,Chien,587,France,Male,46.0,9,92786.66,1,0.0,0.0,117832.89,1
13328,15704586,Ts'ui,652,Germany,Male,47.0,9,104379.81,1,1.0,1.0,64872.56,0
13329,15757895,Maughan,689,France,Male,35.0,8,0.0,2,1.0,0.0,116977.89,0
13330,15644356,King,658,Germany,Male,31.0,4,92199.84,1,0.0,0.0,1528.4,0
13331,15643378,Pisano,687,France,Female,34.0,8,0.0,2,1.0,0.0,147955.91,0
13332,15764033,Nwachukwu,743,France,Female,36.0,9,0.0,1,0.0,0.0,120892.96,0
