id,CustomerId,Surname,CreditScore,Geography,Gender,Age,Tenure,Balance,NumOfProducts,HasCrCard,IsActiveMember,EstimatedSalary,Exited
13333,15686963,Fanucci,683,France,Female,22.0,9,142703.4,1,0.0,1.0,137565.93,0
13334,15655252,Ubanwa,773,France,Female,26.0,5,0.0,2,1.0,1.0,84870.23,0
13335,15804093,T'ang,738,France,Male,38.0,4,0.0,1,1.0,0.0,45611.44,0
13336,15742504,T'ien,644,Spain,Male,27.0,4,131569.63,1,0.0,1.0,55720.28,0
13337,15603841,Mazzanti,673,France,Male,35.0,9,0.0,2,1.0,1.0,164031.41,0
13338,15692826,Ugochukwu,695,Germany,Male,39.0,8,155736.82,1,1.0,0.0,156680.71,0
13339,15693637,Yocum,809,France,Female,43.0,10,0.0,2,1.0,1.0,102391.06,0
13340,15705078,Ch'iu,483,Germany,Female,29.0,8,125724.5,1,1.0,0.0,38260.89,0
13341,15743595,Onwuatuegwu,554,France,Female,46.0,10,0.0,2,0.0,0.0,90877.15,0
13342,15748231,Chukwujamuike,687,Germany,Male,32.0,1,93723.47,1,1.0,1.0,49722.46,0
13343,15730137,Otutodilichukwu,452,France,Male,67.0,7,0.0,2,1.0,1.0,85801.77,0
13344,15571940,Afamefula,591,Spain,Female,40.0,5,0.0,2,1.0,0.0,38984.37,0
13345,15798849,Tretiakova,731,Germany,Female,41.0,6,107712.65,2,1.0,1.0,78858.15,0
13346,15593470,Jen,663,Germany,Female,46.0,2,141726.88,3,1.0,1.0,58257.23,1
13347,15769596,Nwokezuike,697,France,Male,32.0,7,0.0,2,1.0,0.0,141753.87,0
13348,15807312,Maclean,711,France,Female,28.0,2,0.0,2,1.0,0.0,124071.71,0
13349,15788218,Mazzanti,635,France,Male,22.0,2,0.0,1,0.0,0.0,38798.33,0
13350,15680772,Hu,721,Spain,Female,36.0,2,0.0,1,1.0,0.0,106977.8,0
13351,15660211,Obialo,467,France,Male,32.0,1,0.0,2,1.0,0.0,148977.72,0
13352,15592994,Nnachetam,627,France,Male,35.0,5,0.0,2,0.0,1.0,86099.23,0
13353,15653937,McIntyre,638,France,Female,34.0,6,0.0,2,1.0,1.0,160110.65,0
13354,15585835,Shao,710,France,Male,31.0,2,125511.72,1,1.0,1.0,88890.05,0
13355,15775238,Nnonso,725,France,Female,40.0,4,0.0,2,1.0,1.0,96832.82,0
13356,15800811,Onwughara,628,France,Female,47.0,3,170840.8,1,1.0,0.0,88992.48,0
13357,15716334,Rozier,850,Spain,Female,45.0,2,0.0,1,1.0,1.0,19482.5,0
13358,15723216,Bazarova,687,France,Male,27.0,1,0.0,2,1.0,0.0,137784.25,0
13359,15793491,Williams,607,France,Female,32.0,9,0.0,2,0.0,1.0,57121.51,0
13360,15752388,Doyle,850,Spain,Female,39.0,2,0.0,2,1.0,0.0,41549.64,0
13361,15580227,Uspensky,704,France,Male,20.0,3,0.0,2,0.0,0.0,64716.08,0
13362,15645095,Huang,674,France,Female,28.0,3,0.0,2,1.0,0.0,51536.99,0
13363,15691906,Hsieh,669,Germany,Female,39.0,9,118098.52,1,1.0,1.0,81297.65,0
13364,15645371,O'Sullivan,613,Spain,Female,51.0,5,144801.97,1,1.0,1.0,9324.31,0
13365,15585835,Onyemauchechukwu,681,France,Male,29.0,2,120105.88,1,1.0,0.0,132861.87,0
13366,15669414,Nkemakolam,671,France,Male,58.0,3,132077.48,2,1.0,0.0,82393.08,0
13367,15628117,Chukwuemeka,488,Germany,Female,37.0,5,102318.06,1,0.0,0.0,70760.97,1
13368,15613787,Ojiofor,639,France,Male,37.0,2,0.0,2,1.0,1.0,57926.81,0
13369,15704769,Chinedum,535,France,Male,67.0,2,117411.6,1,1.0,1.0,119927.81,0
13370,15782941,T'ang,712,France,Male,40.0,1,129431.36,1,1.0,1.0,174027.3,0
13371,15742269,T'ien,735,France,Male,38.0,3,0.0,1,1.0,1.0,176925.69,0
13372,15691624,Hs?,447,France,Male,42.0,2,0.0,2,0.0,1.0,33823.5,1
13373,15672499,Docherty,571,Germany,Male,48.0,6,96048.55,1,0.0,1.0,74510.65,0
13374,15583392,Ibezimako,684,Germany,Male,50.0,6,146098.43,1,1.0,0.0,143614.01,1
13375,15651352,Tobenna,721,France,Female,38.0,2,0.0,1,1.0,0.0,146388.85,0
13376,15808960,Ch'iu,653,Germany,Female,43.0,9,118713.27,2,1.0,1.0,53667.33,1
13377,15724296,Maclean,741,France,Male,38.0,2,0.0,2,0.0,1.0,143681.85,0
13378,15576945,Clements,582,France,Male,29.0,1,0.0,1,0.0,0.0,142516.35,0
13379,15714485,Ch'ang,633,France,Male,36.0,1,130933.74,1,1.0,0.0,171463.83,0
13380,15579994,Udegbulam,598,France,Male,31.0,4,0.0,2,1.0,0.0,82566.47,0
13381,15578865,Groom,721,France,Male,62.0,1,131563.88,1,1.0,0.0,199304.73,0
13382,15719827,O'Donnell,619,Spain,Male,36.0,8,0.0,2,0.0,0.0,65147.27,0
13383,15603135,Boni,734,Germany,Male,59.0,5,121418.62,1,0.0,0.0,94978.1,0
13384,15764654,Iadanza,648,France,Male,52.0,5,0.0,2,1.0,1.0,81406.0,0
13385,15643819,McKay,539,Spain,Male,32.0,1,0.0,2,0.0,1.0,78439.73,0
13386,15642824,Kao,682,France,Female,39.0,5,0.0,1,1.0,0.0,79723.78,0
13387,15672091,Ndubueze,637,France,Female,33.0,9,0.0,2,1.0,1.0,134498.74,0
13388,15704771,Onwumelu,662,France,Male,37.0,3,93833.86,1,1.0,0.0,177613.17,0
13389,15761600,Udinesi,588,France,Male,23.0,4,0.0,2,1.0,1.0,60536.56,0
13390,15593973,Teng,663,France,Female,64.0,2,0.0,2,1.0,1.0,183575.01,0
13391,15807968,Uspensky,571,France,Female,25.0,1,98799.89,1,1.0,0.0,166468.25,0
13392,15622442,Rounsevell,680,Spain,Female,59.0,2,0.0,1,1.0,1.0,153810.41,0
13393,15662758,Dyer,688,France,Male,26.0,5,0.0,2,1.0,1.0,7415.96,0
13394,15806945,Ting,744,France,Female,32.0,5,0.0,2,1.0,1.0,113712.49,0
13395,15702741,Potts,601,France,Male,33.0,3,129731.64,1,1.0,0.0,86911.49,0
13396,15780677,Jackson,717,France,Female,29.0,4,0.0,2,1.0,0.0,170528.63,0
13397,15715643,Ch'iu,733,Germany,Male,49.0,3,121240.51,1,1.0,0.0,147700.82,1
13398,15619116,Hs?,482,Germany,Female,49.0,4,92760.55,1,0.0,0.0,70774.97,1
13399,15663487,Ch'ang,665,Germany,Female,39.0,3,173773.05,1,1.0,0.0,134590.53,1
13400,15699963,Udegbulam,649,France,Male,21.0,7,0.0,2,1.0,1.0,74858.3,0
13401,15719348,Tsao,513,France,Male,35.0,6,0.0,2,0.0,1.0,76640.29,0
13402,15772896,Shubin,652,France,Female,33.0,5,0.0,2,1.0,0.0,142763.51,0
13403,15726310,Nwebube,775,Spain,Female,27.0,6,121818.71,1,0.0,1.0,171838.11,0
13404,15694644,Lettiere,694,Germany,Male,53.0,4,104483.08,1,1.0,0.0,172400.28,1
13405,15707593,Yeh,850,Germany,Male,37.0,1,104425.57,1,0.0,1.0,73321.35,0
13406,15804052,Chizoba,755,Germany,Male,31.0,2,136422.22,1,1.0,0.0,162523.66,1
13407,15658532,Hsieh,706,Spain,Male,30.0,7,0.0,2,0.0,0.0,24677.54,0
13408,15656426,Ugoji,634,France,Female,32.0,4,98186.7,1,1.0,1.0,153064.87,0
13409,15711901,Hs?,658,France,Female,24.0,2,0.0,2,0.0,1.0,120853.83,0
13410,15584364,Okonkwo,756,Spain,Female,38.0,4,92647.56,1,1.0,1.0,161802.73,0
13411,15770041,Nkemakolam,537,France,Female,40.0,7,0.0,2,0.0,0.0,92381.01,0
13412,15775809,T'ao,621,France,Male,30.0,7,0.0,2,1.0,1.0,71179.31,0
13413,15807595,Y?an,659,France,Male,36.0,6,0.0,2,1.0,0.0,153983.98,0
13414,15655410,Miah,637,France,Female,42.0,0,0.0,1,1.0,0.0,81254.93,0
13415,15712608,Pirozzi,622,France,Female,47.0,1,0.0,1,0.0,1.0,103799.77,1
13416,15595426,Kryukova,508,France,Male,32.0,9,122451.46,1,1.0,0.0,75808.1,1
13417,15626412,Mort,499,France,Male,35.0,7,0.0,2,1.0,1.0,81409.0,0
13418,15651389,Milani,738,Spain,Male,34.0,8,0.0,2,0.0,0.0,171098.65,0
13419,15674765,Mitchell,551,France,Male,44.0,4,0.0,2,1.0,1.0,10789.3,0
13420,15592751,Zikoranachidimma,663,Spain,Male,42.0,4,107874.29,3,1.0,1.0,173912.29,1
13421,15690153,Sun,464,Germany,Female,37.0,3,85679.25,2,1.0,1.0,164104.74,0
13422,15793328,Hargreaves,695,France,Female,33.0,3,0.0,2,1.0,1.0,80130.53,0
13423,15719348,Maccallum,622,France,Female,32.0,5,127585.98,1,1.0,0.0,79082.76,1
13424,15788442,Chukwukadibia,681,Spain,Male,29.0,8,173306.13,1,1.0,1.0,131964.66,0
13425,15663438,De Luca,597,France,Male,33.0,7,0.0,2,1.0,1.0,152845.99,0
13426,15585580,Oguejiofor,846,France,Male,36.0,9,0.0,2,1.0,0.0,94488.54,0
13427,15711219,Lettiere,678,France,Female,39.0,5,0.0,2,1.0,0.0,185855.21,0
13428,15778897,Cartwright,596,France,Female,28.0,3,0.0,2,1.0,1.0,133267.78,0
13429,15729954,Ts'ui,723,Spain,Female,50.0,5,0.0,1,0.0,0.0,60420.07,1
13430,15673372,Y?,710,Spain,Female,36.0,7,0.0,2,1.0,1.0,176580.95,0
13431,15793322,Shih,562,Spain,Female,38.0,3,132576.06,1,1.0,1.0,121552.02,0
13432,15593900,Onyemauchechukwu,605,France,Male,32.0,3,0.0,2,1.0,0.0,184980.23,0
13433,15647521,Shao,521,Spain,Female,57.0,5,0.0,1,1.0,0.0,85879.64,1
13434,15573520,Galkin,661,Germany,Female,41.0,5,145118.83,1,1.0,1.0,69381.05,0
13435,15696539,Macdonald,559,France,Male,39.0,1,0.0,2,1.0,1.0,164741.02,0
13436,15715199,Lucchesi,617,Germany,Female,20.0,0,152303.66,2,1.0,1.0,164741.05,0
13437,15612095,Okwuoma,642,Spain,Male,38.0,6,0.0,2,1.0,0.0,167873.55,0
13438,15596811,Dreyer,613,Spain,Female,31.0,6,118577.24,2,1.0,0.0,140197.42,0
13439,15579915,Glennon,707,Spain,Male,37.0,5,0.0,1,1.0,0.0,139953.94,0
13440,15746203,Tung,677,France,Female,27.0,9,0.0,3,1.0,1.0,67769.94,0
13441,15751385,Lucchese,825,France,Male,36.0,7,0.0,2,0.0,0.0,172360.7,0
13442,15792107,Leak,694,Spain,Female,35.0,8,0.0,1,1.0,1.0,55346.14,1
13443,15732778,Plant,767,Spain,Male,47.0,1,160139.59,1,1.0,0.0,93839.3,0
13444,15753549,Hs?,633,Germany,Male,55.0,8,114027.7,1,1.0,0.0,177613.19,1
13445,15664270,Pinto,619,France,Male,37.0,6,0.0,2,0.0,1.0,149474.69,0
13446,15573599,Hsia,589,Spain,Male,24.0,10,0.0,2,1.0,0.0,95857.18,0
13447,15798885,Ch'ien,644,Germany,Male,32.0,8,106022.73,1,0.0,0.0,137959.0,0
13448,15780088,Porter,595,Spain,Male,34.0,3,132405.52,3,1.0,0.0,177747.03,1
13449,15673599,Williamson,643,Spain,Male,32.0,5,133476.09,1,1.0,1.0,154843.4,0
13450,15775750,Yao,660,France,Male,37.0,9,134560.62,1,1.0,1.0,27596.39,1
13451,15760294,Nwankwo,637,Spain,Male,43.0,7,0.0,2,0.0,1.0,142940.39,0
13452,15780220,Milne,678,France,Male,41.0,4,106070.89,2,0.0,0.0,136812.77,0
13453,15669219,Wilson,569,Germany,Male,35.0,3,104356.38,1,1.0,0.0,94498.82,0
13454,15726695,Hsia,601,Spain,Female,20.0,9,122446.61,2,0.0,0.0,86791.9,1
13455,15783501,Mazzanti,801,France,Female,29.0,5,0.0,2,1.0,1.0,184399.76,0
13456,15588515,Lombardo,531,France,Male,41.0,3,0.0,1,1.0,0.0,167066.89,1
13457,15683817,Onyekachukwu,718,France,Male,27.0,8,0.0,1,1.0,0.0,193018.42,0
13458,15641008,Iadanza,633,France,Female,35.0,3,127637.92,1,1.0,1.0,140800.66,0
13459,15707918,Bentley,687,France,Female,28.0,7,108116.66,2,1.0,1.0,27411.19,0
13460,15809847,Tan,668,France,Male,46.0,0,0.0,4,0.0,0.0,29388.02,1
13461,15722212,Edmondstone,569,France,Female,41.0,0,0.0,1,0.0,0.0,28276.83,1
13462,15597959,Kao,678,France,Female,40.0,9,0.0,1,1.0,1.0,121408.19,0
13463,15607629,Mazzanti,589,France,Male,47.0,3,0.0,1,0.0,0.0,187980.23,1
13464,15726774,Baresi,714,France,Male,23.0,5,0.0,2,1.0,1.0,96462.79,0
13465,15709368,Okeke,613,France,Male,32.0,3,132623.6,2,1.0,0.0,86460.29,0
13466,15678058,Okwudiliolisa,656,France,Male,34.0,7,0.0,2,1.0,0.0,79616.47,0
13467,15797765,Hsia,719,France,Female,39.0,7,0.0,2,1.0,1.0,160976.98,0
13468,15791501,Carroll,590,Spain,Female,43.0,9,0.0,2,1.0,1.0,143628.31,0
13469,15629298,Maclean,573,Germany,Female,48.0,3,127559.4,1,1.0,0.0,57862.93,1
13470,15745354,Franklin,631,France,Female,30.0,9,0.0,2,1.0,0.0,125696.26,0
13471,15732299,Y?,767,Germany,Male,30.0,1,132576.06,2,1.0,1.0,173419.55,0
13472,15588933,Nwankwo,588,France,Female,45.0,8,0.0,2,1.0,0.0,36193.07,0
13473,15596493,Wisdom,736,Spain,Female,47.0,5,0.0,3,0.0,1.0,177624.01,1
13474,15581548,Kaodilinakachukwu,725,Spain,Female,22.0,4,98800.0,1,0.0,0.0,122865.55,0
13475,15575858,Bergamaschi,763,France,Female,40.0,3,0.0,1,0.0,0.0,134281.11,0
13476,15719309,Pirozzi,665,France,Male,29.0,10,151675.65,1,1.0,1.0,125445.8,0
13477,15679299,Shen,726,Spain,Female,39.0,9,123826.07,1,0.0,1.0,78970.58,0
13478,15769582,Kang,708,France,Male,32.0,4,0.0,2,1.0,1.0,142238.54,0
13479,15663783,Ch'iu,774,Germany,Male,50.0,4,142558.5,1,0.0,0.0,27380.11,1
13480,15588515,Chukwufumnanya,725,Germany,Male,45.0,6,124737.63,2,0.0,1.0,79377.21,0
13481,15763874,Onwuamaeze,678,France,Male,33.0,1,0.0,1,1.0,1.0,46677.9,0
13482,15588838,Monds,754,Spain,Female,39.0,7,0.0,2,0.0,0.0,83022.84,0
13483,15581295,Ch'ien,621,Spain,Male,36.0,7,143258.85,1,1.0,0.0,143298.06,0
13484,15692683,Hsiung,574,France,Female,35.0,6,0.0,2,1.0,1.0,55811.35,0
13485,15665088,McWilliams,721,Spain,Female,33.0,4,69064.74,1,1.0,1.0,119903.2,1
13486,15806969,Ugochukwu,650,France,Male,35.0,2,0.0,2,1.0,1.0,75664.48,0
13487,15799652,McIntyre,709,Spain,Female,51.0,8,0.0,1,1.0,0.0,126517.19,1
13488,15724890,Cross,584,France,Male,37.0,2,82696.09,2,0.0,0.0,83058.14,0
13489,15636428,Zuev,745,France,Male,34.0,3,0.0,2,1.0,1.0,81407.1,0
13490,15675888,Wall,709,Spain,Female,34.0,2,82931.85,1,1.0,1.0,128373.88,0
13491,15673367,Clements,711,France,Female,34.0,3,0.0,1,1.0,0.0,102233.73,1
13492,15737275,Manna,685,France,Male,38.0,8,0.0,2,1.0,1.0,103660.32,0
13493,15759038,Palerma,685,France,Male,47.0,5,0.0,2,1.0,0.0,102426.12,0
13494,15634141,She,779,Germany,Female,41.0,4,188614.07,2,1.0,0.0,172097.95,0
13495,15656426,Iadanza,624,Germany,Female,30.0,9,122552.51,2,1.0,0.0,175310.82,0
13496,15652626,Mazzanti,704,France,Male,47.0,3,0.0,2,1.0,1.0,9984.5,0
13497,15777049,Walker,549,France,Male,48.0,8,0.0,2,0.0,0.0,125962.82,0
13498,15755084,Trevisani,586,France,Male,27.0,1,0.0,1,1.0,1.0,124777.14,0
13499,15611171,Fowler,696,France,Female,31.0,5,126679.69,1,1.0,1.0,3965.69,0
13500,15713354,Uwaezuoke,659,Spain,Male,28.0,7,0.0,2,1.0,0.0,152417.97,0
13501,15574868,Nwachukwu,678,France,Male,33.0,9,0.0,2,1.0,0.0,93820.49,0
13502,15608328,White,645,Spain,Female,41.0,6,0.0,2,0.0,1.0,149139.13,0
13503,15753939,Ch'in,850,France,Male,30.0,8,98862.54,2,0.0,1.0,41970.72,0
13504,15736578,Lo Duca,697,France,Male,40.0,5,0.0,2,0.0,1.0,143952.24,0
13505,15662908,Maclean,547,France,Female,39.0,7,0.0,2,0.0,0.0,79510.37,0
13506,15690772,Y?,697,France,Male,27.0,7,0.0,2,1.0,0.0,61931.21,0
13507,15622454,Obialo,728,Spain,Male,34.0,8,0.0,2,1.0,0.0,179614.5,0
13508,15578865,Brookes,775,Germany,Female,26.0,2,130922.81,2,0.0,0.0,2186.83,0
13509,15723989,Tikhonov,620,Germany,Male,48.0,8,148962.76,2,1.0,1.0,92378.54,0
13510,15725679,Hsia,569,France,Female,26.0,4,0.0,1,1.0,0.0,194998.34,0
13511,15718773,Kegley,550,France,Female,51.0,5,131736.88,1,1.0,0.0,175853.64,1
13512,15743076,Ts'ai,662,France,Female,38.0,9,0.0,2,0.0,1.0,93568.77,0
13513,15738220,Hao,592,France,Male,28.0,10,0.0,1,1.0,0.0,132450.56,0
13514,15770576,Ch'iu,686,France,Male,32.0,3,0.0,2,1.0,1.0,24482.16,0
13515,15687527,Yobachukwu,648,Spain,Male,41.0,1,0.0,2,1.0,0.0,165370.66,0
13516,15582381,Gorman,694,France,Female,47.0,9,0.0,2,1.0,1.0,181768.98,0
13517,15756918,H?,653,France,Male,37.0,5,0.0,2,1.0,0.0,89893.6,0
13518,15777797,Galkina,749,Germany,Male,31.0,1,128468.69,1,1.0,1.0,149922.39,0
13519,15734218,Hargreaves,622,France,Female,31.0,5,0.0,2,1.0,1.0,147963.56,0
13520,15595426,Mazzi,812,France,Male,41.0,7,0.0,1,1.0,0.0,72993.65,0
13521,15804235,Zetticci,771,France,Female,37.0,2,0.0,2,1.0,1.0,72924.56,0
13522,15641480,Ts'ui,641,Spain,Male,39.0,5,95153.77,2,0.0,1.0,6057.81,0
13523,15734987,Ts'ui,594,France,Male,43.0,5,152812.96,1,1.0,0.0,99792.8,0
13524,15682778,Mathews,584,France,Female,34.0,4,0.0,2,0.0,0.0,114899.13,0
13525,15586848,Rose,756,France,Male,38.0,1,0.0,2,1.0,0.0,122379.54,0
13526,15612615,Hao,766,Germany,Male,41.0,9,151933.63,1,1.0,1.0,164040.94,0
13527,15766869,Uspensky,850,France,Female,40.0,6,0.0,1,1.0,1.0,152108.47,0
13528,15613786,Yashina,595,France,Female,34.0,1,0.0,2,1.0,0.0,109291.22,0
13529,15673760,Ku,652,France,Male,35.0,3,141428.82,1,1.0,1.0,50771.16,0
13530,15773469,Hsing,623,Spain,Female,37.0,4,136656.54,1,1.0,0.0,58908.91,0
13531,15671690,K?,724,France,Female,42.0,5,108929.81,1,1.0,1.0,170138.59,1
13532,15600814,Hsu,685,France,Male,27.0,3,0.0,2,1.0,0.0,140881.2,0
13533,15609521,Hs?,642,Germany,Female,43.0,5,127258.86,1,0.0,0.0,124908.82,1
13534,15804822,Hsueh,627,France,Female,37.0,9,0.0,2,0.0,1.0,93568.77,0
13535,15735346,Wallace,527,Germany,Female,44.0,10,136733.24,1,1.0,0.0,57589.29,1
13536,15691823,Cattaneo,607,Spain,Female,26.0,8,102703.62,2,1.0,1.0,179446.31,0
13537,15655252,Hsing,549,Spain,Female,29.0,1,0.0,2,1.0,1.0,176925.69,0
13538,15734058,Anayochukwu,592,Germany,Male,31.0,9,131778.66,1,1.0,1.0,159268.67,0
13539,15757473,Chukwujamuike,578,France,Female,28.0,7,158786.67,1,0.0,1.0,47579.25,0
13540,15772958,McGregor,567,France,Male,43.0,1,0.0,1,0.0,0.0,80553.48,1
13541,15581440,Hsueh,579,France,Male,31.0,6,127559.59,1,1.0,1.0,163783.0,0
13542,15646535,Fanucci,584,France,Male,34.0,4,0.0,3,1.0,0.0,49463.57,0
13543,15813363,Calabrese,726,France,Male,39.0,9,0.0,1,1.0,0.0,97640.2,0
13544,15775430,Tsou,691,Germany,Male,31.0,7,138008.06,2,1.0,0.0,129912.74,0
13545,15737194,Onwumelu,525,France,Female,45.0,3,0.0,1,1.0,1.0,64531.9,1
13546,15793949,T'ang,674,France,Male,46.0,3,91549.74,1,1.0,0.0,131712.52,0
13547,15596984,Pinto,691,France,Female,38.0,3,0.0,2,1.0,1.0,16447.6,0
13548,15735572,Chiedozie,655,France,Male,54.0,5,147733.64,1,1.0,0.0,172668.39,1
13549,15702277,Smith,778,France,Male,33.0,7,0.0,3,1.0,0.0,122996.76,1
13550,15707674,Marino,712,France,Male,58.0,2,131852.81,1,0.0,1.0,81436.68,0
13551,15756901,Pagnotto,699,Spain,Male,49.0,1,0.0,1,1.0,1.0,162961.99,0
13552,15665374,Ku,618,Germany,Male,45.0,6,161802.29,2,1.0,0.0,50839.81,1
13553,15652999,P'eng,589,France,Male,30.0,9,0.0,1,1.0,1.0,136517.33,0
13554,15711314,Kao,589,France,Female,45.0,1,0.0,2,1.0,0.0,125918.17,0
13555,15635964,Summerville,558,Germany,Female,36.0,7,129810.6,1,1.0,1.0,172363.52,0
13556,15614643,Chifo,686,Spain,Female,40.0,7,14262.8,1,1.0,0.0,161937.62,0
13557,15768120,Chukwuebuka,749,Spain,Female,34.0,1,102388.7,1,0.0,1.0,62379.58,0
13558,15742632,Y?,778,Germany,Male,42.0,0,122394.0,1,1.0,1.0,171707.93,1
13559,15715199,Iadanza,707,Spain,Male,40.0,3,123544.0,2,0.0,1.0,70954.41,1
13560,15588854,Tuan,644,Spain,Male,38.0,5,0.0,2,0.0,1.0,143980.29,0
13561,15581526,Calabresi,678,Germany,Male,25.0,3,84445.68,2,1.0,0.0,135815.38,0
13562,15660390,T'ien,685,Germany,Male,36.0,3,128393.68,1,1.0,0.0,95562.83,1
13563,15745804,Ch'ien,825,France,Male,29.0,10,0.0,2,1.0,1.0,31825.84,0
13564,15699415,Udinese,733,France,Female,52.0,5,121533.5,1,1.0,0.0,143656.83,0
13565,15706762,Olejuru,765,Spain,Female,38.0,4,0.0,2,1.0,0.0,83335.78,0
13566,15654574,Ugorji,676,France,Male,39.0,8,0.0,1,1.0,1.0,142903.44,0
13567,15589969,Capon,646,Spain,Female,38.0,1,0.0,1,0.0,0.0,1528.4,0
13568,15579969,Iroawuchi,661,Spain,Male,32.0,6,0.0,2,0.0,1.0,139861.53,0
13569,15599133,Cremonesi,559,France,Female,40.0,9,0.0,2,1.0,0.0,876.34,0
13570,15752991,Zikoranachidimma,659,France,Male,60.0,1,0.0,2,1.0,1.0,73066.92,1
13571,15793413,Olisaemeka,593,Spain,Male,28.0,10,0.0,2,1.0,1.0,166476.29,0
13572,15624343,Chinwemma,447,Germany,Female,45.0,2,127537.43,2,1.0,1.0,128882.53,0
13573,15644438,Tuan,679,France,Male,36.0,5,131259.55,1,1.0,0.0,78955.4,0
13574,15656822,Chiu,543,Spain,Female,19.0,7,0.0,2,1.0,0.0,131300.53,0
13575,15782530,Lucciano,667,France,Male,33.0,2,0.0,1,1.0,0.0,152992.04,0
13576,15759735,K'ung,635,France,Male,34.0,0,108822.0,1,1.0,1.0,153535.24,0
13577,15729224,Tuan,585,France,Male,43.0,2,0.0,2,1.0,1.0,118033.08,0
13578,15642570,Pinto,583,France,Male,40.0,4,0.0,2,0.0,0.0,139919.38,0
13579,15784890,Chiawuotu,735,Germany,Male,42.0,10,102773.15,1,1.0,0.0,146056.29,1
13580,15772991,Ch'ang,705,France,Male,45.0,1,139994.01,1,1.0,1.0,107959.03,0
13581,15662578,P'an,550,France,Female,33.0,9,0.0,2,1.0,1.0,64490.75,0
13582,15773868,Teng,608,France,Male,30.0,4,0.0,2,1.0,0.0,72852.74,0
13583,15701354,Boni,629,France,Female,39.0,1,0.0,2,1.0,0.0,93826.63,0
13584,15731148,Hsiung,607,Spain,Male,32.0,7,0.0,2,1.0,1.0,176903.38,0
13585,15672056,Ts'ui,696,France,Male,38.0,4,0.0,2,1.0,1.0,142839.54,0
13586,15719348,T'ao,628,France,Male,28.0,4,0.0,1,0.0,0.0,164287.86,0
13587,15804586,Iadanza,593,France,Male,51.0,1,113899.54,1,1.0,1.0,172637.93,1
13588,15617482,Milanesi,682,France,Female,52.0,1,0.0,2,1.0,1.0,37240.11,0
13589,15758813,Wright,682,Germany,Male,39.0,6,133050.97,1,1.0,0.0,48869.67,0
13590,15788183,Longo,653,France,Male,48.0,8,0.0,2,1.0,0.0,103764.55,0
13591,15640106,Genovese,774,France,Female,56.0,1,0.0,1,1.0,1.0,54865.92,1
13592,15603096,Grant,638,Germany,Male,25.0,5,122661.39,1,1.0,1.0,65618.01,0
13593,15692404,T'ien,762,Spain,Male,36.0,7,0.0,2,1.0,0.0,145986.55,0
13594,15728505,Y?,575,Germany,Male,49.0,1,141787.31,1,1.0,1.0,134878.19,1
13595,15588923,Murphy,691,France,Female,33.0,10,113743.37,2,1.0,0.0,124625.08,0
13596,15645835,Milani,605,France,Male,32.0,9,0.0,1,1.0,1.0,55724.24,0
13597,15611189,Onwudiwe,489,Germany,Male,42.0,4,93816.7,1,1.0,1.0,172618.52,0
13598,15613656,Nkemakonam,763,France,Female,39.0,9,0.0,2,1.0,0.0,154700.82,0
13599,15738954,Ch'ang,637,Germany,Male,30.0,9,136855.56,1,1.0,1.0,132404.64,0
13600,15661248,Hsia,539,Germany,Male,45.0,3,146033.62,1,1.0,0.0,120107.5,1
13601,15604813,Molineux,571,France,Female,33.0,3,136658.61,1,1.0,0.0,143614.01,0
13602,15659807,Nwachinemelu,682,Spain,Male,41.0,4,109402.13,1,1.0,1.0,66463.62,0
13603,15673747,Okwudilichukwu,699,Spain,Male,40.0,9,91286.51,1,0.0,0.0,76544.9,0
13604,15583499,Lucciano,635,France,Female,30.0,1,153317.94,1,1.0,0.0,171045.65,0
13605,15679992,Obiajulu,767,Spain,Male,45.0,8,0.0,1,1.0,0.0,60905.87,1
13606,15715750,Okeke,687,Germany,Female,39.0,0,113063.83,2,1.0,0.0,53072.49,1
13607,15624188,Ch'ien,580,France,Female,52.0,3,83552.21,1,1.0,1.0,40223.22,0
13608,15724150,Ku,543,Spain,Female,41.0,0,0.0,1,1.0,1.0,170880.93,0
13609,15606944,Hsueh,613,France,Male,34.0,4,94486.22,2,1.0,0.0,157791.62,0
13610,15582358,Maconochie,741,France,Male,61.0,3,0.0,2,0.0,1.0,50368.63,0
13611,15807002,Tretyakova,713,France,Male,21.0,9,81569.13,2,1.0,0.0,127594.29,0
13612,15795895,L?,684,France,Male,33.0,7,0.0,2,1.0,1.0,166984.44,0
13613,15793851,T'ien,641,France,Male,39.0,9,133845.24,1,1.0,0.0,94498.78,0
13614,15707567,Miah,693,France,Male,50.0,1,145338.76,2,0.0,0.0,91936.1,0
13615,15776850,K'ung,659,Spain,Male,39.0,7,0.0,2,1.0,0.0,146851.76,0
13616,15662955,Okwukwe,621,Spain,Female,34.0,2,0.0,2,1.0,1.0,61796.62,1
13617,15752375,Ojiofor,645,France,Male,39.0,8,0.0,2,0.0,1.0,149913.84,0
13618,15754577,Uspensky,718,France,Female,28.0,3,152373.99,1,0.0,1.0,121164.5,0
13619,15635776,Trevisani,686,Germany,Female,43.0,5,154846.24,1,1.0,1.0,151903.6,0
13620,15772798,Fanucci,640,France,Female,43.0,3,0.0,1,0.0,0.0,78700.14,1
13621,15568506,Chukwualuka,743,France,Female,37.0,0,86959.7,1,1.0,0.0,61811.1,0
13622,15603319,Smith,634,France,Female,33.0,2,0.0,2,0.0,1.0,125870.5,0
13623,15718572,Pagnotto,713,France,Male,34.0,7,0.0,2,0.0,0.0,75884.65,0
13624,15772995,De Salis,570,France,Male,47.0,4,0.0,1,0.0,1.0,164768.82,1
13625,15696989,Read,644,France,Female,39.0,2,0.0,2,0.0,0.0,121151.46,0
13626,15720774,Tsou,705,France,Male,36.0,9,0.0,2,0.0,1.0,65618.01,0
13627,15725660,Mills,737,France,Female,36.0,9,80569.73,1,1.0,1.0,78650.95,0
13628,15580953,P'an,562,France,Female,29.0,6,0.0,2,1.0,0.0,27862.58,0
13629,15584776,Ni,730,France,Male,39.0,7,0.0,1,1.0,1.0,85901.09,0
13630,15780362,Ferrari,684,France,Male,49.0,9,119960.29,1,1.0,0.0,103068.22,0
13631,15627999,Kung,692,France,Female,30.0,4,0.0,1,1.0,0.0,83090.35,1
13632,15700801,Nnachetam,599,France,Female,35.0,7,0.0,2,1.0,1.0,95551.22,0
13633,15691387,Johnson,687,France,Female,39.0,1,0.0,2,1.0,0.0,182822.5,0
13634,15615141,Mao,850,Germany,Male,55.0,6,133866.22,2,1.0,1.0,121408.55,1
13635,15651802,Piazza,648,Spain,Male,25.0,3,0.0,2,1.0,0.0,146516.86,0
13636,15668886,Ginn,516,France,Female,37.0,8,0.0,1,1.0,0.0,102073.31,1
13637,15670562,Tikhonov,627,Germany,Female,35.0,5,101979.16,2,0.0,1.0,182867.84,0
13638,15609544,Bell,461,France,Male,32.0,9,127261.39,1,0.0,0.0,105961.56,0
13639,15682563,Cremonesi,681,France,Male,34.0,8,0.0,2,1.0,1.0,141069.43,0
13640,15758813,Godfrey,725,France,Male,38.0,7,58469.37,2,0.0,0.0,64539.64,0
13641,15770030,Fanucci,697,France,Male,39.0,2,0.0,2,1.0,1.0,91574.96,0
13642,15670103,Hsia,564,Germany,Female,40.0,1,111205.85,1,1.0,0.0,102083.02,1
13643,15658852,McGregor,676,Germany,Female,49.0,3,124421.95,1,1.0,0.0,48606.93,1
13644,15592736,Lucchese,551,France,Male,54.0,5,102994.04,2,1.0,1.0,176680.16,0
13645,15669987,P'an,607,France,Male,34.0,3,0.0,1,0.0,0.0,7861.68,0
13646,15615931,Aitken,746,France,Female,37.0,1,0.0,2,1.0,1.0,171039.56,0
13647,15801414,Fomin,578,France,Female,35.0,3,0.0,1,0.0,0.0,144251.38,1
13648,15645103,Chinweike,602,Germany,Female,42.0,6,158414.85,1,1.0,1.0,131886.46,0
13649,15668818,K'ung,684,Spain,Female,40.0,8,0.0,1,0.0,1.0,157567.35,0
13650,15781702,Brookes,733,France,Female,38.0,9,111827.27,2,1.0,1.0,194872.97,0
13651,15655875,T'ien,584,Germany,Female,58.0,4,139959.55,2,1.0,1.0,121299.29,0
13652,15572390,Yudin,757,France,Male,31.0,8,68631.89,1,1.0,1.0,152210.91,0
13653,15737275,Onwumelu,581,Spain,Male,39.0,2,0.0,2,1.0,0.0,175067.43,0
13654,15657321,Milano,850,Germany,Female,31.0,1,148863.31,1,1.0,0.0,91943.94,0
13655,15788118,Pirozzi,485,France,Male,35.0,4,0.0,2,1.0,0.0,56905.38,0
13656,15765650,Pagnotto,506,France,Female,29.0,1,0.0,2,1.0,1.0,125010.24,0
13657,15739223,Pai,688,Spain,Female,29.0,3,0.0,2,1.0,1.0,102195.16,0
13658,15767794,Monds,741,France,Male,28.0,6,0.0,1,0.0,0.0,179291.09,0
13659,15799300,Onyemere,653,Germany,Female,28.0,2,132623.88,1,1.0,0.0,51636.1,0
13660,15668460,Bellucci,466,France,Male,38.0,9,81070.34,2,1.0,1.0,68621.98,0
13661,15574167,Padovano,738,France,Female,27.0,4,0.0,2,1.0,0.0,167313.07,0
13662,15718465,Sadler,739,Germany,Male,54.0,4,121898.82,1,0.0,0.0,167553.06,1
13663,15682523,Ijendu,662,France,Male,44.0,3,0.0,2,1.0,1.0,175314.87,0
13664,15568876,T'ien,775,France,Male,28.0,2,161283.03,1,1.0,0.0,74850.93,0
13665,15782404,Biryukova,727,France,Male,37.0,10,0.0,2,1.0,0.0,170134.87,0
13666,15570002,Dore,807,France,Male,46.0,2,0.0,2,1.0,0.0,88729.84,0
13667,15625698,Zikoranachidimma,527,Spain,Female,30.0,5,153982.16,1,1.0,1.0,184570.97,0
13668,15666823,Nebechi,425,France,Male,40.0,4,0.0,2,1.0,0.0,197226.32,0
13669,15718242,Y?an,634,France,Male,50.0,8,0.0,1,1.0,0.0,185830.73,1
13670,15757871,Hsu,684,Germany,Male,38.0,1,141796.85,2,1.0,1.0,19244.67,0
13671,15806523,Ch'ang,850,Germany,Female,46.0,5,129775.7,1,1.0,0.0,120586.29,1
13672,15653776,Zetticci,668,France,Female,54.0,1,0.0,1,1.0,0.0,161076.92,1
13673,15769005,Manna,828,France,Female,34.0,4,0.0,2,0.0,1.0,49185.57,0
13674,15792934,Ch'iu,539,France,Male,30.0,5,92398.08,1,1.0,1.0,154491.39,0
13675,15782089,Hsing,811,France,Female,39.0,4,0.0,2,1.0,0.0,50457.2,0
13676,15806447,Chiemezie,611,Germany,Female,47.0,2,123331.36,1,0.0,0.0,109843.16,0
13677,15608726,Miracle,663,France,Male,34.0,7,0.0,1,1.0,0.0,166310.82,1
13678,15587584,Nebeuwa,565,Germany,Male,33.0,5,111362.76,2,0.0,0.0,21645.06,0
13679,15589949,Pisano,745,Spain,Male,29.0,4,119961.67,1,1.0,0.0,40333.94,0
13680,15687557,K'ung,730,France,Male,41.0,6,0.0,1,1.0,1.0,162697.54,0
13681,15591711,Hsia,599,France,Male,34.0,8,54980.93,1,1.0,0.0,145700.22,0
13682,15779973,Gibbons,684,Germany,Female,35.0,3,99967.76,1,1.0,0.0,176882.08,1
13683,15628963,Iadanza,645,France,Male,43.0,8,145969.42,1,1.0,0.0,89920.16,0
13684,15768282,Oguejiofor,722,Spain,Male,60.0,9,171671.9,1,0.0,0.0,1801.77,0
13685,15683618,Dyer,727,Germany,Female,57.0,6,122451.46,1,1.0,0.0,15796.66,1
13686,15658432,Freeman,788,France,Male,27.0,6,0.0,1,1.0,1.0,47886.44,0
13687,15571244,Chiemenam,633,France,Female,34.0,3,0.0,1,1.0,1.0,5791.85,0
13688,15644296,Rizzo,598,France,Female,34.0,6,108891.05,1,1.0,1.0,124799.67,0
13689,15720083,Fiorentino,554,France,Male,24.0,8,0.0,2,1.0,0.0,183492.9,0
13690,15772421,Tretiakov,591,Germany,Male,24.0,6,123082.08,1,1.0,1.0,25310.82,0
13691,15578865,Kuo,594,Germany,Male,51.0,2,172325.67,1,0.0,0.0,163714.92,1
13692,15747168,Ives,622,Spain,Female,26.0,8,0.0,2,1.0,1.0,28228.35,0
13693,15643828,McKay,573,Germany,Male,43.0,5,125851.93,1,1.0,1.0,193362.99,1
13694,15713347,Cisneros,646,Spain,Male,36.0,5,139872.81,2,1.0,1.0,183487.98,0
13695,15684318,Fanucci,593,France,Female,25.0,7,0.0,2,1.0,1.0,77500.96,0
13696,15811032,Gambrell,477,Germany,Female,58.0,1,145984.92,1,1.0,0.0,24564.7,1
13697,15705620,Miller,775,France,Male,31.0,5,105599.67,2,1.0,0.0,132404.64,0
13698,15743498,Kao,639,Spain,Female,31.0,2,0.0,2,1.0,0.0,187985.52,0
13699,15641733,Fyodorov,682,Spain,Female,33.0,9,0.0,2,1.0,0.0,143585.29,0
13700,15687558,Aksenov,710,Spain,Female,33.0,2,0.0,2,0.0,1.0,129562.74,0
13701,15644295,Hs?,652,Germany,Female,34.0,2,129255.2,2,0.0,1.0,113428.77,0
13702,15583849,Ts'ai,408,France,Female,34.0,3,0.0,2,0.0,1.0,124874.23,0
13703,15593468,Mancini,661,France,Male,35.0,1,0.0,2,1.0,1.0,186612.47,0
13704,15781574,Tseng,627,France,Female,34.0,1,0.0,2,0.0,1.0,172490.81,0
13705,15621546,Ting,733,France,Male,47.0,2,0.0,1,1.0,1.0,127827.18,0
13706,15742238,Liao,589,Spain,Male,38.0,5,54817.55,1,1.0,1.0,10074.05,0
13707,15631063,Trentino,710,France,Female,33.0,2,0.0,1,1.0,0.0,72945.32,1
13708,15755869,Genovesi,727,France,Male,40.0,10,0.0,2,1.0,1.0,84510.17,1
13709,15640034,Genovesi,700,Germany,Male,40.0,3,121408.64,2,1.0,0.0,152977.54,0
13710,15682084,Lucchese,559,France,Male,36.0,6,0.0,2,1.0,1.0,116848.58,0
13711,15643824,Walker,659,Spain,Male,32.0,3,96858.25,1,1.0,0.0,99505.75,0
13712,15578722,Ni,554,Germany,Male,39.0,8,151391.68,1,1.0,0.0,163295.87,0
13713,15690164,Ponomarev,774,France,Female,37.0,9,0.0,2,1.0,0.0,118711.75,0
13714,15684042,Blair,698,Germany,Female,38.0,0,126428.38,2,0.0,0.0,57850.1,0
13715,15813163,Cremonesi,702,Spain,Male,28.0,1,109159.58,1,0.0,0.0,81433.08,0
13716,15792481,Fanucci,735,Germany,Female,57.0,2,134976.04,1,1.0,0.0,151879.85,1
13717,15616221,Chimaraoke,699,France,Male,44.0,0,158697.61,2,1.0,1.0,107181.22,0
13718,15804815,Obiajulu,576,Spain,Male,41.0,8,0.0,1,1.0,1.0,158891.3,1
13719,15670266,Nwabugwu,684,France,Male,34.0,5,0.0,2,1.0,1.0,79415.68,0
13720,15746338,Ibeabuchi,744,Germany,Female,65.0,3,122773.5,3,1.0,0.0,74838.64,1
13721,15757759,Nucci,637,Spain,Male,36.0,9,0.0,2,1.0,0.0,165082.25,0
13722,15688069,Chuang,678,Germany,Female,36.0,4,156845.64,1,1.0,1.0,51549.94,0
13723,15809872,Ts'ui,619,France,Male,34.0,8,0.0,2,1.0,0.0,55853.51,0
13724,15715184,Czajkowski,584,Spain,Female,48.0,7,0.0,1,1.0,1.0,108699.59,0
13725,15571550,Ejimofor,585,France,Male,43.0,6,91956.5,2,1.0,0.0,115676.54,0
13726,15700325,Onyeoruru,644,France,Female,24.0,8,92760.55,1,1.0,0.0,35896.75,1
13727,15778861,Chiang,531,Spain,Female,41.0,2,122318.13,1,0.0,1.0,63495.85,0
13728,15617538,Nwankwo,556,Spain,Male,40.0,7,0.0,2,1.0,0.0,45038.74,0
13729,15690526,Liao,725,Spain,Male,40.0,3,0.0,2,1.0,0.0,156858.2,0
13730,15740072,Ndukaku,679,Spain,Female,42.0,3,0.0,1,1.0,0.0,173464.6,1
13731,15585427,Gordon,578,France,Female,41.0,9,88980.32,1,1.0,1.0,108500.66,1
13732,15690744,Atherton,636,France,Female,32.0,5,0.0,2,1.0,1.0,143301.49,0
13733,15585067,Hsiao,531,France,Female,38.0,8,0.0,2,1.0,1.0,80552.11,0
13734,15642082,Nnaife,634,France,Male,40.0,1,0.0,2,1.0,1.0,93844.47,0
13735,15714227,Kelly,672,France,Female,53.0,7,0.0,2,1.0,1.0,136910.18,0
13736,15592781,Walker,559,France,Male,40.0,2,0.0,2,1.0,1.0,176843.53,0
13737,15652289,Hargreaves,581,France,Female,37.0,0,0.0,2,1.0,1.0,142995.32,0
13738,15785782,Anderson,671,France,Male,36.0,8,0.0,2,0.0,1.0,152843.53,0
13739,15710853,Kao,607,France,Female,24.0,5,0.0,2,1.0,0.0,116160.04,0
13740,15605698,Brown,733,Germany,Male,33.0,7,106854.21,2,1.0,1.0,151843.54,0
13741,15677908,Ch'en,471,France,Male,57.0,0,152303.8,1,1.0,1.0,88479.02,0
13742,15574886,Palerma,706,France,Male,35.0,6,94486.47,2,1.0,1.0,146949.74,0
13743,15697307,Nnachetam,537,Germany,Male,34.0,10,134571.5,1,1.0,0.0,79078.91,0
13744,15726250,Hsia,762,France,Female,47.0,1,43772.66,3,0.0,1.0,187756.24,1
13745,15592736,Chukwualuka,706,Spain,Male,36.0,3,132406.46,1,1.0,0.0,141446.01,0
13746,15639552,Martin,696,France,Female,36.0,3,125163.62,1,1.0,0.0,93536.38,0
13747,15658614,K?,565,Germany,Female,38.0,8,145400.69,1,1.0,1.0,83844.79,1
13748,15642336,Shaw,669,Germany,Female,40.0,5,139973.65,1,0.0,0.0,64599.64,1
13749,15655952,Chinedum,719,Spain,Male,36.0,5,105770.69,2,1.0,1.0,84421.32,0
13750,15749177,Nwankwo,677,Germany,Female,50.0,7,115587.49,1,1.0,0.0,162858.29,1
13751,15694566,Ndukaku,697,Germany,Female,30.0,10,122295.17,1,1.0,1.0,114565.35,0
13752,15656100,Candler,663,France,Female,49.0,4,167962.7,1,0.0,0.0,140201.21,0
13753,15755739,Chizoba,743,France,Female,21.0,1,123837.76,1,1.0,0.0,171798.74,0
13754,15693462,Lu,754,France,Female,29.0,6,0.0,1,1.0,0.0,113046.31,0
13755,15800856,Tsui,586,Germany,Male,34.0,3,74309.81,2,1.0,1.0,15034.93,0
13756,15667289,Henderson,602,Spain,Male,43.0,2,0.0,2,1.0,0.0,10772.13,0
13757,15762729,Manna,554,Spain,Female,38.0,8,119278.01,2,0.0,1.0,19370.73,0
13758,15728333,Robertson,664,France,Male,34.0,8,0.0,1,1.0,1.0,158043.11,1
13759,15703908,Lucchese,693,Germany,Male,35.0,2,134958.46,2,1.0,1.0,136620.5,0
13760,15567855,O'Donnell,744,France,Female,37.0,6,0.0,2,1.0,1.0,141827.33,0
13761,15751175,Onyemaechi,735,Germany,Male,37.0,6,91536.88,1,0.0,0.0,85421.36,0
13762,15614137,Johnstone,650,France,Male,52.0,3,110148.43,1,1.0,0.0,180344.43,1
13763,15576723,Tung,616,Germany,Male,35.0,1,111677.52,2,1.0,0.0,60905.48,0
13764,15699486,Johnson,745,France,Male,34.0,7,132944.53,1,1.0,1.0,31802.92,0
13765,15652999,Blair,721,Germany,Male,33.0,5,40105.51,1,1.0,1.0,53534.8,0
13766,15713504,Ponomaryova,630,Spain,Female,33.0,2,0.0,2,1.0,0.0,126794.56,0
13767,15631075,Hs?,594,France,Female,34.0,2,0.0,1,1.0,0.0,61936.6,0
13768,15773096,Milani,624,France,Male,50.0,1,0.0,1,1.0,0.0,141364.62,1
13769,15671124,Teng,584,France,Female,47.0,3,118448.15,1,1.0,0.0,102665.92,1
13770,15783030,Hsiung,586,France,Male,35.0,6,0.0,2,0.0,0.0,99504.01,0
13771,15805104,Smith,743,France,Female,38.0,1,0.0,2,1.0,1.0,107867.38,0
13772,15643679,Goliwe,773,France,Male,28.0,2,0.0,2,1.0,1.0,179252.73,0
13773,15589437,Davide,784,France,Male,31.0,7,0.0,1,0.0,1.0,143204.41,1
13774,15624397,Chikere,781,France,Male,29.0,10,0.0,2,0.0,0.0,172097.4,0
13775,15754919,Nwebube,597,France,Female,40.0,10,0.0,2,0.0,0.0,69303.15,0
13776,15722692,Kazakova,683,France,Female,39.0,5,130929.02,1,1.0,1.0,171716.81,0
13777,15742238,Maclean,539,France,Male,49.0,2,0.0,2,1.0,0.0,126792.79,1
13778,15751120,Loyau,609,France,Male,36.0,3,0.0,2,1.0,0.0,124354.92,0
13779,15629150,T'ien,697,Spain,Male,40.0,8,0.0,2,1.0,1.0,125437.54,0
13780,15812197,Chikere,850,France,Male,38.0,7,80293.98,1,0.0,0.0,126555.74,0
13781,15588880,Brown,478,France,Female,26.0,4,0.0,2,1.0,1.0,163540.68,0
13782,15792467,Onyemere,681,France,Male,32.0,7,90450.0,1,1.0,1.0,147715.83,0
13783,15718247,Ku,535,France,Female,52.0,2,0.0,2,0.0,0.0,92357.21,1
13784,15771750,Onyemauchechukwu,678,France,Female,30.0,9,0.0,1,1.0,0.0,82522.61,0
13785,15598086,Onyemauchechukwu,691,Spain,Male,33.0,3,0.0,2,0.0,0.0,139048.0,0
13786,15780134,Bage,585,Spain,Female,42.0,2,161382.08,1,1.0,0.0,71249.61,0
13787,15656829,Nnaife,682,France,Male,71.0,1,0.0,2,1.0,1.0,121551.93,0
13788,15697900,Martin,738,Spain,Female,26.0,5,0.0,2,1.0,1.0,138770.79,0
13789,15759555,Murphy,658,Spain,Male,41.0,6,0.0,2,1.0,0.0,134272.57,0
13790,15727696,Jackson,845,France,Female,37.0,9,0.0,2,1.0,0.0,194273.2,0
13791,15810732,Grant,685,France,Male,35.0,8,148749.29,2,0.0,0.0,91830.75,0
13792,15611021,Udegbulam,765,Germany,Male,41.0,8,99705.55,1,1.0,0.0,79706.55,0
13793,15583764,Fiorentino,698,Germany,Male,46.0,9,140137.15,1,0.0,0.0,125870.5,1
13794,15733247,Lettiere,567,France,Male,36.0,0,124182.14,2,1.0,1.0,171021.44,0
13795,15761854,Nkemdilim,553,Spain,Female,32.0,6,0.0,2,0.0,1.0,82868.03,0
13796,15616365,Nebechukwu,651,Germany,Female,22.0,9,139432.55,1,1.0,1.0,72467.99,1
13797,15731815,Bellucci,479,France,Male,32.0,0,0.0,2,1.0,1.0,136846.75,0
13798,15779414,Yobanna,850,France,Male,38.0,5,0.0,1,1.0,0.0,124749.05,1
13799,15587574,Palerma,695,Spain,Male,34.0,5,0.0,2,1.0,0.0,38190.78,0
13800,15611800,Loggia,628,France,Male,32.0,3,0.0,2,0.0,1.0,151411.5,0
13801,15768387,Nott,679,Germany,Female,36.0,6,109471.79,1,0.0,0.0,45422.89,0
13802,15632848,Dyer,695,France,Male,34.0,6,0.0,2,1.0,0.0,129826.89,0
13803,15773439,Chu,683,France,Male,69.0,4,0.0,2,1.0,1.0,153391.38,0
13804,15718289,Baresi,663,France,Female,31.0,3,0.0,1,1.0,0.0,121175.84,1
13805,15800811,Nwokezuike,745,Spain,Male,26.0,1,0.0,1,1.0,0.0,164064.8,1
13806,15712199,Ijendu,655,Germany,Female,61.0,2,183997.7,1,1.0,1.0,161217.18,1
13807,15644724,Fan,472,France,Male,31.0,8,0.0,2,1.0,0.0,73322.0,0
13808,15597910,Estep,721,France,Male,40.0,3,0.0,2,1.0,1.0,169303.51,0
13809,15603088,Hsia,584,France,Female,52.0,9,0.0,1,1.0,0.0,172049.84,1
13810,15591477,Manna,651,France,Female,47.0,7,0.0,2,1.0,1.0,79928.15,0
13811,15659355,McKenzie,622,Spain,Male,32.0,6,123912.78,2,1.0,1.0,146636.44,0
13812,15674551,Onwuamaeze,590,France,Female,31.0,1,82674.15,1,1.0,0.0,67431.28,0
13813,15778515,Kornilova,649,France,Male,38.0,3,160956.88,1,0.0,1.0,183535.13,0
13814,15725776,Hsia,615,France,Male,31.0,5,127773.39,1,1.0,0.0,182270.24,0
13815,15662033,Y?,648,France,Male,34.0,9,131290.37,1,1.0,0.0,181430.91,0
13816,15795963,K?,543,France,Male,30.0,6,77967.5,1,1.0,1.0,131778.58,0
13817,15651349,Ch'iu,707,France,Female,34.0,1,138082.07,1,0.0,1.0,179964.55,0
13818,15674000,Cattaneo,702,Germany,Male,26.0,9,104552.72,2,0.0,1.0,166707.22,0
13819,15641850,Onyekachi,704,France,Male,32.0,5,126418.14,1,1.0,0.0,149614.17,0
13820,15633574,Oguejiofor,695,Spain,Male,46.0,9,0.0,1,1.0,1.0,172571.35,1
13821,15761723,Hughes,529,France,Male,66.0,10,0.0,1,1.0,1.0,183712.04,1
13822,15585901,Bruno,793,Spain,Female,35.0,1,0.0,3,1.0,0.0,145524.36,1
13823,15740283,Ewing,623,France,Male,50.0,4,0.0,2,1.0,0.0,152996.89,0
13824,15808868,Nwokeocha,665,Germany,Female,28.0,3,103653.51,2,1.0,0.0,136846.75,0
13825,15593776,Onyemauchechukwu,516,Spain,Male,41.0,7,0.0,1,1.0,1.0,51695.41,0
13826,15684958,Trevisano,667,France,Male,26.0,4,0.0,2,1.0,1.0,149913.94,0
13827,15602844,Niu,667,Germany,Female,38.0,3,97459.06,1,0.0,0.0,189175.71,1
13828,15608886,Ch'ang,726,Germany,Male,40.0,5,93867.19,2,1.0,0.0,71811.9,0
13829,15788659,Howells,590,France,Male,29.0,4,0.0,2,1.0,1.0,137537.22,0
13830,15674551,Nnonso,693,Spain,Female,32.0,4,0.0,2,1.0,1.0,173632.92,0
13831,15638355,Hs?,714,France,Female,34.0,0,0.0,3,1.0,1.0,95829.17,0
13832,15761168,Manna,635,France,Female,32.0,4,0.0,2,1.0,0.0,137898.57,0
13833,15612139,Milano,592,France,Female,36.0,2,0.0,2,1.0,0.0,67976.57,0
13834,15756305,Kolesnikov,764,France,Male,44.0,8,72012.76,1,1.0,0.0,52323.87,0
13835,15592028,Hsing,651,France,Male,37.0,9,0.0,2,1.0,1.0,50783.1,0
13836,15642785,Kao,724,France,Female,35.0,5,0.0,2,1.0,1.0,62700.51,0
13837,15781272,Hsu,753,Germany,Male,36.0,1,96152.68,2,0.0,1.0,171413.66,0
13838,15604544,Hs?,724,Spain,Male,32.0,8,138577.34,1,1.0,1.0,169920.92,0
13839,15805764,Dickson,581,France,Male,28.0,7,0.0,2,1.0,0.0,92664.09,0
13840,15691726,Chukwuebuka,643,France,Male,45.0,2,65971.05,1,1.0,0.0,124796.92,0
13841,15750728,Kaur,686,Spain,Female,42.0,2,0.0,1,1.0,0.0,102889.34,1
13842,15568506,Forbes,572,Germany,Female,31.0,10,67238.98,1,1.0,1.0,161811.23,0
13843,15709780,Azuka,556,France,Male,37.0,1,0.0,2,1.0,1.0,67740.08,0
13844,15645569,Cattaneo,755,Spain,Female,24.0,6,123709.46,2,1.0,1.0,169654.57,0
13845,15672905,Sani,554,France,Female,33.0,7,0.0,2,0.0,1.0,163563.07,0
13846,15800116,Bowman,738,Germany,Male,47.0,4,145605.44,1,1.0,0.0,93883.53,1
13847,15581279,Mazzanti,696,France,Female,36.0,8,0.0,2,1.0,1.0,176712.08,0
13848,15678720,Evans,741,France,Female,49.0,8,0.0,2,1.0,1.0,190534.76,0
13849,15689412,Hs?,639,France,Female,64.0,2,0.0,1,1.0,1.0,133871.83,1
13850,15653857,T'ien,771,Germany,Male,28.0,10,156067.05,2,1.0,1.0,152567.62,0
13851,15653773,Shaw,457,France,Female,38.0,7,152899.24,1,1.0,0.0,163327.27,0
13852,15691627,Chukwudi,444,France,Female,36.0,9,122522.32,1,1.0,0.0,138743.86,0
13853,15567860,Chukwualuka,850,Spain,Male,41.0,2,0.0,2,1.0,1.0,132708.95,0
13854,15773322,Obiajulu,718,France,Male,48.0,6,0.0,2,1.0,1.0,72105.63,0
13855,15640855,Yudin,615,Spain,Male,47.0,3,121164.19,1,1.0,0.0,181429.86,1
13856,15657349,Hamilton,491,France,Female,36.0,0,53369.13,1,0.0,1.0,103934.12,0
13857,15572051,Kennedy,720,France,Male,41.0,7,0.0,1,1.0,1.0,144874.67,1
13858,15570947,Chidubem,653,France,Female,40.0,8,120811.42,1,1.0,0.0,136812.49,1
13859,15693764,Carr,771,Germany,Female,48.0,6,135290.42,2,1.0,1.0,72985.61,0
13860,15795586,Hao,686,France,Male,41.0,1,92474.05,1,1.0,0.0,178626.07,1
13861,15604732,Brown,651,France,Male,29.0,7,0.0,1,0.0,1.0,70928.96,0
13862,15607577,Roberts,678,Spain,Male,28.0,8,0.0,1,1.0,1.0,188007.99,0
13863,15632859,Pirozzi,577,France,Male,26.0,7,131394.76,1,1.0,0.0,175043.94,0
13864,15672327,Walker,648,Germany,Male,33.0,9,164848.31,1,1.0,0.0,108891.81,0
13865,15703059,Scott,526,Germany,Female,34.0,6,125552.96,1,0.0,1.0,96.27,0
13866,15735263,Teng,526,Germany,Female,34.0,2,128393.29,1,1.0,0.0,198269.08,0
13867,15805627,Uchechukwu,642,France,Male,37.0,5,0.0,2,1.0,0.0,110784.42,0
13868,15699005,Fomin,726,Spain,Male,28.0,9,0.0,2,1.0,0.0,63795.8,0
13869,15669945,T'ien,662,France,Male,37.0,3,0.0,2,1.0,0.0,171364.18,0
13870,15569706,Ch'in,742,Spain,Male,31.0,7,175735.5,1,1.0,0.0,159638.85,0
13871,15763083,Lo,850,Germany,Female,53.0,3,115462.07,2,0.0,1.0,125710.63,1
13872,15669411,K'ung,696,France,Male,41.0,1,0.0,2,1.0,1.0,38019.74,0
13873,15720354,T'ao,669,France,Female,35.0,4,0.0,2,1.0,0.0,151671.19,0
13874,15714057,Ch'ang,537,France,Male,31.0,7,133871.97,1,0.0,0.0,59887.15,0
13875,15695034,Lo Duca,644,France,Male,33.0,8,96659.64,1,1.0,1.0,138775.69,0
13876,15663933,Jamieson,625,Germany,Female,35.0,5,86147.46,1,1.0,0.0,163440.8,1
13877,15600651,White,597,France,Female,71.0,8,0.0,1,0.0,1.0,176712.59,0
13878,15790744,Nash,850,France,Male,32.0,9,0.0,1,1.0,1.0,92748.16,0
13879,15589949,Aksenov,826,Spain,Male,28.0,4,0.0,2,1.0,1.0,178798.13,0
13880,15606849,Chiawuotu,613,Germany,Female,37.0,6,126670.37,1,1.0,0.0,164064.44,1
13881,15774772,Y?an,712,Spain,Male,42.0,3,81643.76,2,1.0,1.0,121072.6,0
13882,15766064,Chukwuebuka,516,France,Male,38.0,7,0.0,2,1.0,1.0,65801.49,0
13883,15812918,Martin,602,Spain,Female,33.0,9,0.0,1,0.0,0.0,89519.47,1
13884,15800434,Chiu,743,Germany,Male,43.0,6,140576.11,1,1.0,0.0,46630.47,1
13885,15797764,Hs?eh,729,Germany,Female,43.0,6,129668.81,1,1.0,0.0,143980.33,1
13886,15662091,Chukwueloka,720,Germany,Female,41.0,5,107604.66,2,1.0,1.0,82900.25,0
13887,15790455,Palerma,703,France,Male,72.0,4,0.0,1,1.0,1.0,8908.0,0
13888,15589430,Pirozzi,756,France,Female,44.0,4,0.0,2,1.0,1.0,85890.27,0
13889,15586310,Hill,658,Spain,Female,41.0,8,102870.93,1,1.0,1.0,147720.27,0
13890,15664772,Pinto,593,France,Female,37.0,3,0.0,2,1.0,0.0,25669.1,0
13891,15621021,Mistry,575,Germany,Female,37.0,10,57568.94,1,1.0,1.0,63452.18,1
13892,15685768,Nkemjika,578,France,Male,27.0,5,0.0,2,1.0,0.0,175743.92,0
13893,15611961,Teng,582,Spain,Female,33.0,7,0.0,2,0.0,0.0,176713.47,0
13894,15763980,Onyemauchechukwu,611,France,Female,39.0,6,0.0,2,0.0,0.0,181694.44,0
13895,15684921,Chiang,687,Germany,Female,38.0,1,108345.69,1,1.0,0.0,152852.24,1
13896,15690130,Wyatt,680,France,Female,32.0,7,116120.19,1,0.0,1.0,195638.13,0
13897,15746802,Macdonald,477,France,Male,30.0,4,131286.46,2,0.0,1.0,194144.45,0
13898,15646091,Macgroarty,684,Spain,Male,38.0,1,143001.5,1,1.0,1.0,79649.62,0
13899,15647975,Chiu,565,Germany,Male,61.0,3,135827.33,1,1.0,1.0,134720.51,0
13900,15777315,Nkemdilim,624,France,Male,35.0,10,0.0,1,1.0,1.0,43801.65,0
13901,15658852,Ts'ui,706,Germany,Female,29.0,5,123870.07,1,1.0,1.0,131287.96,0
13902,15651533,L?,825,France,Female,39.0,7,0.0,2,1.0,0.0,156917.39,0
13903,15567246,Udegbunam,805,Spain,Female,57.0,7,0.0,2,1.0,1.0,152855.96,0
13904,15608528,Maclean,683,France,Female,51.0,7,0.0,2,1.0,1.0,86937.8,0
13905,15783522,Mitchell,738,Spain,Female,37.0,6,100565.94,1,1.0,0.0,128745.69,0
13906,15702801,Onyekaozulu,629,Spain,Female,37.0,3,0.0,2,1.0,1.0,143096.49,0
13907,15671148,Chukwubuikem,596,Germany,Male,41.0,2,114212.22,1,1.0,1.0,171365.57,0
13908,15785815,Obidimkpa,832,Spain,Male,33.0,6,115101.5,2,1.0,0.0,167924.36,0
13909,15769948,Palerma,681,Germany,Female,35.0,0,133377.8,1,1.0,0.0,64050.19,0
13910,15775131,Cattaneo,589,France,Female,36.0,4,0.0,1,1.0,1.0,26342.33,0
13911,15636396,Hao,686,Spain,Male,30.0,8,0.0,2,1.0,1.0,92647.96,0
13912,15704960,Mazzi,850,France,Female,41.0,2,0.0,2,1.0,1.0,69381.09,0
13913,15805025,Oster,636,France,Female,45.0,7,139859.23,1,0.0,0.0,108402.54,0
13914,15641640,Mazzanti,696,Spain,Male,29.0,9,0.0,2,0.0,1.0,180329.83,0
13915,15763415,Ch'en,636,Spain,Male,33.0,2,121898.58,1,1.0,1.0,117831.2,0
13916,15572547,Niu,599,France,Female,59.0,4,0.0,1,1.0,0.0,172531.23,1
13917,15737605,T'ien,584,France,Male,38.0,2,0.0,2,0.0,0.0,138700.91,0
13918,15681126,Baker,702,Spain,Female,38.0,10,0.0,1,1.0,1.0,161888.63,0
13919,15589257,Smith,581,France,Male,50.0,5,0.0,2,1.0,0.0,96433.38,1
13920,15656471,Nkemakolam,707,France,Female,29.0,2,0.0,2,1.0,1.0,125445.6,0
13921,15685997,Chizuoke,831,Spain,Male,39.0,5,0.0,2,1.0,0.0,14279.44,0
13922,15759274,Micklem,731,France,Female,40.0,10,0.0,2,1.0,1.0,151815.76,0
13923,15784092,Cameron,717,France,Female,40.0,7,0.0,1,1.0,0.0,141860.62,1
13924,15670584,Nkemakolam,646,France,Female,35.0,2,0.0,2,1.0,1.0,170821.43,0
13925,15640507,Li,758,Spain,Female,34.0,3,119785.47,3,1.0,0.0,77965.44,1
13926,15648735,Pokrovskaya,719,France,Male,45.0,9,0.0,2,0.0,0.0,184474.72,0
13927,15631870,Robertson,595,Spain,Male,57.0,6,107065.31,1,1.0,0.0,5104.08,1
13928,15772381,Macdonald,628,Spain,Male,48.0,8,0.0,2,1.0,1.0,181449.19,0
13929,15667938,T'ien,729,France,Male,38.0,5,0.0,2,1.0,0.0,48990.5,0
13930,15784594,Raff,809,Germany,Male,41.0,10,131341.53,1,1.0,0.0,88837.11,0
13931,15790594,Bednall,535,France,Female,57.0,6,0.0,1,1.0,0.0,49775.58,1
13932,15684461,Lai,708,France,Female,25.0,4,96486.57,1,1.0,0.0,26318.73,0
13933,15651335,Gant,706,Spain,Male,29.0,8,0.0,2,1.0,0.0,88669.67,0
13934,15585961,O'Donnell,627,France,Male,32.0,8,0.0,2,0.0,0.0,152880.93,0
13935,15740165,Milanesi,556,France,Male,34.0,7,0.0,2,1.0,1.0,102631.08,0
13936,15629448,Pirozzi,746,France,Female,62.0,6,0.0,2,1.0,1.0,155796.49,0
13937,15718057,Hsueh,651,France,Male,41.0,5,0.0,1,1.0,1.0,180712.38,0
13938,15792913,Sagese,714,France,Male,34.0,7,0.0,3,1.0,1.0,73946.38,1
13939,15726310,Genovese,653,France,Male,27.0,6,93522.2,1,1.0,1.0,96429.29,0
13940,15578865,Palerma,608,Germany,Female,38.0,3,135071.12,1,1.0,1.0,60941.27,0
13941,15771873,T'ao,683,France,Female,52.0,1,0.0,1,1.0,0.0,131300.28,1
13942,15643752,Buccho,850,Germany,Female,37.0,4,154309.67,1,1.0,0.0,136934.91,0
13943,15759872,Hsiao,627,France,Male,32.0,5,0.0,2,0.0,1.0,73073.38,0
13944,15570060,Ch'in,696,Germany,Female,36.0,2,110666.42,2,1.0,1.0,124906.46,0
13945,15618695,Brown,571,Spain,Female,22.0,3,0.0,2,1.0,0.0,53328.7,0
13946,15741032,Tsao,591,France,Male,38.0,9,0.0,1,1.0,0.0,117830.57,0
13947,15732334,Black,607,France,Female,27.0,0,0.0,2,1.0,0.0,35795.85,0
13948,15812422,Ugorji,637,France,Male,41.0,2,0.0,2,1.0,1.0,102515.42,0
13949,15756871,Lucchesi,565,France,Female,43.0,1,0.0,1,1.0,0.0,132973.17,1
13950,15761775,Tuan,687,France,Female,28.0,6,0.0,1,1.0,0.0,148770.86,0
13951,15676521,Hs?,651,France,Female,41.0,4,74596.15,1,1.0,0.0,180595.02,0
13952,15717185,Palermo,662,France,Female,31.0,4,0.0,2,1.0,0.0,143463.28,0
13953,15674765,Mazzi,584,France,Male,61.0,2,0.0,2,1.0,1.0,167035.07,0
13954,15589358,Stanley,637,Germany,Male,30.0,4,90018.45,2,1.0,0.0,193132.98,0
13955,15656096,Chukwuraenye,753,Germany,Female,39.0,2,116712.54,1,1.0,0.0,166943.51,0
13956,15572390,Pisano,667,France,Male,38.0,1,0.0,2,1.0,1.0,64872.33,0
13957,15650538,Beavers,671,France,Male,19.0,9,0.0,1,0.0,0.0,167087.34,0
13958,15758702,Watson,705,Spain,Male,36.0,8,0.0,2,1.0,0.0,14392.68,0
13959,15690796,Hightower,815,France,Male,33.0,8,0.0,2,1.0,0.0,133570.78,0
13960,15594895,Nucci,676,Spain,Male,32.0,4,111837.95,1,1.0,1.0,131905.96,0
13961,15586517,Trevisano,659,Spain,Female,61.0,4,0.0,1,1.0,0.0,182336.63,1
13962,15571843,Lawrence,486,Spain,Female,24.0,1,0.0,1,1.0,0.0,98802.76,0
13963,15761047,Chioke,683,France,Female,33.0,2,0.0,2,0.0,1.0,11783.1,0
13964,15622003,Onyemauchechukwu,689,France,Female,29.0,5,0.0,2,0.0,0.0,65832.3,0
13965,15626135,Iadanza,725,France,Female,42.0,3,0.0,1,1.0,0.0,133672.61,1
13966,15705544,Hsiung,711,France,Male,39.0,2,88915.85,1,1.0,0.0,46632.87,0
13967,15566543,Wallace,632,Spain,Male,29.0,9,0.0,2,1.0,0.0,107124.17,0
13968,15685920,Ch'iu,656,Germany,Male,39.0,10,115062.61,2,1.0,0.0,154598.58,0
13969,15705620,Lori,764,France,Male,35.0,6,94443.77,1,1.0,1.0,120586.32,0
13970,15567339,Chukwuhaenye,469,France,Male,38.0,0,124773.33,1,1.0,0.0,114852.76,1
13971,15645323,Hsiung,603,Germany,Female,31.0,4,135842.89,2,1.0,1.0,82422.91,0
13972,15706729,Hsiao,537,France,Male,29.0,5,0.0,1,1.0,0.0,9904.63,1
13973,15680303,Creswell,472,France,Female,33.0,5,150795.81,1,1.0,0.0,153980.35,1
13974,15792028,Nnanna,705,France,Female,39.0,1,0.0,2,1.0,0.0,171378.77,1
13975,15783882,Daly,584,France,Female,41.0,3,0.0,1,0.0,1.0,92914.67,0
13976,15623596,Palerma,694,Spain,Male,32.0,6,101090.23,1,1.0,1.0,171490.66,0
13977,15673971,Yuryeva,617,Germany,Female,28.0,7,146498.76,1,1.0,0.0,53954.24,0
13978,15786993,Yeh,810,France,Male,51.0,6,0.0,2,0.0,1.0,184524.74,0
13979,15790846,Teng,775,France,Female,36.0,7,0.0,1,1.0,1.0,136540.09,0
13980,15634602,Fanucci,617,France,Female,34.0,7,132351.29,1,1.0,0.0,104610.86,0
13981,15591550,Tretiakova,633,Germany,Female,55.0,7,135096.77,1,0.0,0.0,143635.01,1
13982,15800793,Chu,691,France,Male,33.0,0,91547.76,1,1.0,0.0,185591.34,0
13983,15733429,Chou,520,Germany,Female,34.0,8,120018.86,2,1.0,0.0,343.38,0
13984,15643487,Sal,585,Spain,Female,40.0,1,0.0,1,1.0,1.0,75503.6,0
13985,15762927,Rios,558,Spain,Female,46.0,9,0.0,1,1.0,0.0,49284.0,1
13986,15687648,Nicholson,725,France,Male,28.0,3,0.0,2,0.0,0.0,92865.41,0
13987,15799479,Manna,757,France,Female,27.0,5,122521.18,1,1.0,0.0,173365.57,0
13988,15739123,Hs?,651,Germany,Female,29.0,6,134946.07,1,1.0,1.0,102908.49,1
13989,15752815,Lucciano,828,Germany,Male,29.0,4,124495.98,2,1.0,1.0,106851.7,0
13990,15782955,Mazzi,676,Spain,Female,39.0,10,0.0,2,1.0,1.0,103795.85,0
13991,15794510,Udegbunam,719,Germany,Female,35.0,8,131778.66,2,0.0,1.0,93922.84,1
13992,15713655,Calabrese,720,France,Male,59.0,10,0.0,1,1.0,1.0,56229.72,1
13993,15617538,Nwankwo,634,Spain,Male,79.0,2,0.0,2,1.0,1.0,161579.85,0
13994,15730287,Wilson,850,Germany,Male,44.0,1,111096.91,1,0.0,0.0,76611.12,1
13995,15803764,Galkin,745,France,Male,31.0,8,113680.53,1,1.0,1.0,121851.9,0
13996,15655658,Ts'ui,613,Germany,Male,38.0,9,120599.13,1,1.0,1.0,111249.35,0
13997,15750811,Shao,758,France,Female,36.0,1,0.0,2,1.0,1.0,171657.57,0
13998,15675320,Hsiao,603,Germany,Male,33.0,1,173340.83,1,1.0,0.0,162511.55,0
13999,15651802,Chukwuemeka,637,France,Male,27.0,1,0.0,2,1.0,0.0,28332.0,0
14000,15662488,Shih,692,Spain,Female,37.0,1,0.0,2,1.0,1.0,121249.43,0
14001,15813912,Ts'ai,749,France,Male,51.0,6,0.0,1,1.0,1.0,92783.72,0
14002,15795564,Clements,786,France,Female,37.0,8,0.0,2,0.0,1.0,54473.8,0
14003,15566988,Udokamma,696,Germany,Male,64.0,5,129742.75,2,0.0,1.0,119899.02,0
14004,15746495,Pisani,668,Spain,Female,38.0,7,0.0,2,1.0,1.0,172676.08,0
14005,15788189,Chia,627,Germany,Male,32.0,2,127258.73,2,1.0,0.0,172782.69,0
14006,15808849,Nnachetam,561,France,Female,29.0,4,0.0,2,0.0,0.0,157959.02,0
14007,15639303,Chiu,679,France,Male,45.0,6,68439.67,1,1.0,0.0,172586.53,0
14008,15588518,Onwuamaeze,524,France,Male,34.0,8,128747.69,2,1.0,1.0,54869.54,0
14009,15744327,Chibuzo,743,France,Female,37.0,2,143325.68,1,1.0,0.0,166678.01,0
14010,15673539,Shih,586,France,Male,37.0,9,0.0,2,1.0,1.0,81633.57,0
14011,15746986,Frolov,707,France,Male,37.0,1,0.0,2,1.0,1.0,170980.86,0
14012,15802570,Kibble,653,France,Male,32.0,9,0.0,2,0.0,1.0,76619.48,0
14013,15600882,Scott,616,France,Female,35.0,7,0.0,2,1.0,0.0,64443.75,0
14014,15641662,Uspenskaya,832,Spain,Male,69.0,1,27288.43,1,1.0,1.0,193441.23,0
14015,15683553,O'Brien,788,France,Female,36.0,5,0.0,2,1.0,0.0,116978.19,0
14016,15804787,Ch'in,754,Germany,Female,47.0,6,94970.82,2,1.0,1.0,67788.49,0
14017,15644296,Chuang,637,France,Male,50.0,4,106831.8,1,0.0,0.0,166674.12,1
14018,15731569,P'eng,573,Spain,Female,33.0,4,0.0,1,1.0,0.0,122964.14,0
14019,15597536,Fanucci,692,Spain,Male,41.0,2,0.0,2,1.0,0.0,181224.56,0
14020,15609804,Hyde,688,France,Female,24.0,2,0.0,2,1.0,1.0,154695.57,0
14021,15634281,Chin,556,France,Female,43.0,9,110824.52,1,1.0,0.0,172576.43,1
14022,15619529,Ndukaku,579,France,Male,22.0,9,0.0,1,1.0,0.0,95985.64,0
14023,15798053,Nnachetam,707,France,Male,32.0,4,92053.0,1,1.0,0.0,126475.79,0
14024,15586310,Ting,578,France,Male,30.0,4,169462.09,1,1.0,0.0,112187.11,1
14025,15802486,Folliero,667,France,Female,36.0,0,0.0,1,1.0,0.0,120870.77,0
14026,15652030,Hs?,662,Germany,Female,42.0,9,90540.1,2,0.0,1.0,75787.63,0
14027,15642934,Tsai,639,France,Female,42.0,7,0.0,2,1.0,1.0,105206.48,0
14028,15761606,Brown,586,Spain,Female,36.0,2,0.0,2,1.0,1.0,184474.15,0
14029,15766887,Ch'ang,653,Spain,Male,38.0,7,126681.71,4,0.0,0.0,141249.96,1
14030,15625494,L?,584,France,Female,37.0,6,0.0,1,1.0,1.0,82222.86,1
14031,15671091,Onyemere,709,Spain,Female,42.0,6,0.0,1,1.0,0.0,126822.28,1
14032,15704763,Chifley,578,France,Female,38.0,1,110112.54,2,0.0,1.0,58855.85,0
14033,15688071,Trevisano,681,Germany,Male,38.0,2,100359.44,1,0.0,1.0,54474.52,0
14034,15682467,Chia,633,Germany,Female,39.0,3,103362.14,1,1.0,0.0,139048.0,1
14035,15587959,Chiazagomekpere,586,Germany,Female,50.0,9,122224.14,1,0.0,0.0,59103.13,1
14036,15794396,Newbold,731,Germany,Female,38.0,7,174937.64,1,1.0,0.0,40084.32,0
14037,15679983,Toscani,708,Spain,Male,39.0,9,0.0,1,1.0,0.0,72746.56,0
14038,15707634,Lo Duca,682,France,Female,47.0,4,153600.38,2,1.0,1.0,70783.62,0
14039,15648890,McLean,572,France,Male,36.0,2,0.0,1,1.0,0.0,1375.54,0
14040,15570073,Walker,850,Spain,Male,43.0,9,0.0,2,1.0,1.0,43486.77,0
14041,15788367,Genovese,554,France,Male,43.0,3,140931.57,1,0.0,0.0,88279.6,0
14042,15671973,Chukwuemeka,844,Spain,Male,39.0,6,0.0,1,1.0,0.0,7415.96,1
14043,15576085,Gentry,667,Germany,Male,50.0,1,106854.21,3,0.0,1.0,116885.59,1
14044,15661936,Chikelu,677,France,Male,31.0,5,0.0,1,1.0,1.0,23054.51,0
14045,15652627,Ting,678,France,Male,38.0,5,0.0,2,1.0,1.0,166476.97,0
14046,15742285,Andersen,579,France,Male,62.0,6,118756.62,1,1.0,1.0,20367.68,1
14047,15646302,Ewing,745,France,Male,31.0,4,105261.76,2,1.0,0.0,130664.79,0
14048,15570086,Fiorentino,516,France,Male,30.0,7,0.0,3,1.0,0.0,162599.1,0
14049,15654457,Lo,730,Spain,Female,43.0,2,0.0,2,1.0,1.0,149550.95,0
14050,15813504,Onyemachukwu,543,Germany,Female,25.0,7,146566.01,1,0.0,1.0,161407.48,0
14051,15655648,Yobanna,713,France,Male,31.0,10,0.0,1,1.0,1.0,161647.13,0
14052,15589725,Zubarev,740,France,Female,51.0,4,0.0,2,1.0,0.0,178929.84,0
14053,15732265,Obialo,748,France,Female,37.0,2,0.0,2,1.0,0.0,64804.59,0
14054,15642710,K?,671,France,Female,34.0,6,0.0,2,1.0,0.0,172495.81,0
14055,15583392,Maclean,651,France,Female,37.0,5,0.0,1,1.0,1.0,131736.23,1
14056,15737509,P'eng,648,France,Female,26.0,8,0.0,2,1.0,0.0,180318.6,0
14057,15806959,Oluchukwu,718,Spain,Male,35.0,5,136913.57,1,1.0,0.0,99294.22,0
14058,15729956,Chizoba,683,Spain,Male,33.0,3,0.0,2,0.0,0.0,189159.97,0
14059,15796957,Zhdanova,675,France,Male,25.0,3,0.0,2,0.0,0.0,187048.72,0
14060,15670753,Gentry,648,France,Female,52.0,9,0.0,1,1.0,0.0,173912.29,1
14061,15580149,Trevisani,564,France,Male,30.0,3,0.0,2,1.0,1.0,171060.01,0
14062,15609545,Fleming,628,France,Male,43.0,4,125547.53,2,1.0,1.0,173844.89,1
14063,15682541,McClemans,540,France,Male,67.0,2,0.0,2,1.0,1.0,59457.0,0
14064,15675431,Chidimma,563,France,Female,34.0,6,0.0,2,1.0,0.0,36536.93,0
14065,15753837,K?,676,France,Female,31.0,3,0.0,2,1.0,0.0,102640.25,0
14066,15723320,McEwan,651,France,Female,42.0,9,0.0,3,1.0,0.0,178393.68,1
14067,15645572,Calabresi,717,Spain,Male,28.0,4,0.0,2,1.0,1.0,176924.21,0
14068,15619932,Lombardo,663,France,Male,30.0,3,0.0,1,1.0,1.0,86350.97,0
14069,15758831,Kable,800,Germany,Male,32.0,7,108007.36,1,0.0,0.0,47161.25,0
14070,15772073,Hodge,664,France,Male,47.0,10,0.0,1,1.0,0.0,140173.17,1
14071,15693906,Yobachi,537,Germany,Female,25.0,7,133656.01,2,1.0,0.0,83022.91,0
14072,15570194,Nwokeocha,695,France,Male,27.0,9,0.0,2,1.0,0.0,130114.86,0
14073,15715707,Bage,528,Spain,Male,34.0,6,0.0,2,0.0,0.0,175074.29,0
14074,15647896,Hs?,648,France,Male,30.0,1,0.0,2,0.0,1.0,132404.64,0
14075,15573876,Ndubueze,598,Spain,Female,55.0,4,0.0,1,1.0,1.0,167984.85,1
14076,15686917,Tuan,694,France,Male,32.0,7,0.0,2,1.0,1.0,142516.35,0
14077,15730793,Ch'ang,608,France,Male,30.0,2,67816.72,2,1.0,1.0,65801.44,0
14078,15776545,Napolitano,683,France,Male,28.0,10,200724.96,1,1.0,0.0,82872.64,1
14079,15739223,Zikoranachidimma,850,France,Female,29.0,2,0.0,2,1.0,1.0,58844.84,0
14080,15623695,T'ien,556,France,Female,46.0,3,0.0,1,1.0,0.0,175399.14,1
14081,15640059,Ts'ao,668,France,Female,39.0,7,0.0,2,1.0,1.0,139435.94,0
14082,15607637,H?,535,Germany,Female,32.0,10,149003.58,2,1.0,1.0,187915.45,1
14083,15603088,Udegbunam,597,France,Female,28.0,4,0.0,1,1.0,1.0,187905.12,0
14084,15583680,White,615,France,Female,32.0,4,0.0,1,0.0,1.0,149278.96,0
14085,15642710,Yefremova,850,France,Female,34.0,4,0.0,1,1.0,1.0,187943.6,0
14086,15746139,P'an,714,Spain,Female,39.0,9,0.0,2,1.0,0.0,53511.74,0
14087,15648064,Cameron,626,France,Female,37.0,10,108797.63,1,0.0,0.0,20063.63,1
14088,15764033,P'eng,691,Germany,Male,26.0,4,117020.08,1,0.0,1.0,180829.99,0
14089,15776723,Folliero,667,France,Female,36.0,9,0.0,2,1.0,0.0,162960.66,0
14090,15713559,Tsao,525,France,Female,47.0,1,98268.84,3,1.0,0.0,178342.63,1
14091,15651823,Nkemjika,590,Germany,Female,60.0,6,147751.75,1,1.0,0.0,88206.04,1
14092,15625584,Uvarova,653,France,Male,33.0,8,140891.81,1,1.0,1.0,52402.01,0
14093,15724641,Ndubuisi,741,Germany,Female,34.0,9,126444.85,1,1.0,0.0,169156.81,1
14094,15651144,Ukaegbunam,712,France,Male,26.0,4,68892.59,1,1.0,1.0,103902.56,0
14095,15585256,T'ien,716,France,Male,22.0,0,68639.64,1,1.0,0.0,81881.81,0
14096,15799468,Chiang,730,Spain,Male,43.0,6,118627.45,1,1.0,0.0,128882.73,0
14097,15796834,Palerma,745,France,Male,31.0,3,140596.95,2,0.0,1.0,74564.41,0
14098,15585835,Niu,633,Spain,Female,37.0,8,0.0,1,1.0,1.0,182258.17,0
14099,15577657,McDonald,732,France,Female,41.0,8,0.0,1,1.0,1.0,170886.17,0
14100,15602845,Hsia,689,France,Female,32.0,5,154483.98,1,1.0,0.0,122925.4,0
14101,15681316,Miah,682,France,Male,44.0,3,0.0,2,0.0,0.0,151777.98,1
14102,15793896,John,677,France,Male,40.0,7,95312.8,1,1.0,1.0,62944.75,0
14103,15776936,West,732,France,Male,43.0,9,0.0,2,0.0,1.0,106303.4,0
14104,15715667,Sorokina,850,France,Female,30.0,6,134571.5,1,0.0,0.0,155593.74,0
14105,15754929,Hsiung,712,France,Male,28.0,7,0.0,2,1.0,1.0,11276.48,0
14106,15593765,Okechukwu,680,France,Female,44.0,1,0.0,2,1.0,1.0,126873.58,0
14107,15655410,Tuan,598,France,Female,23.0,6,106517.17,2,1.0,1.0,77551.25,0
14108,15654183,Chibueze,850,France,Female,27.0,1,0.0,1,1.0,1.0,189268.81,0
14109,15644295,Lombardo,527,Spain,Male,57.0,9,0.0,1,1.0,1.0,177720.68,1
14110,15665062,Allan,798,Spain,Female,66.0,9,0.0,2,1.0,1.0,119071.56,0
14111,15670753,Uvarova,651,Spain,Male,35.0,2,0.0,2,1.0,1.0,31302.35,0
14112,15756539,T'ien,850,Spain,Female,25.0,3,0.0,1,0.0,1.0,187985.59,0
14113,15704788,Krawczyk,850,Spain,Female,49.0,8,66079.45,1,0.0,0.0,91556.57,1
14114,15718531,Ukaegbunam,554,France,Female,35.0,8,0.0,2,1.0,0.0,176779.46,0
14115,15725151,Dickson,555,Germany,Male,32.0,4,108185.94,2,1.0,0.0,111573.4,0
14116,15751531,Shaw,598,France,Male,33.0,5,134954.53,1,1.0,0.0,161954.43,1
14117,15591942,Zito,611,Spain,Female,33.0,7,0.0,2,1.0,0.0,3729.89,0
14118,15657317,K?,766,France,Male,42.0,6,0.0,1,1.0,0.0,83058.14,1
14119,15645353,O'Donnell,576,France,Male,33.0,4,139529.3,1,0.0,1.0,94488.82,0
14120,15762228,Evans,580,Germany,Male,39.0,4,119688.81,1,1.0,0.0,137041.26,0
14121,15582797,Yefimova,729,Spain,Male,40.0,9,119963.45,1,1.0,1.0,113747.02,0
14122,15643817,K?,619,France,Male,29.0,9,145553.96,1,1.0,0.0,54954.37,0
14123,15676521,Trevisano,705,Germany,Male,46.0,3,116591.46,1,1.0,1.0,107841.77,0
14124,15678057,Genovese,625,Germany,Female,37.0,9,115301.31,2,1.0,1.0,131177.22,0
14125,15631170,Nnaife,678,France,Male,39.0,9,0.0,2,1.0,1.0,129964.94,0
14126,15783463,Yao,741,Germany,Male,36.0,1,116993.43,2,1.0,0.0,168816.22,0
14127,15634891,Pickworth,637,Spain,Female,36.0,7,0.0,1,1.0,0.0,823.96,0
14128,15779183,Tsai,681,France,Male,29.0,1,0.0,2,1.0,1.0,67734.79,0
14129,15605037,McCardle,743,Spain,Male,37.0,9,0.0,1,1.0,0.0,163736.09,1
14130,15641175,Manna,733,Spain,Female,47.0,9,0.0,2,1.0,0.0,141872.08,1
14131,15583850,Trevisan,588,France,Male,44.0,7,102084.66,1,1.0,0.0,171519.29,1
14132,15733768,Onyemauchechukwu,706,Spain,Male,39.0,9,0.0,2,1.0,0.0,176750.81,0
14133,15625881,Hsiung,577,France,Male,33.0,9,0.0,2,0.0,0.0,130376.68,0
14134,15732774,Okorie,707,Germany,Female,34.0,3,123544.0,1,1.0,0.0,72993.65,0
14135,15714397,Ts'ui,685,Germany,Male,30.0,8,121898.54,1,1.0,1.0,94978.1,0
14136,15630725,Johnson,649,France,Female,45.0,8,92786.66,1,1.0,0.0,173365.9,0
14137,15642336,Shaw,651,France,Female,34.0,9,0.0,2,1.0,1.0,135630.32,0
14138,15671789,Woods,678,France,Male,31.0,3,0.0,2,1.0,1.0,14858.1,0
14139,15602934,Scott,850,Spain,Male,57.0,3,0.0,1,0.0,1.0,180593.57,0
14140,15730353,Olisaemeka,676,France,Male,29.0,6,0.0,2,1.0,1.0,147484.13,0
14141,15667093,Watson,668,France,Female,35.0,9,146766.72,2,1.0,0.0,193502.93,0
14142,15681220,Chou,850,Germany,Female,37.0,8,69608.14,2,1.0,1.0,97893.32,0
14143,15685826,Hsiung,563,France,Male,37.0,8,90727.79,1,1.0,0.0,122268.75,0
14144,15741084,Onyemauchechukwu,625,Spain,Male,34.0,7,0.0,2,0.0,1.0,72876.43,0
14145,15592994,Fanucci,613,Spain,Male,28.0,9,0.0,1,1.0,1.0,96881.71,0
14146,15583090,Palerma,679,France,Male,44.0,7,0.0,2,1.0,1.0,86797.41,0
14147,15627697,Alekseyeva,679,Spain,Female,37.0,6,0.0,2,1.0,0.0,21497.27,0
14148,15771857,Ting,652,France,Female,41.0,7,0.0,2,1.0,1.0,86764.46,0
14149,15757837,Chukwujamuike,628,Germany,Female,41.0,2,146777.44,1,1.0,0.0,100564.37,1
14150,15735388,Chidiegwu,669,Germany,Female,31.0,1,100548.5,1,1.0,1.0,157907.52,0
14151,15768201,Chukwuhaenye,676,Spain,Female,42.0,1,142876.08,1,1.0,0.0,79927.12,0
14152,15582016,Fang,749,France,Female,37.0,6,0.0,1,1.0,0.0,3408.7,1
14153,15651883,Genovesi,794,Germany,Female,55.0,2,115796.7,1,1.0,0.0,160526.36,0
14154,15647896,Okwudilichukwu,627,France,Female,31.0,9,0.0,2,0.0,1.0,183572.16,0
14155,15676645,Parry,523,France,Male,40.0,5,0.0,2,0.0,1.0,121428.2,0
14156,15654553,Nwachukwu,569,Germany,Female,47.0,3,123974.29,1,1.0,0.0,119348.66,1
14157,15765311,Zhirov,642,Germany,Male,34.0,8,0.0,2,1.0,0.0,72085.1,0
14158,15681554,Kibby,685,France,Female,35.0,4,0.0,2,0.0,0.0,110253.2,0
14159,15773973,Chikezie,710,Germany,Female,38.0,4,92914.71,2,1.0,1.0,189641.11,0
14160,15719778,Niu,683,France,Female,55.0,1,0.0,1,0.0,0.0,9902.39,1
14161,15590146,Onyeoruru,706,Germany,Male,51.0,4,141581.76,2,1.0,0.0,118023.9,1
14162,15681068,Cremonesi,602,France,Female,46.0,10,0.0,1,0.0,0.0,59172.42,0
14163,15793070,Fiorentino,494,Germany,Male,41.0,2,69974.66,2,0.0,0.0,188426.13,1
14164,15791053,Lucciano,709,France,Male,45.0,4,122917.71,1,1.0,1.0,11.58,0
14165,15613886,Trevisan,722,France,Female,34.0,1,0.0,1,1.0,1.0,44560.17,0
14166,15658969,Hsiung,585,Spain,Female,40.0,5,0.0,1,1.0,0.0,129936.53,0
14167,15806956,Onyekaozulu,634,France,Female,38.0,6,0.0,2,1.0,1.0,132436.71,0
14168,15615896,Chienezie,575,France,Male,39.0,8,141525.55,1,1.0,1.0,36122.96,0
14169,15715160,Kao,634,France,Male,33.0,8,0.0,2,1.0,1.0,116781.27,0
14170,15581388,Y?an,688,Spain,Male,33.0,9,145729.71,2,1.0,1.0,41365.85,0
14171,15625461,Liao,477,France,Female,47.0,2,0.0,2,1.0,1.0,62402.38,0
14172,15579109,Zetticci,831,Germany,Male,37.0,1,125724.95,1,1.0,1.0,11205.5,0
14173,15795079,Nnaife,596,Spain,Male,67.0,6,0.0,1,1.0,0.0,138350.74,1
14174,15729201,Fiorentini,790,Germany,Female,48.0,9,102989.35,1,1.0,0.0,65832.8,1
14175,15663917,Iweobiegbunam,619,Germany,Male,64.0,5,102721.52,2,1.0,1.0,176710.71,0
14176,15726354,Smith,646,France,Male,50.0,10,0.0,2,0.0,0.0,130113.78,0
14177,15626044,Hsiao,481,France,Female,34.0,2,0.0,2,1.0,1.0,84491.05,0
14178,15729956,Ch'ang,598,France,Female,34.0,6,133686.46,1,1.0,0.0,82336.73,0
14179,15665868,Nwachinemelu,685,France,Male,29.0,3,0.0,2,0.0,0.0,116547.58,0
14180,15604818,Shih,619,Germany,Female,47.0,3,93816.54,1,1.0,0.0,70778.62,1
14181,15709487,Obijiaku,710,Spain,Male,30.0,4,0.0,2,0.0,1.0,162922.65,0
14182,15571281,Chukwukadibia,705,Germany,Male,46.0,6,125724.95,1,0.0,1.0,28226.15,1
14183,15705918,Howarth,742,France,Male,31.0,9,0.0,2,1.0,1.0,59650.42,0
14184,15567980,Iweobiegbunam,543,France,Female,41.0,5,0.0,2,1.0,1.0,26589.56,0
14185,15811026,Norman,505,Germany,Male,26.0,5,136855.94,1,1.0,0.0,171070.52,0
14186,15593694,Nnamutaezinwa,605,France,Female,45.0,3,0.0,1,1.0,1.0,140941.47,1
14187,15734578,Chinedum,537,Spain,Female,42.0,8,160982.07,1,1.0,1.0,177822.01,1
14188,15591607,Genovesi,712,France,Male,33.0,4,77866.83,1,1.0,1.0,136853.52,1
14189,15623072,Teng,699,France,Female,52.0,9,0.0,1,1.0,0.0,179964.55,1
14190,15593377,Martin,589,Spain,Male,37.0,7,0.0,2,1.0,1.0,55313.41,0
14191,15687558,Nwankwo,678,France,Female,34.0,9,0.0,2,1.0,0.0,95611.47,0
14192,15741633,Chiang,777,Germany,Male,33.0,5,122917.69,1,1.0,1.0,76169.68,0
14193,15723043,Chien,645,France,Female,31.0,5,0.0,1,0.0,0.0,188343.05,1
14194,15610765,Onwumelu,559,France,Male,29.0,1,0.0,2,1.0,0.0,155639.76,0
14195,15665784,She,581,Germany,Male,38.0,6,110483.86,2,1.0,1.0,72467.99,0
14196,15723339,Marshall,616,Spain,Male,30.0,4,0.0,2,0.0,0.0,196108.51,0
14197,15717191,Ferri,508,France,Male,49.0,1,93817.41,2,1.0,1.0,132468.76,0
14198,15672955,Chiang,578,Germany,Male,53.0,6,123599.49,1,1.0,1.0,93959.96,0
14199,15796569,Donaldson,831,Spain,Female,44.0,10,0.0,1,1.0,0.0,47729.33,0
14200,15761976,Mazzanti,695,France,Male,29.0,4,0.0,1,1.0,1.0,174094.2,0
14201,15573877,Pagnotto,602,France,Male,34.0,1,0.0,2,1.0,1.0,60553.49,0
14202,15600912,Chukwuebuka,671,Germany,Male,36.0,5,153590.51,2,1.0,0.0,143619.52,0
14203,15756925,Lucchesi,668,France,Male,43.0,7,114327.6,2,0.0,0.0,86799.27,0
14204,15589948,Disher,656,Spain,Male,35.0,1,135936.1,2,1.0,1.0,110560.14,0
14205,15738219,Mancini,718,France,Female,41.0,9,0.0,2,0.0,1.0,40333.02,0
14206,15694644,Chiazagomekpere,634,Germany,Male,42.0,6,118079.32,1,0.0,0.0,145792.28,1
14207,15682929,Yobanna,706,Spain,Female,27.0,7,0.0,2,1.0,1.0,48606.81,0
14208,15583076,Hsu,591,Spain,Male,35.0,5,0.0,2,1.0,1.0,171045.46,0
14209,15632575,Nnamdi,581,France,Male,38.0,5,0.0,2,1.0,0.0,86945.0,0
14210,15674368,Hsu,850,Spain,Male,31.0,1,0.0,2,1.0,0.0,171768.76,0
14211,15603098,Nwachukwu,579,Germany,Male,33.0,2,92899.13,2,1.0,0.0,138700.28,0
14212,15585892,Steele,646,France,Female,64.0,3,0.0,1,1.0,1.0,189703.65,0
14213,15663942,Hsiung,639,France,Male,38.0,2,0.0,1,0.0,0.0,93716.38,0
14214,15684951,Onuchukwu,850,France,Female,29.0,6,0.0,2,1.0,1.0,121846.81,0
14215,15589949,Maclean,657,Spain,Female,31.0,10,0.0,2,0.0,0.0,98820.09,0
14216,15719377,Cocci,725,France,Female,46.0,4,0.0,1,1.0,0.0,8546.87,0
14217,15632848,T'ao,712,Spain,Female,36.0,8,0.0,1,0.0,0.0,177747.72,0
14218,15606435,O'Sullivan,718,Germany,Female,28.0,5,129733.3,1,1.0,1.0,141359.11,0
14219,15678067,Boyle,605,France,Male,49.0,6,0.0,1,0.0,0.0,163655.01,1
14220,15652782,Fanucci,619,France,Male,39.0,1,0.0,1,0.0,1.0,180969.55,0
14221,15787222,Ch'in,676,France,Male,28.0,1,69459.05,2,1.0,1.0,128461.29,0
14222,15748986,Barese,590,France,Male,19.0,1,0.0,2,1.0,1.0,77951.84,0
14223,15681115,Iweobiegbulam,710,Spain,Male,45.0,7,0.0,2,1.0,1.0,149894.4,0
14224,15731463,Nnaife,637,France,Male,36.0,8,0.0,2,1.0,1.0,52327.57,0
14225,15718773,Pisano,638,France,Female,32.0,2,0.0,2,1.0,0.0,160129.99,0
14226,15701175,Hsieh,584,Germany,Male,30.0,0,100781.54,1,1.0,1.0,160979.01,0
14227,15753831,Cox,724,France,Male,31.0,7,0.0,2,1.0,1.0,9567.39,0
14228,15763515,Shih,614,France,Male,42.0,5,0.0,2,1.0,1.0,162523.66,0
14229,15773520,T'ao,591,France,Female,44.0,3,0.0,1,1.0,0.0,80619.17,1
14230,15729224,Ch'ang,719,Germany,Female,35.0,8,123805.03,1,1.0,0.0,168035.86,0
14231,15658195,Biryukov,598,Germany,Female,26.0,1,141796.43,2,1.0,0.0,180801.97,0
14232,15791373,Nwabugwu,597,Germany,Female,42.0,2,113922.47,3,1.0,0.0,65986.48,1
14233,15721181,Scott,645,France,Male,36.0,4,0.0,2,1.0,0.0,181208.47,0
14234,15704588,Trevisani,707,France,Female,31.0,8,0.0,2,1.0,1.0,81452.02,0
14235,15610403,Anderson,806,France,Male,43.0,4,106086.42,1,1.0,0.0,26900.63,1
14236,15742876,Ting,703,France,Male,51.0,1,121230.38,1,0.0,1.0,101954.78,0
14237,15632275,Fyodorova,616,France,Male,62.0,7,0.0,2,1.0,1.0,171036.99,0
14238,15742238,Ch'ang,850,Spain,Male,41.0,4,0.0,2,0.0,0.0,36642.65,0
14239,15671510,Niu,692,Germany,Male,43.0,2,108731.99,1,0.0,0.0,95963.39,1
14240,15693637,Ochoa,556,France,Female,30.0,7,77967.5,1,1.0,1.0,186648.19,0
14241,15715297,Yuan,580,Germany,Female,52.0,8,103023.26,1,1.0,1.0,22485.64,0
14242,15648064,McLean,714,France,Male,33.0,6,0.0,2,1.0,0.0,129964.94,0
14243,15723872,Fanucci,613,France,Male,33.0,7,0.0,1,1.0,0.0,156593.09,0
14244,15781298,Chin,653,Germany,Male,42.0,0,69518.95,2,0.0,1.0,121151.1,0
14245,15656613,Y?an,662,Spain,Female,34.0,5,0.0,2,1.0,0.0,78833.07,0
14246,15663939,Tsou,753,France,Female,38.0,6,138296.31,2,1.0,1.0,44731.56,0
14247,15591344,Donnelly,715,Spain,Male,33.0,6,0.0,2,1.0,1.0,128745.69,0
14248,15669410,Yevdokimova,609,France,Male,28.0,0,121172.97,1,1.0,1.0,85523.24,0
14249,15809585,Obiajulu,508,Germany,Female,30.0,8,121063.9,2,0.0,1.0,150839.85,0
14250,15570060,Palerma,678,France,Female,43.0,2,0.0,2,1.0,0.0,142331.39,0
14251,15578886,Hsueh,644,Spain,Male,42.0,5,105163.75,1,1.0,1.0,173783.06,0
14252,15691863,Cody,658,France,Female,39.0,3,0.0,2,1.0,0.0,84175.34,1
14253,15665340,Trevisani,754,France,Male,47.0,2,0.0,2,1.0,1.0,67840.81,0
14254,15775804,K?,565,Germany,Female,41.0,5,108764.82,1,0.0,0.0,161203.5,1
14255,15626243,Udegbulam,725,France,Female,23.0,3,0.0,1,0.0,1.0,27474.81,0
14256,15700854,Cunningham,595,Spain,Male,35.0,8,0.0,1,0.0,1.0,100015.79,0
14257,15638988,Yudin,748,France,Male,33.0,4,0.0,1,0.0,1.0,134462.29,0
14258,15743829,Zetticci,613,Spain,Male,40.0,6,0.0,2,1.0,0.0,194998.68,0
14259,15671249,Nwankwo,679,France,Male,25.0,6,0.0,2,1.0,0.0,104761.4,0
14260,15650288,Summers,634,Germany,Male,35.0,6,116269.01,1,1.0,1.0,129964.94,0
14261,15612064,Smith,562,France,Female,48.0,7,0.0,1,1.0,0.0,131807.14,1
14262,15668032,P'eng,721,Germany,Male,48.0,2,82327.96,1,1.0,0.0,198802.5,1
14263,15679983,Garmon,611,France,Male,34.0,7,0.0,1,0.0,0.0,74593.84,0
14264,15641640,Ojiofor,743,Spain,Female,35.0,1,0.0,2,1.0,0.0,65765.22,0
14265,15761141,Law,657,Spain,Male,37.0,9,101707.8,1,1.0,0.0,123866.28,0
14266,15566790,Lori,589,Germany,Female,38.0,8,81076.8,1,1.0,0.0,187636.06,0
14267,15566689,Chimaoke,596,Spain,Male,66.0,2,0.0,2,1.0,1.0,116747.62,0
14268,15659807,Lucciano,678,Spain,Male,37.0,10,135643.7,1,1.0,0.0,113428.79,0
14269,15793969,Palermo,598,France,Female,20.0,6,0.0,2,1.0,1.0,48161.18,0
14270,15585287,Chiemenam,773,Spain,Female,36.0,3,180520.34,2,1.0,0.0,131240.08,0
14271,15777614,Iadanza,586,France,Male,39.0,7,0.0,2,1.0,1.0,78854.57,0
14272,15679048,Yobanna,547,France,Male,35.0,6,0.0,1,1.0,0.0,151767.28,0
14273,15806081,Sung,850,Germany,Male,54.0,4,98710.89,1,1.0,0.0,83617.17,0
14274,15681112,Uvarov,619,France,Male,28.0,0,103888.38,1,1.0,0.0,180712.62,0
14275,15781598,Kuo,627,Spain,Female,46.0,2,0.0,2,1.0,1.0,141137.35,0
14276,15594915,T'ang,738,Spain,Male,22.0,8,146587.15,1,0.0,0.0,107841.86,0
14277,15723886,L?,695,Spain,Female,47.0,2,0.0,1,1.0,0.0,181894.86,1
14278,15686958,Ch'ien,735,Germany,Female,43.0,8,111827.17,1,1.0,0.0,74856.64,1
14279,15742674,Pugh,627,Germany,Female,38.0,9,163726.02,2,1.0,0.0,93717.53,1
14280,15749472,Lucciano,659,France,Male,45.0,8,0.0,2,1.0,1.0,130376.68,0
14281,15714658,Yates,498,France,Male,30.0,4,69617.36,1,1.0,1.0,73371.65,0
14282,15617166,Y?an,577,France,Male,30.0,6,124969.13,2,0.0,1.0,171430.16,0
14283,15742860,Yefremova,744,Spain,Male,39.0,9,0.0,2,0.0,0.0,138051.46,0
14284,15794874,Ts'ui,604,Spain,Male,40.0,10,155303.71,1,0.0,1.0,113581.85,0
14285,15766908,Obiuto,452,Germany,Male,30.0,9,114540.38,1,1.0,0.0,99017.34,0
14286,15583073,Martin,771,Spain,Female,56.0,10,0.0,1,1.0,1.0,25222.6,1
14287,15697035,Lujan,712,Germany,Female,39.0,7,105818.71,1,1.0,1.0,178361.04,1
14288,15682540,Hs?,684,France,Male,46.0,4,0.0,2,1.0,0.0,181808.98,0
14289,15676521,Y?an,696,France,Female,31.0,4,0.0,2,0.0,0.0,191074.11,0
14290,15702601,Chiedozie,682,France,Male,35.0,6,0.0,2,1.0,0.0,46772.36,0
14291,15714993,Aksenov,599,Spain,Male,34.0,3,0.0,1,1.0,1.0,180593.45,0
14292,15670163,Thompson,639,Germany,Male,35.0,7,109044.3,1,1.0,1.0,116747.63,0
14293,15631822,Tung,684,France,Male,32.0,4,0.0,2,0.0,1.0,40333.02,0
14294,15573520,Onio,678,Germany,Female,33.0,6,145737.98,1,1.0,1.0,177747.04,1
14295,15692926,White,678,France,Male,33.0,1,0.0,2,1.0,0.0,131300.24,0
14296,15654296,Yefremova,692,France,Male,38.0,8,0.0,2,1.0,1.0,73066.56,0
14297,15592846,Mancini,500,Spain,Male,65.0,10,172170.36,1,0.0,1.0,52198.84,0
14298,15662494,Ch'ien,809,Germany,Female,39.0,3,127738.75,2,0.0,1.0,177740.58,0
14299,15691119,Martin,721,France,Male,44.0,4,0.0,2,1.0,0.0,175399.14,0
14300,15602034,Hsiung,605,Germany,Female,55.0,5,139825.34,1,0.0,1.0,143681.97,1
14301,15651848,Ulyanova,817,France,Male,40.0,8,0.0,2,1.0,0.0,176750.81,0
14302,15656319,Maclean,714,France,Female,40.0,3,0.0,2,1.0,0.0,199378.98,0
14303,15794849,Brown,744,France,Male,36.0,4,136492.92,2,0.0,1.0,116951.1,0
14304,15624343,Nwankwo,775,France,Female,39.0,3,0.0,2,1.0,1.0,162719.69,0
14305,15783030,Chukwujamuike,714,Spain,Female,39.0,2,137780.66,1,1.0,1.0,146700.91,0
14306,15809309,Longo,710,Spain,Male,40.0,2,154251.67,2,1.0,1.0,118319.5,0
14307,15701301,Murphy,715,France,Female,42.0,4,175159.9,1,0.0,0.0,67124.48,0
14308,15624715,Allen,636,France,Female,35.0,2,142015.76,2,1.0,0.0,114323.66,0
14309,15588090,Ts'ui,605,France,Female,65.0,5,0.0,2,1.0,1.0,183598.77,0
14310,15702601,Maclean,773,France,Male,29.0,8,153870.52,1,1.0,0.0,171762.87,0
14311,15654060,Miah,737,France,Male,36.0,5,0.0,1,1.0,0.0,100834.22,0
14312,15704583,K?,646,France,Male,46.0,5,108760.46,1,1.0,1.0,91775.51,0
14313,15654891,Ch'eng,646,Germany,Female,44.0,3,131778.66,1,1.0,1.0,107876.2,1
14314,15771272,Tsai,637,Spain,Male,46.0,1,0.0,2,1.0,0.0,141359.19,0
14315,15781242,Chukwufumnanya,850,Germany,Male,34.0,1,116537.87,1,1.0,1.0,83090.05,0
14316,15603378,Chia,571,France,Male,36.0,8,0.0,2,1.0,0.0,38773.74,0
14317,15720508,Chinwendu,602,France,Female,27.0,8,0.0,2,0.0,0.0,1710.89,0
14318,15724444,Hao,792,Spain,Female,31.0,7,0.0,2,1.0,0.0,131736.23,0
14319,15693772,Nwebube,667,France,Female,40.0,5,0.0,2,0.0,0.0,131756.51,0
14320,15587066,Nebechukwu,671,France,Female,37.0,1,0.0,2,1.0,1.0,131778.58,0
14321,15610147,Hsiao,639,France,Female,26.0,2,0.0,2,1.0,0.0,121312.19,0
14322,15732625,Eluemuno,660,Germany,Male,35.0,3,123816.35,2,1.0,0.0,91580.96,0
14323,15639217,Chidozie,703,Germany,Female,37.0,9,108289.28,2,1.0,0.0,146895.74,0
14324,15691871,Toscani,756,Spain,Female,60.0,3,0.0,1,0.0,0.0,94538.96,1
14325,15686670,Nkemakolam,639,France,Male,42.0,6,120825.7,3,1.0,0.0,75585.48,1
14326,15737795,Trevisani,651,Germany,Male,26.0,6,142669.93,1,1.0,1.0,147720.52,0
14327,15569098,Winifred,627,France,Male,33.0,6,0.0,1,1.0,0.0,152235.3,0
14328,15619626,Wade,746,France,Male,57.0,3,137492.35,2,1.0,0.0,170142.09,1
14329,15631159,O'Sullivan,728,Germany,Male,34.0,1,105599.28,1,0.0,0.0,93983.97,0
14330,15782364,Pisano,626,France,Male,28.0,2,0.0,2,0.0,1.0,125986.88,0
14331,15631359,Yudina,730,Germany,Male,37.0,1,125510.96,1,1.0,1.0,141175.92,0
14332,15572478,Hs?,581,France,Female,35.0,0,0.0,1,0.0,0.0,143980.54,1
14333,15681409,Shao,591,France,Male,56.0,0,0.0,1,1.0,0.0,92814.84,1
14334,15613786,Ogbonnaya,783,France,Male,37.0,6,144543.98,1,0.0,1.0,167036.94,0
14335,15691387,Chukwuemeka,833,Spain,Male,34.0,10,0.0,2,1.0,0.0,64716.08,0
14336,15798895,Brown,682,France,Male,31.0,7,52831.13,1,0.0,0.0,103901.27,0
14337,15583857,Fyodorov,686,France,Male,34.0,5,0.0,2,1.0,1.0,62810.91,0
14338,15600724,Townsend,679,France,Male,29.0,5,0.0,2,0.0,1.0,140168.36,0
14339,15582841,Zikoranachidimma,675,France,Male,39.0,1,0.0,2,1.0,1.0,152497.1,0
14340,15733447,Mazzanti,675,France,Male,42.0,2,0.0,1,1.0,0.0,54449.24,1
14341,15630725,Johnson,644,France,Female,45.0,5,92786.66,1,1.0,0.0,173365.9,0
14342,15797246,Terry,621,Germany,Female,34.0,8,91258.52,2,1.0,0.0,44857.4,1
14343,15730038,Fanucci,521,France,Female,33.0,4,128743.76,1,1.0,0.0,60774.58,0
14344,15660608,Chikelu,549,Germany,Female,33.0,9,140004.96,1,1.0,1.0,94670.77,0
14345,15697042,Onyekachi,644,France,Female,36.0,5,0.0,2,1.0,1.0,144290.97,0
14346,15786199,Hsing,535,France,Male,33.0,3,133040.32,1,1.0,1.0,110299.78,0
14347,15610002,Chiagoziem,694,France,Female,24.0,6,127117.8,1,0.0,1.0,136520.78,1
14348,15724307,Ch'in,738,France,Male,66.0,8,90971.85,1,0.0,1.0,160810.85,0
14349,15752534,Boniwell,710,France,Male,30.0,4,133970.22,2,1.0,1.0,96881.32,0
14350,15656300,Lucciano,661,Spain,Male,32.0,5,0.0,2,1.0,1.0,85890.16,0
14351,15656522,Shih,679,France,Female,20.0,7,113672.18,1,0.0,0.0,74580.8,0
14352,15690164,Ting,598,France,Male,37.0,5,0.0,2,0.0,0.0,161388.22,0
14353,15703582,Shubin,646,France,Female,32.0,7,117022.22,1,1.0,1.0,58632.55,0
14354,15757588,Nwachinemelu,681,France,Female,46.0,4,0.0,1,1.0,0.0,145700.22,1
14355,15703394,Mancini,757,France,Female,29.0,3,0.0,2,1.0,0.0,151871.84,0
14356,15583897,Bock,684,France,Male,38.0,9,0.0,2,1.0,0.0,88659.37,0
14357,15747265,Hsueh,544,Spain,Female,41.0,8,0.0,2,1.0,1.0,167092.82,0
14358,15774738,Chukwuemeka,636,Germany,Male,47.0,9,127638.34,1,1.0,0.0,160162.39,1
14359,15695095,Chia,805,Germany,Male,33.0,5,61671.48,2,1.0,0.0,181852.12,0
14360,15782390,P'eng,733,France,Female,39.0,5,0.0,2,0.0,0.0,160870.29,0
14361,15615254,Clark,555,France,Male,38.0,10,43028.77,1,1.0,1.0,170514.21,0
14362,15793881,Naylor,686,France,Male,31.0,8,0.0,2,1.0,0.0,138526.96,0
14363,15574878,Scott,615,France,Male,31.0,5,94439.37,2,1.0,0.0,161807.31,0
14364,15710457,Okwudilichukwu,833,France,Male,39.0,6,0.0,2,1.0,0.0,149665.69,0
14365,15704483,Ch'ang,678,France,Male,40.0,9,0.0,2,0.0,0.0,196288.46,0
14366,15595162,Cattaneo,705,Spain,Female,39.0,8,122570.69,2,1.0,0.0,199005.88,0
14367,15589348,Tsou,648,France,Male,34.0,7,0.0,2,1.0,1.0,47722.09,0
14368,15672626,Chiang,746,Spain,Male,30.0,3,0.0,2,1.0,1.0,28257.96,0
14369,15716608,Chibueze,775,France,Female,57.0,1,0.0,2,1.0,1.0,54949.51,0
14370,15597951,Okagbue,812,Germany,Male,57.0,6,154575.76,1,1.0,1.0,162719.39,1
14371,15781702,Yeh,683,France,Male,26.0,4,148667.81,1,1.0,0.0,163584.85,0
14372,15648032,Young,588,Spain,Male,34.0,8,0.0,2,0.0,1.0,187816.59,0
14373,15631222,Cattaneo,668,France,Female,26.0,5,75339.64,1,1.0,1.0,70665.16,0
14374,15607314,Chiefo,576,Spain,Female,32.0,2,148843.56,1,1.0,1.0,69414.13,0
14375,15766807,Onyekachukwu,706,Spain,Male,34.0,3,0.0,1,1.0,1.0,123683.8,0
14376,15751774,Ndukaku,834,France,Female,46.0,3,0.0,1,0.0,0.0,57848.52,1
14377,15747043,Fiorentino,729,France,Male,34.0,7,0.0,2,1.0,0.0,147090.38,0
14378,15738889,Oluchukwu,758,Spain,Female,30.0,5,0.0,1,0.0,1.0,134473.09,0
14379,15579616,Goodwin,584,France,Female,42.0,0,0.0,2,1.0,0.0,198134.9,0
14380,15569079,Hagins,632,Germany,Male,44.0,6,126066.26,1,0.0,1.0,64345.61,0
14381,15638751,Tien,653,France,Male,39.0,5,0.0,2,0.0,0.0,121211.13,0
14382,15663888,Folliero,605,France,Male,32.0,2,141806.83,1,1.0,1.0,172467.94,0
14383,15606887,Iheanacho,542,Spain,Female,36.0,6,116968.95,1,0.0,1.0,49594.02,0
14384,15761976,L?,641,Spain,Female,41.0,2,0.0,2,1.0,0.0,48228.1,0
14385,15676909,H?,633,Spain,Female,33.0,4,0.0,2,1.0,0.0,131754.45,0
14386,15645511,Chukwudi,533,France,Female,29.0,4,0.0,2,1.0,1.0,107415.02,0
14387,15595440,Hsia,641,France,Male,37.0,1,148045.45,2,0.0,1.0,196395.25,0
14388,15755084,Bezrukova,663,France,Male,41.0,2,0.0,2,1.0,0.0,147545.65,0
14389,15665521,Maclean,554,France,Male,32.0,7,0.0,2,0.0,0.0,98949.85,0
14390,15711299,Retana,736,France,Male,35.0,6,0.0,2,1.0,0.0,164241.67,0
14391,15629010,Frolov,694,France,Male,36.0,4,0.0,2,1.0,1.0,140754.19,0
14392,15619360,De Luca,732,France,Male,32.0,8,95858.37,1,0.0,0.0,79222.02,0
14393,15667046,Tseng,694,Spain,Male,38.0,6,121527.4,1,1.0,0.0,113481.02,0
14394,15684469,Maclean,498,France,Female,38.0,5,141038.57,1,1.0,1.0,74945.11,0
14395,15626452,Smith,545,France,Female,33.0,2,148843.56,2,0.0,1.0,25165.36,0
14396,15756472,Onyemachukwu,764,France,Female,25.0,1,75990.97,1,0.0,1.0,158323.81,0
14397,15807989,Tien,663,France,Male,30.0,8,0.0,2,1.0,0.0,182988.94,0
14398,15580366,Okechukwu,566,Germany,Male,48.0,5,118614.6,1,1.0,1.0,172601.62,1
14399,15701351,Tien,686,France,Female,32.0,3,0.0,2,1.0,1.0,81753.96,0
14400,15798895,T'ao,628,France,Male,32.0,7,0.0,2,1.0,1.0,131389.39,0
14401,15777873,Hsueh,697,France,Male,44.0,6,98862.54,1,1.0,1.0,80552.11,0
14402,15625759,Yermolayeva,651,France,Male,30.0,6,0.0,2,1.0,0.0,53943.71,0
14403,15664521,Efremov,554,Germany,Male,43.0,1,99812.39,1,0.0,0.0,105558.25,1
14404,15683977,Smith,645,France,Male,39.0,2,0.0,1,1.0,0.0,86410.29,0
14405,15588456,Hsueh,588,France,Female,21.0,5,0.0,2,1.0,1.0,189607.71,0
14406,15589428,Hsing,663,France,Female,25.0,2,122950.19,1,1.0,0.0,74898.6,0
14407,15711386,Trentini,724,France,Female,29.0,6,0.0,2,0.0,0.0,64729.51,1
14408,15762716,Chigozie,659,France,Female,60.0,10,168920.75,1,1.0,1.0,31445.03,0
14409,15704769,P'eng,661,France,Female,42.0,6,0.0,2,1.0,0.0,177794.84,0
14410,15638774,Onyemauchechi,637,France,Male,23.0,3,141665.55,1,1.0,1.0,71426.68,0
14411,15652674,Hsia,769,France,Male,38.0,6,0.0,2,1.0,1.0,59864.96,0
14412,15815428,Hsu,756,Germany,Female,39.0,10,89728.86,2,1.0,0.0,9217.55,0
14413,15701109,Nnachetam,549,France,Male,29.0,9,0.0,2,1.0,1.0,139953.94,0
14414,15792329,Manna,707,Spain,Female,34.0,8,0.0,2,0.0,1.0,140763.18,0
14415,15793316,Tien,641,Germany,Female,31.0,2,127476.39,1,0.0,0.0,72854.99,0
14416,15665087,Yermakova,604,Spain,Male,22.0,8,0.0,2,1.0,0.0,70548.92,0
14417,15802560,O'Donnell,734,Spain,Female,32.0,4,0.0,1,1.0,1.0,176036.01,0
14418,15589431,Chibueze,629,Spain,Male,37.0,1,113743.37,1,1.0,0.0,28332.0,0
14419,15736254,Tseng,769,France,Female,31.0,1,0.0,2,1.0,0.0,144559.19,0
14420,15733597,Zito,520,Germany,Female,53.0,2,92936.74,2,1.0,0.0,176924.04,0
14421,15730673,Ch'ien,730,France,Female,31.0,6,127772.29,1,1.0,0.0,73073.65,0
14422,15632575,Moore,727,France,Female,73.0,1,0.0,2,1.0,1.0,122937.57,0
14423,15641180,Macartney,595,France,Female,53.0,8,0.0,1,1.0,0.0,60778.11,1
14424,15651713,Fanucci,850,France,Male,45.0,6,148071.39,1,1.0,0.0,183575.01,0
14425,15581748,Shen,754,Germany,Male,57.0,4,101134.87,1,1.0,0.0,70954.41,1
14426,15768495,T'ien,634,Spain,Male,31.0,2,133384.66,2,1.0,1.0,101667.0,1
14427,15773394,Bergamaschi,644,France,Male,41.0,2,0.0,2,1.0,1.0,79928.41,0
14428,15721835,Biryukov,624,France,Male,33.0,6,123906.85,2,1.0,0.0,118866.79,0
14429,15658670,Onyemauchechukwu,807,France,Female,43.0,8,115029.4,1,0.0,0.0,106036.97,0
14430,15660403,Chidiegwu,708,Germany,Female,43.0,0,118994.84,1,1.0,1.0,181499.77,0
14431,15755798,H?,675,Germany,Female,36.0,9,136674.55,2,1.0,1.0,107125.79,0
14432,15641413,Nnachetam,653,France,Male,31.0,2,0.0,2,1.0,0.0,152872.39,0
14433,15804950,Nwabugwu,649,Germany,Male,49.0,1,119530.52,1,1.0,0.0,51536.4,0
14434,15711219,White,806,France,Male,37.0,5,0.0,1,1.0,0.0,150685.52,1
14435,15805955,Onuora,763,Spain,Female,30.0,1,0.0,2,1.0,0.0,31892.82,0
14436,15605037,Manna,591,France,Male,31.0,2,0.0,2,1.0,1.0,92826.35,0
14437,15774328,Boni,654,Germany,Male,40.0,1,144757.97,2,1.0,1.0,166656.18,1
14438,15737042,Ugonnatubelum,578,France,Female,41.0,5,134571.02,1,1.0,0.0,146798.53,1
14439,15749807,Folliero,585,France,Male,41.0,8,0.0,2,1.0,0.0,131301.74,0
14440,15690935,T'ien,645,France,Male,34.0,3,0.0,2,1.0,0.0,163547.5,0
14441,15661591,Panicucci,413,Spain,Male,39.0,2,130969.77,2,1.0,0.0,158891.79,1
14442,15750837,Onyemauchechukwu,571,France,Male,40.0,1,152674.79,1,1.0,0.0,92865.53,0
14443,15783594,Genovese,832,Germany,Female,55.0,2,114446.87,1,1.0,0.0,52894.01,1
14444,15725028,Scott,698,France,Male,36.0,1,0.0,1,0.0,1.0,179618.17,0
14445,15759874,Chamberlain,597,France,Female,44.0,5,148595.55,1,1.0,1.0,74838.64,0
14446,15667439,Y?an,727,France,Female,24.0,0,0.0,2,1.0,0.0,140769.45,0
14447,15618581,Chidozie,610,France,Male,38.0,9,0.0,2,1.0,0.0,28415.36,0
14448,15573520,Genovesi,651,Spain,Male,31.0,3,0.0,2,0.0,1.0,151671.79,0
14449,15729359,Genovese,656,France,Female,37.0,7,0.0,2,1.0,0.0,60745.24,0
14450,15653857,Wallis,632,France,Male,34.0,2,0.0,2,1.0,1.0,148528.24,0
14451,15768244,Macleod,538,Spain,Female,35.0,8,0.0,2,1.0,1.0,41192.95,0
14452,15659820,O'Donnell,627,France,Male,38.0,3,0.0,2,0.0,0.0,81881.81,0
14453,15572657,Chiu,558,Germany,Male,42.0,6,129722.57,1,1.0,1.0,132404.64,0
14454,15673055,Sung,678,Spain,Male,38.0,1,0.0,2,1.0,1.0,6203.66,0
14455,15683522,Godfrey,642,Spain,Male,43.0,4,103294.56,2,1.0,0.0,160548.12,0
14456,15771728,Mackenzie,580,France,Female,41.0,4,95696.52,2,1.0,1.0,91196.67,0
14457,15670163,Y?,656,Germany,Female,34.0,9,121532.5,2,1.0,0.0,121151.1,0
14458,15746515,Tsui,589,France,Male,38.0,4,0.0,1,1.0,1.0,95483.48,0
14459,15700937,Tuan,585,France,Male,40.0,7,0.0,1,1.0,1.0,182055.36,0
14460,15682547,Tung,645,France,Female,28.0,9,0.0,2,1.0,0.0,140947.05,0
14461,15581548,Yuriev,595,Spain,Female,33.0,3,0.0,2,0.0,1.0,115818.81,0
14462,15802370,Shih,586,France,Female,56.0,7,0.0,1,1.0,1.0,84422.33,1
14463,15732061,P'an,505,France,Female,35.0,5,0.0,2,1.0,1.0,62347.71,0
14464,15763662,Russell,703,Germany,Female,47.0,2,131908.35,3,1.0,0.0,72500.68,1
14465,15624293,Ts'ui,752,France,Female,35.0,5,121525.51,2,1.0,1.0,150507.29,0
14466,15786717,He,567,France,Male,35.0,1,0.0,2,0.0,1.0,8555.73,0
14467,15611759,Hao,684,France,Male,34.0,4,0.0,2,0.0,0.0,116548.02,0
14468,15720649,Teng,678,France,Male,32.0,9,0.0,2,1.0,0.0,148882.58,0
14469,15705657,Hewitt,535,France,Female,44.0,2,0.0,2,1.0,1.0,136330.26,0
14470,15755825,Farmer,562,France,Male,35.0,7,0.0,2,1.0,0.0,48869.67,0
14471,15603594,T'ao,633,France,Male,34.0,3,0.0,2,0.0,1.0,167984.72,0
14472,15665014,Middleton,632,Spain,Male,38.0,2,0.0,2,1.0,0.0,79723.78,0
14473,15640454,Parkhill,614,Germany,Male,40.0,0,120711.73,1,0.0,0.0,27345.18,0
14474,15694129,Summers,569,Germany,Male,28.0,3,100032.52,1,1.0,1.0,5159.21,0
14475,15605672,Yobachi,694,France,Male,38.0,7,195926.39,1,1.0,1.0,85522.84,0
14476,15598940,Achebe,681,Germany,Female,38.0,4,181804.34,2,1.0,1.0,57517.71,0
14477,15709368,Milne,614,France,Female,46.0,6,0.0,2,1.0,1.0,109041.53,0
14478,15612893,Nelson,558,Spain,Male,28.0,4,0.0,2,1.0,0.0,131807.14,0
14479,15779947,Thomas,363,Spain,Male,28.0,6,0.0,2,0.0,0.0,100615.14,0
14480,15694381,Kaeppel,689,Germany,Female,41.0,9,123845.28,2,1.0,0.0,27862.58,0
14481,15586479,Tardent,706,Spain,Female,39.0,5,0.0,2,1.0,0.0,94790.34,0
14482,15747130,Padovano,587,Spain,Male,35.0,4,0.0,2,1.0,1.0,98820.09,0
14483,15611365,Nwora,762,Germany,Female,31.0,3,131151.09,1,1.0,0.0,79415.78,0
14484,15761141,Kistler,695,France,Male,43.0,5,0.0,2,1.0,0.0,180800.42,0
14485,15796834,Ts'ai,684,France,Male,36.0,5,0.0,2,1.0,0.0,94767.77,0
14486,15600110,Tung,637,France,Female,39.0,4,118235.2,2,0.0,1.0,149913.87,0
14487,15591100,Chiemela,667,Spain,Male,45.0,8,124693.48,1,1.0,0.0,187194.15,0
14488,15692091,O'Sullivan,599,France,Female,24.0,3,0.0,2,1.0,0.0,141069.49,0
14489,15772329,McIntosh,651,Germany,Male,41.0,2,171490.78,1,0.0,1.0,150468.35,0
14490,15675256,Kambinachi,584,Germany,Male,42.0,0,141581.71,2,1.0,1.0,51705.06,0
14491,15612087,Biryukov,704,Germany,Female,27.0,2,142905.51,2,1.0,1.0,131259.6,0
14492,15631063,Lucchesi,651,France,Female,34.0,8,0.0,2,0.0,0.0,187816.59,0
14493,15681476,Foveaux,714,France,Female,27.0,1,105426.5,1,1.0,0.0,87537.32,0
14494,15804822,Ijendu,629,Spain,Female,35.0,10,139914.17,1,0.0,1.0,51554.58,0
14495,15588948,Nkemjika,617,France,Male,34.0,2,0.0,2,1.0,0.0,171099.99,0
14496,15668460,Hs?,595,France,Female,40.0,1,0.0,2,0.0,1.0,141827.83,0
14497,15681912,Macintyre,833,Spain,Male,60.0,3,0.0,2,0.0,1.0,140886.58,0
14498,15621244,Cremonesi,727,France,Male,42.0,9,151218.98,1,1.0,1.0,9086.73,0
14499,15745455,Shih,681,Germany,Male,51.0,4,132623.76,1,1.0,0.0,95583.45,1
14500,15600337,Findlay,495,Spain,Male,40.0,1,140197.71,1,1.0,0.0,150720.39,0
14501,15659931,H?,663,Germany,Male,33.0,3,166031.45,1,1.0,0.0,131736.23,0
14502,15591036,Fanucci,674,France,Male,30.0,3,0.0,2,0.0,1.0,180595.02,0
14503,15775231,Ogg,699,France,Female,41.0,7,0.0,2,0.0,0.0,49480.66,1
14504,15742404,Giordano,711,France,Female,38.0,6,0.0,2,1.0,0.0,38308.34,0
14505,15752838,Teng,684,France,Female,26.0,7,0.0,2,0.0,1.0,199249.29,0
14506,15752991,Pisano,696,France,Female,28.0,2,0.0,1,1.0,0.0,84533.24,0
14507,15589805,Onyekachi,621,Germany,Male,29.0,8,127585.98,2,1.0,0.0,51548.14,0
14508,15657535,Ch'eng,806,France,Female,43.0,3,0.0,2,0.0,1.0,187915.45,0
14509,15627854,Y?,719,France,Female,25.0,9,0.0,1,0.0,0.0,92768.84,1
14510,15766355,Tien,694,France,Male,28.0,6,98899.76,2,0.0,1.0,105760.06,0
14511,15667085,Wei,790,France,Female,37.0,3,151290.16,1,0.0,1.0,172497.73,1
14512,15732265,Tsao,611,France,Female,19.0,10,0.0,2,1.0,1.0,63831.2,0
14513,15609669,Chuang,724,France,Male,40.0,4,109949.39,1,1.0,0.0,41268.65,0
14514,15673026,Lu,527,France,Male,39.0,2,0.0,1,1.0,0.0,54865.83,1
14515,15802290,Teng,596,Spain,Male,32.0,2,166546.88,1,0.0,0.0,168035.56,0
14516,15621063,P'eng,687,Spain,Female,54.0,2,0.0,2,1.0,1.0,60420.07,0
14517,15767793,Zetticci,602,France,Female,32.0,6,0.0,2,1.0,0.0,147963.07,0
14518,15700325,Onyeoruru,644,France,Female,24.0,4,92760.55,1,1.0,0.0,35896.75,1
14519,15783030,Pisano,619,France,Male,38.0,10,0.0,2,1.0,0.0,131768.43,0
14520,15743532,Ball,728,Germany,Male,33.0,9,147004.34,1,1.0,0.0,64381.33,1
14521,15586914,Y?an,686,France,Male,36.0,2,0.0,2,1.0,1.0,63981.53,0
14522,15703720,Yudina,697,France,Female,26.0,6,174902.57,1,1.0,0.0,91042.55,0
14523,15783060,Biryukov,567,France,Male,37.0,4,149961.97,1,1.0,1.0,142566.43,0
14524,15783487,Tsao,713,Germany,Male,39.0,5,136815.26,2,0.0,1.0,170886.88,0
14525,15785819,Onyekachi,667,France,Male,26.0,2,0.0,2,1.0,0.0,115566.57,0
14526,15764226,Moss,659,France,Female,36.0,5,119547.46,2,1.0,0.0,116249.72,0
14527,15760774,Smith,627,Germany,Male,35.0,2,106856.46,2,0.0,1.0,132430.17,0
14528,15670562,Yefimova,641,France,Male,40.0,4,91611.44,1,0.0,1.0,129892.92,0
14529,15779915,Chiang,735,Spain,Female,41.0,3,136858.0,1,1.0,0.0,145562.62,0
14530,15728693,McWilliams,511,Germany,Male,35.0,3,149726.08,1,1.0,0.0,52462.25,0
14531,15609618,Ts'ao,641,Spain,Male,38.0,9,129934.64,1,1.0,0.0,170821.43,0
14532,15585595,Shih,762,Germany,Male,32.0,3,102703.62,2,1.0,1.0,185821.41,0
14533,15812616,Ugochukwu,607,France,Male,37.0,7,0.0,2,1.0,0.0,129964.94,0
14534,15758031,Chukwufumnanya,646,Germany,Male,40.0,1,123697.56,1,1.0,1.0,177099.71,0
14535,15758537,Gorman,676,France,Male,37.0,10,0.0,2,0.0,0.0,68894.13,0
14536,15801466,Gray,686,Spain,Female,39.0,2,122524.61,1,1.0,0.0,88463.63,1
14537,15582910,Nwora,665,France,Male,42.0,5,0.0,2,0.0,0.0,667.66,0
14538,15793694,Ekechukwu,757,France,Male,36.0,9,0.0,1,1.0,1.0,4554.67,0
14539,15697035,Ebelegbulam,587,France,Male,36.0,7,0.0,2,1.0,0.0,84421.34,0
14540,15572706,Hsieh,588,France,Male,30.0,9,0.0,2,0.0,1.0,109894.5,0
14541,15682757,Pardey,734,France,Male,29.0,2,89039.9,1,0.0,1.0,107640.25,0
14542,15631481,Murray,526,France,Male,32.0,3,114590.58,2,0.0,0.0,75585.48,0
14543,15662203,Bremer,579,Spain,Female,42.0,3,137560.38,2,1.0,1.0,85424.34,0
14544,15703923,Palerma,539,Spain,Male,29.0,2,0.0,2,1.0,1.0,26606.28,0
14545,15642787,Fanucci,674,Spain,Female,45.0,7,95331.83,1,1.0,0.0,109733.73,0
14546,15720919,Pirozzi,599,Germany,Female,45.0,4,105957.44,1,1.0,0.0,144181.48,1
14547,15686939,Zikoranachidimma,711,France,Male,29.0,9,136812.64,1,1.0,0.0,166588.31,0
14548,15659175,Aksenova,807,France,Male,56.0,6,130924.75,2,1.0,1.0,85547.33,0
14549,15570533,Conti,619,France,Female,43.0,7,0.0,2,1.0,0.0,19264.33,0
14550,15640283,Palerma,628,France,Male,38.0,8,0.0,2,1.0,0.0,62634.43,0
14551,15733111,Akubundu,729,Germany,Male,52.0,1,102025.72,2,0.0,1.0,1801.49,1
14552,15660840,T'ang,598,Spain,Female,27.0,4,0.0,2,0.0,1.0,169862.93,0
14553,15757571,Genovesi,569,France,Female,40.0,1,0.0,1,1.0,1.0,129891.66,1
14554,15715394,Aitken,709,Spain,Male,36.0,9,153548.11,1,1.0,0.0,77965.44,0
14555,15768201,Zikoranachidimma,758,Spain,Male,41.0,4,0.0,2,0.0,0.0,108500.66,0
14556,15782096,Fitch,639,Germany,Male,37.0,8,117438.92,2,1.0,0.0,138021.36,0
14557,15651955,Hsing,681,France,Male,45.0,6,135290.22,1,0.0,0.0,65611.01,0
14558,15621195,Artemieva,619,France,Male,32.0,4,148384.64,1,1.0,1.0,121207.66,0
14559,15692918,Ts'ai,756,France,Male,38.0,4,0.0,2,1.0,1.0,93844.88,0
14560,15777830,Hutchinson,635,France,Female,42.0,4,0.0,1,0.0,0.0,167682.37,0
14561,15782468,Onyemauchechukwu,581,Spain,Male,31.0,10,0.0,2,1.0,1.0,104889.2,0
14562,15804822,McKenzie,561,France,Male,29.0,6,0.0,2,0.0,0.0,87771.06,0
14563,15772650,Milne,716,France,Male,29.0,4,0.0,2,0.0,1.0,139410.01,0
14564,15756481,Garcia,636,France,Female,39.0,3,118336.14,1,1.0,0.0,184691.77,1
14565,15704081,Findlay,595,Germany,Female,30.0,9,130682.11,2,1.0,0.0,57862.88,0
14566,15583595,Efimov,722,France,Female,24.0,8,0.0,1,1.0,1.0,103970.58,0
14567,15709459,Moore,648,Germany,Female,42.0,5,141525.55,2,1.0,1.0,171463.83,0
14568,15569098,Baresi,652,France,Male,42.0,7,0.0,2,1.0,0.0,146041.45,0
14569,15674551,Yermakov,646,France,Male,41.0,7,0.0,2,1.0,1.0,145537.76,1
14570,15605036,O'Sullivan,539,France,Male,36.0,2,93716.33,1,1.0,1.0,163524.17,0
14571,15628824,Burton,665,France,Female,45.0,5,160389.82,1,0.0,0.0,183542.08,1
14572,15785490,Okeke,771,Germany,Male,50.0,3,105229.72,1,1.0,0.0,16281.68,1
14573,15741275,Calabrese,681,Germany,Female,38.0,8,106967.18,2,1.0,1.0,20289.13,0
14574,15576615,Okwuadigbo,708,Spain,Female,35.0,6,0.0,2,1.0,1.0,138360.29,0
14575,15809777,Gadsden,711,Spain,Female,38.0,7,0.0,1,1.0,0.0,9972.64,1
14576,15663964,Hsia,597,France,Female,33.0,0,0.0,2,0.0,0.0,184524.74,0
14577,15625945,Cremonesi,669,Germany,Male,35.0,4,151762.76,1,1.0,0.0,171036.05,0
14578,15804078,Maclean,735,France,Male,43.0,10,0.0,2,1.0,1.0,152917.17,0
14579,15679693,Mazzanti,748,France,Female,34.0,5,90547.94,1,1.0,1.0,121261.0,0
14580,15804771,Ch'iu,677,Germany,Female,45.0,9,122933.13,1,1.0,0.0,52876.61,1
14581,15572467,Ts'ui,679,Germany,Male,27.0,9,126679.69,2,1.0,0.0,146680.28,0
14582,15671209,Ejikemeifeuwa,633,France,Female,53.0,7,0.0,1,1.0,0.0,163427.18,1
14583,15689322,Bevan,641,Spain,Male,31.0,3,153316.14,1,1.0,0.0,59927.99,1
14584,15691952,Maclean,729,Spain,Female,39.0,6,0.0,2,1.0,1.0,160529.71,0
14585,15615457,Ch'ien,588,France,Male,38.0,4,133744.26,1,1.0,1.0,68815.05,0
14586,15664754,Ch'en,637,Germany,Male,32.0,3,117700.23,2,1.0,1.0,86619.41,0
14587,15641158,Dickson,684,France,Male,38.0,4,0.0,2,0.0,0.0,86022.09,0
14588,15617078,Ewing,669,France,Female,43.0,4,148481.09,1,0.0,1.0,130529.13,1
14589,15581289,Tien,711,Germany,Male,42.0,5,131581.56,2,1.0,1.0,178291.05,0
14590,15698042,Hsu,576,Germany,Female,29.0,9,109832.41,1,1.0,1.0,115186.71,0
14591,15589805,Benson,495,Spain,Male,30.0,2,139810.34,2,1.0,1.0,152417.79,0
14592,15718369,Kaodilinakachukwu,686,Germany,Female,46.0,5,115062.61,1,0.0,1.0,165574.54,0
14593,15710553,Ball,584,France,Female,37.0,4,0.0,2,1.0,0.0,147600.54,0
14594,15691387,O'Brien,646,France,Male,34.0,9,0.0,2,1.0,0.0,53311.29,0
14595,15667429,Outhwaite,616,France,Male,36.0,5,0.0,2,1.0,1.0,159334.64,0
14596,15628767,Kisch,686,France,Female,35.0,8,146606.6,1,1.0,1.0,79146.36,0
14597,15707479,Fan,664,France,Male,50.0,7,125608.72,1,1.0,0.0,122073.48,0
14598,15651020,Ts'ai,571,Germany,Female,41.0,1,141786.78,1,1.0,1.0,44220.4,0
14599,15658032,Calabrese,554,France,Male,35.0,8,0.0,2,0.0,0.0,146411.5,0
14600,15796230,Morley,642,France,Female,36.0,2,124495.98,2,1.0,0.0,57904.22,0
14601,15768495,Hsia,669,France,Female,35.0,1,0.0,2,1.0,1.0,102665.96,0
14602,15677049,Hsieh,599,France,Male,42.0,2,0.0,2,0.0,1.0,116957.6,0
14603,15692583,Iadanza,632,France,Female,52.0,4,147832.15,1,1.0,0.0,101319.76,1
14604,15756926,T'ang,590,Spain,Male,36.0,2,141553.43,1,0.0,1.0,158045.99,0
14605,15790594,Bednall,641,France,Female,27.0,6,0.0,2,0.0,0.0,49775.58,0
14606,15693233,De Neeve,666,Spain,Male,25.0,6,99812.88,2,0.0,1.0,158668.87,0
14607,15735632,Williamson,571,France,Female,41.0,8,0.0,1,1.0,0.0,63736.17,0
14608,15810563,Lombardi,705,France,Male,30.0,1,0.0,1,1.0,0.0,172363.55,1
14609,15793341,Okwudilichukwu,728,Germany,Male,35.0,5,117849.57,1,1.0,1.0,126423.57,0
14610,15697480,H?,703,France,Female,46.0,8,0.0,1,1.0,1.0,6078.93,1
14611,15782756,Kao,646,France,Female,28.0,3,142400.27,1,1.0,1.0,141453.96,0
14612,15597309,Howell,599,France,Male,37.0,7,0.0,2,1.0,0.0,80134.65,0
14613,15683524,Mazzanti,632,France,Female,63.0,7,181110.13,2,1.0,1.0,178291.09,0
14614,15621140,Pirozzi,605,Spain,Male,42.0,2,0.0,2,1.0,0.0,121485.1,0
14615,15572398,Onyemere,584,France,Male,36.0,4,0.0,2,1.0,1.0,96660.76,0
14616,15778155,T'ien,739,France,Female,47.0,3,0.0,1,1.0,0.0,183572.39,1
14617,15780144,Fisk,628,France,Female,39.0,8,0.0,2,1.0,1.0,158043.11,0
14618,15623346,Lombardo,538,Germany,Male,40.0,9,122314.5,1,1.0,1.0,149535.44,1
14619,15588580,Walker,807,Spain,Female,24.0,4,0.0,2,1.0,0.0,175070.58,0
14620,15682928,Teng,775,France,Female,31.0,0,0.0,2,1.0,0.0,148527.56,0
14621,15654531,Onio,692,France,Male,40.0,7,0.0,2,1.0,1.0,152235.21,0
14622,15616028,Adams,731,France,Female,37.0,10,0.0,2,1.0,1.0,15039.41,0
14623,15806956,Iqbal,651,Spain,Female,42.0,4,0.0,1,1.0,0.0,11710.4,1
14624,15693483,Kao,554,Germany,Female,40.0,4,124922.21,1,0.0,0.0,79871.02,1
14625,15697480,Hs?eh,658,France,Male,26.0,1,0.0,2,0.0,1.0,45610.63,0
14626,15740283,Ewing,673,France,Male,24.0,8,0.0,2,0.0,1.0,178752.73,0
14627,15792222,Okwukwe,629,Spain,Female,52.0,1,91956.39,1,0.0,1.0,119400.01,1
14628,15639368,Pipes,837,France,Female,42.0,6,110942.9,1,0.0,0.0,172576.43,1
14629,15649425,Nkemdirim,567,France,Male,33.0,9,0.0,2,1.0,1.0,108008.05,0
14630,15798850,Hsueh,643,Germany,Male,46.0,7,114354.95,1,1.0,1.0,139919.38,1
14631,15712403,Gordon,699,France,Male,36.0,3,135095.47,1,1.0,1.0,143668.58,0
14632,15768455,Hughes,506,France,Male,35.0,6,0.0,2,1.0,1.0,62389.35,0
14633,15781879,Pirozzi,733,Spain,Male,29.0,7,148045.43,1,1.0,1.0,161647.12,0
14634,15607746,Belstead,773,France,Male,23.0,1,0.0,2,1.0,1.0,56905.38,0
14635,15665760,Kazantsev,648,Spain,Male,40.0,7,0.0,2,0.0,0.0,57764.65,1
14636,15751175,H?,611,France,Male,41.0,2,0.0,2,1.0,0.0,69531.22,0
14637,15693769,Lupton,571,Spain,Male,30.0,10,0.0,2,1.0,1.0,75764.63,0
14638,15634267,Ch'iu,706,Germany,Female,25.0,9,153739.16,1,0.0,1.0,47848.56,1
14639,15693864,Hsiao,645,France,Male,35.0,2,0.0,2,1.0,1.0,6057.81,0
14640,15653782,Hsia,648,France,Male,38.0,4,0.0,1,0.0,1.0,64731.9,1
14641,15701376,K'ung,668,France,Male,31.0,9,0.0,1,1.0,0.0,159585.61,0
14642,15769246,Ponomaryov,699,Spain,Male,37.0,2,0.0,2,1.0,1.0,182364.21,0
14643,15669611,Lo,850,France,Male,37.0,4,0.0,2,0.0,0.0,60905.51,0
14644,15658813,Romani,706,Spain,Male,46.0,5,92219.21,2,1.0,0.0,86190.34,0
14645,15762238,Tung,691,France,Male,40.0,5,0.0,1,0.0,0.0,162878.96,0
14646,15678760,Pye,637,Spain,Female,24.0,10,0.0,2,1.0,1.0,142518.62,0
14647,15710743,Onwuamaeze,621,Germany,Female,32.0,10,135067.52,1,0.0,1.0,133831.37,0
14648,15720071,Fiorentini,535,France,Female,49.0,3,0.0,1,0.0,0.0,61820.41,0
14649,15801915,DeRose,706,France,Male,31.0,3,113743.37,1,1.0,0.0,67976.57,0
14650,15761347,Obidimkpa,712,Germany,Male,38.0,8,149117.71,2,0.0,0.0,100995.99,0
14651,15569264,Ts'ai,592,France,Female,46.0,2,0.0,1,1.0,0.0,120105.61,1
14652,15669411,Nwabugwu,678,Germany,Male,35.0,5,142526.88,2,1.0,0.0,173486.39,0
14653,15759317,Chukwuemeka,802,France,Male,26.0,8,146587.3,2,1.0,0.0,152797.4,0
14654,15598851,Shaver,726,France,Male,34.0,0,0.0,2,1.0,1.0,116911.13,0
14655,15803749,Stanley,561,France,Female,28.0,7,0.0,2,0.0,1.0,7797.01,0
14656,15792565,T'ien,718,Spain,Female,41.0,1,118699.45,1,1.0,1.0,172097.95,0
14657,15643903,Olisanugo,664,France,Male,39.0,8,0.0,2,1.0,0.0,49405.93,0
14658,15699430,Fennell,682,France,Male,39.0,1,0.0,2,1.0,1.0,103908.49,0
14659,15625592,Toscani,727,France,Female,39.0,2,0.0,2,1.0,1.0,87067.73,0
14660,15805937,Milne,485,France,Male,38.0,2,101286.11,1,1.0,1.0,128891.71,0
14661,15794323,Koch,684,Spain,Female,38.0,7,0.0,2,1.0,0.0,88890.75,0
14662,15591386,Teng,739,France,Male,43.0,0,0.0,2,1.0,0.0,154908.52,0
14663,15781460,Nwachinemelu,850,France,Male,52.0,8,133944.5,1,1.0,1.0,103499.77,1
14664,15623357,DeRose,482,France,Female,34.0,8,0.0,2,1.0,0.0,78560.64,0
14665,15748360,Cocci,543,France,Male,33.0,4,0.0,2,0.0,1.0,146745.31,0
14666,15811127,P'eng,633,France,Female,38.0,1,0.0,2,0.0,1.0,182053.42,0
14667,15685109,Beneventi,689,Spain,Male,39.0,7,0.0,1,1.0,0.0,155870.82,1
14668,15686810,Yobachi,735,France,Female,42.0,2,0.0,2,1.0,1.0,162868.41,0
14669,15795540,Hsueh,648,France,Female,43.0,3,0.0,2,0.0,0.0,170112.44,0
14670,15736008,H?,644,France,Female,31.0,6,95441.27,1,0.0,1.0,93718.16,0
14671,15738487,Mazzanti,744,France,Female,40.0,3,0.0,2,1.0,1.0,148527.56,0
14672,15644765,Fyodorova,751,France,Male,58.0,5,0.0,2,0.0,1.0,97628.08,1
14673,15576723,Chukwudi,683,Germany,Male,37.0,0,112572.53,1,1.0,1.0,105570.79,0
14674,15790448,Aksenov,705,France,Female,37.0,5,160132.64,2,0.0,1.0,59668.18,0
14675,15632275,T'ao,741,France,Male,43.0,5,127837.54,1,0.0,0.0,101089.76,1
14676,15753861,Nnaife,763,France,Male,31.0,4,0.0,2,0.0,0.0,82709.53,0
14677,15646632,Ugoji,587,France,Female,40.0,3,0.0,2,1.0,0.0,126796.69,0
14678,15677049,Seleznyov,652,France,Male,33.0,9,114510.85,1,1.0,1.0,126143.23,0
14679,15782456,Reilly,811,France,Male,38.0,9,0.0,2,1.0,0.0,140173.17,0
14680,15809909,Hs?,422,France,Male,54.0,10,0.0,2,1.0,1.0,7166.71,0
14681,15694381,Bogle,562,France,Male,40.0,8,138120.48,1,1.0,1.0,130789.6,0
14682,15625706,Rowley,504,France,Female,43.0,9,152347.01,1,1.0,0.0,61602.42,1
14683,15766172,Ts'ai,758,Spain,Female,46.0,5,0.0,2,1.0,0.0,159928.17,0
14684,15681655,Iloerika,579,France,Female,37.0,5,0.0,1,1.0,1.0,116816.28,0
14685,15583480,Biryukov,706,France,Male,38.0,8,112889.91,1,1.0,1.0,6723.66,0
14686,15583591,Ugorji,629,Germany,Female,48.0,7,127735.24,2,1.0,1.0,118023.7,0
14687,15604792,Chukwuebuka,646,France,Female,34.0,8,133050.97,1,1.0,1.0,136329.96,0
14688,15591248,Chukwumaobim,628,France,Male,37.0,9,71996.29,1,1.0,1.0,34857.46,0
14689,15623989,Okorie,628,Spain,Female,42.0,1,0.0,2,1.0,1.0,171922.71,0
14690,15703394,Pisano,705,Spain,Female,36.0,5,0.0,2,1.0,1.0,54726.43,0
14691,15684921,Hsiao,739,Spain,Male,50.0,8,0.0,2,1.0,1.0,93767.28,0
14692,15736299,Bell,729,France,Male,34.0,8,0.0,2,0.0,1.0,121311.12,0
14693,15787042,Yobanna,726,France,Male,32.0,7,0.0,2,1.0,1.0,152290.61,0
14694,15795586,Pinto,615,Germany,Female,47.0,1,121405.04,1,0.0,0.0,132770.11,1
14695,15654074,Fan,594,Germany,Female,32.0,3,122964.88,2,1.0,0.0,112366.98,0
14696,15570857,Eluemuno,741,France,Female,24.0,2,99441.21,1,1.0,0.0,172749.72,1
14697,15599552,Conway,711,Germany,Female,54.0,2,144848.74,2,1.0,1.0,53843.71,0
14698,15734005,Mazzi,633,France,Female,42.0,5,0.0,1,1.0,1.0,56865.62,0
14699,15683544,Ch'in,682,Spain,Male,40.0,8,117879.35,1,1.0,0.0,93839.3,0
14700,15724648,Chikezie,725,France,Male,29.0,6,98684.15,1,0.0,0.0,133720.57,1
14701,15745794,Onyinyechukwuka,516,France,Female,38.0,9,0.0,2,1.0,0.0,141796.39,0
14702,15681550,Azubuike,836,Spain,Female,39.0,5,166733.92,2,1.0,0.0,14279.44,0
14703,15776047,Lai,850,Spain,Male,35.0,1,0.0,2,0.0,0.0,52449.04,0
14704,15765461,Ch'eng,738,Germany,Male,42.0,10,131365.37,1,0.0,0.0,48226.76,1
14705,15637678,Ugochukwu,741,France,Male,33.0,1,153946.54,1,1.0,0.0,72951.94,0
14706,15714046,Onwughara,652,France,Male,33.0,4,0.0,1,1.0,1.0,182726.83,0
14707,15691723,Chukwudi,554,Spain,Female,55.0,9,99685.06,1,0.0,1.0,114474.98,1
14708,15579183,Fanucci,678,France,Male,41.0,8,0.0,2,1.0,1.0,97734.3,0
14709,15622217,Jen,538,France,Female,38.0,8,88758.95,1,0.0,0.0,28226.15,0
14710,15581237,Biryukov,573,Germany,Male,32.0,2,160777.9,1,1.0,1.0,149536.15,0
14711,15585379,Humphries,705,France,Male,39.0,2,111525.02,1,1.0,0.0,199484.96,1
14712,15576077,Stone,738,Spain,Male,36.0,5,0.0,2,0.0,1.0,93739.71,0
14713,15793901,Pagnotto,726,France,Male,34.0,7,0.0,2,1.0,0.0,182336.45,0
14714,15753895,Blue,590,Spain,Male,29.0,3,0.0,1,1.0,0.0,133535.99,0
14715,15774586,West,692,Germany,Male,43.0,10,118588.83,2,1.0,1.0,161241.65,0
14716,15747762,Chigozie,593,France,Male,53.0,10,118537.47,1,0.0,1.0,117038.96,1
14717,15632977,Hsiao,631,France,Female,33.0,5,0.0,2,1.0,1.0,44719.5,0
14718,15761670,Genovese,584,Germany,Female,37.0,5,134171.8,1,1.0,1.0,70618.0,0
14719,15647890,Su,691,France,Male,37.0,7,149405.18,1,1.0,0.0,146411.41,1
14720,15654211,Milani,714,Spain,Male,40.0,9,0.0,1,0.0,1.0,1050.33,0
14721,15653857,Wallis,492,France,Male,34.0,2,0.0,2,1.0,1.0,148528.24,0
14722,15797960,Nebechi,730,France,Female,23.0,5,0.0,2,0.0,1.0,77330.35,0
14723,15805025,Oluchukwu,595,France,Male,45.0,8,0.0,2,1.0,1.0,173599.38,0
14724,15662238,Pagnotto,597,France,Male,32.0,4,0.0,2,0.0,1.0,158049.9,0
14725,15593394,Genovesi,695,Germany,Female,35.0,10,112949.71,2,1.0,0.0,125083.09,0
14726,15581272,Chukwukadibia,572,France,Male,38.0,2,119654.05,2,1.0,0.0,54954.51,0
14727,15596984,Pinto,629,Spain,Female,41.0,4,0.0,1,1.0,1.0,16447.6,0
14728,15662232,Teng,498,Germany,Female,31.0,5,139432.53,1,1.0,1.0,162453.33,1
14729,15732563,Teng,695,France,Male,30.0,9,0.0,2,1.0,1.0,96444.88,0
14730,15598510,Trevisan,554,France,Male,45.0,9,0.0,1,1.0,1.0,82696.84,1
14731,15628530,Booth,575,France,Male,45.0,3,156864.2,1,0.0,1.0,88890.05,0
14732,15753092,He,632,France,Male,35.0,2,0.0,2,1.0,0.0,181918.26,0
14733,15793842,P'eng,645,Spain,Female,44.0,5,171937.27,1,1.0,0.0,171762.87,1
14734,15717706,Chijindum,562,France,Female,52.0,7,114091.82,1,1.0,1.0,103392.8,0
14735,15729763,Brown,652,Germany,Male,33.0,0,122922.23,2,1.0,1.0,172576.51,0
14736,15666012,Hsing,535,France,Male,33.0,3,133040.32,1,1.0,1.0,110299.78,0
14737,15758749,Nnaife,659,France,Female,35.0,8,122471.09,1,1.0,0.0,103557.85,0
14738,15593694,Chiazagomekpere,679,Germany,Female,34.0,1,141787.96,2,1.0,1.0,140139.17,0
14739,15797293,Sopuluchukwu,677,France,Female,46.0,3,0.0,2,1.0,0.0,179608.96,1
14740,15732468,Liao,623,Spain,Male,36.0,4,0.0,2,1.0,1.0,131768.98,0
14741,15624471,Piazza,554,Germany,Male,49.0,8,111729.47,1,0.0,1.0,146652.07,1
14742,15710365,Hamilton,646,France,Female,39.0,1,0.0,2,0.0,1.0,183682.09,0
14743,15578049,Macleod,593,France,Female,34.0,6,0.0,2,1.0,0.0,80190.72,0
14744,15809722,Ankudinov,611,France,Female,46.0,8,100812.33,1,0.0,1.0,147358.27,0
14745,15650392,Ozerova,591,France,Female,44.0,8,0.0,1,1.0,1.0,131299.65,1
14746,15666810,Iadanza,615,France,Male,29.0,9,0.0,2,1.0,0.0,176913.87,0
14747,15793331,Brown,562,Germany,Female,31.0,4,116120.19,2,1.0,1.0,123722.96,0
14748,15661526,Nnonso,714,Spain,Male,22.0,6,0.0,2,1.0,1.0,91711.66,0
14749,15782454,Ndubuagha,736,Germany,Female,46.0,4,128504.76,1,1.0,1.0,173870.39,1
14750,15670584,Nkemakolam,682,Germany,Male,38.0,1,125566.9,1,0.0,1.0,121504.18,0
14751,15642093,Hargreaves,683,France,Male,36.0,6,0.0,2,0.0,0.0,140800.32,0
14752,15585451,Ts'ai,634,France,Female,35.0,5,0.0,1,1.0,1.0,131284.99,0
14753,15699005,Efimov,573,France,Female,34.0,9,0.0,2,1.0,0.0,156424.4,0
14754,15775888,Chiemela,656,France,Female,28.0,3,122723.5,1,1.0,0.0,166777.97,0
14755,15709412,H?,776,Spain,Male,36.0,6,0.0,1,1.0,1.0,63908.86,0
14756,15690540,Nnamutaezinwa,723,Spain,Male,51.0,1,148493.89,1,1.0,0.0,1099.95,1
14757,15746989,Hsiung,588,France,Male,37.0,7,89588.19,1,1.0,1.0,72950.97,0
14758,15599433,Efremov,693,Spain,Male,35.0,4,0.0,2,1.0,0.0,141364.27,0
14759,15642785,Watson,576,Germany,Male,34.0,7,132906.88,1,0.0,0.0,149384.43,0
14760,15769451,Hsiung,749,France,Female,32.0,6,0.0,1,0.0,0.0,82970.25,1
14761,15589793,Onwuamaegbu,604,France,Male,53.0,8,144453.75,2,1.0,0.0,190998.96,0
14762,15753874,Brown,584,Spain,Male,36.0,3,0.0,1,1.0,1.0,182738.0,1
14763,15581197,Onio,592,France,Female,62.0,3,125510.82,1,1.0,1.0,153810.41,0
14764,15737025,Roberts,635,France,Male,33.0,7,0.0,2,0.0,1.0,178067.33,0
14765,15668032,Mironov,650,Spain,Male,40.0,0,0.0,2,1.0,1.0,59237.72,0
14766,15681705,L?,793,France,Male,41.0,7,134571.5,1,1.0,1.0,38315.04,0
14767,15742668,Alexeyeva,712,Spain,Female,31.0,9,0.0,2,1.0,1.0,76254.83,0
14768,15702377,Knorr,627,Spain,Male,31.0,1,132759.8,1,1.0,1.0,78899.22,0
14769,15637427,Lu,635,Spain,Male,35.0,6,126729.41,2,1.0,1.0,36249.76,0
14770,15668575,Todd,693,France,Male,57.0,2,0.0,2,1.0,0.0,82815.93,0
14771,15579515,Palerma,850,France,Male,38.0,2,133483.74,2,1.0,0.0,93617.13,0
14772,15650864,P'eng,850,France,Male,37.0,5,131063.58,1,1.0,1.0,115789.6,0
14773,15648933,T'ao,703,Spain,Male,58.0,2,0.0,2,0.0,1.0,51345.39,0
14774,15748231,Tsao,633,France,Male,40.0,8,0.0,2,1.0,0.0,178752.68,0
14775,15745080,De Luca,678,France,Female,36.0,3,140937.81,1,0.0,0.0,117060.2,0
14776,15654870,Iadanza,709,Spain,Female,57.0,10,0.0,1,0.0,1.0,70529.0,1
14777,15616666,Rizzo,650,France,Male,22.0,1,0.0,2,1.0,1.0,155872.82,0
14778,15591512,Cattaneo,586,Germany,Male,35.0,2,106938.11,2,1.0,1.0,170122.22,0
14779,15721189,Kung,666,France,Male,20.0,7,0.0,2,1.0,1.0,99792.82,0
14780,15601351,Shao,817,Germany,Male,48.0,0,110624.99,1,1.0,0.0,137784.25,1
14781,15720579,Tien,704,France,Male,29.0,1,0.0,2,1.0,0.0,160819.19,0
14782,15807245,T'ang,619,France,Male,23.0,5,0.0,2,1.0,0.0,121365.63,0
14783,15782089,Yefremov,850,Germany,Male,53.0,9,136674.51,1,0.0,1.0,167522.19,1
14784,15687959,Fiorentini,613,France,Female,62.0,1,0.0,1,1.0,1.0,88878.15,0
14785,15672499,Ulyanov,583,France,Male,30.0,7,0.0,2,0.0,0.0,106390.01,0
14786,15743865,Tsao,681,Germany,Male,24.0,1,125726.38,2,0.0,0.0,62442.38,0
14787,15670668,T'ang,584,France,Male,28.0,9,0.0,1,0.0,0.0,85877.48,0
14788,15643671,Hs?,588,Spain,Male,31.0,1,96659.64,1,1.0,0.0,1539.21,0
14789,15662884,Macleod,714,France,Male,27.0,6,127637.42,1,1.0,1.0,69055.37,0
14790,15747524,Ukaegbunam,695,France,Male,32.0,5,0.0,2,1.0,0.0,162501.44,0
14791,15762729,Ukaegbunam,731,France,Male,39.0,9,0.0,4,1.0,0.0,176730.02,1
14792,15794661,Liu,655,Spain,Male,32.0,2,0.0,2,1.0,0.0,140579.17,0
14793,15796231,Nwankwo,635,France,Female,28.0,1,98894.39,1,1.0,1.0,9596.4,0
14794,15585867,Ch'iu,709,Germany,Female,32.0,4,90544.0,2,1.0,1.0,133692.63,0
14795,15659937,Onwuamaeze,718,France,Female,27.0,9,0.0,1,1.0,0.0,83090.35,0
14796,15809847,Tseng,699,Germany,Female,34.0,2,85819.29,2,1.0,1.0,89891.3,0
14797,15679966,Onyinyechukwuka,599,France,Female,29.0,2,118577.24,1,1.0,1.0,152210.81,0
14798,15757831,Kao,669,France,Male,34.0,8,0.0,1,1.0,1.0,96937.0,0
14799,15756241,Yirawala,767,France,Female,46.0,7,0.0,1,1.0,0.0,136915.15,1
14800,15793322,Shih,611,France,Male,32.0,9,0.0,2,1.0,0.0,140133.08,0
14801,15755798,Pugh,657,France,Male,63.0,2,0.0,2,0.0,1.0,82569.13,1
14802,15790846,Chienezie,606,Germany,Male,40.0,9,119948.09,1,0.0,0.0,149912.28,1
14803,15751032,Chiemenam,756,Germany,Female,28.0,1,113546.9,1,1.0,1.0,120586.59,0
14804,15629002,Herrera,742,Germany,Male,37.0,1,121250.04,1,0.0,1.0,79691.4,0
14805,15608688,Miller,499,Germany,Female,35.0,6,131033.76,1,1.0,0.0,68343.08,1
14806,15594404,Sholes,633,Germany,Male,25.0,3,139443.75,1,1.0,0.0,55775.82,0
14807,15628112,Trevisani,663,France,Male,44.0,6,0.0,2,1.0,0.0,183584.14,0
14808,15570271,Macleod,691,France,Female,37.0,4,0.0,2,1.0,0.0,172097.4,0
14809,15709117,Obiajulu,622,Germany,Male,44.0,6,127864.26,1,1.0,1.0,113033.73,1
14810,15586036,Nwabugwu,589,France,Female,25.0,7,0.0,2,0.0,0.0,103570.58,0
14811,15812338,Mazure,627,Spain,Male,49.0,4,111087.5,1,0.0,1.0,146680.25,0
14812,15800434,Hsieh,454,Spain,Male,71.0,7,109829.41,1,0.0,1.0,94415.43,1
14813,15591550,Onyemauchechi,751,France,Female,35.0,1,0.0,2,1.0,0.0,122925.64,0
14814,15642394,Ibeamaka,561,Germany,Female,36.0,10,142289.28,2,1.0,1.0,142223.94,0
14815,15663859,Smith,607,Spain,Male,50.0,2,115746.96,3,1.0,0.0,69384.49,1
14816,15572374,Hs?,683,Germany,Male,41.0,9,131762.94,1,1.0,1.0,131281.28,0
14817,15809991,Ferrari,756,Spain,Male,19.0,4,130274.22,1,1.0,0.0,133535.99,1
14818,15652658,Uspenskaya,751,France,Female,55.0,8,0.0,1,1.0,0.0,82222.86,1
14819,15643858,T'ien,530,France,Female,41.0,10,0.0,2,0.0,1.0,52449.62,0
14820,15682474,Trevisani,775,France,Male,41.0,5,0.0,2,1.0,0.0,82351.06,0
14821,15713559,Nwachukwu,705,Germany,Female,39.0,5,106506.5,1,1.0,1.0,139971.04,1
14822,15749365,Goliwe,599,Germany,Male,38.0,9,118924.79,1,1.0,0.0,122933.96,1
14823,15689412,Olejuru,721,France,Male,35.0,4,0.0,2,1.0,1.0,22247.27,0
14824,15736388,Pagnotto,559,Spain,Male,41.0,6,0.0,1,0.0,0.0,82321.02,1
14825,15732639,P'eng,714,France,Male,51.0,7,146492.71,1,1.0,1.0,136983.43,0
14826,15787151,Liao,620,France,Male,33.0,1,0.0,2,1.0,0.0,198969.78,0
14827,15789865,Nnaife,627,Germany,Male,47.0,10,91522.04,2,1.0,1.0,133051.64,0
14828,15579189,Moran,641,Spain,Female,36.0,7,0.0,2,1.0,1.0,120512.08,0
14829,15772361,White,474,France,Female,36.0,9,147511.26,1,1.0,0.0,178268.36,0
14830,15600173,Milne,644,Spain,Female,45.0,1,0.0,1,1.0,1.0,63736.17,0
14831,15610355,Shao,497,France,Male,47.0,2,117154.9,2,1.0,1.0,101382.86,0
14832,15786433,T'ao,710,France,Male,42.0,9,0.0,2,0.0,1.0,59325.21,0
14833,15654891,Yobanna,516,Germany,Male,33.0,9,111213.64,1,1.0,1.0,115818.51,0
14834,15719508,Davis,650,Germany,Female,37.0,8,117153.0,1,1.0,1.0,168080.53,0
14835,15730673,Y?,567,Spain,Male,40.0,7,0.0,2,0.0,1.0,138552.74,0
14836,15749947,Hodge,792,France,Female,58.0,7,124976.19,1,0.0,1.0,1485.98,1
14837,15637138,Ugorji,735,Germany,Female,35.0,8,139859.0,2,1.0,1.0,162924.99,0
14838,15609913,Pagnotto,619,Germany,Female,32.0,3,103522.75,1,1.0,1.0,73371.65,1
14839,15809817,Cattaneo,545,France,Male,34.0,4,133636.36,1,0.0,1.0,102925.46,0
14840,15750545,Chidiebere,629,France,Male,44.0,5,75801.74,1,1.0,0.0,117572.59,0
14841,15747097,Lucchese,682,France,Female,41.0,9,0.0,4,1.0,0.0,91044.47,1
14842,15729359,Nwachinemelu,841,France,Female,34.0,1,0.0,1,1.0,1.0,143883.96,0
14843,15703588,Akobundu,493,Germany,Male,35.0,2,166527.88,1,1.0,0.0,147913.56,0
14844,15705301,Arcuri,583,France,Male,29.0,4,121823.4,2,1.0,1.0,50368.63,0
14845,15784042,L?,544,France,Male,46.0,5,118793.6,1,1.0,1.0,95022.02,1
14846,15592736,Lucchese,731,Germany,Male,43.0,2,102994.04,1,1.0,0.0,176680.16,0
14847,15692599,O'Donnell,697,Germany,Male,34.0,0,150463.11,2,0.0,0.0,167564.81,0
14848,15806926,Onyemachukwu,588,France,Female,34.0,8,0.0,2,1.0,0.0,112649.22,0
14849,15576039,Obiajulu,645,Germany,Male,37.0,9,93521.85,1,1.0,1.0,38131.71,0
14850,15692291,Hs?,526,Germany,Female,53.0,6,156674.2,1,1.0,0.0,118502.34,1
14851,15568878,Fanucci,684,Germany,Male,42.0,0,121092.47,2,0.0,1.0,99654.13,0
14852,15692929,Hsieh,693,France,Male,41.0,1,145056.59,1,1.0,1.0,131712.51,0
14853,15625761,Hyde,689,Germany,Female,59.0,5,108585.35,1,1.0,1.0,192127.22,0
14854,15627352,Iadanza,633,France,Male,38.0,3,0.0,2,1.0,0.0,161653.5,0
14855,15806958,Ch'eng,588,Germany,Male,33.0,9,167988.55,2,0.0,0.0,152899.7,0
14856,15742632,Kornilova,684,Spain,Female,45.0,3,99097.26,2,1.0,0.0,116977.57,0
14857,15577970,Nwankwo,667,Spain,Male,36.0,8,0.0,2,1.0,1.0,135795.86,0
14858,15714659,Yefremova,709,Spain,Male,56.0,0,142400.27,1,0.0,1.0,118978.64,0
14859,15725068,Ch'ien,727,Germany,Female,35.0,1,154872.08,2,1.0,0.0,186489.95,0
14860,15594044,Mistry,558,France,Female,61.0,6,0.0,1,1.0,1.0,151335.28,1
14861,15605327,Kashiwagi,656,Spain,Male,27.0,6,0.0,2,1.0,0.0,91406.62,0
14862,15758031,Pinto,754,Spain,Male,37.0,7,137536.05,1,0.0,1.0,142760.99,0
14863,15575410,Chidiegwu,708,France,Male,39.0,6,83765.35,2,1.0,0.0,118358.54,0
14864,15802735,K'ung,537,Spain,Male,44.0,4,0.0,2,1.0,0.0,118469.85,0
14865,15636396,Ch'eng,594,France,Male,46.0,3,131834.76,1,1.0,1.0,181224.56,0
14866,15758901,Bray,613,Germany,Female,30.0,6,126803.34,2,1.0,0.0,161133.4,0
14867,15757812,Manna,700,France,Female,39.0,5,126066.26,1,1.0,1.0,72462.25,0
14868,15631412,Trevisano,697,France,Female,35.0,6,0.0,2,1.0,1.0,158317.63,0
14869,15800287,Micco,706,Spain,Female,46.0,2,127637.92,2,1.0,1.0,150156.82,0
14870,15628144,Ts'ai,789,Spain,Male,44.0,2,0.0,1,1.0,1.0,82547.01,0
14871,15709531,Fanucci,656,France,Female,34.0,4,133436.52,1,0.0,1.0,156476.36,0
14872,15782311,Ts'ui,738,Spain,Female,33.0,2,0.0,2,1.0,1.0,71911.3,0
14873,15571148,P'eng,671,France,Female,31.0,9,0.0,2,1.0,1.0,123870.38,0
14874,15629117,Onyekaozulu,624,France,Male,28.0,4,0.0,2,0.0,1.0,88890.75,0
14875,15679733,Nnamdi,586,Germany,Female,41.0,4,114722.35,1,1.0,1.0,130862.11,1
14876,15602797,Okwudilichukwu,645,Germany,Female,59.0,5,139480.18,1,1.0,1.0,142977.05,1
14877,15645511,Chukwudi,631,Spain,Male,43.0,2,97403.18,1,1.0,1.0,107415.02,1
14878,15597591,Lung,602,France,Female,43.0,7,0.0,2,1.0,1.0,153419.62,0
14879,15737778,Hsiao,771,France,Male,40.0,8,0.0,1,1.0,0.0,142331.85,0
14880,15769402,Yermakova,684,France,Male,36.0,5,0.0,1,1.0,1.0,72993.65,0
14881,15606435,Hargreaves,724,France,Female,37.0,9,0.0,2,1.0,0.0,106781.47,0
14882,15793343,Ch'eng,545,Germany,Female,36.0,5,132576.08,1,1.0,1.0,121558.5,0
14883,15624180,Udinesi,714,Germany,Female,34.0,0,104584.81,2,0.0,1.0,198402.51,0
14884,15642570,Pinto,641,France,Male,32.0,9,100254.76,2,0.0,1.0,157921.25,0
14885,15796834,P'an,687,France,Male,37.0,9,0.0,2,1.0,1.0,140763.18,0
14886,15638751,Ritchie,572,France,Male,33.0,6,0.0,2,1.0,1.0,187632.6,0
14887,15792736,P'an,739,Spain,Male,42.0,6,0.0,2,0.0,1.0,131281.83,0
14888,15702462,Hsieh,621,France,Female,52.0,7,0.0,1,1.0,0.0,131736.23,1
14889,15690169,Ch'in,661,Germany,Female,33.0,8,120107.42,2,1.0,1.0,52319.29,0
14890,15585835,Kao,710,France,Female,40.0,8,0.0,2,1.0,0.0,88890.68,0
14891,15773789,T'ang,714,Spain,Female,29.0,5,0.0,2,1.0,1.0,158071.69,0
14892,15731555,Biryukov,531,France,Male,34.0,2,0.0,2,1.0,1.0,50972.8,0
14893,15678727,Teng,661,Spain,Female,57.0,5,146720.99,1,0.0,1.0,133831.37,0
14894,15798846,Onwumelu,744,France,Female,38.0,8,0.0,2,1.0,1.0,106761.9,0
14895,15665088,McGregor,724,Germany,Male,24.0,5,138023.79,2,0.0,0.0,119882.86,0
14896,15634968,Tsou,683,France,Female,41.0,6,0.0,1,0.0,1.0,126111.35,1
14897,15659710,Rizzo,587,France,Female,41.0,3,120170.07,1,1.0,1.0,169425.3,0
14898,15707551,Iqbal,571,France,Female,48.0,2,0.0,2,0.0,0.0,86935.71,1
14899,15612207,Gebhart,778,France,Male,62.0,3,109130.96,2,1.0,1.0,119647.7,0
14900,15794874,Shah,604,Germany,Male,40.0,7,155455.43,1,1.0,0.0,113581.85,1
14901,15757931,Pirozzi,667,France,Male,40.0,9,0.0,2,1.0,1.0,145537.35,0
14902,15764033,T'ang,632,France,Female,36.0,1,0.0,2,1.0,0.0,76614.04,0
14903,15724453,T'ien,689,Germany,Male,43.0,5,125860.2,2,1.0,1.0,82709.8,0
14904,15796074,Hs?,578,France,Male,34.0,7,113923.81,1,1.0,1.0,40463.03,0
14905,15651713,Lucchesi,773,France,Female,30.0,9,0.0,2,1.0,0.0,143598.7,0
14906,15697035,Ts'ui,613,France,Male,38.0,8,0.0,1,1.0,1.0,135096.42,0
14907,15641158,Abron,708,France,Male,41.0,0,0.0,1,1.0,0.0,128400.62,0
14908,15805062,Edmondstone,663,Spain,Female,34.0,2,87202.38,1,1.0,1.0,77866.91,0
14909,15656263,Teng,565,Spain,Male,29.0,5,0.0,2,1.0,0.0,65868.28,0
14910,15701175,Bruno,828,France,Female,33.0,8,90791.69,1,1.0,1.0,59659.53,0
14911,15737998,Ch'ang,704,Spain,Male,34.0,9,135847.1,1,1.0,0.0,93921.12,0
14912,15790744,Lucchese,690,Germany,Female,37.0,4,91622.31,1,0.0,1.0,112928.74,0
14913,15809302,Nwebube,653,Spain,Female,43.0,6,145018.94,1,1.0,0.0,161802.82,1
14914,15589435,Pedder,662,Germany,Female,47.0,1,171937.27,2,1.0,0.0,65636.92,0
14915,15613787,Calabrese,598,Spain,Female,42.0,2,0.0,2,1.0,0.0,158043.11,0
14916,15775233,Onwuamaeze,639,Spain,Female,42.0,9,147737.03,1,1.0,1.0,110340.53,0
14917,15779586,Olisaemeka,501,Germany,Female,46.0,3,115074.02,1,1.0,0.0,26249.86,0
14918,15643496,Mancini,513,France,Female,49.0,9,0.0,1,0.0,0.0,109523.88,0
14919,15581295,Tretiakova,646,Spain,Female,40.0,6,0.0,2,1.0,0.0,89566.64,0
14920,15761706,Kao,624,France,Female,29.0,7,0.0,2,1.0,1.0,174770.14,0
14921,15762110,Anderson,628,France,Male,37.0,0,0.0,1,1.0,1.0,171707.93,0
14922,15754578,Padovesi,602,Spain,Female,50.0,2,0.0,2,1.0,0.0,705.37,0
14923,15676835,Calabrese,652,France,Male,40.0,6,155187.3,2,1.0,1.0,142223.94,0
14924,15756475,Smith,685,Germany,Female,52.0,4,113923.81,1,1.0,0.0,64872.55,1
14925,15673372,Kincaid,554,Spain,Male,36.0,1,0.0,2,1.0,1.0,181449.51,0
14926,15769522,Lucchesi,583,Spain,Female,48.0,3,158621.04,1,1.0,0.0,120770.75,0
14927,15645835,Milani,659,France,Female,32.0,8,0.0,2,1.0,1.0,55724.24,0
14928,15698619,Onyekachi,658,France,Male,30.0,1,0.0,2,1.0,0.0,92888.52,0
14929,15625819,Arnold,496,France,Female,38.0,7,0.0,1,1.0,0.0,164806.89,0
14930,15669994,Hs?,681,France,Male,29.0,4,0.0,1,1.0,1.0,61811.1,0
14931,15791249,T'ien,710,France,Male,42.0,8,123737.83,1,1.0,1.0,62674.55,0
14932,15777065,Uspenskaya,730,Spain,Male,69.0,6,0.0,2,0.0,1.0,86920.67,0
14933,15755818,Mamelu,598,Germany,Female,35.0,3,137832.26,2,1.0,1.0,91557.66,0
14934,15734659,Sozonov,640,Germany,Female,41.0,5,107978.4,3,1.0,0.0,155876.06,1
14935,15780805,Lu,585,France,Female,35.0,2,0.0,2,1.0,1.0,98621.04,0
14936,15592994,Zikoranachidimma,651,France,Female,65.0,0,0.0,2,1.0,0.0,190454.04,0
14937,15615091,Nnanna,589,Spain,Male,28.0,2,106841.6,1,1.0,1.0,121404.46,0
14938,15792228,Uspensky,632,Germany,Female,37.0,9,117864.42,1,1.0,1.0,823.51,1
14939,15642093,Ch'eng,710,Germany,Female,44.0,2,100548.5,2,0.0,0.0,86791.9,0
14940,15814664,Su,740,Germany,Female,33.0,4,126524.11,1,1.0,0.0,136869.31,0
14941,15585241,Butcher,681,France,Male,49.0,2,0.0,1,1.0,0.0,90878.13,1
14942,15732266,Nwankwo,648,Germany,Male,45.0,1,131233.56,1,1.0,0.0,121053.9,1
14943,15575410,Chidiegwu,667,France,Female,43.0,0,83765.35,1,1.0,0.0,118358.54,1
14944,15692631,Ch'iu,636,Germany,Male,33.0,4,148962.46,2,1.0,0.0,166472.81,0
14945,15651264,Baresi,613,France,Male,34.0,8,0.0,2,0.0,1.0,171036.95,0
14946,15801942,Li,619,France,Male,40.0,4,0.0,1,1.0,1.0,79866.73,0
14947,15775293,Liao,714,France,Female,31.0,3,0.0,2,1.0,0.0,97626.36,0
14948,15791373,Chialuka,762,France,Male,34.0,2,87624.03,1,0.0,0.0,175458.21,0
14949,15566740,Aitken,686,France,Female,33.0,1,0.0,2,0.0,1.0,69080.46,0
14950,15709653,Hamilton,497,France,Female,47.0,8,0.0,1,1.0,0.0,67364.42,0
14951,15695029,Ts'ui,699,France,Male,60.0,3,0.0,1,1.0,0.0,162865.83,1
14952,15752478,Ebelegbulam,597,France,Male,26.0,3,0.0,1,1.0,0.0,58879.31,0
14953,15585835,Chukwukadibia,479,France,Female,34.0,2,0.0,1,1.0,0.0,131768.43,1
14954,15795564,O'Donnell,587,Germany,Male,39.0,4,74488.75,1,1.0,0.0,171677.67,1
14955,15719309,K'ung,662,France,Female,22.0,7,121205.29,1,1.0,0.0,135853.4,0
14956,15709941,Genovese,815,France,Female,32.0,1,98904.61,1,1.0,0.0,70810.6,0
14957,15745605,Cocci,687,France,Male,46.0,6,0.0,2,0.0,0.0,178752.73,1
14958,15581323,Tsao,634,Spain,Male,36.0,9,0.0,2,0.0,1.0,185210.63,0
14959,15653952,T'ao,584,France,Female,39.0,2,0.0,1,0.0,0.0,165574.54,1
14960,15659031,Ch'en,439,France,Male,31.0,7,0.0,1,1.0,1.0,44507.57,0
14961,15575748,Hsueh,677,Germany,Female,50.0,8,82531.11,1,1.0,0.0,128882.66,1
14962,15809738,Trevisani,590,Spain,Female,35.0,8,0.0,1,1.0,1.0,107429.49,1
14963,15753074,Nwabugwu,641,France,Male,33.0,4,124577.33,1,1.0,1.0,5983.8,0
14964,15796569,H?,831,Spain,Female,44.0,3,0.0,1,1.0,0.0,47729.33,0
14965,15741723,Mazzanti,680,France,Female,37.0,5,0.0,2,1.0,0.0,170980.53,0
14966,15585256,Iloerika,717,Spain,Male,39.0,2,0.0,2,0.0,1.0,25042.1,0
14967,15755863,Farmer,637,Germany,Male,40.0,7,156948.41,1,0.0,1.0,49865.04,0
14968,15680797,Ogochukwu,646,Spain,Female,26.0,1,154495.79,1,0.0,0.0,132801.57,0
14969,15737310,Hirst,543,France,Female,38.0,2,0.0,1,0.0,0.0,171060.01,1
14970,15677871,Chikelu,512,Germany,Female,42.0,10,146580.69,2,1.0,1.0,131807.14,0
14971,15789413,Tien,694,France,Male,34.0,7,115961.58,2,1.0,1.0,180553.48,0
14972,15641877,Uchenna,629,France,Female,30.0,6,0.0,2,1.0,0.0,93881.75,0
14973,15762718,Hsing,850,Germany,Male,38.0,6,141533.28,2,1.0,0.0,162511.33,0
14974,15581332,White,636,France,Male,30.0,6,123841.49,2,0.0,1.0,99014.74,0
14975,15740411,Molle,636,Germany,Male,30.0,7,108797.63,1,1.0,0.0,109685.61,0
14976,15665222,Lettiere,711,Spain,Male,53.0,8,0.0,2,1.0,1.0,48988.28,0
14977,15676934,Bellucci,766,Germany,Male,40.0,5,116474.57,1,1.0,0.0,161579.85,0
14978,15614813,Chigozie,696,France,Male,56.0,5,129717.3,1,1.0,1.0,134625.09,0
14979,15583303,Monaldo,593,France,Female,43.0,2,152265.43,1,1.0,0.0,34004.44,0
14980,15745307,Liao,535,France,Male,38.0,4,0.0,1,0.0,0.0,119808.64,0
14981,15573741,Fiorentini,838,Spain,Male,42.0,7,95010.92,1,0.0,0.0,105227.86,0
14982,15605928,Fyodorova,689,France,Female,34.0,5,0.0,2,1.0,0.0,47775.34,0
14983,15591550,Ts'ao,749,France,Male,33.0,8,0.0,1,1.0,1.0,79919.99,0
14984,15583076,Ozuluonye,689,Germany,Female,42.0,7,139541.58,2,1.0,0.0,80607.33,0
14985,15655232,Lai,437,Germany,Male,35.0,6,126803.34,2,1.0,1.0,161133.4,0
14986,15781702,Nwankwo,678,France,Male,46.0,9,0.0,2,1.0,1.0,152469.39,0
14987,15721585,Nwankwo,696,France,Male,35.0,1,0.0,2,1.0,1.0,52301.15,0
14988,15772761,Teng,679,France,Male,39.0,7,0.0,2,1.0,0.0,169891.1,0
14989,15730076,Yobachukwu,573,France,Male,40.0,5,0.0,2,1.0,0.0,64375.4,0
14990,15750970,Davidson,615,Spain,Female,38.0,4,0.0,2,1.0,1.0,152845.99,0
14991,15727556,O'Donnell,744,France,Male,25.0,5,0.0,1,1.0,0.0,181694.44,0
14992,15778089,Onwughara,696,France,Male,32.0,1,0.0,1,1.0,1.0,142670.53,0
14993,15706170,Chiganu,627,Spain,Male,57.0,1,0.0,2,0.0,1.0,78955.8,0
14994,15623195,Chukwueloka,588,France,Male,26.0,7,145874.64,1,1.0,1.0,149525.34,0
14995,15675963,Manna,543,Spain,Male,26.0,10,117837.43,1,1.0,0.0,160528.65,0
14996,15704746,Hsia,607,France,Male,49.0,5,0.0,2,1.0,0.0,166495.2,0
14997,15575409,Rozhkova,705,Germany,Male,31.0,3,116891.72,1,1.0,0.0,107137.3,1
14998,15805062,Lynton,667,France,Male,38.0,9,87202.38,1,1.0,1.0,77866.91,0
14999,15610343,Ts'ai,696,Spain,Male,43.0,1,0.0,2,1.0,0.0,123882.73,0
15000,15759038,Yermakova,639,Spain,Male,32.0,4,0.0,1,1.0,0.0,174775.03,0
15001,15662067,Onyemauchechukwu,591,Spain,Male,39.0,1,0.0,2,1.0,0.0,76764.41,0
15002,15801414,Lombardi,679,France,Female,40.0,2,0.0,1,1.0,0.0,82796.35,1
15003,15570060,Chiawuotu,655,Germany,Female,50.0,3,115895.52,1,1.0,0.0,51703.52,1
15004,15687913,Pisani,631,Spain,Male,36.0,7,0.0,2,1.0,0.0,172497.74,0
15005,15622230,Yeh,650,Spain,Male,38.0,9,0.0,2,0.0,1.0,151671.19,0
15006,15629448,Henry,614,Spain,Female,38.0,1,120599.38,4,1.0,0.0,184544.59,1
15007,15793893,McIntyre,651,France,Male,31.0,8,0.0,2,1.0,1.0,52318.01,0
15008,15681026,Ch'en,521,Spain,Female,31.0,6,0.0,2,1.0,0.0,131083.9,0
15009,15793424,Tan,663,Spain,Female,28.0,9,61274.7,2,1.0,1.0,136054.45,0
15010,15592379,Hsia,551,France,Male,38.0,6,0.0,2,1.0,1.0,65720.92,0
15011,15740076,Ozoemena,635,Spain,Female,35.0,9,0.0,2,1.0,1.0,86480.53,0
15012,15690007,Ts'ai,434,Germany,Female,43.0,9,125801.03,2,0.0,1.0,60891.8,0
15013,15749557,Tien,705,France,Male,31.0,8,85915.04,1,1.0,1.0,85421.53,0
15014,15642991,Tsai,535,France,Female,29.0,7,0.0,2,1.0,0.0,23237.25,0
15015,15580719,Davis,697,France,Male,33.0,10,0.0,2,1.0,1.0,79734.23,0
15016,15603846,Chiawuotu,638,Germany,Female,40.0,6,117070.21,1,0.0,0.0,90876.95,1
15017,15585328,Chidubem,558,Germany,Male,36.0,5,143396.56,1,1.0,0.0,110784.42,1
15018,15778287,Miah,731,France,Female,43.0,10,63873.52,1,0.0,0.0,92351.21,1
15019,15648933,Toscani,614,Spain,Female,33.0,9,0.0,2,0.0,1.0,161407.48,0
15020,15670602,Hsiao,754,Spain,Female,71.0,8,0.0,2,1.0,1.0,172733.6,0
15021,15658969,Gray,694,France,Male,39.0,7,0.0,2,1.0,0.0,38409.79,0
15022,15756975,Chukwualuka,661,Germany,Female,49.0,4,133656.01,1,1.0,0.0,84775.48,1
15023,15610446,Toscani,686,Germany,Female,49.0,4,129837.95,2,1.0,0.0,79414.0,1
15024,15654562,Fan,646,France,Female,44.0,5,151769.23,1,1.0,1.0,167036.94,1
15025,15734312,Hsueh,775,Spain,Male,33.0,2,188285.68,1,1.0,1.0,113926.31,0
15026,15624293,Brown,684,France,Male,41.0,5,0.0,2,1.0,0.0,107876.2,0
15027,15687634,Chinomso,801,France,Male,62.0,4,121063.85,2,0.0,1.0,3830.59,0
15028,15706593,Ts'ui,628,Spain,Female,44.0,1,0.0,2,1.0,0.0,134600.94,0
15029,15628992,Esposito,850,France,Male,32.0,9,0.0,2,1.0,1.0,10598.29,0
15030,15602454,Kao,574,France,Female,29.0,1,0.0,2,0.0,0.0,75860.3,0
15031,15746490,Chiedozie,707,Germany,Female,35.0,9,108166.09,1,1.0,0.0,117948.0,1
15032,15636069,Scott,667,Germany,Male,35.0,5,133656.93,2,0.0,1.0,144415.5,0
15033,15806407,Wilson,652,France,Female,36.0,4,0.0,2,1.0,1.0,143393.24,0
15034,15798816,Ponomarev,752,Germany,Female,35.0,6,130830.24,1,1.0,0.0,114448.1,1
15035,15720463,Ho,796,France,Male,60.0,2,137262.71,2,1.0,0.0,62905.29,1
15036,15593365,Tsou,561,Spain,Female,38.0,1,0.0,2,0.0,0.0,128882.66,0
15037,15589017,Nwachinemelu,635,Spain,Female,46.0,0,0.0,1,0.0,1.0,106967.53,0
15038,15614923,Iadanza,630,France,Male,26.0,8,0.0,2,1.0,1.0,46156.87,0
15039,15783610,Kao,666,Spain,Female,40.0,8,0.0,1,1.0,0.0,65769.3,1
15040,15701555,Dyer,598,Spain,Female,43.0,9,0.0,2,1.0,1.0,153392.28,0
15041,15679780,Kao,698,Spain,Male,31.0,1,0.0,2,1.0,1.0,88798.79,0
15042,15794356,Toscani,651,Germany,Male,46.0,3,121765.37,2,1.0,1.0,166513.49,0
15043,15694581,He,728,France,Male,33.0,1,0.0,2,1.0,1.0,74900.9,0
15044,15725679,Hsia,536,Spain,Female,47.0,4,0.0,1,1.0,0.0,194998.34,1
15045,15574886,T'ang,683,Germany,Male,34.0,4,136444.25,2,1.0,1.0,113050.92,0
15046,15595537,Trevisani,590,Spain,Female,55.0,1,0.0,1,1.0,0.0,75927.35,0
15047,15716449,Smith,742,Spain,Female,33.0,8,0.0,2,1.0,0.0,124720.09,0
15048,15651389,Trevisani,562,France,Female,33.0,2,0.0,2,0.0,1.0,134886.79,0
15049,15676909,Fomin,656,France,Male,37.0,8,0.0,2,1.0,0.0,158750.53,0
15050,15758031,Teng,717,France,Male,42.0,4,0.0,2,1.0,1.0,152298.14,0
15051,15603683,Ofodile,796,France,Female,32.0,7,0.0,2,0.0,0.0,125445.8,0
15052,15644833,Kao,736,France,Male,31.0,2,0.0,2,1.0,1.0,164768.82,0
15053,15648876,Milano,728,Germany,Female,34.0,9,105903.85,2,1.0,1.0,82452.97,0
15054,15807989,K'ung,726,Germany,Male,39.0,9,124547.13,1,1.0,1.0,141872.05,0
15055,15590146,Genovese,850,Germany,Male,37.0,6,133701.07,1,1.0,1.0,125898.39,0
15056,15617079,L?,824,Germany,Female,39.0,2,126147.74,1,1.0,1.0,44008.48,0
15057,15587562,White,599,France,Male,39.0,2,0.0,2,0.0,0.0,129964.94,0
15058,15672432,Trevisano,696,France,Female,31.0,5,0.0,1,1.0,1.0,67469.37,0
15059,15613102,T'ien,707,France,Male,34.0,9,110148.76,1,1.0,1.0,160176.47,0
15060,15690695,Flynn,683,France,Female,33.0,9,0.0,2,1.0,0.0,38784.42,0
15061,15782210,Gadsdon,775,Germany,Male,33.0,0,109946.54,2,1.0,1.0,119377.21,0
15062,15775293,Stephenson,680,France,Male,34.0,6,143292.95,1,1.0,0.0,66526.01,0
15063,15795540,Ch'in,679,France,Male,29.0,7,99713.87,1,1.0,1.0,161848.03,0
15064,15770405,Warlow-Davies,613,France,Female,27.0,5,125167.74,1,1.0,0.0,199104.52,1
15065,15703544,H?,806,Germany,Female,32.0,9,72788.03,1,1.0,1.0,10908.33,0
15066,15733119,Mistry,718,France,Male,24.0,8,0.0,2,1.0,1.0,94820.85,0
15067,15572948,Zikoranachidimma,705,France,Female,36.0,1,175317.3,1,1.0,0.0,124874.42,0
15068,15796722,Nwankwo,708,France,Female,45.0,2,0.0,1,1.0,0.0,182076.97,1
15069,15593959,Nkemakonam,678,France,Female,29.0,7,0.0,2,1.0,1.0,182865.89,0
15070,15737506,Okwudiliolisa,638,France,Male,30.0,6,0.0,1,1.0,0.0,121151.1,0
15071,15657535,Chikwendu,547,Germany,Female,46.0,8,105770.7,2,0.0,1.0,5459.07,0
15072,15679622,Illingworth,669,France,Female,20.0,3,0.0,2,1.0,1.0,156924.21,0
15073,15603851,Nwankwo,686,France,Male,29.0,8,0.0,2,0.0,1.0,172665.39,0
15074,15752434,Hsieh,756,France,Female,34.0,8,0.0,2,1.0,0.0,58854.06,0
15075,15643338,Nwora,575,Spain,Female,55.0,9,0.0,1,1.0,0.0,82814.49,1
15076,15667321,Cocci,644,Spain,Male,49.0,10,0.0,2,0.0,1.0,145089.64,0
15077,15698792,Uchenna,595,Spain,Female,58.0,0,137655.48,1,0.0,1.0,114066.77,0
15078,15779182,Ndubueze,730,France,Male,27.0,7,0.0,1,0.0,1.0,174483.76,0
15079,15785782,Chien,622,Germany,Female,44.0,3,123544.0,1,1.0,1.0,125962.02,1
15080,15672955,Bischof,616,France,Male,48.0,7,0.0,2,1.0,0.0,181499.86,0
15081,15602354,Yegorova,633,France,Male,41.0,8,0.0,1,0.0,1.0,143086.09,0
15082,15771586,T'ien,590,France,Female,55.0,5,0.0,1,1.0,0.0,123881.75,1
15083,15588248,Hs?,604,France,Female,56.0,4,0.0,1,1.0,1.0,75786.55,1
15084,15600813,Trevisano,632,Germany,Female,41.0,2,176678.36,2,0.0,0.0,70810.5,0
15085,15644297,Scott,740,France,Female,30.0,8,105209.54,1,1.0,0.0,1852.58,0
15086,15711687,Onyemauchechukwu,641,France,Female,37.0,9,0.0,2,1.0,1.0,52856.29,0
15087,15665963,Lettiere,597,France,Female,34.0,1,0.0,2,0.0,1.0,91347.76,0
15088,15783097,Liao,597,France,Male,38.0,7,0.0,2,0.0,0.0,74870.99,0
15089,15692002,Skelton,722,France,Male,35.0,3,116275.12,1,1.0,1.0,63795.62,0
15090,15696733,Amadi,678,France,Male,31.0,9,0.0,1,1.0,1.0,68569.89,1
15091,15638159,Ugochukwu,733,Germany,Female,39.0,2,150923.74,1,1.0,0.0,182055.36,1
15092,15574558,Ma,766,Spain,Male,43.0,8,174088.3,2,1.0,1.0,5669.31,0
15093,15585282,Y?an,611,Spain,Male,30.0,6,0.0,2,1.0,1.0,171344.54,0
15094,15622518,Kao,662,France,Male,40.0,8,100116.92,1,1.0,1.0,26170.24,1
15095,15611331,Niu,697,Spain,Female,54.0,1,130461.02,1,1.0,0.0,70916.0,1
15096,15638463,Shih,697,Germany,Female,52.0,8,132796.04,3,0.0,1.0,163581.67,1
15097,15614778,Onyemauchechukwu,598,Germany,Female,41.0,8,108915.85,2,1.0,0.0,180551.76,0
15098,15725945,Nweke,659,Spain,Male,42.0,2,0.0,1,0.0,0.0,162734.31,0
15099,15624793,Soubeiran,627,France,Male,37.0,7,0.0,2,1.0,0.0,103099.22,0
15100,15585907,Chineze,648,France,Male,38.0,6,104920.84,1,1.0,1.0,64945.24,0
15101,15799468,Laidley,593,France,Female,34.0,0,0.0,2,1.0,0.0,82634.41,0
15102,15611551,Burt,735,France,Male,33.0,5,0.0,2,1.0,1.0,103908.85,0
15103,15672692,Ugochukwu,702,France,Male,29.0,3,102773.2,1,1.0,0.0,52874.01,0
15104,15762543,Goliwe,581,France,Female,43.0,1,0.0,2,1.0,0.0,126188.42,0
15105,15693893,Stewart,558,France,Male,45.0,3,0.0,1,1.0,0.0,89773.45,1
15106,15713267,Zimmer,779,Spain,Female,40.0,5,0.0,1,0.0,1.0,111676.63,1
15107,15671139,Kozlova,523,Germany,Female,68.0,0,143903.11,1,1.0,1.0,118711.75,1
15108,15589210,Maclean,602,France,Male,41.0,4,0.0,2,1.0,0.0,184524.74,0
15109,15608726,Bryant,728,France,Male,29.0,2,0.0,2,1.0,0.0,54560.79,0
15110,15777893,Hsia,693,Germany,Male,27.0,5,139561.74,2,1.0,0.0,59354.24,0
15111,15749401,Hs?,624,Spain,Female,32.0,9,0.0,2,0.0,1.0,96444.88,0
15112,15751137,Yudin,850,Germany,Female,36.0,2,169025.83,1,1.0,0.0,174235.06,1
15113,15648064,McGregor,686,France,Female,42.0,5,0.0,1,1.0,1.0,86701.4,1
15114,15654878,Yobanna,450,France,Male,29.0,7,117199.8,2,1.0,0.0,43480.63,0
15115,15713517,Otitodilinna,529,France,Female,47.0,1,102025.32,1,0.0,0.0,187638.34,0
15116,15684925,Vicars,850,France,Female,36.0,3,0.0,2,1.0,0.0,2465.8,0
15117,15694395,Ch'eng,662,Germany,Male,46.0,8,98894.24,2,0.0,1.0,93716.78,0
15118,15614168,Johnston,562,Spain,Female,31.0,6,109508.68,1,1.0,1.0,86776.38,0
15119,15697129,Hsieh,643,Germany,Female,43.0,3,108877.76,2,0.0,1.0,64716.08,0
15120,15778155,Chinedum,697,Spain,Male,41.0,1,134678.14,1,1.0,0.0,199644.2,0
15121,15792468,Udinesi,711,Spain,Male,32.0,8,56580.81,1,1.0,1.0,148750.61,0
15122,15642570,Ch'in,687,France,Male,41.0,8,128876.71,2,1.0,0.0,104730.52,0
15123,15679961,Chukwuemeka,705,Germany,Male,49.0,7,103399.14,1,1.0,1.0,170819.35,1
15124,15796230,Morley,590,Germany,Female,37.0,2,124495.98,3,1.0,1.0,57904.22,1
15125,15750574,Trevisano,604,Spain,Male,34.0,6,0.0,2,0.0,0.0,9149.96,0
15126,15686961,K'ung,646,Spain,Male,31.0,1,0.0,2,1.0,1.0,103908.85,0
15127,15594305,Rizzo,712,France,Female,40.0,1,0.0,2,1.0,0.0,1703.58,0
15128,15598840,Gordon,758,France,Male,34.0,2,0.0,1,1.0,0.0,180082.7,0
15129,15595426,Madukwe,694,Spain,Male,38.0,8,114997.42,1,1.0,0.0,156858.2,0
15130,15711889,Tuan,733,France,Female,44.0,8,123943.18,1,1.0,1.0,75848.45,0
15131,15583863,Siciliano,781,Spain,Male,34.0,6,146622.35,1,0.0,0.0,41815.22,0
15132,15796721,Nnamutaezinwa,778,France,Male,33.0,3,145018.49,1,1.0,0.0,126702.41,0
15133,15605284,Outtrim,688,France,Male,26.0,1,0.0,1,1.0,1.0,104435.94,0
15134,15589017,Yobanna,656,France,Female,34.0,4,0.0,2,1.0,1.0,38798.79,0
15135,15691817,L?,706,France,Male,31.0,4,0.0,2,1.0,0.0,60721.4,0
15136,15662571,Maclean,639,Spain,Male,27.0,8,0.0,2,1.0,1.0,170483.9,0
15137,15597033,Ugochukwu,667,France,Male,35.0,1,0.0,2,0.0,0.0,143970.58,0
15138,15806941,O'Sullivan,595,France,Male,34.0,8,0.0,2,1.0,1.0,194998.34,0
15139,15782404,Genovesi,678,France,Male,44.0,4,0.0,2,1.0,1.0,152843.53,0
15140,15782778,K?,679,Spain,Male,34.0,1,0.0,2,1.0,1.0,169386.11,0
15141,15735388,Ting,678,Spain,Female,25.0,7,0.0,2,0.0,1.0,192841.13,0
15142,15598157,Chinweike,530,Spain,Male,63.0,1,141364.28,1,1.0,1.0,69608.14,0
15143,15612092,Palmer,646,Germany,Male,32.0,6,105397.8,1,1.0,0.0,78111.84,0
15144,15640464,Parkes,605,France,Male,41.0,4,91612.91,1,1.0,0.0,28427.84,1
15145,15743279,Walker,642,France,Male,24.0,4,124520.28,1,1.0,1.0,173486.27,0
15146,15658982,Tomlinson,714,France,Male,28.0,9,0.0,2,1.0,0.0,157072.91,0
15147,15780572,Mazzanti,755,France,Female,43.0,2,0.0,2,1.0,1.0,181419.29,0
15148,15690670,Iadanza,591,France,Female,39.0,3,0.0,2,1.0,0.0,92865.89,0
15149,15651075,Hsueh,569,France,Female,24.0,2,0.0,2,1.0,1.0,121408.46,0
15150,15572706,Udegbulam,582,France,Male,42.0,7,0.0,2,0.0,1.0,119419.19,0
15151,15718443,Yobachukwu,682,Spain,Female,56.0,2,0.0,1,1.0,1.0,173912.29,1
15152,15676521,Fanucci,685,Spain,Female,59.0,5,0.0,2,1.0,1.0,6409.55,0
15153,15798884,Cattaneo,678,France,Male,37.0,8,153034.05,1,1.0,1.0,135858.25,0
15154,15672497,P'eng,545,France,Female,34.0,3,0.0,2,1.0,1.0,173599.21,0
15155,15704340,Fu,585,Spain,Female,37.0,8,104255.03,1,1.0,0.0,86609.37,0
15156,15618245,Uwakwe,488,Germany,Female,36.0,1,94607.08,1,1.0,1.0,47848.56,0
15157,15785819,Ndubuagha,702,France,Male,57.0,8,0.0,2,0.0,1.0,94862.93,1
15158,15719348,Ts'ao,513,France,Male,35.0,8,0.0,2,1.0,1.0,76640.29,0
15159,15748028,Genovese,648,France,Male,43.0,3,0.0,2,1.0,0.0,65675.04,1
15160,15694530,Clements,668,France,Male,45.0,9,0.0,2,0.0,1.0,163736.09,0
15161,15593976,Milne,577,Spain,Female,34.0,2,115282.4,1,1.0,0.0,154871.97,0
15162,15752984,Ch'en,688,Germany,Female,57.0,2,107871.77,1,1.0,1.0,166677.35,1
15163,15585879,Onuchukwu,729,Germany,Male,25.0,6,131160.85,2,1.0,1.0,158973.85,0
15164,15635388,Hsueh,611,France,Male,28.0,10,80538.26,1,1.0,0.0,38252.64,0
15165,15651868,Okonkwo,585,Germany,Female,47.0,9,137986.15,1,1.0,0.0,143556.32,1
15166,15725679,Hsia,531,France,Female,46.0,4,0.0,1,0.0,0.0,194998.34,1
15167,15697045,Kambinachi,667,France,Male,33.0,6,121417.58,1,0.0,1.0,138275.01,0
15168,15686958,Nwachukwu,717,France,Male,42.0,6,0.0,2,0.0,0.0,57553.25,0
15169,15738248,Lo,662,France,Female,36.0,5,0.0,2,1.0,0.0,151871.84,0
15170,15679770,Y?an,562,Spain,Male,44.0,9,102520.56,1,0.0,1.0,176903.2,0
15171,15718572,Hsia,775,France,Female,42.0,7,0.0,2,1.0,0.0,138526.96,0
15172,15708713,Shih,674,Germany,Male,44.0,9,132876.23,1,1.0,1.0,151411.5,0
15173,15746461,Huddart,676,Spain,Male,35.0,8,0.0,2,1.0,0.0,149648.45,0
15174,15751180,H?,590,Germany,Male,47.0,3,120962.59,1,0.0,1.0,118029.08,1
15175,15740406,Kung,685,France,Female,27.0,7,121325.84,1,1.0,1.0,113481.02,0
15176,15664754,Steele,605,France,Male,33.0,5,0.0,2,0.0,1.0,41139.05,0
15177,15671655,White,520,France,Female,41.0,5,0.0,2,1.0,0.0,125961.48,0
15178,15622305,Martin,746,Germany,Female,45.0,2,107868.14,1,1.0,0.0,146192.4,1
15179,15804962,Nnaife,744,France,Male,29.0,7,0.0,2,1.0,0.0,193099.43,0
15180,15594044,Nwabugwu,687,Spain,Male,32.0,2,102341.1,1,1.0,1.0,56580.81,0
15181,15652667,Chin,526,France,Male,26.0,1,0.0,2,1.0,1.0,148779.41,0
15182,15734438,Ku,598,Spain,Female,29.0,7,0.0,2,1.0,0.0,172490.78,0
15183,15710687,Secombe,640,France,Male,29.0,5,155114.9,2,1.0,0.0,188435.38,0
15184,15780134,Ch'ang,550,Germany,Male,31.0,0,139530.17,1,1.0,0.0,59679.9,1
15185,15718673,Scott,768,Spain,Male,44.0,8,0.0,2,0.0,0.0,78439.73,0
15186,15635500,Hs?eh,724,Germany,Female,27.0,2,157780.67,1,1.0,0.0,124071.77,0
15187,15802593,Nnaife,626,France,Male,37.0,3,105563.0,1,1.0,0.0,180862.26,0
15188,15654574,Onyeorulu,850,Germany,Male,36.0,5,102882.4,2,1.0,0.0,35989.41,1
15189,15671789,Woods,608,France,Male,27.0,4,94263.91,1,1.0,0.0,168895.06,1
15190,15710108,Akobundu,632,Germany,Male,33.0,7,109349.74,1,1.0,1.0,131139.57,1
15191,15798895,Johnstone,611,Spain,Male,44.0,6,0.0,2,1.0,0.0,49829.8,0
15192,15767432,Baresi,679,France,Female,36.0,5,0.0,1,1.0,0.0,100950.48,0
15193,15593943,T'ao,615,France,Male,44.0,5,0.0,2,1.0,1.0,129955.02,0
15194,15662355,Pinto,781,France,Female,34.0,1,107593.03,1,1.0,1.0,104721.8,0
15195,15796015,Wu,633,France,Male,51.0,3,0.0,1,0.0,1.0,11796.89,0
15196,15781034,Fanucci,633,France,Male,31.0,7,0.0,1,1.0,1.0,140763.26,0
15197,15775663,K'ung,658,France,Female,36.0,9,86933.37,1,1.0,1.0,114028.53,1
15198,15586880,Ritchie,662,France,Male,48.0,6,0.0,1,1.0,0.0,66796.23,1
15199,15642736,Chidumaga,679,Germany,Female,42.0,7,112746.54,2,1.0,0.0,166937.07,0
15200,15737267,Clark,528,France,Male,29.0,7,0.0,1,1.0,0.0,79240.9,1
15201,15783875,Tien,682,Germany,Male,35.0,1,123699.28,2,1.0,1.0,62627.55,0
15202,15745080,Nucci,682,France,Female,27.0,2,0.0,2,1.0,1.0,185599.77,0
15203,15774727,Hs?,707,France,Male,37.0,2,0.0,2,1.0,0.0,51112.8,0
15204,15748360,Cocci,730,France,Male,34.0,7,0.0,2,1.0,1.0,182081.45,0
15205,15644833,Tien,724,France,Male,41.0,5,151958.19,1,1.0,1.0,79919.13,0
15206,15636024,T'ang,712,France,Male,47.0,3,0.0,3,0.0,0.0,102999.15,1
15207,15761655,Aitken,743,France,Male,37.0,9,0.0,2,0.0,1.0,182025.17,0
15208,15741417,Hsia,718,France,Male,43.0,8,0.0,2,0.0,1.0,58883.9,0
15209,15750056,Gilleland,624,France,Male,35.0,6,0.0,2,1.0,1.0,149914.98,0
15210,15711316,Ch'ang,637,France,Male,39.0,2,0.0,2,1.0,1.0,199527.34,0
15211,15725772,Ch'in,654,Germany,Female,43.0,4,148055.74,1,1.0,0.0,146652.11,0
15212,15776723,Macleod,558,France,Female,34.0,5,0.0,2,0.0,0.0,58640.24,0
15213,15776733,Chukwujamuike,684,France,Female,37.0,3,0.0,2,1.0,0.0,43921.36,0
15214,15674833,P'eng,699,France,Male,27.0,2,0.0,2,1.0,1.0,40980.87,0
15215,15747808,Hsia,719,France,Male,33.0,7,115545.24,1,0.0,1.0,94714.81,0
15216,15701265,Maclean,564,France,Male,31.0,9,0.0,2,1.0,0.0,81778.72,0
15217,15813916,Kudryashova,622,France,Male,31.0,8,89688.94,1,1.0,1.0,152305.47,1
15218,15793665,Ch'iu,589,Germany,Male,43.0,2,160982.83,1,0.0,1.0,92920.53,1
15219,15595039,Manna,565,Germany,Female,38.0,8,114754.08,1,1.0,1.0,136050.44,0
15220,15673529,Lombardo,584,France,Male,37.0,5,112291.34,1,1.0,0.0,141998.89,0
15221,15686859,Rizzo,652,France,Male,31.0,7,0.0,2,1.0,1.0,141210.17,0
15222,15592925,Yudina,598,Germany,Male,38.0,2,93722.47,1,1.0,1.0,84920.49,0
15223,15573926,Ch'ang,602,Spain,Male,32.0,2,0.0,3,0.0,1.0,159891.03,1
15224,15787884,Martin,781,France,Female,30.0,7,0.0,2,1.0,1.0,18826.06,0
15225,15786717,Hsu,492,France,Male,32.0,10,0.0,2,1.0,1.0,49463.44,0
15226,15586870,Ch'in,474,France,Male,42.0,5,0.0,2,1.0,0.0,126494.82,0
15227,15593900,Hsia,597,Germany,Female,40.0,2,105529.17,1,1.0,0.0,100791.35,1
15228,15686743,Moody,790,Spain,Male,35.0,1,0.0,2,1.0,1.0,189777.66,0
15229,15758702,Pinto,698,France,Male,28.0,4,0.0,2,1.0,1.0,47455.82,0
15230,15751455,Tien,520,France,Male,41.0,8,0.0,2,1.0,1.0,71173.64,0
15231,15803764,T'ien,712,France,Female,40.0,2,0.0,2,1.0,0.0,152298.83,0
15232,15601811,Caldwell,668,France,Female,53.0,10,110240.04,2,0.0,0.0,183980.56,0
15233,15660385,Stevenson,592,France,Male,36.0,2,0.0,2,0.0,0.0,83084.33,0
15234,15640507,Nwankwo,659,France,Male,29.0,5,0.0,2,0.0,0.0,173989.66,0
15235,15729677,Fitch,641,France,Female,39.0,2,114777.26,1,1.0,1.0,152979.14,0
15236,15595588,Chin,679,Spain,Male,21.0,1,0.0,1,0.0,1.0,4554.67,0
15237,15632899,Achebe,704,Germany,Female,32.0,5,135979.05,1,0.0,1.0,74898.8,0
15238,15578888,Onyemauchechukwu,656,Germany,Male,33.0,1,118882.6,1,1.0,0.0,168035.93,0
15239,15571529,Genovese,605,Germany,Male,46.0,0,99152.73,2,1.0,1.0,134441.6,0
15240,15809286,Kumm,676,Spain,Male,29.0,4,0.0,1,1.0,0.0,55775.84,1
15241,15701280,Onyemere,697,France,Male,40.0,8,81270.64,1,1.0,0.0,79078.73,0
15242,15742879,Clements,579,Germany,Male,36.0,3,129745.1,1,1.0,1.0,72402.0,0
15243,15794874,O'Donnell,632,France,Male,27.0,5,0.0,2,1.0,0.0,179614.5,0
15244,15677539,White,667,Germany,Male,36.0,9,134936.26,2,1.0,1.0,91776.51,0
15245,15657529,Chien,627,Germany,Male,33.0,2,112940.08,2,1.0,0.0,182099.74,1
15246,15672434,P'eng,633,France,Female,55.0,8,0.0,2,1.0,0.0,151667.33,1
15247,15724402,Ts'ui,709,France,Male,41.0,4,98759.89,1,0.0,0.0,183487.98,0
15248,15589872,Dominguez,635,Germany,Male,31.0,6,153538.51,2,1.0,0.0,196257.69,0
15249,15681553,Shih,678,Spain,Female,40.0,1,0.0,2,1.0,1.0,65765.92,0
15250,15572977,Tuan,675,France,Male,45.0,1,0.0,2,1.0,0.0,180598.78,0
15251,15635364,Chukwukadibia,811,France,Male,41.0,0,0.0,2,0.0,0.0,83681.71,0
15252,15740104,Munro,425,Spain,Female,22.0,2,169649.73,2,0.0,1.0,136365.0,1
15253,15720305,Lo,704,Spain,Female,43.0,2,0.0,2,1.0,1.0,143585.29,0
15254,15652626,Mancini,749,France,Male,37.0,3,0.0,2,1.0,1.0,81250.98,0
15255,15709920,Ni,653,Germany,Male,41.0,6,157731.6,2,0.0,1.0,50783.88,0
15256,15733247,Genovese,661,France,Male,36.0,5,0.0,2,1.0,1.0,35701.84,0
15257,15629390,Wilson,705,Germany,Male,37.0,4,127758.09,2,1.0,1.0,143393.24,0
15258,15618018,Dickson,571,France,Female,35.0,1,104783.81,1,1.0,0.0,178512.52,1
15259,15681446,Cayley,583,Germany,Female,55.0,4,132311.71,1,1.0,0.0,15462.84,1
15260,15782210,K'ung,714,France,Male,35.0,5,0.0,1,1.0,1.0,152167.79,0
15261,15594612,Flynn,702,France,Male,42.0,9,0.0,2,1.0,1.0,59207.41,0
15262,15641359,Ijendu,619,France,Male,39.0,4,0.0,2,1.0,1.0,91673.6,0
15263,15656822,Onwuatuegwu,622,France,Female,42.0,7,0.0,1,1.0,0.0,117832.88,1
15264,15667934,Iadanza,556,France,Male,35.0,9,0.0,2,1.0,1.0,171099.74,0
15265,15625080,Anderson,805,Spain,Male,35.0,4,0.0,1,1.0,1.0,182843.24,0
15266,15775888,Chukwudi,553,Germany,Female,26.0,1,143391.07,1,1.0,0.0,147530.06,0
15267,15796334,Chukwualuka,558,Spain,Male,39.0,2,0.0,1,1.0,0.0,22878.16,1
15268,15806901,Udobata,503,France,Female,30.0,9,0.0,2,1.0,1.0,47310.24,0
15269,15778410,Clarke,533,France,Female,52.0,7,0.0,1,0.0,1.0,194113.99,0
15270,15781586,Ejimofor,689,France,Male,28.0,8,123681.32,1,1.0,0.0,132973.21,0
15271,15624595,Chiang,684,Spain,Female,35.0,5,124580.69,1,1.0,1.0,18785.48,1
15272,15615828,Fomin,535,France,Male,54.0,5,140014.42,1,0.0,1.0,156424.4,0
15273,15685536,Chu,637,France,Female,27.0,5,150578.0,1,0.0,1.0,163216.48,1
15274,15656096,Smith,752,Spain,Female,34.0,7,0.0,1,1.0,0.0,52861.97,0
15275,15782475,Morrison,598,Spain,Male,56.0,4,98365.33,1,1.0,1.0,84460.18,1
15276,15677784,Nwokeocha,732,France,Male,25.0,5,0.0,1,0.0,0.0,47664.33,0
15277,15697310,Fyodorova,576,Spain,Female,35.0,5,0.0,2,1.0,1.0,72970.78,0
15278,15791326,Tretiakova,621,Spain,Male,34.0,6,0.0,2,1.0,0.0,86701.4,0
15279,15623082,Ch'ang,576,Germany,Female,65.0,4,114268.85,2,1.0,0.0,27239.28,1
15280,15787042,Hsing,669,France,Male,32.0,1,0.0,2,1.0,0.0,1539.19,0
15281,15588933,Nwankwo,825,France,Female,36.0,3,146053.66,1,0.0,1.0,138344.7,0
15282,15684181,Hackett,682,France,Male,45.0,5,0.0,2,1.0,1.0,142513.5,0
15283,15702464,Ross,549,France,Female,46.0,3,0.0,1,0.0,0.0,139463.57,1
15284,15648775,Lucciano,624,Germany,Male,32.0,5,83348.43,2,1.0,1.0,119924.8,0
15285,15703037,Edwards,850,Germany,Female,39.0,6,96693.66,1,0.0,1.0,22102.25,1
15286,15589969,T'ang,693,Germany,Female,35.0,8,123372.3,2,0.0,1.0,74870.99,0
15287,15645045,Hsing,790,Germany,Female,41.0,5,124954.94,1,1.0,1.0,84760.32,1
15288,15786643,Tsao,702,Spain,Male,32.0,9,0.0,2,1.0,1.0,116052.92,0
15289,15629150,Lettiere,543,France,Male,29.0,3,130169.39,1,1.0,0.0,11663.09,0
15290,15625905,Hsu,591,France,Male,55.0,9,0.0,1,1.0,1.0,143086.39,0
15291,15611786,Tsui,679,Spain,Female,52.0,4,0.0,2,0.0,0.0,124489.88,1
15292,15661532,Gartrell,806,France,Male,34.0,3,110654.02,1,1.0,1.0,54724.03,0
15293,15629448,Tsou,565,France,Male,42.0,6,0.0,2,1.0,0.0,111346.22,0
15294,15755978,Ch'eng,714,France,Male,33.0,2,0.0,2,1.0,0.0,195209.4,0
15295,15658946,Piccio,512,Spain,Male,42.0,6,153590.73,2,1.0,0.0,88890.05,0
15296,15789955,Hsieh,704,France,Male,28.0,1,0.0,2,1.0,0.0,176908.35,0
15297,15601594,Ubanwa,705,Spain,Male,37.0,5,0.0,1,0.0,0.0,109291.39,0
15298,15763980,Beneventi,721,France,Male,44.0,3,117852.26,1,0.0,0.0,70927.11,1
15299,15684947,Hsing,676,Spain,Male,35.0,6,0.0,2,0.0,0.0,141947.73,0
15300,15610801,Pan,648,Germany,Female,49.0,4,123070.89,1,0.0,1.0,5066.76,1
15301,15752547,O'Donnell,734,Germany,Female,45.0,7,93590.92,1,1.0,0.0,38772.84,1
15302,15766374,Toscani,581,Spain,Female,30.0,1,181821.96,2,0.0,1.0,179670.31,0
15303,15708713,Ulyanova,567,Spain,Female,33.0,7,0.0,2,1.0,0.0,163365.3,0
15304,15802390,Baresi,695,France,Male,33.0,3,0.0,2,1.0,0.0,128882.09,0
15305,15713890,Maclean,704,France,Male,44.0,3,0.0,1,0.0,1.0,152884.85,0
15306,15776936,Maclean,605,France,Female,46.0,8,167735.69,1,1.0,0.0,143980.29,1
15307,15791323,Hsiao,589,Spain,Male,26.0,7,0.0,2,1.0,1.0,53353.18,0
15308,15601550,Lucciano,658,France,Female,37.0,8,96462.46,1,0.0,1.0,199992.48,0
15309,15651144,Tien,684,France,Male,42.0,8,0.0,2,1.0,1.0,167573.06,0
15310,15697801,McWilliams,585,Spain,Male,32.0,2,0.0,2,1.0,1.0,172814.99,0
15311,15779627,Chukwudi,648,Germany,Female,50.0,2,115924.89,1,0.0,1.0,121098.65,1
15312,15654574,Nwankwo,675,Germany,Female,34.0,3,80922.75,2,1.0,0.0,107873.39,0
15313,15663817,Y?an,638,France,Male,30.0,1,0.0,1,1.0,0.0,55701.62,0
15314,15783337,Macleod,587,France,Male,32.0,9,0.0,2,1.0,1.0,51117.08,0
15315,15642710,Shao,539,Spain,Male,39.0,10,0.0,2,1.0,0.0,104930.46,0
15316,15707674,Hamilton,551,France,Male,42.0,2,0.0,2,1.0,0.0,86937.2,0
15317,15727198,Koo,850,Germany,Male,43.0,6,87612.64,2,1.0,0.0,194245.29,1
15318,15791172,O'Sullivan,584,France,Male,25.0,8,0.0,2,1.0,0.0,121537.86,0
15319,15722117,Ts'ui,607,Spain,Male,35.0,1,79714.71,2,0.0,0.0,102908.41,0
15320,15663421,Esposito,678,France,Male,28.0,4,128396.33,2,1.0,1.0,79919.13,0
15321,15578515,Osinachi,634,France,Female,37.0,3,134168.5,1,1.0,1.0,38798.79,0
15322,15788442,Oluchi,850,Spain,Female,33.0,1,0.0,2,1.0,1.0,109980.8,0
15323,15691821,Tsao,689,France,Male,36.0,9,0.0,2,1.0,0.0,143963.35,0
15324,15642585,Pirozzi,818,France,Male,41.0,8,161326.02,1,1.0,0.0,4989.75,0
15325,15663478,Anderson,632,Germany,Female,37.0,0,126212.64,1,1.0,1.0,171707.93,0
15326,15574692,Pinto,667,Spain,Male,39.0,4,0.0,2,1.0,0.0,40721.24,0
15327,15710161,Ko,850,France,Female,34.0,2,0.0,2,0.0,1.0,171706.66,0
15328,15644849,Watson,685,France,Female,55.0,10,0.0,1,1.0,0.0,136909.88,1
15329,15588450,Chukwudi,633,France,Female,30.0,8,0.0,2,1.0,1.0,10288.24,0
15330,15736578,Ritchie,554,France,Male,53.0,7,109626.19,1,1.0,1.0,56865.62,0
15331,15690589,Sanderson,646,France,Female,45.0,3,0.0,1,1.0,0.0,146516.86,1
15332,15591428,Ch'eng,648,Germany,Male,33.0,10,130110.45,1,1.0,0.0,172097.4,0
15333,15717700,Maclean,636,Spain,Male,34.0,1,0.0,1,1.0,0.0,140723.05,0
15334,15772073,Hargreaves,710,France,Female,46.0,7,68631.45,2,0.0,0.0,58601.29,0
15335,15656009,Pisano,736,France,Female,36.0,1,0.0,1,1.0,0.0,70496.66,0
15336,15804771,Smith,597,Germany,Male,48.0,1,117294.12,1,0.0,0.0,74858.3,1
15337,15778515,Maughan,661,Spain,Female,30.0,4,0.0,2,1.0,0.0,38190.78,0
15338,15785859,Chukwualuka,553,France,Male,26.0,3,124542.26,1,0.0,0.0,169286.68,0
15339,15583090,Pagnotto,669,Spain,Male,51.0,1,139850.01,1,0.0,0.0,181605.45,1
15340,15586629,Campbell,637,France,Female,33.0,6,0.0,2,1.0,0.0,139947.17,0
15341,15692761,Pratt,718,France,Female,36.0,9,0.0,1,1.0,1.0,45909.87,0
15342,15714993,Liao,590,France,Female,51.0,7,0.0,1,1.0,0.0,121299.14,1
15343,15678067,Udegbulam,637,Germany,Female,33.0,5,111743.8,1,1.0,0.0,188227.38,0
15344,15570194,Maclean,623,France,Male,35.0,4,0.0,2,1.0,0.0,113581.85,0
15345,15687607,Chiemenam,605,France,Female,30.0,6,135422.31,1,0.0,1.0,186418.85,0
15346,15779659,Zetticci,625,France,Female,32.0,3,0.0,2,1.0,0.0,183646.41,0
15347,15626143,Okwuoma,575,Germany,Female,32.0,4,130806.99,1,1.0,1.0,88815.25,0
15348,15693772,Y?an,479,Spain,Female,50.0,9,113488.68,1,0.0,1.0,62260.71,0
15349,15724296,Lai,766,France,Male,34.0,6,98684.15,1,0.0,0.0,133720.57,0
15350,15769451,Pinto,579,Spain,Female,24.0,7,0.0,2,1.0,1.0,184976.75,0
15351,15723884,Calabresi,633,France,Male,29.0,7,0.0,1,0.0,0.0,51358.66,0
15352,15735687,T'ien,638,France,Male,44.0,4,149729.61,1,0.0,0.0,61936.1,0
15353,15793856,Onyekachi,687,France,Female,29.0,2,0.0,2,1.0,0.0,160548.72,0
15354,15735263,Hsueh,601,France,Female,39.0,5,0.0,2,1.0,1.0,86791.9,0
15355,15703778,Calabrese,709,France,Male,28.0,2,0.0,2,0.0,1.0,93629.66,0
15356,15585867,P'eng,729,France,Male,32.0,2,0.0,2,1.0,0.0,40313.47,0
15357,15662408,Ukaegbunam,717,Germany,Male,31.0,8,108881.57,1,1.0,0.0,109622.88,0
15358,15597901,Nkemakolam,626,France,Male,38.0,2,0.0,2,1.0,0.0,180066.59,0
15359,15583764,Napolitano,682,France,Male,39.0,8,137811.75,1,1.0,0.0,184856.89,0
15360,15674929,Chukwuemeka,693,Spain,Male,40.0,2,62289.44,1,1.0,1.0,199484.96,0
15361,15673878,Ch'ang,749,Germany,Male,60.0,1,107949.21,1,1.0,0.0,117946.6,1
15362,15782231,Ndukaku,662,France,Male,38.0,2,135071.12,2,1.0,0.0,63736.17,0
15363,15801550,Hao,644,France,Male,41.0,3,128924.5,1,1.0,1.0,179861.79,0
15364,15756901,Chiu,497,Spain,Male,37.0,6,0.0,2,1.0,0.0,114722.22,0
15365,15692750,Shao,593,France,Male,38.0,5,0.0,2,1.0,1.0,51362.82,0
15366,15697129,Ulyanova,706,France,Male,33.0,7,0.0,2,0.0,1.0,31962.77,0
15367,15798885,Goddard,630,Spain,Male,31.0,7,0.0,2,1.0,0.0,46156.87,0
15368,15778192,Nkemdilim,659,France,Male,26.0,8,0.0,2,1.0,1.0,176728.28,0
15369,15796790,Amaechi,572,France,Female,31.0,2,133043.66,2,0.0,0.0,113046.81,0
15370,15671443,Udinese,596,France,Male,47.0,4,0.0,2,1.0,1.0,136675.27,0
15371,15705860,Toscani,696,Germany,Male,35.0,1,108577.97,2,0.0,0.0,143301.49,0
15372,15761149,Miah,673,France,Female,44.0,1,133444.97,1,0.0,1.0,5708.19,0
15373,15677955,Onyemauchechukwu,762,France,Male,33.0,1,0.0,2,1.0,1.0,170518.45,0
15374,15672056,Hs?,613,France,Male,40.0,6,0.0,2,0.0,0.0,51695.41,0
15375,15694644,Wood,455,Spain,Female,43.0,6,0.0,1,1.0,0.0,81250.79,0
15376,15578783,Mai,620,Germany,Female,44.0,0,76989.97,2,1.0,0.0,17242.79,1
15377,15624993,Nwachukwu,745,France,Male,26.0,7,0.0,2,0.0,1.0,114775.53,0
15378,15674583,Ukaegbunam,724,Germany,Male,27.0,1,112896.86,1,1.0,0.0,143635.55,0
15379,15683714,Trevisano,733,France,Male,34.0,7,0.0,1,0.0,1.0,164040.94,0
15380,15709917,Chukwumaobim,739,Spain,Male,28.0,5,0.0,2,0.0,0.0,5891.5,0
15381,15654733,Hsieh,794,Germany,Male,57.0,2,117056.46,2,1.0,0.0,93336.93,0
15382,15663489,Onio,724,Spain,Female,29.0,7,80922.75,2,0.0,0.0,113931.57,0
15383,15773351,Hsia,641,France,Male,24.0,2,123675.57,1,1.0,0.0,67979.35,0
15384,15803849,P'eng,667,France,Female,35.0,8,0.0,2,1.0,0.0,152420.71,0
15385,15677783,Iloerika,767,Spain,Female,45.0,5,93796.42,1,1.0,1.0,91957.39,0
15386,15665893,Ibeabuchi,775,France,Male,59.0,6,0.0,2,1.0,1.0,134540.27,0
15387,15794566,Tsao,678,France,Male,41.0,6,0.0,2,1.0,1.0,143681.83,0
15388,15787189,Tai,824,Spain,Male,60.0,8,0.0,2,0.0,1.0,153046.16,0
15389,15802823,Maslova,756,Germany,Female,39.0,7,100717.85,1,1.0,1.0,73406.04,1
15390,15682211,Chukwudi,604,Germany,Female,46.0,3,104783.41,1,1.0,0.0,88827.67,1
15391,15731522,Ts'ui,771,Spain,Male,67.0,9,0.0,2,0.0,1.0,51219.8,0
15392,15575247,Onyeorulu,742,France,Male,38.0,7,0.0,1,1.0,1.0,137037.86,0
15393,15714596,Pisano,686,France,Female,33.0,8,0.0,2,1.0,1.0,69643.31,0
15394,15673908,Smith,744,Germany,Female,27.0,8,140170.61,2,1.0,1.0,188484.52,0
15395,15778142,Li,655,Spain,Male,52.0,8,153379.67,1,1.0,1.0,38798.01,1
15396,15640059,Fiorentini,637,Spain,Female,36.0,3,0.0,3,1.0,0.0,136851.72,1
15397,15741693,K?,590,France,Male,31.0,10,0.0,2,1.0,1.0,175795.87,0
15398,15624892,McLean,712,France,Male,37.0,7,0.0,1,1.0,0.0,42085.58,0
15399,15576550,Tuan,638,France,Male,35.0,7,0.0,1,1.0,0.0,73817.23,1
15400,15773854,Hsia,539,France,Male,38.0,9,0.0,2,1.0,0.0,176471.19,0
15401,15731760,Nwachinemelu,586,Germany,Male,30.0,2,124577.15,1,1.0,0.0,898.2,0
15402,15679984,Calabresi,578,Spain,Female,40.0,2,0.0,2,1.0,0.0,46825.74,0
15403,15609545,Chukwukadibia,733,France,Male,31.0,2,98899.91,1,0.0,1.0,177099.71,0
15404,15568498,T'ien,627,Spain,Male,29.0,5,0.0,2,1.0,0.0,137919.32,0
15405,15705663,P'eng,594,Spain,Male,37.0,6,89039.9,1,1.0,0.0,116286.25,0
15406,15765520,Eluemuno,616,France,Female,25.0,9,125927.51,1,0.0,0.0,134720.51,0
15407,15671410,Smith,673,Germany,Male,41.0,3,116684.79,2,1.0,0.0,126835.52,0
15408,15806327,Cyril,800,France,Female,40.0,3,75893.11,2,0.0,0.0,132562.23,0
15409,15576517,Chibuzo,757,France,Male,40.0,8,133934.3,1,1.0,0.0,156495.9,0
15410,15714397,Trentino,647,France,Female,29.0,8,0.0,1,1.0,1.0,96823.32,0
15411,15581525,Niu,679,Spain,Male,38.0,8,97459.06,1,0.0,0.0,189175.71,0
15412,15603554,Kashiwagi,576,France,Male,39.0,3,0.0,1,1.0,0.0,61313.17,0
15413,15628008,White,781,Spain,Female,29.0,6,98759.89,1,0.0,0.0,112202.64,0
15414,15721469,T'ang,752,Germany,Male,31.0,8,123328.96,1,1.0,0.0,73477.28,1
15415,15596761,Maclean,636,Germany,Female,41.0,2,121093.98,2,1.0,1.0,93844.47,1
15416,15777591,Manna,682,Germany,Female,27.0,5,111577.01,1,1.0,1.0,182055.21,0
15417,15706563,Ogochukwu,641,France,Female,36.0,4,0.0,2,0.0,0.0,84760.16,0
15418,15672056,P'an,593,France,Male,42.0,9,0.0,1,1.0,1.0,75562.97,0
15419,15662397,Ulyanova,687,Spain,Male,29.0,1,92899.46,1,1.0,0.0,151903.9,0
15420,15676909,Chin,675,Germany,Male,24.0,8,142400.27,1,1.0,0.0,137020.17,0
15421,15660101,T'ien,659,Spain,Male,38.0,5,142905.51,1,0.0,1.0,36108.5,0
15422,15644878,Lombardi,602,France,Male,40.0,5,0.0,2,0.0,0.0,187839.9,0
15423,15779423,K?,716,France,Male,39.0,1,70657.61,1,1.0,1.0,76476.05,0
15424,15584091,T'ien,663,France,Male,37.0,8,0.0,2,0.0,1.0,158313.87,0
15425,15672299,Chiagoziem,809,Germany,Female,52.0,8,145984.59,1,1.0,1.0,49865.92,1
15426,15776844,McElhone,850,Spain,Male,28.0,3,0.0,2,1.0,1.0,88407.51,0
15427,15746461,McElhone,605,France,Male,40.0,7,0.0,2,1.0,1.0,52462.25,0
15428,15741417,Yegorova,631,Germany,Male,39.0,7,129205.49,2,1.0,0.0,56214.09,1
15429,15631681,Jibunoh,807,Spain,Female,43.0,0,0.0,1,0.0,1.0,85523.24,1
15430,15791114,Liao,695,Spain,Female,44.0,10,0.0,2,1.0,1.0,138871.12,1
15431,15579617,Dike,554,France,Female,33.0,1,0.0,2,1.0,0.0,122547.38,0
15432,15651001,Chien,662,France,Male,34.0,8,132578.92,2,1.0,0.0,102515.42,0
15433,15643618,Hsia,587,France,Male,60.0,9,149947.61,1,1.0,1.0,65902.23,0
15434,15757777,Onyemauchechi,597,Spain,Female,26.0,7,0.0,2,1.0,1.0,167573.32,0
15435,15692291,K?,705,France,Male,41.0,5,0.0,2,1.0,1.0,171096.2,0
15436,15808566,Cunningham,582,Germany,Female,56.0,3,127539.3,1,1.0,1.0,46775.28,0
15437,15573319,Ch'ien,621,Germany,Male,39.0,8,151218.98,2,1.0,1.0,61602.42,0
15438,15773098,Ch'in,818,Spain,Male,34.0,5,0.0,2,1.0,0.0,53437.1,0
15439,15632789,Linton,627,Germany,Female,48.0,9,126589.12,1,1.0,0.0,142977.05,1
15440,15665784,Ritchie,717,France,Male,30.0,1,174060.46,1,1.0,1.0,141023.01,0
15441,15773749,Ts'ai,847,France,Female,30.0,3,0.0,2,0.0,1.0,107841.37,0
15442,15611191,Scott,505,Germany,Male,37.0,10,122453.97,2,1.0,1.0,52693.99,0
15443,15610786,Hsueh,543,France,Female,37.0,6,0.0,2,1.0,0.0,153783.01,0
15444,15612140,Duncan,721,Germany,Male,26.0,8,146133.39,1,1.0,1.0,175296.76,0
15445,15570141,Mazzi,756,Spain,Female,43.0,8,0.0,2,1.0,0.0,139844.04,0
15446,15656417,Griffin,602,Germany,Female,40.0,7,141074.59,1,1.0,0.0,7278.57,1
15447,15777598,O'Meara,646,France,Female,32.0,9,0.0,2,1.0,0.0,171344.31,0
15448,15798888,Kao,613,France,Female,34.0,1,0.0,2,1.0,1.0,129964.94,0
15449,15752826,Chinagorom,544,Spain,Male,46.0,4,0.0,3,1.0,0.0,93470.93,1
15450,15613630,Tang,775,France,Male,52.0,8,109922.61,2,1.0,0.0,96823.32,0
15451,15775750,Ugorji,695,Germany,Female,44.0,7,134493.07,2,1.0,1.0,162478.11,0
15452,15702377,Chukwufumnanya,731,Germany,Female,33.0,3,138476.31,1,1.0,0.0,46771.09,1
15453,15674673,Lu,662,Spain,Female,37.0,9,133984.88,1,1.0,0.0,115137.3,0
15454,15692671,Gidney,607,Spain,Female,36.0,8,0.0,2,1.0,0.0,169161.46,0
15455,15605447,Palermo,752,France,Male,49.0,1,78653.05,1,1.0,1.0,7698.6,0
15456,15803456,Hao,641,France,Female,40.0,9,0.0,1,1.0,0.0,95625.03,0
15457,15752433,Lettiere,718,Germany,Male,27.0,3,92615.56,1,1.0,0.0,92865.22,0
15458,15574071,Ch'iu,613,Germany,Male,52.0,1,90544.0,1,0.0,0.0,56787.8,1
15459,15653696,Goliwe,769,Germany,Male,51.0,9,148846.39,1,1.0,1.0,192831.67,1
15460,15650098,Fanucci,602,France,Male,25.0,6,0.0,1,1.0,0.0,57600.66,0
15461,15597949,Nnachetam,757,Spain,Male,38.0,8,0.0,2,0.0,0.0,122925.44,0
15462,15731519,Dickson,659,France,Female,23.0,7,0.0,2,1.0,1.0,107851.12,0
15463,15682618,Chukwuemeka,655,France,Male,51.0,3,0.0,2,1.0,1.0,41967.09,0
15464,15579969,Pisano,682,France,Female,39.0,8,0.0,2,1.0,1.0,84420.5,0
15465,15581526,Ibezimako,553,France,Female,42.0,2,0.0,2,1.0,1.0,116046.22,0
15466,15632118,Mazzi,731,France,Female,36.0,1,0.0,1,1.0,1.0,108409.17,1
15467,15576760,T'ien,679,France,Male,40.0,2,0.0,2,1.0,0.0,61761.77,0
15468,15707473,Hs?eh,608,Germany,Male,76.0,7,91057.37,2,1.0,0.0,13455.43,0
15469,15568495,Mancini,752,France,Male,53.0,3,130170.55,1,1.0,0.0,19500.1,1
15470,15679968,Mackay,752,Spain,Female,34.0,0,0.0,2,1.0,0.0,43169.15,0
15471,15802483,Cremonesi,806,France,Male,35.0,6,0.0,2,1.0,0.0,89800.16,0
15472,15711540,Pacheco,712,France,Female,28.0,3,0.0,1,1.0,1.0,144375.0,0
15473,15791045,Boni,612,France,Female,38.0,3,132951.92,1,0.0,1.0,124486.28,1
15474,15795937,McLean,678,Spain,Male,40.0,7,0.0,1,1.0,1.0,147510.18,0
15475,15643487,Chiu,678,France,Male,31.0,1,103818.43,1,1.0,1.0,79866.73,0
15476,15576517,Onwubiko,745,France,Female,32.0,7,0.0,2,1.0,1.0,141533.19,0
15477,15609997,Sun,599,Spain,Male,29.0,5,136829.47,1,1.0,0.0,113687.7,0
15478,15576760,Ritchie,724,Spain,Male,31.0,9,0.0,2,0.0,1.0,89891.4,0
15479,15617348,Rizzo,592,France,Male,40.0,5,0.0,2,1.0,0.0,88890.65,0
15480,15686610,Ijendu,554,Germany,Female,43.0,7,151607.43,2,1.0,0.0,181204.3,1
15481,15686963,Teng,719,France,Male,31.0,4,123599.49,1,0.0,1.0,38962.94,0
15482,15783029,Nkemakolam,525,Germany,Male,43.0,5,105204.99,2,1.0,0.0,182912.07,1
15483,15734942,Duggan,608,France,Male,42.0,8,76769.68,1,0.0,1.0,108348.94,0
15484,15662091,Ts'ui,691,France,Female,40.0,6,0.0,1,1.0,0.0,167035.51,1
15485,15723287,Chiang,753,France,Female,41.0,4,0.0,2,0.0,1.0,19921.35,0
15486,15793854,Mao,705,France,Female,41.0,3,119794.67,1,0.0,0.0,182528.44,1
15487,15716236,Chienezie,575,France,Male,34.0,7,116886.59,1,1.0,1.0,160529.71,0
15488,15683615,Fleming,716,Germany,Female,47.0,7,116891.27,1,1.0,0.0,185555.66,1
15489,15753591,Pinto,521,Spain,Male,38.0,5,0.0,2,1.0,1.0,98810.78,0
15490,15762955,T'ien,599,France,Female,33.0,2,0.0,2,1.0,0.0,116977.6,0
15491,15621644,Lombardi,739,Germany,Female,52.0,6,123356.63,1,0.0,0.0,92934.41,1
15492,15798895,Ijendu,757,France,Male,29.0,5,165969.26,1,1.0,0.0,86079.67,0
15493,15757831,Martin,610,Spain,Female,40.0,1,0.0,2,1.0,1.0,167984.95,0
15494,15667216,Onyekaozulu,624,Germany,Male,33.0,8,107814.67,1,1.0,1.0,60429.43,0
15495,15587562,Lettiere,513,France,Male,51.0,2,183579.54,1,1.0,0.0,52301.15,0
15496,15716347,Okwudiliolisa,684,France,Female,49.0,8,137714.09,1,1.0,1.0,171099.78,1
15497,15605327,Kao,636,France,Male,54.0,6,123067.63,1,1.0,0.0,135067.02,1
15498,15716155,Pagnotto,756,France,Male,39.0,7,0.0,2,1.0,0.0,185855.21,0
15499,15743545,Nworie,747,France,Female,37.0,2,0.0,2,1.0,0.0,179032.68,0
15500,15691871,Millar,577,Germany,Male,42.0,9,153279.39,1,1.0,1.0,151336.96,0
15501,15596624,Sholes,751,France,Male,23.0,2,0.0,1,1.0,1.0,64595.25,0
15502,15596074,Bergamaschi,684,Germany,Female,54.0,10,142643.54,1,1.0,0.0,120892.96,1
15503,15789460,Genovese,676,France,Male,43.0,10,0.0,1,0.0,0.0,133697.59,1
15504,15603851,Palmer,734,France,Female,36.0,7,0.0,2,0.0,0.0,17744.72,0
15505,15649738,Manna,833,Germany,Male,45.0,8,117833.3,1,1.0,1.0,173425.68,0
15506,15790782,Bibi,646,France,Female,30.0,8,0.0,1,1.0,1.0,91903.9,0
15507,15709952,Iqbal,662,France,Male,36.0,7,0.0,2,1.0,1.0,1852.44,0
15508,15693817,Fomin,558,France,Male,38.0,1,0.0,2,1.0,0.0,53477.76,0
15509,15681446,Obialo,692,France,Male,31.0,4,0.0,2,0.0,1.0,92736.3,0
15510,15607629,Nwachinemelu,616,France,Male,53.0,0,0.0,2,1.0,1.0,147090.75,0
15511,15742238,Teng,554,Germany,Male,25.0,9,139914.7,1,1.0,0.0,129964.94,0
15512,15667134,Cisneros,516,France,Female,37.0,8,0.0,1,0.0,0.0,133292.94,1
15513,15706546,Chia,744,France,Male,37.0,1,141581.96,1,0.0,1.0,70524.96,0
15514,15775803,Chidumaga,597,Spain,Female,40.0,1,0.0,2,1.0,1.0,28288.96,0
15515,15602841,Ts'ui,758,Spain,Female,35.0,8,0.0,2,1.0,0.0,129563.86,0
15516,15782231,Hsiung,743,Spain,Female,32.0,1,0.0,2,1.0,0.0,87071.18,0
15517,15778975,Nnonso,850,France,Male,70.0,1,96947.58,2,1.0,1.0,62282.99,0
15518,15771211,Kao,738,France,Female,36.0,8,0.0,1,1.0,0.0,179540.73,1
15519,15806909,Yevseyev,578,France,Male,37.0,3,0.0,2,1.0,0.0,141829.27,0
15520,15800061,Moretti,495,Spain,Female,43.0,3,89158.94,3,1.0,0.0,135163.76,1
15521,15672073,Iheatu,556,Spain,Male,39.0,5,135842.89,1,1.0,0.0,38794.43,0
15522,15784844,Mott,596,France,Female,36.0,2,141581.08,1,0.0,0.0,125381.02,0
15523,15773029,Nnamutaezinwa,625,France,Female,43.0,5,0.0,1,0.0,0.0,115291.22,1
15524,15771543,Uchechukwu,638,France,Female,36.0,4,0.0,2,0.0,1.0,134593.99,0
15525,15660271,T'ang,675,France,Female,35.0,9,0.0,1,1.0,0.0,170996.86,0
15526,15669944,Ts'ui,749,France,Male,29.0,3,105514.66,2,0.0,0.0,152423.69,0
15527,15653937,Lettiere,577,France,Male,46.0,9,0.0,2,1.0,1.0,162858.29,0
15528,15727377,Chidumaga,711,France,Male,34.0,8,102591.32,1,1.0,1.0,119374.52,0
15529,15685476,Blesing,833,France,Female,37.0,9,116932.26,1,0.0,1.0,153698.65,0
15530,15647842,Chidubem,636,Germany,Male,38.0,7,101242.98,2,1.0,1.0,178045.97,0
15531,15612184,Shih,814,Spain,Male,43.0,1,0.0,2,1.0,0.0,148527.69,0
15532,15692761,Young,850,France,Male,28.0,4,0.0,2,1.0,0.0,196582.19,0
15533,15671609,Iloerika,561,France,Female,28.0,4,0.0,1,1.0,1.0,56562.57,0
15534,15683955,Macleod,593,Spain,Female,51.0,6,82787.93,1,0.0,0.0,142287.65,1
15535,15654562,Lo Duca,711,Spain,Female,44.0,4,0.0,1,1.0,0.0,162763.5,1
15536,15711686,Illingworth,667,Spain,Male,29.0,10,121075.63,1,1.0,0.0,131778.51,0
15537,15694566,Tien,762,France,Female,36.0,0,0.0,2,1.0,0.0,138880.24,0
15538,15778149,Hsia,850,France,Male,34.0,3,0.0,1,1.0,1.0,183566.78,0
15539,15641413,Fanucci,698,Spain,Female,42.0,5,0.0,1,1.0,1.0,48217.91,1
15540,15785899,Ch'en,516,Germany,Male,33.0,9,151607.56,1,1.0,0.0,4389.4,0
15541,15684861,T'ien,684,France,Female,34.0,6,0.0,2,1.0,1.0,108890.69,0
15542,15799186,P'eng,663,France,Male,37.0,3,0.0,2,1.0,0.0,133051.26,0
15543,15630053,Tsao,656,France,Male,35.0,5,127864.4,1,1.0,0.0,87107.57,0
15544,15682527,Shih,709,France,Male,32.0,9,0.0,2,1.0,1.0,176780.69,0
15545,15763065,Palerma,700,Spain,Female,40.0,2,0.0,2,0.0,1.0,199753.97,0
15546,15600992,Lu,586,France,Male,31.0,2,0.0,2,1.0,1.0,25310.82,0
15547,15720559,De Luca,616,France,Male,38.0,7,0.0,2,1.0,0.0,131409.47,0
15548,15626710,Yudina,642,France,Female,39.0,4,0.0,1,0.0,1.0,76821.24,0
15549,15723654,Baresi,651,France,Male,56.0,7,0.0,2,1.0,1.0,159456.75,0
15550,15659495,Fu,784,Spain,Male,23.0,1,0.0,1,1.0,1.0,6847.73,0
15551,15794895,T'ao,625,France,Male,40.0,8,104719.97,1,0.0,0.0,122920.17,0
15552,15761132,H?,597,France,Female,39.0,1,0.0,2,1.0,1.0,158887.09,0
15553,15602373,Chukwuemeka,710,Spain,Male,27.0,5,136624.4,1,1.0,0.0,138881.54,0
15554,15586522,Obijiaku,729,Spain,Male,29.0,0,123873.19,1,0.0,0.0,126562.93,0
15555,15705994,O'Donnell,637,Spain,Male,49.0,5,0.0,2,0.0,0.0,131083.9,1
15556,15672801,Martin,652,France,Female,48.0,8,0.0,1,1.0,0.0,113557.28,1
15557,15632069,Kao,595,France,Male,35.0,9,147974.55,1,1.0,1.0,86913.11,0
15558,15698902,Chukwufumnanya,590,Germany,Female,42.0,9,104469.38,1,1.0,0.0,175072.02,1
15559,15566494,Fang,487,France,Male,30.0,2,0.0,2,1.0,0.0,77475.73,0
15560,15596022,Liao,709,France,Male,33.0,2,0.0,1,1.0,0.0,132665.57,0
15561,15691871,Black,688,Germany,Male,41.0,1,125141.24,2,1.0,0.0,148537.07,1
15562,15655436,Chiemenam,758,France,Female,36.0,7,97495.72,2,1.0,1.0,104721.11,0
15563,15745232,Chidubem,593,France,Female,34.0,4,121151.05,1,1.0,1.0,74593.84,0
15564,15800703,Hsieh,518,France,Female,51.0,6,0.0,1,1.0,0.0,141501.45,1
15565,15669414,Y?,486,Germany,Female,30.0,1,110357.0,1,1.0,0.0,141977.54,0
15566,15806945,Pagnotto,598,Germany,Male,41.0,1,113599.69,1,1.0,0.0,53512.16,1
15567,15757473,Chukwujamuike,766,Spain,Female,27.0,3,158786.67,2,1.0,0.0,47579.25,1
15568,15596914,Tien,683,France,Female,28.0,9,114969.12,2,1.0,1.0,74846.64,0
15569,15600399,Calabresi,706,France,Female,35.0,4,0.0,2,1.0,1.0,109843.16,0
15570,15716334,Zetticci,581,France,Male,39.0,9,0.0,2,1.0,0.0,57531.17,0
15571,15658195,Efremova,653,France,Male,34.0,2,118838.75,1,1.0,1.0,52820.13,0
15572,15742116,Torres,671,Germany,Female,48.0,7,116711.06,2,0.0,0.0,76373.38,1
15573,15750080,Folliero,751,France,Female,29.0,8,0.0,2,1.0,0.0,92930.03,0
15574,15665811,T'ao,684,France,Male,62.0,1,0.0,2,1.0,1.0,74890.58,0
15575,15587584,Ts'ai,709,France,Male,36.0,7,0.0,1,1.0,0.0,162697.93,1
15576,15771586,Tung,604,France,Female,48.0,6,0.0,1,1.0,0.0,147720.98,1
15577,15803790,Fanucci,559,France,Male,42.0,4,0.0,1,1.0,1.0,119419.19,0
15578,15669327,Hsieh,645,Germany,Female,33.0,2,139959.0,1,1.0,0.0,123365.85,1
15579,15805954,Ubanwa,727,Germany,Male,39.0,3,109730.22,2,1.0,1.0,143022.32,0
15580,15672930,Okonkwo,537,France,Female,38.0,6,129490.36,2,1.0,0.0,198914.8,0
15581,15777045,Baresi,714,France,Male,29.0,5,0.0,1,1.0,0.0,120830.73,0
15582,15642099,Calabresi,758,France,Male,34.0,1,0.0,2,0.0,0.0,144790.36,0
15583,15778589,Tsai,606,France,Male,43.0,1,135859.76,1,1.0,0.0,102620.88,0
15584,15588854,Calabresi,543,France,Female,31.0,8,0.0,2,1.0,1.0,111421.77,0
15585,15742293,H?,597,France,Male,31.0,3,98955.11,1,1.0,1.0,58854.34,0
15586,15570970,Han,647,France,Female,37.0,9,0.0,1,1.0,1.0,51362.82,0
15587,15764409,Onyinyechukwuka,751,France,Male,37.0,8,0.0,2,1.0,0.0,132837.05,0
15588,15760177,Lombardi,619,France,Male,37.0,9,100252.18,1,1.0,1.0,146033.52,0
15589,15578865,Brookes,675,France,Female,50.0,1,0.0,2,1.0,1.0,51987.99,0
15590,15615016,Chukwubuikem,678,Germany,Male,46.0,4,139914.7,1,1.0,1.0,129912.13,1
15591,15571550,Hs?,605,France,Male,49.0,1,0.0,1,1.0,0.0,187636.08,1
15592,15686436,Chukwujekwu,727,France,Male,64.0,4,117812.67,1,1.0,1.0,119216.46,0
15593,15653050,Sagese,549,France,Male,43.0,1,0.0,1,0.0,0.0,147530.06,1
15594,15752731,Ndubueze,638,France,Male,32.0,7,0.0,1,1.0,1.0,168035.58,0
15595,15796413,Goliwe,685,Germany,Male,37.0,5,144237.7,2,1.0,1.0,109638.78,0
15596,15620338,Tuan,648,Germany,Female,38.0,4,131032.88,1,1.0,1.0,125870.5,0
15597,15710543,Okwuoma,629,France,Male,39.0,1,130666.2,1,1.0,1.0,161125.67,1
15598,15705899,Ugorji,613,Spain,Male,37.0,4,0.0,2,1.0,1.0,152876.97,0
15599,15681924,Onwumelu,585,France,Male,34.0,8,62717.74,1,1.0,0.0,101617.64,0
15600,15644856,Ch'in,615,Germany,Female,32.0,4,124496.87,2,0.0,1.0,137519.33,0
15601,15631669,Lo Duca,729,France,Male,44.0,9,0.0,2,1.0,1.0,36249.76,0
15602,15684516,Demidov,632,Germany,Male,38.0,4,105957.44,1,1.0,0.0,82967.97,0
15603,15631481,Yefremova,625,France,Male,47.0,7,0.0,1,0.0,1.0,106655.88,1
15604,15681075,Calabresi,731,Germany,Female,37.0,9,82498.14,1,1.0,1.0,40437.67,0
15605,15720661,Shih,582,France,Female,41.0,4,0.0,2,1.0,0.0,122953.0,0
15606,15753591,He,438,Spain,Male,34.0,2,0.0,2,0.0,1.0,136859.55,0
15607,15746199,Kaeppel,737,Spain,Male,31.0,8,0.0,2,1.0,0.0,83087.13,0
15608,15772398,McGregor,685,France,Female,60.0,6,0.0,1,1.0,1.0,113089.59,1
15609,15788183,Longo,653,Spain,Female,33.0,4,117731.79,1,0.0,1.0,100862.36,0
15610,15665079,Zetticci,535,France,Male,36.0,2,115569.71,1,1.0,0.0,141830.86,1
15611,15808960,Yobanna,628,France,Female,38.0,8,0.0,2,1.0,0.0,137552.02,0
15612,15658475,Fiorentini,695,Germany,Male,25.0,9,133383.66,2,1.0,1.0,162501.8,0
15613,15651460,Hargreaves,671,France,Male,38.0,1,0.0,2,1.0,0.0,146411.42,0
15614,15592854,Garcia,705,France,Male,25.0,3,113736.27,2,0.0,0.0,196864.61,1
15615,15607577,Bellucci,550,France,Male,39.0,1,0.0,2,0.0,0.0,132979.67,0
15616,15609899,Li Fonti,727,France,Male,25.0,4,0.0,2,1.0,0.0,5862.53,0
15617,15742323,Kaur,684,Spain,Female,22.0,3,0.0,2,1.0,1.0,173948.3,0
15618,15672955,T'ang,710,Spain,Male,38.0,6,0.0,1,1.0,0.0,166526.26,0
15619,15776467,De Salis,702,Spain,Female,35.0,8,14262.8,2,1.0,1.0,54689.16,0
15620,15814238,Tseng,705,Spain,Female,48.0,0,0.0,2,1.0,1.0,177622.38,0
15621,15641411,Volkova,718,France,Female,25.0,1,0.0,2,1.0,0.0,112979.6,0
15622,15698902,Fries,590,France,Male,45.0,6,0.0,2,1.0,0.0,187900.16,0
15623,15708904,Nweke,662,France,Female,26.0,8,0.0,2,0.0,1.0,76614.04,0
15624,15685019,Graham,528,France,Male,29.0,3,0.0,1,1.0,1.0,55972.56,0
15625,15573876,Ch'iu,554,France,Male,43.0,8,110829.52,1,1.0,1.0,177638.06,1
15626,15754821,Manna,704,France,Male,40.0,10,0.0,2,0.0,0.0,180844.98,0
15627,15759917,Tung,683,France,Male,37.0,5,0.0,2,0.0,0.0,127954.95,0
15628,15803886,White,634,France,Male,25.0,0,0.0,2,1.0,1.0,93336.3,0
15629,15701605,Frolova,590,France,Male,33.0,5,0.0,2,1.0,0.0,133686.22,0
15630,15796838,Toscani,748,Spain,Female,31.0,9,172325.67,1,1.0,1.0,141756.32,0
15631,15682355,P'an,663,France,Male,60.0,2,155413.08,1,1.0,1.0,54702.66,0
15632,15750765,Chinwenma,624,Spain,Male,40.0,9,111681.98,1,1.0,0.0,94949.84,0
15633,15646037,Kelly,538,France,Male,39.0,9,0.0,1,1.0,1.0,86945.0,0
15634,15641416,Luffman,648,Germany,Female,39.0,8,159397.75,2,1.0,0.0,55972.56,0
15635,15742116,Barry,779,Germany,Female,48.0,10,118614.6,1,1.0,1.0,163581.67,1
15636,15690670,Yermakov,663,Germany,Male,31.0,6,111855.04,1,1.0,1.0,172467.13,0
15637,15740846,Wei,556,France,Female,40.0,5,125909.85,1,1.0,1.0,95124.4,0
15638,15709354,Tudawali,611,France,Male,34.0,2,108881.73,1,1.0,1.0,115818.51,0
15639,15720291,Ekechukwu,656,Germany,Male,33.0,1,102908.56,2,1.0,1.0,112395.98,0
15640,15584545,Knight,635,France,Male,33.0,7,0.0,2,1.0,0.0,143739.29,0
15641,15757015,Taylor,499,France,Male,55.0,5,0.0,2,1.0,1.0,142377.69,0
15642,15672626,Chukwuemeka,709,Germany,Male,33.0,8,117866.2,1,1.0,0.0,117813.87,0
15643,15812197,Bell,810,Spain,Male,40.0,2,112181.08,1,1.0,1.0,31372.91,0
15644,15802466,Donaldson,729,Spain,Female,53.0,7,0.0,1,1.0,0.0,80619.09,1
15645,15650442,Nwora,685,France,Male,45.0,2,0.0,2,1.0,1.0,113792.83,0
15646,15775067,Fang,606,France,Female,43.0,4,0.0,2,1.0,1.0,137720.56,0
15647,15613886,Trevisan,562,France,Male,43.0,6,0.0,2,1.0,0.0,44560.17,0
15648,15793331,Liao,638,France,Female,39.0,4,0.0,2,1.0,1.0,199392.14,0
15649,15682355,Chukwubuikem,635,Germany,Male,30.0,9,115115.39,1,1.0,0.0,124902.72,0
15650,15683677,Schiavone,793,France,Female,39.0,9,0.0,1,1.0,0.0,47722.79,0
15651,15741745,Lane,757,Spain,Male,28.0,5,120911.75,2,0.0,1.0,131249.46,0
15652,15663496,Milano,842,Spain,Female,27.0,5,109162.29,1,1.0,0.0,168816.15,0
15653,15813172,Babbage,754,Spain,Male,40.0,6,131156.76,1,1.0,0.0,171045.25,0
15654,15782730,Nwachinemelu,602,Spain,Male,32.0,4,0.0,2,1.0,1.0,145700.22,0
15655,15779913,Davidson,725,Germany,Male,33.0,5,152797.9,1,1.0,1.0,172810.51,0
15656,15631339,Lucciano,649,France,Male,39.0,7,0.0,2,1.0,1.0,176902.83,0
15657,15641389,Pisani,748,Germany,Male,46.0,8,103711.35,2,1.0,1.0,143680.56,0
15658,15771270,Kuykendall,587,France,Male,39.0,0,0.0,1,0.0,0.0,162452.65,0
15659,15803406,P'an,634,Germany,Male,35.0,1,119152.1,2,1.0,1.0,38152.01,0
15660,15586870,Folliero,477,Spain,Male,26.0,8,145081.72,1,1.0,1.0,41365.85,0
15661,15597602,Nwachinemelu,472,France,Male,19.0,9,0.0,2,1.0,0.0,3453.4,0
15662,15806837,Nnamdi,627,Spain,Male,37.0,10,167878.5,1,1.0,0.0,133020.9,0
15663,15701291,Tuan,714,France,Male,31.0,5,0.0,2,1.0,0.0,161388.22,0
15664,15602034,Ma,637,Germany,Male,37.0,7,126477.43,1,0.0,0.0,70954.87,0
15665,15664539,Bruce,699,Spain,Male,32.0,2,0.0,2,1.0,1.0,82951.12,0
15666,15777060,Trevisano,762,Germany,Male,33.0,6,115171.71,1,1.0,0.0,138552.74,0
15667,15658032,Fiorentini,627,Spain,Male,36.0,8,92467.58,1,1.0,0.0,127744.03,0
15668,15582762,White,641,France,Male,54.0,8,136914.4,1,1.0,0.0,171060.01,1
15669,15775231,Ch'eng,653,Germany,Female,34.0,6,131287.06,1,0.0,1.0,82222.85,1
15670,15648005,Tsao,672,Spain,Male,33.0,2,0.0,1,1.0,1.0,182738.0,1
15671,15598046,Su,516,France,Female,39.0,5,139562.05,2,1.0,0.0,61636.22,0
15672,15576641,Crawford,733,Germany,Male,41.0,5,125725.02,2,1.0,1.0,50783.1,0
15673,15744517,Yeh,611,France,Male,29.0,9,0.0,2,1.0,1.0,176902.41,0
15674,15779620,Sinclair,696,Germany,Female,31.0,8,121669.23,1,0.0,1.0,78854.57,0
15675,15700864,Dickson,695,Germany,Female,29.0,8,106070.89,1,0.0,0.0,121053.19,0
15676,15761453,Kovalev,682,France,Male,45.0,1,0.0,1,0.0,1.0,88890.05,0
15677,15586699,Palerma,711,Germany,Male,34.0,7,133550.67,1,1.0,0.0,82820.85,0
15678,15802268,Manna,718,Germany,Male,40.0,8,100654.07,2,1.0,0.0,114513.96,0
15679,15648638,Chia,629,Spain,Male,34.0,9,0.0,2,1.0,0.0,190347.72,0
15680,15723006,Scott,599,Germany,Female,28.0,1,129847.51,2,1.0,0.0,165577.7,0
15681,15803032,Chikelu,833,Germany,Male,39.0,0,126605.14,2,1.0,0.0,176750.81,0
15682,15754084,Ogg,713,France,Male,40.0,4,0.0,2,1.0,1.0,62449.03,0
15683,15797767,Smith,644,France,Male,32.0,9,0.0,2,1.0,1.0,98931.5,0
15684,15635597,Myers,781,France,Female,29.0,10,0.0,2,0.0,0.0,172097.4,0
15685,15731744,Carslaw,692,France,Male,30.0,2,0.0,1,0.0,1.0,130486.57,0
15686,15638882,Onyekaozulu,579,France,Male,28.0,3,0.0,2,1.0,1.0,5983.8,0
15687,15670172,Padovesi,622,France,Female,30.0,9,107879.04,1,0.0,1.0,196894.62,0
15688,15680370,DeRose,492,France,Female,36.0,3,0.0,2,1.0,1.0,71323.23,0
15689,15602909,Uchechukwu,588,Germany,Female,33.0,4,127864.28,1,0.0,1.0,10072.55,0
15690,15689955,Nnanna,624,Spain,Male,41.0,4,0.0,1,1.0,1.0,177065.24,1
15691,15797748,Pagnotto,656,Germany,Male,36.0,9,109130.96,1,1.0,0.0,158887.09,1
15692,15792649,Uchenna,678,Germany,Female,42.0,5,126873.52,1,0.0,0.0,169781.45,1
15693,15790093,Onochie,633,France,Male,29.0,7,0.0,1,1.0,0.0,130224.73,0
15694,15806964,Oluchukwu,627,France,Female,36.0,5,0.0,2,1.0,1.0,138350.19,0
15695,15762682,Cartwright,678,France,Female,41.0,6,0.0,2,0.0,1.0,94738.54,0
15696,15572706,Smith,689,France,Male,47.0,5,94443.77,1,1.0,0.0,6129.61,0
15697,15779586,Y?an,705,Germany,Male,34.0,3,176024.05,1,1.0,0.0,134901.54,0
15698,15702430,K'ung,656,Germany,Male,40.0,4,133658.24,1,0.0,1.0,116547.76,0
15699,15663932,Iweobiegbunam,705,France,Female,45.0,8,123971.32,1,1.0,1.0,161437.51,0
15700,15671550,Liao,539,France,Male,25.0,3,0.0,2,0.0,1.0,170132.64,0
15701,15777586,Hunter,703,France,Female,42.0,3,63488.7,1,1.0,0.0,64375.4,1
15702,15710553,Zikoranachidimma,762,France,Female,42.0,2,0.0,2,0.0,1.0,9087.81,0
15703,15679075,K?,725,France,Male,36.0,2,0.0,2,1.0,1.0,180598.66,0
15704,15798028,Kao,678,France,Male,38.0,10,0.0,2,1.0,0.0,52337.73,0
15705,15587591,Ch'iu,635,France,Female,38.0,8,120825.64,1,1.0,0.0,86614.29,0
15706,15691627,O'Meara,683,Germany,Male,40.0,4,121525.59,2,1.0,1.0,91561.96,0
15707,15748381,Yeh,667,Spain,Female,43.0,1,124773.95,1,1.0,0.0,178123.95,1
15708,15705521,Lai,684,Germany,Female,34.0,9,122453.37,2,0.0,1.0,138882.98,0
15709,15685826,Hsiung,523,Spain,Male,29.0,8,93722.73,2,0.0,1.0,122268.75,0
15710,15637354,Tsou,627,France,Male,28.0,4,120770.63,1,1.0,1.0,51871.25,0
15711,15774847,Mazzanti,711,Germany,Female,38.0,8,127216.31,1,1.0,1.0,171345.02,0
15712,15656937,Nwachukwu,643,France,Female,47.0,6,0.0,1,1.0,0.0,64375.4,1
15713,15657321,Lucchese,567,Spain,Male,30.0,5,0.0,2,0.0,1.0,132973.65,0
15714,15684196,Hsia,731,France,Male,28.0,3,121545.96,1,1.0,1.0,164844.37,0
15715,15590828,Teng,634,Germany,Male,40.0,6,145988.65,1,0.0,0.0,64350.8,0
15716,15733303,Liao,571,France,Male,35.0,2,0.0,1,1.0,1.0,91340.02,0
15717,15778861,Chukwufumnanya,686,Germany,Male,46.0,7,141581.08,1,1.0,0.0,59553.34,1
15718,15691625,Yudina,735,Germany,Male,58.0,4,137326.45,1,1.0,1.0,40250.82,0
15719,15787189,Tai,824,Germany,Male,60.0,0,134250.17,1,0.0,0.0,153046.16,1
15720,15724145,Davidson,707,France,Male,29.0,1,0.0,2,1.0,1.0,132943.88,0
15721,15750447,Sagese,588,France,Female,34.0,0,0.0,2,1.0,1.0,77469.38,0
15722,15695846,Uwaezuoke,762,Germany,Male,29.0,5,95507.12,1,0.0,0.0,188193.25,0
15723,15760216,Hsiung,586,France,Male,28.0,2,122570.87,2,1.0,0.0,136540.09,0
15724,15813132,Chukwukadibia,619,Spain,Male,41.0,5,0.0,2,1.0,0.0,193716.56,0
15725,15641359,Chibugo,662,France,Female,32.0,6,137852.96,1,1.0,1.0,96832.82,0
15726,15589949,Maclean,694,Spain,Male,34.0,8,0.0,2,0.0,0.0,19687.99,0
15727,15801188,K'ung,576,Germany,Female,55.0,4,169742.8,1,1.0,1.0,139435.96,1
15728,15703563,P'eng,439,France,Male,27.0,6,93017.47,2,1.0,1.0,191608.97,0
15729,15570194,Pinto,639,Spain,Female,38.0,6,0.0,2,1.0,0.0,151843.19,0
15730,15647965,Nkemakolam,586,France,Male,40.0,1,0.0,1,1.0,0.0,116971.05,1
15731,15717156,Sokolov,580,Germany,Male,30.0,3,143391.07,1,1.0,1.0,898.51,0
15732,15578825,Kornilova,663,Germany,Male,33.0,9,123345.85,2,1.0,0.0,57320.92,1
15733,15766066,Ch'in,741,Germany,Female,27.0,6,103522.75,2,1.0,1.0,131736.23,0
15734,15637829,Sharpe,667,France,Female,34.0,7,0.0,2,0.0,1.0,161559.12,0
15735,15790750,Calabrese,742,Spain,Female,27.0,5,0.0,2,0.0,0.0,93849.64,0
15736,15659567,Ch'iu,629,France,Female,37.0,2,117103.26,2,1.0,1.0,85937.52,0
15737,15789546,Ku,539,Germany,Female,39.0,8,131519.49,2,1.0,1.0,164966.27,1
15738,15648367,Lo,600,Germany,Female,29.0,6,74430.1,2,1.0,0.0,96051.1,0
15739,15730076,Bischof,683,France,Female,44.0,3,117094.02,3,0.0,1.0,116958.51,1
15740,15760851,Gratton,629,France,Male,31.0,1,0.0,2,0.0,0.0,93881.75,0
15741,15738018,Li Fonti,677,France,Female,38.0,6,124976.19,1,1.0,0.0,56323.21,0
15742,15594762,Maclean,597,France,Male,42.0,9,0.0,2,1.0,1.0,62347.71,0
15743,15584532,Hs?,576,Spain,Male,46.0,0,153373.33,1,1.0,1.0,166516.86,0
15744,15641359,Hsing,826,France,Male,37.0,8,0.0,2,1.0,1.0,119644.29,0
15745,15666884,Tseng,699,France,Male,30.0,5,0.0,2,1.0,0.0,130836.97,0
15746,15684696,Lei,452,Germany,Male,26.0,9,116576.45,1,0.0,0.0,157567.37,1
15747,15676937,Manna,569,Spain,Male,39.0,1,120867.18,2,1.0,0.0,139048.0,0
15748,15786589,P'an,635,Germany,Male,34.0,1,81811.71,2,0.0,1.0,148848.22,0
15749,15771573,Calabrese,683,France,Male,38.0,4,0.0,2,0.0,1.0,66799.77,0
15750,15804052,Ebelechukwu,814,France,Male,24.0,8,0.0,1,1.0,0.0,164925.11,0
15751,15737169,Hsueh,553,France,Female,26.0,3,0.0,2,1.0,0.0,103099.02,0
15752,15601383,Ibrahimova,775,Spain,Male,44.0,5,120654.68,1,1.0,0.0,82290.81,0
15753,15576745,Fyodorov,769,France,Male,48.0,2,96542.16,2,0.0,1.0,197885.72,1
15754,15617982,Onyemere,850,Germany,Female,45.0,4,152041.48,1,0.0,1.0,179978.76,0
15755,15593795,H?,545,Spain,Male,35.0,0,0.0,1,1.0,1.0,56787.8,0
15756,15675141,Chukwukadibia,641,France,Male,34.0,1,0.0,1,1.0,1.0,189414.74,0
15757,15661936,Chikelu,714,France,Male,32.0,1,141005.47,1,1.0,1.0,105028.46,0
15758,15733119,Fyodorov,715,France,Male,27.0,7,0.0,2,0.0,1.0,94790.34,0
15759,15589589,Fokina,659,France,Female,19.0,6,106314.27,1,0.0,1.0,100566.02,0
15760,15577751,Toscani,679,Germany,Female,41.0,1,129855.32,1,1.0,0.0,142839.82,0
15761,15808760,Long,836,Germany,Female,45.0,1,98592.88,2,1.0,1.0,96734.15,0
15762,15726490,Lucchese,637,Spain,Female,42.0,3,0.0,1,1.0,0.0,83022.79,1
15763,15756820,Clements,709,France,Female,34.0,7,209490.21,1,1.0,1.0,133267.69,0
15764,15705009,Chukwuemeka,648,France,Male,35.0,2,124620.01,1,1.0,1.0,78670.52,0
15765,15713819,Ijendu,667,Germany,Female,29.0,8,135540.67,1,1.0,1.0,181430.91,0
15766,15759717,Teng,642,France,Male,34.0,3,0.0,2,0.0,0.0,108469.2,0
15767,15727421,McWilliams,690,France,Female,28.0,3,0.0,2,1.0,0.0,37935.83,0
15768,15777922,Hill,609,Spain,Female,42.0,5,0.0,2,1.0,1.0,181430.91,0
15769,15585901,Lai,724,Spain,Female,35.0,2,0.0,1,0.0,0.0,114796.63,0
15770,15790455,Obialo,478,France,Female,46.0,2,0.0,1,1.0,1.0,93332.64,1
15771,15596713,Nkemakolam,605,France,Male,35.0,2,0.0,1,1.0,1.0,120853.83,0
15772,15681757,Y?an,656,Germany,Female,33.0,0,119654.03,2,1.0,0.0,105533.56,0
15773,15706170,Trevisan,625,Germany,Female,41.0,3,125829.39,1,1.0,0.0,175021.73,1
15774,15644296,Ch'iu,771,Germany,Female,27.0,4,93844.79,2,1.0,1.0,71071.47,0
15775,15776987,Hsu,671,Germany,Female,37.0,1,118392.75,1,1.0,1.0,129934.96,0
15776,15625761,Palmer,609,Spain,Male,32.0,3,128808.65,1,0.0,1.0,113677.53,0
15777,15760456,Chidubem,769,France,Male,22.0,5,109508.68,1,1.0,1.0,169669.33,0
15778,15663942,Hsiung,775,France,Female,38.0,4,0.0,2,0.0,0.0,93716.38,0
15779,15676958,Zito,765,Germany,Female,34.0,2,86055.17,2,1.0,1.0,104220.5,0
15780,15615991,Ozoemena,578,Germany,Male,31.0,8,77846.9,1,1.0,0.0,122022.89,0
15781,15784491,Chuang,681,France,Male,34.0,3,141136.57,1,1.0,1.0,161257.83,0
15782,15677907,Milani,656,France,Male,30.0,1,0.0,2,0.0,1.0,179883.44,0
15783,15749671,T'ao,613,France,Female,39.0,8,0.0,2,0.0,0.0,171045.35,0
15784,15570004,Tsou,587,France,Male,31.0,3,0.0,1,0.0,0.0,121866.87,1
15785,15679966,Onyekachukwu,678,Spain,Female,32.0,1,0.0,2,0.0,0.0,102297.15,0
15786,15642336,Shaw,725,Spain,Male,36.0,9,0.0,1,1.0,0.0,135630.32,0
15787,15746802,Uspenskaya,695,Spain,Male,37.0,2,0.0,2,1.0,0.0,16081.62,0
15788,15786034,Okwudilichukwu,597,France,Female,34.0,9,0.0,1,1.0,0.0,90821.12,0
15789,15704769,Pagnotto,535,France,Male,36.0,10,77846.9,1,0.0,0.0,117038.96,0
15790,15595071,Yevseyev,549,France,Female,41.0,7,0.0,1,1.0,0.0,125920.54,1
15791,15687540,Toscani,659,France,Female,41.0,3,0.0,2,1.0,1.0,78650.95,0
15792,15662337,Liao,543,France,Female,46.0,4,141136.62,1,1.0,1.0,143317.43,1
15793,15702566,P'eng,729,France,Female,46.0,5,0.0,1,1.0,0.0,152880.17,1
15794,15684925,Vicars,850,France,Female,38.0,3,0.0,2,0.0,0.0,2465.8,0
15795,15752508,Aikenhead,683,Spain,Female,32.0,3,121094.65,1,0.0,1.0,147527.57,0
15796,15651802,Hsing,615,France,Female,44.0,1,0.0,1,1.0,0.0,53317.28,1
15797,15752342,Bevan,538,France,Female,32.0,2,0.0,2,1.0,0.0,147545.65,0
15798,15753094,K'ung,594,Spain,Male,36.0,8,143571.79,1,1.0,1.0,151647.33,0
15799,15686835,Y?,746,France,Male,43.0,8,0.0,2,1.0,0.0,127825.25,0
15800,15793841,Tsao,809,France,Male,35.0,4,160599.06,2,1.0,1.0,140168.36,0
15801,15773804,Ts'ai,588,France,Female,35.0,3,0.0,1,1.0,1.0,85470.45,0
15802,15580719,Davis,697,France,Male,45.0,3,0.0,1,1.0,1.0,79734.23,0
15803,15642636,Harker,682,Spain,Male,34.0,3,0.0,2,1.0,0.0,181204.5,0
15804,15706770,Yeh,599,France,Female,47.0,2,174852.19,1,1.0,0.0,166425.01,1
15805,15691543,Iheatu,535,Spain,Male,30.0,6,0.0,2,1.0,0.0,88890.75,0
15806,15612187,Oguejiofor,576,Spain,Male,33.0,8,0.0,2,1.0,0.0,58170.24,0
15807,15598884,Chiedozie,662,Germany,Male,52.0,7,108867.18,2,1.0,1.0,175750.21,0
15808,15681697,Lucciano,627,Spain,Male,38.0,4,0.0,2,1.0,1.0,102260.16,0
15809,15636673,Onwuatuegwu,707,Spain,Male,31.0,2,119266.69,1,1.0,0.0,28257.63,0
15810,15622985,Palermo,674,France,Female,37.0,3,105473.74,1,0.0,1.0,57865.89,0
15811,15643361,Ch'iu,577,Germany,Female,38.0,2,134950.19,1,1.0,0.0,143882.25,1
15812,15711249,Chukwuemeka,544,Spain,Female,22.0,4,0.0,2,0.0,0.0,70007.67,0
15813,15576156,Shih,639,Spain,Male,42.0,6,0.0,2,1.0,0.0,120852.84,0
15814,15709135,Chidiebere,662,Spain,Female,40.0,8,104982.57,1,0.0,1.0,100637.07,0
15815,15576044,Tuan,809,Spain,Female,33.0,5,112808.18,1,0.0,1.0,141426.78,0
15816,15726250,Onwudiwe,743,France,Male,39.0,2,0.0,2,1.0,1.0,56784.11,0
15817,15681656,Chukwualuka,812,Spain,Male,26.0,3,0.0,2,0.0,0.0,131300.72,0
15818,15726267,Paterson,570,France,Male,32.0,9,117337.54,2,1.0,1.0,62810.91,0
15819,15694442,K?,571,France,Male,35.0,4,0.0,2,1.0,1.0,129964.15,0
15820,15654489,Fancher,521,France,Female,33.0,2,0.0,1,1.0,0.0,48571.5,1
15821,15607786,Turnbull,549,France,Female,71.0,2,0.0,2,0.0,1.0,49506.82,0
15822,15732660,Black,769,France,Female,41.0,3,0.0,1,1.0,1.0,57876.05,0
15823,15590167,Macleod,634,Spain,Female,33.0,2,0.0,2,1.0,1.0,62989.59,0
15824,15641694,Chiemenam,581,Germany,Female,30.0,7,142704.65,2,1.0,0.0,146033.08,0
15825,15775335,Ni,762,Germany,Male,47.0,0,137854.51,1,0.0,0.0,67539.25,1
15826,15658158,K'ung,619,France,Female,38.0,1,157777.58,1,0.0,0.0,128521.17,0
15827,15694644,Wood,569,Spain,Female,49.0,4,0.0,2,1.0,0.0,81250.79,0
15828,15662758,Chibugo,671,Germany,Female,53.0,8,109330.06,2,1.0,0.0,103570.8,1
15829,15605827,Hsiung,634,Germany,Male,57.0,6,130700.92,2,1.0,0.0,131093.99,1
15830,15647898,Chukwuemeka,694,France,Male,43.0,4,107563.31,1,1.0,1.0,157036.99,1
15831,15600710,Lombardo,687,France,Male,46.0,7,102630.86,1,1.0,0.0,64907.6,1
15832,15672930,Nwabugwu,466,France,Male,28.0,7,0.0,2,1.0,0.0,1408.68,0
15833,15713578,O'Toole,619,France,Female,23.0,1,0.0,2,0.0,1.0,72929.96,0
15834,15704581,Buchi,584,France,Male,38.0,1,0.0,2,0.0,0.0,97973.58,0
15835,15772601,Ku,845,France,Female,41.0,2,81733.74,2,0.0,0.0,199761.29,1
15836,15643024,Ch'ien,453,Germany,Male,33.0,4,131834.76,1,1.0,0.0,8949.2,0
15837,15759387,McIntyre,598,Germany,Male,38.0,1,101487.18,1,1.0,1.0,75959.1,0
15838,15655335,Okechukwu,567,France,Male,40.0,3,0.0,2,1.0,0.0,121151.1,0
15839,15789924,Hussain,659,France,Male,35.0,4,0.0,1,1.0,0.0,28707.69,0
15840,15798084,Linger,648,France,Female,35.0,5,0.0,2,1.0,0.0,131644.41,0
15841,15709252,Chu,543,Spain,Female,34.0,8,0.0,2,0.0,1.0,83052.03,0
15842,15663773,Kao,695,France,Male,30.0,3,0.0,2,1.0,0.0,95760.03,0
15843,15768124,Liu,637,France,Female,34.0,6,0.0,1,0.0,0.0,54726.43,0
15844,15605293,Ku,549,France,Male,33.0,4,0.0,1,0.0,0.0,62403.02,1
15845,15671610,Onyemauchechukwu,724,Germany,Male,33.0,2,135984.16,2,1.0,1.0,90877.76,0
15846,15762228,Barrera,673,Germany,Male,37.0,4,130575.26,1,1.0,1.0,187599.8,0
15847,15761554,Ts'ai,609,France,Male,34.0,7,0.0,1,1.0,0.0,162960.05,0
15848,15801924,Browne,754,Spain,Male,27.0,8,0.0,2,0.0,0.0,121821.16,0
15849,15630108,Ch'in,646,France,Female,60.0,5,124493.06,1,1.0,1.0,49594.02,1
15850,15693737,T'ang,652,Germany,Male,40.0,1,132730.17,1,1.0,0.0,81861.1,0
15851,15737489,Mancini,593,Germany,Male,47.0,5,106116.66,2,1.0,1.0,62746.32,0
15852,15690695,H?,715,France,Male,33.0,9,0.0,1,1.0,1.0,86410.48,1
15853,15740066,Ch'in,662,Spain,Male,60.0,4,0.0,2,1.0,1.0,170138.45,0
15854,15640133,Biryukov,716,France,Female,34.0,10,0.0,2,1.0,1.0,131703.73,0
15855,15748595,Rose,628,France,Male,31.0,9,155978.17,1,0.0,1.0,72350.17,0
15856,15793881,Chikezie,579,Germany,Female,30.0,9,123049.21,2,1.0,0.0,81482.5,0
15857,15740264,Yobachi,640,France,Male,38.0,9,0.0,1,1.0,1.0,88827.67,1
15858,15592387,Burke,566,France,Male,30.0,5,0.0,1,0.0,1.0,54926.51,0
15859,15589312,Pirozzi,606,France,Male,32.0,4,83161.65,1,1.0,1.0,116885.59,0
15860,15763065,Houghton,762,Germany,Male,60.0,3,118716.59,1,1.0,0.0,174770.14,1
15861,15592994,Onyemauchechukwu,494,Germany,Male,36.0,8,108882.69,2,1.0,0.0,184976.55,0
15862,15790683,Zetticci,568,France,Male,44.0,4,62732.65,1,1.0,0.0,175893.39,0
15863,15784736,Jamieson,562,France,Male,45.0,7,136855.24,1,0.0,0.0,46864.0,0
15864,15636626,Smith,718,France,Female,35.0,3,97560.16,2,1.0,1.0,53511.74,0
15865,15572356,Clancy,701,Spain,Male,21.0,4,0.0,2,1.0,0.0,26327.42,0
15866,15677053,Onwumelu,573,France,Female,36.0,9,0.0,2,0.0,1.0,116977.6,0
15867,15643042,Palerma,588,Spain,Male,36.0,4,0.0,2,1.0,1.0,183494.87,0
15868,15793322,Ch'en,735,Germany,Female,29.0,4,135290.36,2,1.0,1.0,155796.64,0
15869,15794549,T'ang,637,France,Male,58.0,4,0.0,2,1.0,0.0,176407.15,0
15870,15733169,Li Fonti,716,Germany,Male,34.0,1,128793.63,1,1.0,0.0,173837.09,0
15871,15651075,Chiang,506,France,Female,38.0,2,58469.75,2,1.0,0.0,137510.38,0
15872,15777830,Hutchinson,545,France,Female,42.0,4,0.0,2,0.0,0.0,167682.37,0
15873,15705620,Walker,709,Germany,Male,56.0,3,121581.56,2,0.0,1.0,132498.39,0
15874,15664539,Bruce,679,France,Male,35.0,9,61172.04,1,0.0,0.0,82951.12,0
15875,15791321,Uspensky,724,Spain,Male,35.0,4,130170.82,2,1.0,1.0,54947.51,0
15876,15781598,Onwuamaeze,778,Germany,Female,31.0,6,123372.3,2,1.0,0.0,69227.42,0
15877,15796218,Ku,585,Spain,Female,34.0,1,90560.3,1,0.0,1.0,28750.67,0
15878,15764444,Onyemere,709,France,Male,41.0,3,151027.57,1,0.0,0.0,62722.52,0
15879,15761374,Bellucci,673,France,Male,54.0,9,117444.51,1,1.0,1.0,186238.85,0
15880,15801920,Christian,712,Germany,Male,37.0,5,80615.46,2,0.0,0.0,180962.32,0
15881,15783591,Ting,714,France,Male,36.0,7,0.0,2,1.0,1.0,142331.85,0
15882,15665524,Iloerika,714,Spain,Male,33.0,1,129855.32,1,1.0,0.0,186655.11,0
15883,15609356,Hs?,687,France,Male,29.0,9,108908.73,1,1.0,1.0,59559.81,0
15884,15589224,Ts'ai,716,France,Male,37.0,0,0.0,2,1.0,0.0,64448.36,0
15885,15700300,White,598,Germany,Female,37.0,3,151858.98,2,0.0,0.0,119368.99,0
15886,15743192,Mazzanti,516,Spain,Female,32.0,1,0.0,1,1.0,1.0,92825.02,0
15887,15596671,Chinedum,712,Germany,Male,37.0,6,141952.07,2,1.0,0.0,172668.39,0
15888,15571417,Shand,529,France,Female,36.0,9,126428.56,1,1.0,0.0,56562.44,1
15889,15773520,Begg,672,France,Female,39.0,4,92599.55,1,1.0,1.0,167336.78,0
15890,15722993,McGregor,546,France,Male,27.0,5,145105.64,2,1.0,0.0,145489.76,0
15891,15617507,Wilson,662,Spain,Male,35.0,7,0.0,1,1.0,1.0,80698.54,0
15892,15792988,Chiang,662,Germany,Female,48.0,5,125822.21,1,1.0,0.0,165574.54,1
15893,15709295,Brown,567,Germany,Female,43.0,5,121952.75,2,1.0,1.0,167553.06,0
15894,15676094,Horsley,642,Germany,Male,35.0,3,157974.21,2,1.0,0.0,133871.83,0
15895,15758775,Nwoye,564,Spain,Male,40.0,5,0.0,1,1.0,1.0,91346.03,0
15896,15673439,Maughan,647,Germany,Male,23.0,2,114514.71,2,1.0,0.0,152567.75,0
15897,15581550,T'ien,569,France,Male,35.0,3,0.0,2,1.0,0.0,184564.24,0
15898,15709459,Cocci,698,France,Male,32.0,5,0.0,1,1.0,1.0,173576.71,0
15899,15742778,Zetticci,545,France,Female,43.0,8,0.0,2,1.0,0.0,187800.61,0
15900,15638068,Kao,585,France,Male,38.0,2,0.0,1,1.0,1.0,131718.12,0
15901,15649853,Craig,625,France,Female,45.0,3,0.0,2,1.0,1.0,184474.15,0
15902,15662291,Williams,744,France,Male,47.0,8,116060.08,1,1.0,0.0,157822.54,1
15903,15811773,Dickson,756,Spain,Male,36.0,3,0.0,2,1.0,1.0,166786.96,0
15904,15655436,Ritchie,678,Germany,Female,61.0,8,104920.51,1,0.0,1.0,146615.08,0
15905,15756918,Obiajulu,523,Spain,Female,42.0,1,0.0,1,0.0,0.0,71173.64,1
15906,15658935,Hsieh,716,France,Female,47.0,6,0.0,2,1.0,1.0,105599.82,0
15907,15605375,Tseng,651,France,Male,35.0,2,86911.8,1,1.0,1.0,174094.24,0
15908,15633870,Ozioma,850,France,Male,34.0,9,0.0,2,1.0,0.0,100750.03,0
15909,15586069,Teng,674,France,Female,35.0,5,0.0,2,1.0,0.0,143628.31,0
15910,15738291,Maccallum,723,Germany,Male,29.0,7,79563.31,3,1.0,0.0,168034.89,1
15911,15769974,Shih,679,Spain,Female,35.0,8,119182.73,1,1.0,0.0,121210.09,0
15912,15777893,Onyemauchechi,733,Germany,Female,49.0,7,113599.55,1,1.0,1.0,142331.56,1
15913,15696834,Folliero,678,France,Female,30.0,6,0.0,2,1.0,0.0,141872.05,0
15914,15809462,Lu,746,Germany,Male,37.0,6,152882.61,1,1.0,0.0,113481.02,0
15915,15633883,Ward,710,France,Male,28.0,6,0.0,2,0.0,0.0,58595.64,0
15916,15605827,Pugh,582,France,Male,25.0,4,0.0,2,0.0,0.0,83611.45,0
15917,15752404,Tuan,611,France,Male,36.0,5,0.0,2,1.0,1.0,115022.02,0
15918,15681081,Chinagorom,697,Germany,Female,35.0,6,112330.83,1,1.0,1.0,73551.44,0
15919,15761168,Manna,769,Germany,Female,38.0,4,109786.82,1,1.0,0.0,139712.81,0
15920,15759690,Smith,751,France,Male,42.0,4,0.0,2,1.0,0.0,81442.6,0
15921,15738291,Lai,597,France,Male,30.0,2,0.0,1,0.0,0.0,130224.73,1
15922,15574071,Ch'ien,632,Germany,Female,45.0,1,107961.11,1,0.0,0.0,139297.71,1
15923,15627665,Pye,627,France,Female,30.0,5,0.0,2,0.0,1.0,183872.88,0
15924,15796969,Onyekachi,696,Spain,Female,33.0,7,0.0,2,0.0,1.0,151416.85,0
15925,15779738,Buccho,748,France,Male,38.0,1,0.0,1,1.0,1.0,169653.32,0
15926,15622003,Carslaw,745,France,Male,35.0,9,0.0,1,1.0,0.0,161519.77,1
15927,15676966,Shih,637,France,Male,45.0,1,144258.52,1,1.0,1.0,76637.38,1
15928,15676812,Udegbunam,693,France,Female,41.0,3,0.0,2,1.0,1.0,113481.01,0
15929,15752983,Shih,693,France,Male,39.0,2,0.0,2,1.0,0.0,157557.25,0
15930,15716347,Maclean,850,France,Male,48.0,4,127160.04,2,1.0,0.0,94811.77,0
15931,15603481,Hunter,706,France,Female,29.0,4,0.0,1,0.0,0.0,12440.44,0
15932,15615797,Hsing,583,Spain,Male,41.0,2,166031.45,1,1.0,1.0,87824.53,0
15933,15597951,Kao,714,Spain,Female,34.0,1,0.0,1,0.0,1.0,134719.5,0
15934,15708422,Hsiung,677,Spain,Female,61.0,0,0.0,2,0.0,1.0,76637.38,0
15935,15704588,Trevisani,739,Germany,Male,37.0,6,145018.93,2,1.0,1.0,116957.09,0
15936,15730796,Walker,687,Spain,Male,38.0,3,140549.24,1,1.0,0.0,142599.28,0
15937,15709441,Furneaux,636,Spain,Male,46.0,1,117524.72,1,1.0,0.0,111573.3,1
15938,15676835,Anayolisa,710,Spain,Male,33.0,0,0.0,1,1.0,1.0,168313.17,0
15939,15682421,Ts'ai,705,France,Male,39.0,5,0.0,1,0.0,1.0,86422.36,0
15940,15760988,Liu,683,Germany,Male,33.0,9,124573.33,1,0.0,0.0,683.37,1
15941,15576526,Nnachetam,662,Spain,Female,38.0,3,0.0,1,1.0,0.0,82662.73,0
15942,15712608,Onyekachukwu,706,Spain,Female,48.0,5,0.0,1,1.0,0.0,199304.74,0
15943,15592394,Fomin,711,France,Female,43.0,2,0.0,1,1.0,1.0,186612.04,0
15944,15661821,Nwachinemelu,656,France,Female,30.0,7,0.0,2,1.0,1.0,187925.6,0
15945,15754820,Hsia,521,France,Male,29.0,5,121854.45,2,1.0,1.0,76621.49,0
15946,15783819,Hsiung,706,France,Male,27.0,1,0.0,2,1.0,0.0,120511.11,0
15947,15566380,Drury,584,Spain,Female,41.0,10,66948.67,2,1.0,1.0,140759.03,0
15948,15773520,Lai,644,France,Male,34.0,8,0.0,1,1.0,1.0,153786.28,0
15949,15807340,H?,622,Spain,Male,33.0,4,0.0,2,0.0,1.0,58761.33,0
15950,15715709,Shih,654,Germany,Male,43.0,4,114091.38,1,0.0,0.0,159165.7,0
15951,15612043,Meng,739,France,Female,32.0,1,0.0,2,0.0,1.0,6847.73,0
15952,15793331,P'eng,683,France,Male,38.0,9,0.0,2,1.0,1.0,67949.35,0
15953,15744913,Chizoba,788,Spain,Male,41.0,1,0.0,1,0.0,1.0,16149.13,0
15954,15779985,Ting,813,Spain,Female,47.0,1,0.0,2,1.0,1.0,162858.29,0
15955,15799494,Burt,682,France,Female,35.0,10,0.0,2,1.0,0.0,125870.5,0
15956,15585853,De Luca,726,Spain,Male,39.0,7,0.0,2,0.0,0.0,86414.41,0
15957,15682523,Ugochukwu,749,Germany,Female,40.0,2,81574.89,1,1.0,1.0,169653.32,0
15958,15748123,L?,645,Germany,Female,50.0,5,132623.9,2,0.0,1.0,115525.31,0
15959,15674583,K?,678,Spain,Female,54.0,5,0.0,1,1.0,1.0,96881.68,1
15960,15702462,Benson,558,Germany,Male,36.0,6,190409.34,1,1.0,1.0,57549.65,0
15961,15727490,Scott,569,Spain,Male,32.0,4,120243.49,1,1.0,1.0,74854.97,0
15962,15784320,Byrne,574,Spain,Female,34.0,9,86459.8,1,1.0,1.0,141476.56,0
15963,15761733,Hsia,686,France,Male,24.0,7,0.0,2,1.0,0.0,142210.5,0
15964,15607176,Kang,674,France,Male,36.0,3,0.0,1,1.0,0.0,175893.53,1
15965,15617705,Zito,576,France,Male,35.0,8,139830.23,1,0.0,0.0,143681.72,0
15966,15793883,Hs?,629,Spain,Male,36.0,3,0.0,2,0.0,1.0,141501.45,0
15967,15742538,Kolesnikova,613,Germany,Male,36.0,7,140700.61,2,1.0,0.0,187946.36,0
15968,15798868,Tretyakova,545,France,Female,29.0,9,0.0,2,1.0,0.0,26684.83,0
15969,15622182,Yegorova,658,France,Female,44.0,1,0.0,1,1.0,0.0,116969.09,1
15970,15691792,Nwabugwu,683,France,Male,36.0,8,0.0,1,0.0,1.0,136521.82,0
15971,15709135,Chukwubuikem,716,France,Male,34.0,7,106518.99,2,1.0,0.0,145537.43,0
15972,15664907,Chimaoke,787,Spain,Male,47.0,1,0.0,2,1.0,0.0,20955.03,0
15973,15601263,K?,744,France,Male,33.0,7,0.0,2,1.0,0.0,85890.9,0
15974,15773322,Hao,662,France,Male,31.0,2,0.0,2,1.0,0.0,153392.28,0
15975,15607098,Nnonso,581,Spain,Female,32.0,7,0.0,1,1.0,1.0,155853.51,1
15976,15592078,Y?,581,France,Female,34.0,8,0.0,2,0.0,1.0,157895.34,0
15977,15666095,Ch'iu,709,Germany,Male,32.0,5,123969.12,2,1.0,0.0,172363.66,0
15978,15793825,Hsia,559,France,Female,45.0,6,0.0,2,1.0,0.0,102640.49,0
15979,15711398,Fetherstonhaugh,525,France,Male,25.0,6,89182.09,1,1.0,0.0,89566.64,0
15980,15658531,Maclean,577,France,Female,55.0,3,0.0,3,1.0,0.0,28415.36,1
15981,15591607,K'ung,674,France,Female,45.0,1,0.0,2,1.0,0.0,91574.92,0
15982,15645248,Jideofor,655,France,Female,42.0,10,0.0,2,1.0,0.0,167778.62,0
15983,15593750,Efimov,583,France,Male,40.0,2,0.0,2,1.0,1.0,69381.05,0
15984,15782591,Hsiao,559,Spain,Female,46.0,7,0.0,1,1.0,0.0,55601.44,1
15985,15728829,Weigel,785,France,Male,18.0,7,102983.91,1,1.0,1.0,171770.58,0
15986,15709928,Onyemachukwu,743,Germany,Female,35.0,6,99818.12,1,1.0,1.0,106761.9,0
15987,15577078,Hsiung,842,Spain,Male,32.0,4,0.0,2,0.0,1.0,75632.64,0
15988,15679622,Genovesi,492,Spain,Female,23.0,3,0.0,2,0.0,1.0,161559.12,0
15989,15569266,Winifred,690,France,Female,45.0,6,153548.12,1,0.0,0.0,35300.08,0
15990,15683471,Trevisani,670,France,Male,34.0,10,121461.87,2,1.0,0.0,91312.76,0
15991,15794560,Aitken,712,Germany,Male,20.0,9,115371.94,2,1.0,0.0,97468.44,0
15992,15604818,Manners,766,France,Female,29.0,10,0.0,2,1.0,1.0,60552.44,0
15993,15746695,Gebhart,611,Germany,Female,35.0,7,121457.13,2,0.0,1.0,86619.43,0
15994,15775490,Downie,670,France,Female,38.0,5,0.0,2,1.0,0.0,195906.59,0
15995,15810942,Chiemela,445,Germany,Female,61.0,2,137655.31,1,0.0,0.0,29909.84,1
15996,15592389,Walker,576,France,Male,39.0,1,0.0,2,1.0,1.0,68814.23,0
15997,15679030,Chibueze,498,Spain,Male,57.0,9,121145.09,1,0.0,0.0,154902.34,0
15998,15652626,Grave,826,Germany,Female,45.0,4,115285.85,1,1.0,0.0,140126.17,0
15999,15798890,Nwachukwu,727,France,Male,32.0,6,0.0,1,1.0,0.0,122547.73,0
16000,15807008,Tien,682,France,Male,41.0,3,111071.36,2,1.0,1.0,54453.72,0
16001,15806926,Watson,615,France,Female,29.0,2,97440.02,2,1.0,1.0,139816.1,0
16002,15656883,Skelton,636,France,Female,40.0,1,0.0,2,0.0,1.0,59951.81,1
16003,15798521,Huang,628,Spain,Male,39.0,3,153639.11,1,1.0,0.0,35701.06,1
16004,15741049,Y?an,717,Spain,Female,28.0,7,0.0,2,1.0,0.0,74800.99,0
16005,15790744,Chuang,636,Germany,Female,52.0,8,108825.75,1,1.0,1.0,163584.29,1
16006,15661249,Udegbunam,751,France,Male,25.0,1,0.0,1,1.0,1.0,1351.41,1
16007,15787699,Zaytseva,710,Spain,Male,38.0,0,0.0,2,1.0,0.0,138360.29,0
16008,15798532,Crawford,733,France,Male,32.0,3,0.0,2,0.0,1.0,78896.59,0
16009,15707968,Nwokezuike,646,France,Male,35.0,7,0.0,2,1.0,0.0,62647.71,0
16010,15659475,Onyekachukwu,683,France,Female,38.0,2,0.0,2,1.0,1.0,70954.48,0
16011,15638171,Milanesi,558,France,Male,33.0,1,0.0,2,0.0,0.0,149584.61,0
16012,15769917,Ritchie,786,Germany,Female,29.0,6,137275.36,1,1.0,1.0,132905.89,0
16013,15583718,Chibuzo,598,France,Male,66.0,8,0.0,1,1.0,1.0,131647.41,0
16014,15757932,Tung,696,France,Male,28.0,9,0.0,1,1.0,0.0,127542.09,0
16015,15578838,Okwudilichukwu,754,France,Female,48.0,7,0.0,2,1.0,1.0,132740.49,0
16016,15583392,Fiorentino,711,Spain,Male,46.0,8,0.0,1,1.0,1.0,167553.06,0
16017,15654531,P'eng,762,France,Female,31.0,6,0.0,1,1.0,1.0,130404.95,1
16018,15625759,Chiganu,633,France,Male,42.0,7,122277.87,2,1.0,0.0,87067.73,0
16019,15599084,Hopwood,469,France,Female,33.0,1,0.0,3,1.0,0.0,167058.75,0
16020,15709476,Nkemakolam,681,Spain,Male,23.0,6,0.0,2,1.0,1.0,71405.17,0
16021,15802869,Robson,662,France,Female,45.0,8,115409.6,2,1.0,1.0,1539.21,0
16022,15603082,Yashina,701,France,Male,51.0,9,0.0,3,0.0,0.0,61961.57,1
16023,15642063,Ch'iu,716,Germany,Male,33.0,6,122822.0,1,1.0,1.0,176713.47,0
16024,15618258,Ndubueze,662,Spain,Male,37.0,4,0.0,2,0.0,1.0,115068.99,0
16025,15653547,Clements,678,France,Male,47.0,1,0.0,1,1.0,0.0,60972.84,1
16026,15643625,Onyeoruru,616,France,Male,32.0,8,0.0,2,1.0,1.0,26229.74,0
16027,15572291,Efremova,584,Germany,Female,31.0,2,123870.07,2,1.0,1.0,184399.76,0
16028,15676521,Onwuka,717,France,Male,42.0,5,0.0,2,1.0,0.0,146787.38,0
16029,15761047,Naylor,663,France,Female,44.0,6,0.0,2,1.0,0.0,171037.94,0
16030,15714046,Trevisano,720,Spain,Male,33.0,7,123783.91,2,0.0,1.0,142903.44,0
16031,15676966,Mazzanti,721,Spain,Male,32.0,4,0.0,2,1.0,1.0,105570.39,0
16032,15660147,Piazza,648,Germany,Female,41.0,3,141786.78,4,1.0,0.0,93736.69,1
16033,15566894,Drury,586,France,Female,39.0,10,0.0,1,0.0,1.0,140759.03,0
16034,15685290,Wall,595,Germany,Male,35.0,7,142360.62,2,0.0,1.0,48421.4,0
16035,15643024,Onwuka,726,Spain,Female,37.0,7,101430.3,1,1.0,0.0,185566.74,0
16036,15581252,Ts'ui,583,Germany,Female,40.0,8,127609.59,1,1.0,0.0,138526.96,1
16037,15578297,Ebelegbulam,737,Germany,Female,47.0,1,91246.53,1,1.0,1.0,72924.56,0
16038,15588928,Milano,579,Germany,Female,31.0,1,129776.72,1,0.0,1.0,45610.63,0
16039,15642725,Madison,594,Spain,Male,50.0,7,74596.15,1,1.0,1.0,125782.29,0
16040,15661830,Johnstone,662,Germany,Male,31.0,5,132571.67,1,1.0,1.0,31686.33,0
16041,15804814,Steen,683,France,Male,37.0,5,115350.63,2,1.0,1.0,122305.91,0
16042,15629338,Collier,642,France,Male,68.0,8,0.0,2,1.0,0.0,141977.54,0
16043,15574765,Ts'ai,652,France,Male,35.0,3,0.0,2,1.0,0.0,176853.25,0
16044,15705059,Tien,727,France,Male,39.0,5,0.0,2,1.0,1.0,105817.88,0
16045,15808888,Smith,659,France,Male,37.0,8,0.0,2,0.0,1.0,182527.43,0
16046,15740264,Kao,602,Spain,Male,33.0,7,0.0,2,0.0,0.0,175843.53,0
16047,15701175,Udegbulam,582,Spain,Male,37.0,8,103835.33,1,1.0,1.0,137924.28,0
16048,15751775,Chukwudi,575,France,Female,43.0,9,144870.55,1,1.0,1.0,48571.1,0
16049,15589437,Tomlinson,756,France,Female,31.0,9,0.0,2,1.0,1.0,35673.42,0
16050,15750056,Yashina,559,France,Female,39.0,7,0.0,2,0.0,1.0,63982.8,0
16051,15682355,Milano,653,Germany,Female,48.0,3,122552.34,1,0.0,0.0,162719.69,1
16052,15697567,Dyer,699,Spain,Male,60.0,4,0.0,2,1.0,1.0,65720.92,0
16053,15782224,Ts'ui,590,Spain,Female,38.0,2,0.0,2,1.0,1.0,47414.29,0
16054,15730433,Nakayama,580,Germany,Female,38.0,1,128218.47,1,1.0,0.0,125953.83,0
16055,15628303,Hs?,644,France,Female,33.0,10,0.0,2,0.0,0.0,131283.6,0
16056,15748625,Hao,583,France,Male,25.0,3,0.0,2,0.0,0.0,140553.11,0
16057,15789909,Mazzanti,708,France,Female,59.0,8,0.0,1,1.0,0.0,109729.24,1
16058,15607546,Onyemauchechukwu,598,France,Male,41.0,8,0.0,1,1.0,1.0,103726.71,1
16059,15612444,Manfrin,679,France,Male,29.0,3,0.0,2,1.0,0.0,146090.38,0
16060,15679760,Chukwudi,556,Germany,Female,35.0,1,108947.43,1,1.0,0.0,160548.51,1
16061,15610165,Johnstone,755,France,Female,26.0,2,0.0,2,1.0,1.0,49815.62,0
16062,15643315,K'ung,679,Spain,Female,22.0,1,96951.6,1,1.0,0.0,132418.48,0
16063,15649744,McIntyre,645,Germany,Male,47.0,2,134936.97,1,1.0,0.0,58879.31,1
16064,15646969,Anayolisa,687,Spain,Male,28.0,2,0.0,2,1.0,1.0,176925.69,0
16065,15635141,Scott,705,Spain,Female,41.0,3,0.0,2,1.0,1.0,93920.35,0
16066,15682454,Maclean,648,France,Male,28.0,3,0.0,2,1.0,1.0,147523.02,0
16067,15691703,Cremonesi,682,Germany,Female,45.0,5,130747.1,3,1.0,0.0,138380.74,1
16068,15651335,Chidozie,549,Germany,Female,39.0,1,119496.75,1,0.0,0.0,79919.13,1
16069,15632841,Ruggiero,701,Spain,Female,41.0,3,0.0,1,1.0,0.0,119425.94,1
16070,15574119,Chu,641,Germany,Female,58.0,8,62979.93,1,1.0,1.0,152273.57,0
16071,15639217,Bischof,687,France,Male,42.0,4,0.0,2,1.0,0.0,24765.03,0
16072,15631839,Nwebube,763,Germany,Male,36.0,6,130170.82,1,0.0,1.0,151310.17,0
16073,15592761,Hargreaves,598,France,Female,43.0,8,0.0,2,1.0,1.0,132029.95,0
16074,15675141,Fraser,569,France,Female,35.0,9,93934.63,1,0.0,0.0,184748.23,0
16075,15687913,Macleod,584,France,Male,38.0,5,0.0,2,1.0,0.0,176964.25,0
16076,15808526,Cartwright,679,Spain,Female,47.0,3,0.0,2,0.0,1.0,92794.61,0
16077,15678944,Brown,623,France,Male,32.0,2,0.0,2,1.0,1.0,5353.12,1
16078,15660422,Chung,569,France,Male,43.0,9,0.0,2,1.0,1.0,78858.07,0
16079,15592412,Mazzanti,561,France,Male,35.0,8,0.0,2,0.0,1.0,123850.58,0
16080,15651823,Lucchesi,705,France,Male,39.0,1,0.0,2,1.0,1.0,70530.0,0
16081,15600813,Hsia,574,France,Female,41.0,3,0.0,2,0.0,1.0,121153.6,0
16082,15773639,Tung,649,France,Female,40.0,2,0.0,2,1.0,0.0,187636.06,0
16083,15694765,H?,635,France,Female,45.0,5,0.0,1,1.0,0.0,109563.28,1
16084,15639133,Bibi,684,Spain,Female,34.0,2,119755.0,1,1.0,0.0,140174.01,0
16085,15806318,Wright,676,Germany,Female,48.0,2,124442.38,1,1.0,1.0,15068.53,0
16086,15586824,Chigozie,752,France,Male,43.0,2,118627.36,1,1.0,1.0,177822.06,0
16087,15786546,Hs?,702,Spain,Female,49.0,2,0.0,2,1.0,0.0,49865.86,0
16088,15585256,Ratten,593,Germany,Male,49.0,2,91547.84,2,1.0,0.0,97767.34,1
16089,15652981,Scott,683,Germany,Male,30.0,2,119755.0,2,1.0,1.0,21852.91,0
16090,15581811,Chidozie,592,Spain,Male,33.0,4,157989.45,1,1.0,0.0,164446.15,0
16091,15776743,H?,709,France,Female,56.0,2,0.0,2,1.0,0.0,82462.25,1
16092,15572467,Chukwudi,578,France,Male,35.0,7,0.0,2,1.0,1.0,44215.86,0
16093,15726313,Napolitani,687,Spain,Male,50.0,6,0.0,1,1.0,0.0,110230.4,0
16094,15778861,H?,652,France,Male,39.0,4,0.0,1,1.0,0.0,52367.71,0
16095,15765432,Lai,588,France,Male,38.0,7,157274.36,2,1.0,1.0,28531.81,0
16096,15691703,Calabresi,708,Spain,Female,45.0,0,0.0,3,0.0,0.0,145796.49,1
16097,15658969,Gray,711,France,Male,35.0,7,0.0,2,1.0,0.0,38409.79,0
16098,15572706,Hsieh,590,Germany,Male,47.0,6,133845.88,1,0.0,0.0,169278.51,1
16099,15607598,Kao,535,Spain,Male,50.0,8,146780.52,1,1.0,1.0,123309.57,0
16100,15608873,Chu,456,Spain,Male,35.0,4,157099.28,1,1.0,1.0,152698.24,0
16101,15706799,Chin,551,France,Male,43.0,7,120108.56,1,1.0,0.0,66810.48,1
16102,15697095,Zetticci,705,Spain,Male,46.0,7,79927.36,1,0.0,0.0,117273.35,0
16103,15642833,Akubundu,608,France,Female,30.0,8,0.0,1,1.0,0.0,128875.86,1
16104,15641110,Fanucci,732,Germany,Female,35.0,2,84720.99,1,1.0,0.0,59129.72,1
16105,15803801,Jamieson,732,France,Female,40.0,9,0.0,2,0.0,0.0,198817.72,0
16106,15642530,Maclean,684,France,Female,38.0,5,0.0,2,1.0,0.0,151822.5,0
16107,15792180,Chiekwugo,576,Germany,Male,37.0,4,144954.75,2,1.0,1.0,102246.0,0
16108,15580579,Trevisani,490,France,Female,40.0,1,0.0,2,1.0,1.0,49594.19,0
16109,15603840,Bell,835,France,Male,25.0,3,0.0,2,1.0,0.0,136521.82,0
16110,15780954,Olisaemeka,699,France,Male,36.0,9,0.0,1,1.0,0.0,197226.32,0
16111,15624993,Teng,676,Germany,Female,37.0,4,93680.43,2,1.0,0.0,129826.89,0
16112,15699415,White,713,Spain,Female,33.0,2,0.0,2,1.0,1.0,187866.85,0
16113,15648898,Rozhkova,711,Germany,Male,36.0,4,148666.99,1,1.0,0.0,90977.48,1
16114,15710671,Gordon,786,France,Male,48.0,3,137361.96,1,0.0,0.0,183682.09,1
16115,15588859,Scott,730,France,Male,34.0,9,142678.07,1,0.0,1.0,87878.15,0
16116,15671512,Chin,651,Germany,Female,46.0,9,81636.44,1,1.0,0.0,142453.97,1
16117,15574558,Chukwuebuka,469,France,Male,25.0,6,0.0,2,1.0,0.0,111905.93,0
16118,15744689,Tsai,751,Spain,Male,37.0,9,99773.85,2,0.0,1.0,54869.54,0
16119,15661723,Ritchie,554,Germany,Male,36.0,3,136836.94,1,1.0,0.0,116471.29,0
16120,15582492,Moore,535,France,Female,38.0,1,0.0,1,1.0,0.0,185630.76,1
16121,15694143,Conti,561,France,Female,41.0,7,0.0,1,1.0,0.0,133086.45,0
16122,15713644,Marshall,576,France,Male,22.0,4,0.0,1,1.0,0.0,158974.45,0
16123,15763415,Y?,598,Spain,Female,40.0,4,129289.98,1,1.0,0.0,60936.01,0
16124,15696539,Hsueh,712,Spain,Female,47.0,8,93816.73,1,1.0,0.0,187905.12,1
16125,15684926,Hsia,663,France,Female,32.0,6,0.0,2,1.0,0.0,186826.71,0
16126,15594862,Yobachukwu,595,France,Male,35.0,7,0.0,2,1.0,1.0,80594.85,0
16127,15685019,Graham,528,France,Female,29.0,10,102787.42,1,1.0,0.0,55972.56,1
16128,15783629,T'ien,629,France,Male,38.0,8,0.0,2,1.0,1.0,112202.39,0
16129,15763980,Chinonyelum,581,Spain,Female,48.0,3,0.0,3,1.0,0.0,823.92,1
16130,15596455,Mao,546,Spain,Female,45.0,2,0.0,1,1.0,0.0,197789.83,1
16131,15732303,Butusov,628,France,Male,50.0,4,0.0,1,1.0,0.0,60686.4,1
16132,15809872,Hao,634,France,Male,24.0,8,0.0,1,1.0,0.0,54724.03,1
16133,15809837,Macleod,667,France,Female,36.0,3,0.0,2,1.0,0.0,75927.31,0
16134,15661433,Zetticci,625,France,Male,46.0,5,0.0,1,1.0,0.0,68479.6,1
16135,15594815,Achebe,681,Germany,Male,34.0,2,133432.59,2,0.0,1.0,175399.14,0
16136,15752588,Shipton,645,France,Male,21.0,1,0.0,1,1.0,0.0,62346.73,0
16137,15786418,Onyemere,714,France,Female,40.0,7,0.0,1,0.0,1.0,70810.6,0
16138,15653776,Hsing,686,France,Male,27.0,9,0.0,1,1.0,1.0,180712.28,0
16139,15785576,Trevisani,635,France,Male,42.0,2,133868.24,1,0.0,0.0,149972.39,0
16140,15645269,Shih,629,France,Female,40.0,7,0.0,2,1.0,0.0,162515.17,1
16141,15659557,Nwabugwu,577,Germany,Male,38.0,4,135536.39,1,1.0,0.0,49503.5,1
16142,15643671,Nkemakonam,729,Spain,Female,30.0,9,0.0,2,0.0,0.0,172524.51,0
16143,15651450,Gerasimov,528,Germany,Male,32.0,1,121159.65,1,1.0,0.0,118913.53,0
16144,15765258,T'an,699,France,Male,34.0,1,0.0,2,1.0,0.0,150659.52,0
16145,15796111,Perry,719,France,Female,38.0,4,0.0,2,1.0,1.0,125079.65,0
16146,15677317,Chukwudi,570,France,Female,35.0,7,153040.03,1,1.0,0.0,131312.56,1
16147,15803901,Mazzanti,678,France,Male,27.0,1,0.0,2,1.0,0.0,71095.41,0
16148,15715131,Liao,639,France,Male,34.0,4,0.0,2,1.0,0.0,133086.35,0
16149,15680643,Lo,729,France,Female,42.0,1,0.0,2,1.0,1.0,149535.97,0
16150,15773394,Lu,645,France,Male,36.0,8,166824.59,1,1.0,1.0,175399.14,0
16151,15689955,Pisani,521,Spain,Female,43.0,8,0.0,1,1.0,0.0,172576.43,1
16152,15632185,P'eng,739,Germany,Female,33.0,8,139859.54,1,1.0,1.0,134878.18,0
16153,15581505,Bales,641,France,Male,35.0,5,0.0,1,1.0,0.0,93148.93,0
16154,15699430,Tretyakova,708,Spain,Male,36.0,5,0.0,2,1.0,0.0,62389.35,0
16155,15704769,Udinese,595,Germany,Male,34.0,6,124540.24,1,0.0,0.0,86634.3,1
16156,15702499,Efremov,662,France,Male,32.0,8,91857.83,1,0.0,1.0,167976.69,0
16157,15806915,Eluemuno,729,France,Female,36.0,9,125701.71,1,1.0,1.0,86910.2,0
16158,15773934,Fang,838,France,Male,45.0,3,0.0,2,1.0,1.0,3494.02,0
16159,15636330,Chidozie,584,Germany,Female,26.0,4,107363.73,1,0.0,1.0,187900.81,0
16160,15601387,Yen,655,France,Female,35.0,10,0.0,2,1.0,0.0,71594.26,0
16161,15588948,Ch'iu,739,France,Female,49.0,3,96881.68,1,1.0,1.0,45424.03,1
16162,15752488,Mazzi,521,France,Male,30.0,2,0.0,1,1.0,0.0,167554.86,0
16163,15583394,K'ung,667,France,Male,44.0,4,0.0,2,1.0,1.0,96985.58,0
16164,15626684,Graham,543,France,Male,37.0,2,0.0,2,1.0,1.0,199138.84,0
16165,15684875,Genovesi,711,France,Female,39.0,2,0.0,1,0.0,1.0,122996.76,0
16166,15640507,Liao,714,Spain,Male,29.0,6,0.0,2,1.0,0.0,102989.15,0
16167,15657830,Ch'ien,838,France,Female,32.0,4,161803.0,1,0.0,1.0,167931.81,0
16168,15594896,Nwankwo,586,Germany,Female,32.0,1,144895.04,1,1.0,0.0,89048.46,1
16169,15672945,Parkes,661,France,Female,37.0,5,136425.18,1,1.0,0.0,81102.81,1
16170,15809837,Hsiung,645,Spain,Male,40.0,4,0.0,2,1.0,0.0,180969.55,0
16171,15597951,Nkemdilim,591,France,Male,50.0,10,0.0,2,1.0,1.0,170821.43,0
16172,15654060,P'eng,850,Germany,Female,49.0,6,165413.43,1,1.0,0.0,103315.74,1
16173,15724161,Manners,747,Spain,Female,38.0,3,171490.69,1,1.0,0.0,180890.4,0
16174,15810593,Heard,703,Germany,Male,28.0,7,145984.92,2,1.0,0.0,86622.56,0
16175,15665943,Kao,613,France,Female,48.0,5,0.0,2,1.0,0.0,150757.35,1
16176,15790267,Chukwukere,471,Spain,Female,44.0,8,82310.21,2,0.0,0.0,173486.85,0
16177,15585595,K?,746,France,Female,35.0,2,0.0,1,1.0,0.0,155711.64,1
16178,15793343,Yeh,766,France,Female,29.0,9,68598.56,1,1.0,1.0,157862.82,0
16179,15721181,Onyemauchechukwu,679,France,Male,31.0,9,0.0,2,1.0,0.0,55725.15,0
16180,15595153,Ch'in,654,Germany,Female,49.0,8,105864.6,1,0.0,0.0,124071.71,1
16181,15677317,Ugochukwutubelum,605,France,Female,29.0,4,0.0,1,1.0,0.0,86764.46,1
16182,15645744,Chukwukadibia,672,France,Male,41.0,2,0.0,2,1.0,0.0,195638.13,0
16183,15662494,Hsing,579,Germany,Male,45.0,1,105599.67,1,0.0,0.0,127875.1,1
16184,15769346,L?,850,Spain,Male,44.0,7,80562.96,1,1.0,1.0,51113.81,0
16185,15679770,Ts'ui,684,Germany,Female,39.0,1,130147.98,2,0.0,0.0,153373.71,0
16186,15642838,Baresi,652,France,Male,37.0,3,0.0,1,1.0,0.0,107876.2,0
16187,15615444,Trevisano,498,Germany,Male,29.0,4,111827.27,1,1.0,1.0,90877.76,0
16188,15666856,Chikwendu,774,France,Male,49.0,1,142767.39,2,1.0,0.0,8214.41,0
16189,15752588,Onyemauchechukwu,639,Germany,Female,51.0,6,131778.08,1,1.0,1.0,171457.06,1
16190,15667932,Ts'ai,628,Spain,Male,38.0,9,113711.32,1,1.0,1.0,161479.05,0
16191,15646196,Lo,732,France,Male,27.0,8,0.0,2,0.0,1.0,100919.19,0
16192,15649800,Okwudilichukwu,728,France,Male,43.0,8,0.0,1,1.0,0.0,166880.62,1
16193,15736982,Hsia,633,France,Female,46.0,3,0.0,1,1.0,1.0,87071.18,0
16194,15648069,Ndubuagha,707,Germany,Male,33.0,5,124442.38,2,1.0,0.0,125167.92,0
16195,15649423,Clements,586,Germany,Male,32.0,9,107558.73,2,0.0,1.0,182355.31,0
16196,15769586,Ch'ien,684,Germany,Female,43.0,1,122351.29,1,1.0,1.0,71216.6,1
16197,15751032,Yobanna,587,Germany,Male,32.0,5,76962.9,1,1.0,0.0,117033.39,0
16198,15591457,O'Donnell,718,France,Female,37.0,5,0.0,2,1.0,0.0,121453.61,0
16199,15734565,Groom,668,France,Male,36.0,6,0.0,1,1.0,1.0,136054.45,0
16200,15807524,Nwankwo,597,France,Female,32.0,6,0.0,2,1.0,1.0,158958.9,0
16201,15801994,Buccho,526,France,Male,55.0,9,0.0,2,1.0,1.0,169278.51,0
16202,15768342,Mazzanti,595,Germany,Male,26.0,6,145747.54,2,0.0,0.0,64872.45,0
16203,15681439,Sun,554,France,Female,29.0,3,157098.52,1,0.0,1.0,142670.61,0
16204,15589793,Onwuamaeze,583,France,Male,53.0,8,0.0,2,1.0,0.0,190998.96,0
16205,15773421,Genovese,673,France,Female,33.0,4,0.0,2,1.0,0.0,121440.8,0
16206,15752485,Y?an,678,Spain,Female,40.0,7,0.0,2,0.0,0.0,117948.08,0
16207,15644297,White,728,Germany,Male,39.0,1,115341.19,1,1.0,0.0,107674.3,1
16208,15591244,Chinedum,703,Germany,Male,43.0,8,114443.39,2,0.0,0.0,12096.72,0
16209,15729582,Mazzi,502,France,Male,40.0,5,130666.3,1,1.0,1.0,161428.5,0
16210,15616922,De Luca,730,Spain,Male,26.0,6,0.0,1,1.0,1.0,61513.87,0
16211,15718289,Bradley,553,Germany,Male,47.0,3,82291.1,1,1.0,1.0,112549.99,0
16212,15776518,Pugh,596,France,Female,38.0,4,175739.36,1,1.0,0.0,193130.55,1
16213,15613097,Kao,641,Spain,Female,33.0,4,0.0,2,1.0,1.0,83700.66,0
16214,15603565,Tikhonov,593,France,Female,34.0,3,0.0,1,1.0,1.0,100200.4,0
16215,15681758,Smith,758,Germany,Female,37.0,5,102773.35,2,1.0,0.0,123877.22,0
16216,15647782,Uwaezuoke,608,Germany,Female,41.0,8,141827.33,2,1.0,0.0,182960.46,0
16217,15591489,Miles,720,Germany,Male,28.0,9,85957.88,1,0.0,0.0,8757.39,0
16218,15682355,Sabbatini,772,Germany,Male,38.0,7,75075.31,2,1.0,1.0,92888.52,0
16219,15781334,Hs?,555,Spain,Female,37.0,9,0.0,2,0.0,1.0,150422.81,0
16220,15735636,Chidumaga,558,Germany,Male,38.0,4,135310.41,1,1.0,0.0,147040.25,0
16221,15681629,Tuan,703,Spain,Female,60.0,3,0.0,2,1.0,1.0,19720.31,0
16222,15690546,Hs?,727,Germany,Male,51.0,7,141334.08,1,1.0,0.0,187908.45,1
16223,15566292,Udinese,633,Germany,Female,33.0,5,137851.31,1,1.0,1.0,117626.9,1
16224,15680804,Aksenov,622,Spain,Female,38.0,1,90218.9,1,1.0,1.0,127977.63,0
16225,15766064,Chiu,832,France,Male,25.0,9,0.0,2,0.0,0.0,110371.84,0
16226,15673550,Martin,611,France,Male,23.0,9,0.0,2,1.0,1.0,140197.22,0
16227,15601383,Nkemakolam,649,France,Male,28.0,2,0.0,2,0.0,0.0,141766.93,0
16228,15573893,Okwudiliolisa,639,Spain,Female,63.0,5,131659.59,1,0.0,1.0,131083.96,0
16229,15797389,Fomin,682,France,Female,34.0,9,0.0,2,0.0,1.0,125010.24,0
16230,15580213,McIntyre,585,France,Female,43.0,4,0.0,2,1.0,0.0,89402.54,0
16231,15601892,P'eng,744,France,Male,71.0,7,0.0,2,1.0,1.0,51637.67,0
16232,15796787,Lo Duca,591,France,Female,47.0,9,0.0,1,0.0,0.0,121151.1,1
16233,15752463,Olisaemeka,613,Spain,Male,31.0,0,0.0,2,1.0,1.0,91340.08,0
16234,15717290,Ojiofor,730,France,Female,29.0,4,95624.36,1,0.0,0.0,61312.15,0
16235,15663917,Milanesi,711,France,Female,33.0,6,0.0,2,1.0,0.0,64722.61,0
16236,15670019,Fyodorova,686,France,Male,25.0,7,0.0,1,1.0,1.0,82822.88,0
16237,15658735,Hsueh,686,Spain,Male,29.0,1,0.0,2,1.0,1.0,52317.08,0
16238,15808566,Pugh,687,France,Female,24.0,2,0.0,2,1.0,0.0,151769.06,0
16239,15585892,Macleod,697,France,Female,34.0,6,0.0,2,0.0,0.0,131736.23,0
16240,15762277,Ts'ao,521,France,Male,37.0,4,118087.68,1,1.0,1.0,52795.56,0
16241,15706587,Knowles,584,Germany,Male,50.0,4,132591.36,2,1.0,1.0,177747.03,0
16242,15637169,Shih,652,France,Female,35.0,9,84445.68,1,1.0,1.0,153917.54,0
16243,15645956,Uchechukwu,683,France,Male,69.0,5,0.0,1,1.0,1.0,19500.1,0
16244,15778589,McIntyre,717,France,Female,38.0,5,0.0,2,1.0,1.0,167984.61,0
16245,15747534,Torkelson,595,France,Male,46.0,10,0.0,2,1.0,1.0,73489.15,0
16246,15655574,Chukwufumnanya,516,France,Female,44.0,8,0.0,2,0.0,0.0,56905.38,0
16247,15652626,T'ao,624,France,Male,40.0,7,0.0,2,1.0,1.0,138537.05,0
16248,15593671,Chukwujamuike,667,France,Male,31.0,1,99844.1,1,1.0,0.0,94877.23,0
16249,15768095,Mistry,567,Germany,Female,36.0,8,96769.96,1,1.0,0.0,141558.04,0
16250,15588450,Chukwudi,712,Spain,Female,60.0,4,69365.25,1,1.0,1.0,10288.24,0
16251,15621818,Calabresi,684,France,Female,35.0,3,0.0,1,1.0,1.0,129964.94,0
16252,15644796,Lettiere,678,France,Male,52.0,2,105770.2,1,1.0,0.0,145795.56,0
16253,15698462,Chiu,532,France,Male,36.0,4,0.0,1,1.0,1.0,132798.78,0
16254,15578096,Ritchie,619,France,Male,42.0,2,0.0,1,1.0,1.0,59297.34,1
16255,15631201,Hill,472,Spain,Female,50.0,4,0.0,1,1.0,0.0,1801.77,1
16256,15585961,Ijendu,730,France,Male,43.0,0,0.0,2,0.0,0.0,172096.95,0
16257,15668767,Ch'eng,682,France,Female,33.0,8,0.0,2,1.0,0.0,33828.64,1
16258,15639278,O'Loghlin,774,France,Male,31.0,5,0.0,2,1.0,1.0,57862.8,0
16259,15667633,Hsu,771,France,Male,29.0,7,119714.75,1,0.0,0.0,131917.94,0
16260,15598840,Sharpe,651,France,Male,48.0,5,141581.08,3,1.0,0.0,93132.61,1
16261,15660608,Hs?eh,660,France,Female,37.0,8,0.0,2,1.0,1.0,185750.21,0
16262,15753591,He,438,Spain,Male,44.0,2,0.0,4,1.0,0.0,136859.55,1
16263,15683553,O'Brien,788,France,Male,36.0,7,0.0,2,1.0,1.0,116978.19,0
16264,15585985,Wang,686,France,Male,48.0,5,165282.42,1,1.0,0.0,153786.46,1
16265,15757577,Fiorentini,628,France,Male,51.0,3,133894.26,1,1.0,1.0,57856.22,1
16266,15572356,Townsend,684,Spain,Female,45.0,2,119670.18,1,1.0,0.0,188022.44,1
16267,15783029,K?,539,Germany,Male,42.0,10,125013.72,1,1.0,0.0,70954.41,1
16268,15589380,Fraser,664,Germany,Male,40.0,3,114446.84,1,1.0,0.0,87308.18,1
16269,15588854,Paterson,730,France,Male,31.0,3,0.0,2,1.0,1.0,46941.41,0
16270,15792868,Trevisani,684,France,Female,30.0,7,0.0,2,0.0,0.0,102950.79,0
16271,15578715,Ojiofor,642,France,Male,41.0,3,0.0,1,0.0,1.0,171778.53,0
16272,15618363,Muomelu,728,France,Male,43.0,3,0.0,1,1.0,0.0,83056.22,1
16273,15641688,O'Donnell,678,France,Male,36.0,6,0.0,2,0.0,1.0,157871.85,0
16274,15682628,Pisani,544,France,Male,42.0,5,0.0,2,1.0,0.0,179866.87,0
16275,15750407,Hunt,667,Germany,Female,43.0,2,129264.05,2,0.0,0.0,19150.14,0
16276,15587038,Ogochukwu,627,Spain,Female,42.0,5,57530.06,2,1.0,0.0,181893.31,0
16277,15744044,Nwachinemelu,646,France,Female,50.0,1,0.0,2,1.0,0.0,164717.95,1
16278,15732299,Lombardi,590,France,Male,27.0,5,0.0,1,1.0,1.0,88852.45,1
16279,15627999,Tien,584,Germany,Female,31.0,10,138292.52,1,1.0,1.0,85413.87,1
16280,15778897,Trevisani,657,Germany,Female,46.0,7,136525.99,2,1.0,0.0,158537.57,0
16281,15776936,Chidimma,521,France,Male,36.0,6,0.0,2,1.0,0.0,78857.39,0
16282,15592736,Ewing,646,France,Female,58.0,4,0.0,2,1.0,1.0,199809.52,0
16283,15641675,Toscani,733,France,Female,32.0,9,0.0,1,0.0,0.0,73853.94,0
16284,15769902,Lo Duca,648,France,Male,31.0,1,0.0,2,1.0,1.0,184842.21,0
16285,15777616,Y?,593,France,Male,38.0,6,0.0,2,1.0,1.0,136886.86,0
16286,15644551,Smith,524,France,Female,27.0,4,0.0,2,1.0,1.0,154775.7,0
16287,15614782,Bellucci,696,France,Female,39.0,0,0.0,2,1.0,1.0,124625.08,0
16288,15573741,Chiu,698,Spain,Male,61.0,10,95010.92,1,1.0,1.0,105227.86,0
16289,15770309,T'ien,556,France,Male,32.0,10,74488.15,1,1.0,1.0,17913.17,0
16290,15724334,Alekseyeva,712,France,Male,45.0,5,0.0,2,1.0,1.0,157238.05,0
16291,15761364,Harvey,523,France,Male,28.0,8,0.0,2,1.0,0.0,155304.53,0
16292,15797960,Hsiao,628,France,Male,36.0,2,0.0,2,0.0,1.0,160529.71,0
16293,15794566,Milne,613,Spain,Male,34.0,8,134464.58,1,0.0,0.0,123850.58,0
16294,15672798,Y?,549,Spain,Male,39.0,0,79468.97,1,1.0,0.0,151411.5,0
16295,15567446,Hsiao,721,France,Female,38.0,9,0.0,2,1.0,0.0,174434.06,0
16296,15770101,Chuang,705,Germany,Male,44.0,2,118334.44,1,1.0,0.0,180800.42,1
16297,15785542,Chia,741,France,Female,35.0,4,61210.05,1,1.0,1.0,174822.15,1
16298,15661275,H?,584,France,Female,34.0,3,0.0,2,1.0,0.0,137037.97,0
16299,15654067,Koch,584,Spain,Female,29.0,5,0.0,2,1.0,0.0,88866.92,0
16300,15690743,Chukwudi,793,France,Male,31.0,2,75910.23,1,1.0,0.0,107977.64,0
16301,15757738,Pugh,714,Spain,Male,33.0,2,0.0,2,0.0,0.0,108891.3,0
16302,15772337,O'Neill,641,Germany,Female,36.0,9,128881.79,2,1.0,0.0,140941.47,0
16303,15662291,Hsia,676,France,Male,41.0,6,123575.33,2,1.0,0.0,57553.62,0
16304,15683521,Houghton,624,France,Male,30.0,6,0.0,1,1.0,1.0,79914.51,0
16305,15749114,Hsiao,662,Spain,Male,38.0,9,0.0,2,1.0,0.0,138360.97,0
16306,15796370,White,639,France,Male,36.0,9,0.0,2,1.0,0.0,83084.33,0
16307,15579892,Onwuamaeze,598,France,Female,38.0,2,0.0,1,1.0,1.0,149892.32,1
16308,15631481,Ijendu,686,France,Male,56.0,8,0.0,1,1.0,0.0,172665.21,1
16309,15643361,Teng,684,Spain,Female,39.0,6,0.0,2,1.0,1.0,131625.14,0
16310,15576492,Hsieh,770,Spain,Female,30.0,3,0.0,2,1.0,1.0,98810.78,0
16311,15700540,Hs?eh,753,Spain,Male,43.0,8,0.0,2,1.0,0.0,102518.66,0
16312,15705301,Y?an,587,Spain,Female,36.0,4,0.0,2,1.0,1.0,139906.83,0
16313,15629575,Wheare,642,France,Male,36.0,2,148061.89,1,1.0,1.0,179128.69,0
16314,15705379,Ugochukwu,682,France,Male,40.0,4,0.0,2,1.0,1.0,66561.6,0
16315,15724689,Lettiere,661,France,Female,49.0,6,102722.88,1,0.0,0.0,167723.17,1
16316,15673074,Obidimkpa,738,Germany,Male,30.0,6,126663.51,1,1.0,1.0,162267.91,0
16317,15768104,Nnamdi,708,France,Male,28.0,1,0.0,2,1.0,0.0,158021.11,0
16318,15701768,Tung,639,France,Male,32.0,3,0.0,2,1.0,1.0,197827.06,0
16319,15770406,Onyekachukwu,719,Germany,Male,35.0,4,72664.3,1,1.0,0.0,127557.33,0
16320,15665629,Udokamma,714,Germany,Female,39.0,0,148826.32,1,1.0,0.0,123868.01,0
16321,15792329,Nkemakolam,687,Spain,Male,36.0,7,0.0,2,0.0,1.0,131519.26,0
16322,15671934,Ts'ui,684,France,Female,37.0,4,0.0,2,1.0,0.0,1485.55,0
16323,15697095,Zetticci,790,Spain,Male,46.0,7,0.0,2,0.0,1.0,117273.35,0
16324,15631603,Ponomaryova,813,France,Female,32.0,1,122889.88,1,1.0,1.0,26476.18,1
16325,15747647,Iadanza,710,Spain,Male,40.0,4,0.0,1,1.0,0.0,144181.48,0
16326,15799763,Chukwujekwu,716,Germany,Male,32.0,9,134470.88,1,1.0,0.0,108577.8,0
16327,15654572,Mazzanti,716,France,Male,49.0,9,128747.58,1,1.0,0.0,79618.25,0
16328,15674671,Lettiere,637,France,Male,30.0,6,0.0,2,0.0,0.0,121840.2,0
16329,15807900,Toscani,699,Spain,Female,29.0,7,141784.02,1,1.0,0.0,75884.65,0
16330,15798975,Genovese,634,France,Female,31.0,6,0.0,1,1.0,0.0,158918.03,0
16331,15674720,Tsao,850,Spain,Female,30.0,3,0.0,2,1.0,1.0,167036.44,0
16332,15650889,Ozioma,695,Spain,Male,45.0,8,171178.6,1,1.0,0.0,121244.66,1
16333,15807595,Teng,598,Spain,Male,38.0,2,0.0,2,1.0,0.0,85578.63,0
16334,15744109,Chien,850,France,Female,25.0,7,0.0,2,1.0,0.0,188366.94,0
16335,15781334,Chien,661,France,Female,41.0,5,114510.93,2,1.0,0.0,84491.05,0
16336,15769703,Maclean,637,France,Male,34.0,4,0.0,2,1.0,0.0,145580.63,0
16337,15768359,McIntyre,648,France,Female,56.0,9,0.0,1,0.0,1.0,162840.06,1
16338,15756475,Golovanov,571,France,Male,24.0,4,0.0,2,0.0,0.0,88680.65,0
16339,15592025,Ch'en,588,France,Male,31.0,1,98899.91,1,1.0,1.0,162599.51,0
16340,15750867,Tsou,648,Spain,Male,33.0,7,0.0,2,1.0,1.0,63736.17,0
16341,15778154,Connolly,684,France,Female,68.0,4,0.0,2,1.0,1.0,110440.5,0
16342,15634606,Nelson,758,France,Male,35.0,5,183613.66,2,1.0,0.0,49734.94,0
16343,15797204,Fanucci,655,Spain,Female,28.0,6,113811.85,2,1.0,1.0,76844.23,0
16344,15597937,Pisano,739,France,Male,57.0,3,0.0,2,1.0,1.0,134944.1,0
16345,15751774,Toscani,621,France,Male,27.0,5,0.0,2,1.0,1.0,131660.31,0
16346,15741092,Marino,495,Germany,Female,34.0,5,155455.43,1,1.0,1.0,116069.24,0
16347,15732280,Yobanna,707,France,Male,39.0,3,0.0,2,1.0,0.0,152996.98,0
16348,15621207,Hs?,516,Germany,Male,33.0,8,111432.13,2,1.0,1.0,199862.44,0
16349,15792364,Chizuoke,588,France,Male,33.0,3,85874.84,2,0.0,0.0,62733.35,0
16350,15736371,Kennedy,633,Spain,Female,34.0,3,123034.43,2,1.0,1.0,38315.04,0
16351,15679983,Ritchie,592,France,Male,48.0,7,0.0,2,0.0,0.0,112132.86,0
16352,15792232,Johnstone,652,France,Female,47.0,8,0.0,2,1.0,0.0,170347.1,0
16353,15752909,Ch'iu,686,France,Female,35.0,5,137780.56,1,1.0,0.0,172792.54,0
16354,15694566,Walker,646,Spain,Male,37.0,8,94416.78,2,1.0,1.0,77965.44,0
16355,15709135,Pirozzi,691,Germany,Male,34.0,1,101231.77,2,0.0,0.0,156529.44,0
16356,15596181,Maclean,580,France,Male,39.0,10,129674.89,1,1.0,1.0,80552.36,0
16357,15753895,Ch'iu,726,Germany,Female,32.0,5,139395.08,1,1.0,1.0,158750.28,0
16358,15807918,Mazzi,673,Spain,Female,72.0,10,123811.21,1,1.0,1.0,66585.61,0
16359,15682943,Lucchesi,819,France,Male,42.0,3,0.0,1,1.0,0.0,1375.37,1
16360,15658693,Nucci,646,France,Female,32.0,8,0.0,2,0.0,0.0,151146.67,0
16361,15676571,Hsing,694,Germany,Female,45.0,7,97339.64,2,1.0,1.0,170968.28,0
16362,15648067,Ch'eng,732,France,Female,53.0,1,0.0,1,1.0,0.0,27244.47,1
16363,15644280,Udegbunam,593,France,Male,36.0,4,138740.24,1,1.0,0.0,119808.64,0
16364,15581811,Goliwe,684,Germany,Male,36.0,2,124788.11,2,1.0,1.0,162452.65,0
16365,15635893,T'ien,694,France,Female,40.0,8,0.0,1,1.0,0.0,155155.25,0
16366,15683544,Tuan,602,France,Female,61.0,8,0.0,2,1.0,1.0,88890.05,0
16367,15796496,Wei,559,France,Female,36.0,8,76319.64,1,1.0,1.0,141075.51,0
16368,15629545,Buckley,437,France,Female,23.0,6,133800.98,1,1.0,0.0,7267.25,0
16369,15583026,Udobata,807,France,Male,33.0,5,148036.32,1,1.0,1.0,43801.27,0
16370,15640074,Ts'ai,662,Germany,Male,37.0,4,144550.97,2,1.0,1.0,84870.23,0
16371,15754599,K'ung,599,France,Male,57.0,6,0.0,2,1.0,1.0,37973.13,0
16372,15643439,Chiang,703,Germany,Female,44.0,5,141789.14,1,1.0,0.0,91514.62,0
16373,15752816,Lucas,738,France,Male,33.0,2,0.0,2,0.0,1.0,82276.62,0
16374,15584776,Hs?,628,Germany,Female,48.0,4,95857.86,1,1.0,1.0,174064.8,1
16375,15754849,Teng,680,France,Male,34.0,6,0.0,2,1.0,0.0,126517.46,0
16376,15659962,Pagnotto,637,Spain,Male,31.0,7,107571.61,1,1.0,0.0,113695.99,0
16377,15678460,Dodgshun,844,Spain,Male,47.0,6,0.0,1,1.0,1.0,4969.13,0
16378,15765014,Folliero,641,Germany,Female,41.0,4,117721.03,1,1.0,0.0,100835.19,1
16379,15661936,Ch'iu,714,France,Male,37.0,4,148045.45,1,0.0,0.0,82970.69,1
16380,15794890,Ojiofor,586,France,Female,51.0,7,0.0,1,1.0,0.0,179861.89,1
16381,15577587,Frolov,744,France,Male,39.0,8,0.0,2,1.0,1.0,93717.46,0
16382,15728709,Watson,616,France,Female,43.0,7,0.0,2,1.0,0.0,67976.36,1
16383,15793890,Harriman,723,Spain,Female,59.0,4,0.0,2,1.0,1.0,163365.85,0
16384,15585892,Tuan,707,France,Female,34.0,2,0.0,1,1.0,0.0,67554.36,1
16385,15597989,Padovesi,632,France,Female,32.0,8,0.0,2,1.0,0.0,89099.18,0
16386,15582914,P'eng,748,France,Male,35.0,5,147900.61,1,1.0,0.0,95611.47,0
16387,15734659,Sozonov,676,Spain,Female,42.0,4,0.0,1,1.0,0.0,113868.4,0
16388,15790744,Liao,579,France,Male,39.0,4,0.0,2,1.0,0.0,77511.45,0
16389,15782468,Hart,850,France,Male,31.0,3,109799.55,1,1.0,0.0,177558.26,0
16390,15674727,Okwudiliolisa,682,France,Female,36.0,4,0.0,2,1.0,0.0,132468.76,0
16391,15676645,Parry,523,France,Female,27.0,3,0.0,2,1.0,1.0,121428.2,0
16392,15770041,Nkemdilim,679,France,Male,33.0,9,0.0,1,1.0,0.0,102628.28,1
16393,15758056,Trevisan,653,Germany,Female,58.0,1,123338.51,2,1.0,1.0,90957.86,1
16394,15664708,Yefremova,709,Germany,Female,38.0,8,113922.63,1,1.0,1.0,159418.92,0
16395,15750921,Burgess,702,France,Female,39.0,5,0.0,2,1.0,1.0,99654.13,0
16396,15591036,Walker,574,Germany,Female,31.0,8,141453.76,1,1.0,1.0,58854.18,0
16397,15575410,Chidiegwu,667,Germany,Female,43.0,5,83765.35,1,0.0,0.0,118358.54,1
16398,15656825,Uspenskaya,683,France,Male,28.0,7,0.0,2,1.0,1.0,91402.64,0
16399,15780128,Nnamdi,798,France,Male,31.0,8,0.0,1,1.0,0.0,140745.96,0
16400,15798895,Nwankwo,656,France,Female,36.0,1,0.0,2,0.0,0.0,167984.72,0
16401,15583212,Chidiebele,600,France,Male,40.0,5,134022.06,1,1.0,0.0,194764.83,0
16402,15729201,Ting,535,France,Female,46.0,4,0.0,2,1.0,1.0,71167.63,0
16403,15758702,Watson,611,France,Female,37.0,8,0.0,2,1.0,1.0,14392.68,0
16404,15741078,Shao,627,Spain,Male,26.0,2,0.0,2,1.0,0.0,121681.19,0
16405,15757777,Pai,645,Spain,Male,35.0,2,97324.91,1,1.0,1.0,23129.46,0
16406,15792360,McElyea,704,France,Female,44.0,7,102763.62,1,1.0,0.0,56905.12,0
16407,15594576,T'ao,692,France,Male,36.0,3,0.0,2,1.0,0.0,93795.86,0
16408,15629603,Smith,683,Germany,Female,25.0,1,148827.56,2,1.0,0.0,38691.78,0
16409,15690132,Hao,594,Spain,Male,40.0,8,0.0,1,1.0,1.0,72722.68,0
16410,15771483,Chiu,663,France,Female,40.0,5,109949.85,1,1.0,0.0,131848.24,0
16411,15682647,Nwagugheuzo,601,Spain,Male,34.0,5,0.0,2,1.0,1.0,176433.6,0
16412,15764444,Chukwuebuka,632,Germany,Female,32.0,2,132876.23,2,1.0,1.0,121409.06,0
16413,15621457,Chu,850,France,Male,37.0,6,96654.72,2,0.0,1.0,152740.16,0
16414,15782418,Macleod,751,France,Female,35.0,5,0.0,2,1.0,0.0,86678.48,0
16415,15736413,Hsia,759,France,Male,43.0,5,135884.03,1,0.0,0.0,54290.62,1
16416,15658339,Lombardo,598,Germany,Female,57.0,6,97086.4,1,0.0,0.0,48228.1,1
16417,15725762,Hs?,682,Spain,Male,28.0,2,0.0,2,1.0,0.0,171708.97,0
16418,15728078,Efremov,599,France,Female,37.0,3,0.0,2,1.0,0.0,186489.77,0
16419,15689322,Nwachinemelu,667,Germany,Female,32.0,2,145127.85,2,1.0,0.0,16402.11,1
16420,15783629,Ch'eng,669,Germany,Male,40.0,7,139979.07,1,1.0,0.0,28367.21,1
16421,15672930,Ngozichukwuka,674,France,Male,28.0,1,0.0,1,1.0,0.0,71926.28,0
16422,15750638,Chu,561,Spain,Male,64.0,5,0.0,1,1.0,0.0,118570.53,1
16423,15721582,Beneventi,591,France,Female,55.0,1,126113.28,2,0.0,0.0,7861.68,0
16424,15683462,T'ang,659,France,Male,29.0,4,0.0,1,1.0,0.0,81290.65,0
16425,15673747,T'ao,712,France,Male,35.0,2,0.0,2,1.0,1.0,139946.68,0
16426,15682778,Montgomery,674,France,Male,34.0,8,0.0,2,0.0,0.0,38570.13,0
16427,15809585,Chiang,718,France,Male,33.0,1,127637.56,1,1.0,0.0,43954.44,0
16428,15677785,Stevenson,656,France,Female,30.0,5,136963.12,1,1.0,0.0,133814.28,0
16429,15774931,She,452,France,Female,30.0,6,112935.87,1,1.0,1.0,99017.34,0
16430,15705403,Ch'ang,617,Spain,Female,46.0,9,106521.49,2,0.0,1.0,86587.37,0
16431,15642726,Nwankwo,819,Spain,Male,56.0,6,0.0,1,1.0,0.0,79775.19,1
16432,15579544,Trevisani,578,France,Female,42.0,0,0.0,1,1.0,0.0,157557.33,1
16433,15677310,Burns,667,Germany,Male,62.0,4,98854.34,1,1.0,1.0,66721.98,0
16434,15577064,Palerma,562,Germany,Female,44.0,4,114715.71,1,1.0,0.0,74850.84,1
16435,15745001,Ritchie,525,Spain,Male,37.0,8,0.0,2,0.0,0.0,149602.8,0
16436,15614420,Gerasimova,531,Germany,Female,32.0,0,109570.21,3,1.0,0.0,172049.84,1
16437,15568449,Larson,710,France,Female,34.0,9,150500.64,1,1.0,0.0,14928.8,0
16438,15702561,Ferri,650,France,Male,33.0,9,140197.18,1,1.0,0.0,142995.32,0
16439,15586974,Tretiakova,685,France,Male,31.0,6,0.0,2,1.0,1.0,152577.72,0
16440,15636454,Shao,552,France,Male,31.0,7,121704.32,1,0.0,0.0,71167.17,0
16441,15683403,Johnston,611,Germany,Male,57.0,1,111063.73,1,0.0,0.0,73585.18,1
16442,15585853,T'ang,652,France,Female,36.0,7,0.0,2,1.0,1.0,52301.15,0
16443,15802390,Willoughby,773,France,Female,34.0,2,124573.33,2,1.0,1.0,118863.38,0
16444,15799300,McGregor,678,Germany,Male,52.0,1,125918.79,2,1.0,1.0,150784.44,1
16445,15645103,Su,679,Spain,Male,40.0,5,0.0,2,1.0,1.0,121789.3,0
16446,15699830,Doherty,732,France,Male,40.0,2,0.0,2,1.0,1.0,122580.48,0
16447,15606472,Lung,585,Spain,Female,38.0,2,0.0,1,1.0,0.0,87363.56,1
16448,15591698,P'eng,760,Spain,Male,28.0,6,0.0,2,1.0,0.0,16287.38,0
16449,15757981,H?,641,France,Female,47.0,6,0.0,1,1.0,0.0,142730.8,1
16450,15596761,Hughes,516,France,Male,41.0,9,0.0,2,1.0,0.0,145477.36,0
16451,15698321,Yobanna,648,Germany,Male,34.0,5,95039.73,3,1.0,1.0,147055.87,1
16452,15747097,Hsia,594,France,Male,52.0,3,0.0,1,1.0,0.0,134790.74,1
16453,15660429,Ch'en,599,Spain,Female,47.0,2,156371.61,2,1.0,0.0,156774.94,1
16454,15761149,Milani,673,France,Female,38.0,9,133444.97,1,0.0,0.0,5708.19,1
16455,15613787,Chidubem,592,Spain,Female,44.0,2,200322.45,1,1.0,0.0,113244.73,0
16456,15658360,Smith,762,France,Female,35.0,2,122929.42,2,0.0,0.0,149822.04,0
16457,15625196,P'eng,744,France,Male,35.0,5,0.0,2,1.0,0.0,125912.73,0
16458,15766683,T'ao,595,France,Female,18.0,4,0.0,1,1.0,0.0,107868.25,0
16459,15786433,Wall,756,France,Male,38.0,1,0.0,2,1.0,0.0,91561.91,0
16460,15726589,Lock,652,Germany,Male,48.0,10,82531.11,1,0.0,1.0,114092.52,1
16461,15747458,O'Donnell,553,Germany,Male,35.0,5,115743.44,1,1.0,0.0,180968.55,0
16462,15777855,Ni,576,France,Female,38.0,8,0.0,2,0.0,1.0,68814.23,0
16463,15691808,Smith,579,France,Male,29.0,2,0.0,1,1.0,1.0,171340.68,0
16464,15778024,P'eng,645,Germany,Male,61.0,4,121365.39,1,1.0,1.0,4595.05,0
16465,15794257,Hsiung,651,France,Male,64.0,4,91562.99,1,1.0,1.0,123954.15,1
16466,15751180,Bess,678,France,Female,58.0,5,0.0,1,1.0,1.0,116052.92,1
16467,15622117,Nucci,687,France,Male,35.0,4,0.0,2,1.0,0.0,138510.01,0
16468,15665088,Kao,676,France,Male,41.0,8,106198.5,1,1.0,0.0,69608.48,0
16469,15661936,Chikelu,513,France,Male,40.0,3,141004.46,2,1.0,0.0,105028.46,0
16470,15579914,Chiganu,850,France,Male,31.0,8,118897.1,3,1.0,0.0,81299.09,1
16471,15794875,Aitken,581,France,Female,51.0,4,0.0,2,1.0,1.0,178038.17,0
16472,15652048,H?,678,Spain,Male,34.0,3,0.0,2,1.0,1.0,164834.46,0
16473,15648069,Shao,679,Spain,Female,35.0,7,0.0,2,1.0,1.0,158845.49,0
16474,15687648,Nicholson,691,France,Male,41.0,1,0.0,2,0.0,0.0,92865.41,0
16475,15581286,Scott,627,France,Female,35.0,9,0.0,1,1.0,0.0,61319.17,0
16476,15600992,Madukaego,652,France,Male,36.0,1,0.0,1,1.0,0.0,151314.98,0
16477,15656627,Davide,569,France,Male,37.0,6,124577.33,3,1.0,0.0,120830.73,1
16478,15804820,Uspensky,575,France,Male,38.0,6,0.0,1,0.0,0.0,86792.72,0
16479,15686968,Olisaemeka,731,Spain,Female,41.0,2,0.0,2,1.0,0.0,72846.73,0
16480,15722533,Logue,721,France,Female,54.0,5,0.0,1,0.0,1.0,167636.15,0
16481,15681075,Chukwualuka,743,France,Female,58.0,2,0.0,1,1.0,1.0,706.5,0
16482,15675501,Chinomso,539,France,Male,29.0,1,145536.35,1,1.0,0.0,114474.02,0
16483,15602500,Maslova,681,France,Male,38.0,5,146343.98,1,0.0,1.0,103902.11,0
16484,15771154,North,683,France,Female,73.0,8,137732.23,2,1.0,0.0,133210.44,1
16485,15740268,Efimov,645,France,Male,35.0,6,0.0,2,0.0,0.0,109563.25,0
16486,15805261,Howell,537,France,Female,47.0,7,0.0,1,0.0,1.0,52337.97,0
16487,15647800,Chidubem,621,Spain,Male,38.0,0,104584.11,2,1.0,0.0,180622.43,0
16488,15589881,Rowe,662,France,Female,41.0,7,0.0,2,1.0,1.0,131284.93,0
16489,15592765,O'Toole,764,France,Female,54.0,8,0.0,1,0.0,0.0,64740.81,1
16490,15704597,Akobundu,545,France,Male,37.0,7,73211.12,2,1.0,1.0,89587.34,0
16491,15570141,P'eng,739,France,Female,35.0,3,132352.69,1,1.0,0.0,80320.3,0
16492,15634180,Ewing,699,France,Female,34.0,6,0.0,2,1.0,1.0,136985.08,0
16493,15604813,T'ao,613,Germany,Male,41.0,2,121206.96,2,1.0,1.0,65611.01,0
16494,15679075,Ts'ui,646,France,Female,38.0,8,178095.55,1,1.0,1.0,171378.77,0
16495,15733777,Genovese,686,Spain,Male,29.0,7,0.0,2,0.0,1.0,90547.76,0
16496,15595592,Lai,638,France,Female,59.0,2,0.0,1,1.0,0.0,179673.11,1
16497,15621075,Dickson,662,Germany,Female,41.0,4,112755.34,2,0.0,1.0,60721.4,0
16498,15672434,Lucciano,651,France,Male,33.0,8,0.0,2,1.0,1.0,151623.31,0
16499,15727281,T'ien,584,France,Female,34.0,5,98899.56,1,1.0,1.0,93336.97,0
16500,15596800,K'ung,586,Spain,Male,30.0,6,0.0,2,1.0,1.0,82674.94,0
16501,15643942,Chiazagomekpere,714,Germany,Male,34.0,4,121151.05,2,1.0,0.0,48545.1,0
16502,15778024,Yegorov,679,France,Male,38.0,4,0.0,2,1.0,1.0,138841.81,0
16503,15659656,Pan,794,France,Male,24.0,7,116234.61,1,0.0,1.0,146651.99,0
16504,15638963,Nwebube,706,France,Female,35.0,6,0.0,1,1.0,0.0,131301.74,0
16505,15575391,Okonkwo,648,France,Female,35.0,0,146033.62,1,1.0,0.0,163746.09,0
16506,15770225,Nnaife,667,France,Female,39.0,5,0.0,2,1.0,1.0,170337.69,0
16507,15723654,Isayeva,721,Spain,Female,33.0,2,135515.76,1,1.0,0.0,178616.73,0
16508,15603394,Watson,598,Spain,Male,30.0,1,0.0,1,1.0,0.0,86619.27,1
16509,15724838,Begum,688,France,Female,54.0,3,0.0,1,1.0,0.0,191212.63,0
16510,15813132,H?,744,France,Female,39.0,6,0.0,2,0.0,1.0,93091.02,0
16511,15648075,Palerma,723,Spain,Female,37.0,2,0.0,1,1.0,0.0,31921.95,0
16512,15659566,Fomin,642,Spain,Female,38.0,8,0.0,2,1.0,1.0,138877.13,0
16513,15642615,Mazzanti,726,France,Male,35.0,8,0.0,2,1.0,0.0,126355.7,0
16514,15674442,Kung,681,France,Male,39.0,7,157761.56,1,0.0,1.0,147759.84,0
16515,15642848,T'ien,646,France,Female,43.0,2,145731.43,1,1.0,0.0,102925.35,0
16516,15718507,Chukwujamuike,643,Spain,Male,37.0,9,117412.19,2,0.0,1.0,89801.9,0
16517,15773934,Tien,555,Spain,Male,28.0,7,0.0,2,1.0,1.0,145551.6,0
16518,15757837,Koo,689,France,Female,46.0,7,0.0,2,1.0,0.0,47468.56,0
16519,15788683,Tien,596,Spain,Female,37.0,7,0.0,2,0.0,0.0,183566.87,0
16520,15799357,Armfield,727,France,Male,33.0,5,0.0,2,0.0,0.0,142754.71,0
16521,15651270,Onyemere,729,France,Male,34.0,3,0.0,2,1.0,1.0,179861.79,0
16522,15751333,Atkinson,595,France,Female,36.0,2,0.0,1,0.0,0.0,167749.54,1
16523,15750466,Y?,682,France,Male,32.0,4,0.0,2,1.0,0.0,79342.82,0
16524,15748069,Clunie,485,France,Female,52.0,3,134467.26,1,1.0,1.0,113266.09,1
16525,15623595,Fanucci,597,Germany,Male,24.0,4,92786.04,1,1.0,0.0,90905.44,0
16526,15579914,Baresi,602,France,Female,38.0,3,0.0,2,1.0,0.0,140800.66,0
16527,15706770,Moore,641,Spain,Male,26.0,0,0.0,2,1.0,1.0,174770.58,0
16528,15769915,Smith,594,France,Male,36.0,2,0.0,2,0.0,0.0,187985.45,0
16529,15759874,P'eng,564,France,Female,33.0,6,0.0,1,1.0,1.0,112465.19,0
16530,15733476,Lettiere,634,Spain,Female,40.0,9,0.0,1,1.0,0.0,105760.02,1
16531,15647974,Ogochukwu,833,France,Female,40.0,2,145222.65,1,1.0,1.0,135079.9,1
16532,15612477,Soto,829,France,Female,53.0,2,0.0,1,1.0,1.0,133020.9,1
16533,15687363,McMillan,770,France,Male,31.0,7,155047.56,2,1.0,1.0,186064.34,0
16534,15585839,Okwuadigbo,753,Spain,Male,43.0,7,0.0,2,1.0,0.0,156858.2,1
16535,15759034,Pisano,751,Germany,Male,49.0,1,77846.9,1,0.0,1.0,113868.2,1
16536,15612455,Fan,652,France,Male,41.0,4,0.0,2,1.0,0.0,136377.21,0
16537,15645593,Olisaemeka,641,France,Female,53.0,9,151776.93,2,1.0,1.0,109523.55,0
16538,15798532,De Luca,687,Spain,Male,31.0,8,0.0,2,1.0,1.0,126439.12,0
16539,15671800,Robinson,611,France,Female,20.0,7,137624.4,1,1.0,0.0,197582.79,1
16540,15808960,Wu,663,Spain,Male,35.0,2,100912.55,1,1.0,1.0,158036.97,0
16541,15787598,Ting,627,Germany,Male,50.0,10,129574.99,2,0.0,0.0,175713.24,1
16542,15676521,Y?an,765,Spain,Female,34.0,4,0.0,2,0.0,0.0,191074.11,0
16543,15692406,Gow,530,France,Male,37.0,5,0.0,2,1.0,1.0,121485.1,0
16544,15656613,Uwakwe,565,France,Male,35.0,10,124447.79,1,1.0,1.0,163776.1,1
16545,15628112,Chiang,743,France,Female,39.0,1,120723.69,1,1.0,0.0,111421.51,0
16546,15781702,Mazzanti,641,France,Female,33.0,6,0.0,2,1.0,0.0,131768.28,0
16547,15815460,Longo,832,Germany,Female,55.0,3,104339.11,3,1.0,1.0,134626.3,1
16548,15684960,Onuchukwu,573,France,Male,30.0,7,0.0,2,1.0,1.0,130639.01,0
16549,15589436,Hovell,714,France,Male,39.0,2,0.0,2,1.0,1.0,88737.05,0
16550,15782875,Onwuamaeze,777,France,Female,37.0,8,0.0,2,1.0,1.0,77906.87,0
16551,15768455,Onwughara,767,France,Female,26.0,10,128207.23,1,1.0,0.0,74838.64,0
16552,15691823,Milanesi,661,France,Female,26.0,3,0.0,2,1.0,0.0,107499.66,0
16553,15688059,Hsia,712,France,Male,32.0,2,0.0,2,0.0,1.0,184524.01,0
16554,15756610,Miah,656,Spain,Male,40.0,9,0.0,2,1.0,1.0,108742.81,0
16555,15602731,P'eng,773,France,Male,29.0,6,0.0,2,1.0,1.0,91817.38,0
16556,15783875,Yobachukwu,777,France,Female,43.0,7,0.0,2,1.0,1.0,75584.64,0
16557,15654975,Ukaegbunam,681,Germany,Male,29.0,5,118907.6,1,0.0,1.0,116692.8,0
16558,15800326,Ozioma,707,Spain,Male,45.0,9,108589.35,1,1.0,1.0,131301.74,0
16559,15677288,Hsueh,683,France,Male,39.0,3,0.0,1,1.0,1.0,18791.35,0
16560,15614813,Trevisano,494,France,Male,22.0,9,0.0,1,1.0,1.0,113089.55,0
16561,15583748,McGuigan,653,France,Male,38.0,4,0.0,2,1.0,0.0,184866.86,0
16562,15797900,Nwachinemelu,756,France,Male,45.0,9,0.0,2,1.0,0.0,168816.07,0
16563,15652914,Ibrahimov,755,Spain,Male,38.0,7,0.0,1,1.0,1.0,188366.04,0
16564,15661533,Onyemauchechukwu,694,France,Female,38.0,5,0.0,2,1.0,1.0,128528.25,0
16565,15762798,Onyemauchechukwu,676,France,Male,32.0,8,121681.91,1,1.0,1.0,46864.0,0
16566,15686242,Otutodilichukwu,594,France,Male,35.0,8,0.0,1,0.0,0.0,85876.67,0
16567,15810716,Kerr,750,Germany,Male,37.0,8,151836.36,2,1.0,0.0,68695.38,0
16568,15590344,Shubin,647,Spain,Male,35.0,3,0.0,2,1.0,0.0,103557.85,0
16569,15772892,Mazzi,684,France,Female,45.0,9,0.0,2,1.0,1.0,162515.17,0
16570,15763381,Fanucci,648,Germany,Male,41.0,9,160680.41,1,0.0,1.0,30886.35,0
16571,15726179,Kerr,632,Spain,Male,36.0,8,73023.17,2,1.0,1.0,116973.19,0
16572,15680197,Bryant,641,France,Female,35.0,3,0.0,2,1.0,0.0,192464.21,0
16573,15717348,Nkemakonam,627,Germany,Male,47.0,5,107949.67,1,0.0,0.0,152994.98,1
16574,15680201,Smith,613,France,Male,41.0,2,0.0,2,0.0,0.0,84300.4,0
16575,15687959,Ts'ui,577,France,Female,36.0,6,0.0,2,1.0,0.0,107655.68,0
16576,15741094,Trevisano,637,France,Male,28.0,9,0.0,2,1.0,1.0,172490.78,0
16577,15642726,Woods,774,Germany,Female,34.0,1,76914.21,1,1.0,1.0,13614.01,0
16578,15809509,Venables,699,France,Male,28.0,3,125689.29,1,1.0,1.0,151623.71,0
16579,15697702,Ainsworth,682,Germany,Male,31.0,6,99897.24,1,1.0,1.0,62634.45,0
16580,15602998,Shao,731,France,Female,29.0,5,0.0,2,1.0,0.0,73322.47,0
16581,15677764,Fetherstonhaugh,605,France,Female,32.0,8,0.0,2,1.0,1.0,138536.09,0
16582,15742019,Calabresi,554,Spain,Female,31.0,3,117301.87,2,0.0,0.0,46775.03,0
16583,15703793,Tuan,589,France,Male,31.0,5,95368.03,1,1.0,1.0,155823.2,0
16584,15726088,Hsia,667,France,Male,41.0,4,0.0,2,0.0,1.0,151887.05,0
16585,15762728,Pinto,669,Germany,Male,40.0,9,118889.35,1,1.0,0.0,166580.29,1
16586,15592751,Ndukaku,641,France,Male,38.0,7,0.0,2,0.0,0.0,161069.73,0
16587,15727703,Milne,684,France,Female,39.0,8,0.0,2,1.0,1.0,167035.53,0
16588,15624187,Lo,624,France,Male,40.0,8,0.0,2,1.0,0.0,775.56,0
16589,15604073,Tseng,627,Germany,Male,36.0,5,112281.9,1,1.0,1.0,66449.82,0
16590,15672053,Mistry,526,France,Male,38.0,2,0.0,2,0.0,0.0,58010.98,0
16591,15769582,Lucchesi,710,France,Female,40.0,7,0.0,2,0.0,1.0,150720.39,0
16592,15743153,Romano,666,Germany,Male,35.0,4,161207.0,1,1.0,1.0,52411.47,1
16593,15685500,Ts'ui,775,France,Female,38.0,9,0.0,1,1.0,1.0,142516.29,0
16594,15645232,Ts'ui,622,Spain,Female,29.0,4,0.0,2,1.0,1.0,116951.1,0
16595,15602084,Coles,809,France,Female,34.0,5,0.0,1,0.0,1.0,78004.5,0
16596,15790594,L?,628,Germany,Female,51.0,4,122453.97,1,1.0,0.0,6554.97,1
16597,15591167,Hsia,593,Germany,Female,62.0,6,115563.58,1,1.0,1.0,127939.5,1
16598,15667932,Onuora,718,France,Female,29.0,8,0.0,2,1.0,0.0,145558.42,0
16599,15792729,De Luca,699,France,Male,46.0,2,107959.39,1,1.0,0.0,148537.07,0
16600,15771442,P'an,771,Spain,Male,55.0,3,169312.72,3,0.0,0.0,45610.63,1
16601,15745605,Trevisani,479,Germany,Male,33.0,9,84673.17,2,0.0,1.0,84569.13,0
16602,15654859,Ngozichukwuka,612,Spain,Female,63.0,1,131629.17,2,0.0,1.0,122109.58,0
16603,15679453,Hung,614,Germany,Female,39.0,8,125997.22,1,1.0,1.0,128049.34,0
16604,15778025,P'eng,690,France,Male,35.0,9,0.0,2,0.0,0.0,138300.75,0
16605,15750335,Paterson,850,Germany,Male,43.0,0,95448.32,1,1.0,0.0,184044.8,0
16606,15767414,MacDevitt,491,France,Male,36.0,5,92889.91,1,1.0,1.0,175030.23,0
16607,15758048,Golubev,694,Germany,Male,31.0,6,109052.59,2,1.0,0.0,19448.93,0
16608,15641715,Tsai,683,Spain,Male,38.0,4,0.0,2,0.0,1.0,57320.92,0
16609,15646717,Kuznetsova,553,Germany,Female,40.0,5,117356.63,1,0.0,0.0,64595.79,1
16610,15665856,McLean,731,Spain,Male,32.0,0,96798.89,2,0.0,1.0,163625.16,0
16611,15589862,Lucchesi,755,France,Female,36.0,0,0.0,2,1.0,1.0,162960.97,0
16612,15695097,Ch'ang,669,Germany,Female,45.0,7,127864.4,1,1.0,0.0,141180.66,1
16613,15769389,Hargreaves,682,France,Male,35.0,2,0.0,2,1.0,0.0,119882.86,0
16614,15756538,Pinto,678,Spain,Male,35.0,9,0.0,2,0.0,1.0,167773.55,0
16615,15665956,Pendergrass,509,France,Female,46.0,1,0.0,1,1.0,0.0,71244.59,0
16616,15782454,Tien,700,France,Male,34.0,4,0.0,2,1.0,0.0,105305.72,0
16617,15593694,Hsia,596,Germany,Male,46.0,2,121897.74,1,0.0,0.0,63908.87,1
16618,15778089,Smith,687,France,Female,36.0,3,0.0,2,0.0,1.0,53793.1,0
16619,15735221,Lo Duca,682,Spain,Female,43.0,7,0.0,2,1.0,1.0,149913.84,0
16620,15756022,Kao,652,Spain,Male,38.0,7,0.0,2,0.0,1.0,170142.43,0
16621,15684484,White,658,France,Male,22.0,9,0.0,2,0.0,1.0,127587.22,0
16622,15730639,Fiorentini,516,France,Female,46.0,8,0.0,1,1.0,0.0,65057.71,1
16623,15814032,O'Brien,749,France,Male,41.0,3,0.0,2,0.0,0.0,119357.0,0
16624,15719809,Endrizzi,642,Germany,Female,30.0,3,145166.09,2,1.0,1.0,111421.45,0
16625,15772798,Chikezie,707,Germany,Female,24.0,5,95441.27,1,1.0,0.0,93959.96,1
16626,15687087,Lucchesi,678,Spain,Male,35.0,3,102721.58,3,0.0,0.0,137915.31,1
16627,15741032,Palerma,724,Spain,Male,38.0,7,145221.85,1,0.0,1.0,4441.18,0
16628,15791149,Y?,497,Germany,Female,42.0,3,143350.54,1,1.0,0.0,119446.66,1
16629,15579994,Aitken,724,Spain,Female,38.0,9,0.0,2,1.0,1.0,111893.91,0
16630,15631170,Clements,539,Spain,Male,37.0,2,0.0,2,1.0,0.0,30793.61,0
16631,15579787,Nkemakonam,686,France,Male,39.0,4,0.0,1,0.0,0.0,155023.93,1
16632,15586800,Lucciano,516,Spain,Female,40.0,9,0.0,1,1.0,1.0,63736.02,0
16633,15751167,Shih,850,France,Male,31.0,9,0.0,2,1.0,0.0,172648.77,0
16634,15797960,Ch'ien,753,France,Female,37.0,6,91893.32,1,0.0,1.0,82989.82,0
16635,15684952,Chidiegwu,723,Germany,Female,35.0,6,126426.27,1,0.0,0.0,103513.51,1
16636,15641122,Wei,684,France,Male,24.0,2,0.0,2,1.0,1.0,83473.82,0
16637,15673180,Onyekaozulu,727,Germany,Female,18.0,2,93816.7,1,1.0,1.0,126172.11,1
16638,15622443,Ojiofor,582,France,Female,32.0,3,0.0,2,1.0,1.0,137547.13,0
16639,15609510,Kang,657,France,Male,35.0,6,129734.3,2,1.0,1.0,173454.07,0
16640,15694125,McElhone,562,France,Male,41.0,1,0.0,2,1.0,1.0,46825.0,0
16641,15642816,Ch'iu,512,France,Female,40.0,6,97663.16,2,0.0,0.0,193209.15,0
16642,15586959,Nwabugwu,648,Spain,Male,47.0,8,0.0,1,1.0,1.0,158974.85,1
16643,15694209,McClinton,590,France,Female,34.0,0,0.0,1,1.0,1.0,160346.3,1
16644,15803801,Hsu,712,France,Male,33.0,9,0.0,1,1.0,0.0,184524.58,0
16645,15648075,Lucchesi,594,Germany,Male,37.0,4,132387.91,1,1.0,1.0,57975.8,0
16646,15693906,Abbott,565,France,Male,40.0,1,34547.82,1,1.0,1.0,11638.17,0
16647,15572021,Manna,573,Spain,Female,33.0,10,0.0,2,0.0,0.0,95837.35,0
16648,15658577,Yudin,652,France,Female,30.0,3,0.0,2,1.0,0.0,185561.89,0
16649,15574577,Kao,635,France,Female,29.0,8,0.0,2,1.0,1.0,156891.79,0
16650,15793694,Onyeoruru,633,Germany,Male,49.0,1,153573.99,1,1.0,0.0,101839.34,1
16651,15809837,Smith,691,France,Male,41.0,6,0.0,2,1.0,1.0,143686.37,0
16652,15747458,Iadanza,646,France,Male,28.0,3,0.0,2,0.0,1.0,86917.53,0
16653,15779176,Dike,602,Germany,Female,58.0,6,108888.24,1,0.0,1.0,135875.51,0
16654,15602979,Yobanna,685,France,Male,32.0,1,0.0,2,1.0,1.0,178028.96,0
16655,15733169,Onyemachukwu,731,France,Male,35.0,6,0.0,2,1.0,0.0,102908.91,0
16656,15810800,Baresi,667,France,Male,37.0,7,0.0,2,1.0,1.0,72462.73,0
16657,15758755,Beneventi,729,Germany,Male,34.0,9,132121.71,1,0.0,1.0,105409.31,1
16658,15683639,Martin,554,Spain,Female,45.0,2,0.0,2,1.0,0.0,183372.42,1
16659,15668886,Hsueh,678,France,Male,33.0,3,0.0,3,1.0,0.0,162482.01,1
16660,15759298,Shih,731,Spain,Male,27.0,8,134169.62,2,1.0,1.0,176730.02,0
16661,15654700,L?,599,Spain,Female,30.0,5,0.0,2,1.0,1.0,131712.54,0
16662,15675185,Okechukwu,592,Germany,Female,29.0,10,117864.87,1,0.0,0.0,136844.72,0
16663,15788224,Ebelechukwu,651,France,Female,30.0,8,0.0,2,0.0,1.0,183768.94,0
16664,15805637,McMillan,730,France,Male,52.0,5,0.0,3,0.0,1.0,96875.52,1
16665,15636520,Kao,692,France,Male,27.0,1,125547.53,1,0.0,0.0,7900.46,0
16666,15603594,Chia,653,Spain,Male,58.0,8,0.0,2,1.0,1.0,86699.98,0
16667,15581323,Kao,850,France,Male,26.0,5,145030.92,1,1.0,1.0,154486.01,0
16668,15784082,T'ao,606,Germany,Female,25.0,6,152301.29,1,1.0,1.0,127558.26,0
16669,15731032,Uspensky,751,Spain,Female,31.0,7,0.0,2,1.0,1.0,155796.75,0
16670,15636444,Lei,715,Germany,Male,30.0,7,75225.53,1,1.0,0.0,141364.27,0
16671,15582797,Manna,683,Spain,Male,38.0,10,0.0,2,1.0,0.0,141023.01,0
16672,15809823,McIntosh,628,France,Female,44.0,8,0.0,1,1.0,0.0,160172.42,1
16673,15753847,Higgins,583,France,Male,38.0,2,0.0,1,0.0,1.0,124596.63,0
16674,15815043,Quinones,705,Spain,Female,48.0,3,0.0,2,0.0,0.0,149772.61,0
16675,15759991,Ugochukwu,732,France,Male,38.0,6,0.0,2,1.0,1.0,135857.17,0
16676,15644849,Ch'ang,711,Germany,Male,37.0,7,104783.82,1,1.0,1.0,90983.68,0
16677,15803689,Maclean,551,France,Male,46.0,1,0.0,3,1.0,0.0,74564.41,1
16678,15678944,K'ung,732,Germany,Male,53.0,3,129845.26,1,1.0,0.0,199293.01,1
16679,15682639,Reyna,846,Spain,Male,39.0,0,0.0,1,1.0,0.0,160979.66,1
16680,15680068,Ts'ui,707,France,Male,33.0,8,0.0,2,1.0,0.0,52369.11,0
16681,15707963,Li Fonti,662,Germany,Female,49.0,1,104784.55,1,1.0,0.0,45610.58,1
16682,15724223,Bergamaschi,594,Germany,Female,58.0,1,104356.94,1,0.0,1.0,75562.47,1
16683,15682576,Liardet,850,France,Female,29.0,7,0.0,2,1.0,0.0,84300.4,0
16684,15575399,Conti,554,Germany,Male,37.0,6,92316.31,2,1.0,1.0,48869.67,0
16685,15594849,Pinto,686,France,Female,30.0,2,0.0,2,1.0,1.0,138882.25,0
16686,15747097,Hs?,635,France,Male,35.0,2,0.0,2,1.0,0.0,23598.23,0
16687,15662494,Hao,559,France,Male,50.0,6,0.0,1,1.0,1.0,123662.88,0
16688,15626147,Iloerika,485,Germany,Male,29.0,1,157955.37,2,1.0,1.0,66795.78,0
16689,15645463,Fanucci,547,Spain,Male,31.0,7,0.0,2,1.0,1.0,82662.73,0
16690,15774727,Monaldo,692,France,Male,34.0,9,0.0,1,1.0,1.0,91829.17,0
16691,15663942,Napolitani,610,France,Female,41.0,4,0.0,2,1.0,0.0,163563.07,0
16692,15723654,Onochie,718,Germany,Female,38.0,6,119963.88,2,1.0,0.0,57380.59,0
16693,15692750,Ku,738,France,Female,36.0,8,206329.65,1,1.0,1.0,46632.87,0
16694,15740383,T'ao,627,France,Male,39.0,4,0.0,2,1.0,0.0,72993.65,0
16695,15801169,Ozoemena,719,France,Female,35.0,8,156021.31,1,0.0,0.0,25803.59,0
16696,15754599,H?,748,France,Male,40.0,6,71269.89,1,1.0,0.0,92887.06,0
16697,15721462,Pugh,634,France,Male,34.0,8,0.0,2,0.0,0.0,166984.44,0
16698,15629603,Chuang,578,France,Female,34.0,2,161588.89,1,1.0,0.0,51358.66,1
16699,15604119,Tien,599,Spain,Male,43.0,1,0.0,2,1.0,1.0,118319.5,0
16700,15775116,Eluemuno,743,Germany,Male,38.0,2,143350.96,1,1.0,1.0,185555.66,0
16701,15702999,Padovano,687,Spain,Male,31.0,2,0.0,1,1.0,1.0,125439.22,0
16702,15591915,Fomin,679,France,Female,33.0,9,0.0,2,1.0,0.0,38296.21,0
16703,15749482,Toscano,604,Spain,Female,53.0,2,121389.78,1,1.0,1.0,48201.64,1
16704,15700366,Y?,646,France,Female,28.0,8,59877.24,1,0.0,1.0,141446.68,0
16705,15810460,Shih,683,France,Male,35.0,7,98668.79,1,1.0,0.0,92664.84,0
16706,15770174,Piazza,762,France,Male,29.0,6,141389.06,2,1.0,1.0,54122.89,0
16707,15784092,Chiu,624,Germany,Male,38.0,8,113882.6,1,1.0,0.0,75869.96,0
16708,15654067,Kao,644,France,Male,28.0,7,0.0,2,1.0,0.0,87067.73,0
16709,15744127,Chioke,628,France,Female,67.0,3,0.0,2,1.0,1.0,120138.17,0
16710,15735080,Frolova,613,Germany,Female,45.0,3,116933.96,4,1.0,0.0,174098.6,1
16711,15788131,Kao,836,Spain,Female,44.0,9,0.0,2,1.0,1.0,172576.51,1
16712,15604891,Zaytseva,548,Spain,Male,46.0,2,0.0,1,1.0,1.0,48505.1,1
16713,15573045,Nwokike,588,France,Male,42.0,8,0.0,1,1.0,1.0,161242.99,0
16714,15771535,Macnamara,624,France,Male,32.0,2,0.0,2,1.0,1.0,162599.51,0
16715,15778192,Pagnotto,698,France,Male,32.0,7,0.0,2,1.0,1.0,40315.03,0
16716,15667418,Macdonald,746,Germany,Female,32.0,7,105627.97,2,1.0,1.0,135067.97,0
16717,15745353,Ibezimako,707,Spain,Male,32.0,2,116848.74,1,1.0,0.0,176433.5,0
16718,15710383,Bazarova,597,France,Male,48.0,5,0.0,2,1.0,0.0,134876.13,1
16719,15623521,Sozonov,838,Germany,Female,43.0,9,123105.88,2,1.0,1.0,145765.83,1
16720,15606836,Bell,782,France,Male,33.0,2,94493.03,1,1.0,1.0,101866.39,0
16721,15690182,Manna,564,France,Male,30.0,3,0.0,2,1.0,1.0,27472.07,0
16722,15749671,Onyemauchechukwu,663,France,Male,40.0,8,0.0,2,1.0,0.0,86937.2,0
16723,15783882,Hsueh,757,Spain,Male,21.0,3,0.0,1,1.0,1.0,88838.14,0
16724,15767804,Galkina,617,France,Male,25.0,9,156880.69,2,1.0,1.0,96658.76,0
16725,15771636,Tung,540,Germany,Male,43.0,6,116881.7,2,1.0,0.0,172572.64,1
16726,15764841,Vidler,623,France,Female,35.0,0,130557.24,2,1.0,1.0,46864.0,0
16727,15709846,Yeh,840,France,Male,44.0,0,94968.97,1,1.0,0.0,84487.62,0
16728,15649024,Mazzi,681,France,Male,44.0,3,78539.84,1,1.0,0.0,61312.15,0
16729,15795737,McNaughtan,651,Spain,Female,47.0,3,0.0,2,1.0,1.0,107874.39,0
16730,15747168,Nkemjika,628,France,Male,45.0,7,0.0,2,0.0,1.0,10023.15,0
16731,15791958,Calabresi,753,Spain,Female,22.0,10,0.0,2,0.0,0.0,164966.85,0
16732,15657535,Macleod,483,Spain,Male,36.0,9,0.0,2,1.0,0.0,174311.3,0
16733,15693376,Zikoranachidimma,759,France,Female,35.0,6,0.0,2,1.0,1.0,61446.92,0
16734,15603465,Hs?,657,Spain,Male,26.0,10,0.0,2,1.0,1.0,145558.42,0
16735,15791533,Ch'in,367,Spain,Male,42.0,3,0.0,2,1.0,1.0,168816.73,0
16736,15794549,Yevseyev,562,France,Female,59.0,7,0.0,1,1.0,0.0,111402.97,1
16737,15786563,Milanesi,601,Germany,Male,40.0,5,104488.19,2,1.0,1.0,122219.24,0
16738,15682425,Chuang,763,Spain,Female,28.0,4,131413.65,1,1.0,1.0,182785.16,0
16739,15711446,Fyodorova,629,France,Female,47.0,6,0.0,1,1.0,1.0,145524.36,1
16740,15769308,Fiorentino,645,France,Male,32.0,7,0.0,2,1.0,1.0,81431.99,0
16741,15712608,Watson,678,France,Female,41.0,9,0.0,1,1.0,0.0,172576.43,1
16742,15694272,Hs?,635,France,Male,28.0,3,0.0,2,1.0,0.0,132418.59,0
16743,15651287,Uwaezuoke,655,France,Male,29.0,9,160576.17,1,1.0,0.0,162703.1,0
16744,15761149,Nkemakonam,598,France,Male,45.0,10,0.0,2,1.0,1.0,171490.57,0
16745,15763579,Ts'ai,673,France,Female,37.0,6,0.0,2,1.0,0.0,112104.55,0
16746,15775339,Yuriev,683,France,Male,26.0,3,103731.58,1,0.0,0.0,112585.18,0
16747,15677783,Tuan,725,France,Female,37.0,5,0.0,2,1.0,0.0,58465.84,0
16748,15679814,Yefremova,697,Spain,Male,40.0,3,0.0,1,1.0,1.0,151818.86,0
16749,15756992,Chukwukere,701,Germany,Male,37.0,5,107601.79,1,1.0,0.0,18922.18,0
16750,15576928,Clements,723,France,Female,29.0,0,0.0,2,1.0,1.0,142516.35,0
16751,15717898,Bruce,542,Spain,Male,32.0,2,131945.94,2,0.0,1.0,159737.56,0
16752,15603594,Ch'iu,591,Germany,Female,31.0,2,116968.91,2,1.0,1.0,141476.56,1
16753,15785559,Yobanna,623,Spain,Male,28.0,5,169915.35,1,1.0,0.0,71178.09,0
16754,15781405,Hsu,586,Spain,Female,28.0,2,0.0,2,1.0,0.0,143854.28,0
16755,15773949,Hsiung,637,France,Male,40.0,1,92350.85,1,1.0,0.0,125671.29,0
16756,15642394,Onyemauchechukwu,544,Spain,Male,37.0,7,0.0,2,1.0,1.0,1364.55,0
16757,15696834,Cone,530,France,Female,29.0,4,0.0,1,0.0,0.0,121451.21,1
16758,15658964,Ch'eng,659,Germany,Female,37.0,7,156580.62,1,1.0,1.0,115288.24,0
16759,15771543,Fisk,774,France,Female,49.0,1,172478.15,3,1.0,0.0,168816.23,1
16760,15682627,Shih,687,Spain,Female,35.0,3,0.0,2,1.0,1.0,81865.81,0
16761,15671789,Woods,603,France,Male,32.0,7,0.0,2,1.0,0.0,166720.28,0
16762,15792004,Okoli,646,France,Female,44.0,9,0.0,2,0.0,1.0,54474.48,0
16763,15719541,Flannagan,675,France,Male,38.0,7,89276.48,1,1.0,0.0,60270.87,0
16764,15593601,Hsing,697,Germany,Female,38.0,2,139756.12,2,0.0,1.0,135851.3,0
16765,15585768,Cameron,582,Germany,Male,51.0,6,70349.48,2,0.0,0.0,178074.04,1
16766,15753521,Chukwualuka,679,France,Male,41.0,3,0.0,2,1.0,1.0,1408.53,0
16767,15673371,Kao,706,France,Female,45.0,9,0.0,1,1.0,0.0,138882.5,1
16768,15635244,Macleod,850,France,Male,36.0,3,0.0,2,0.0,1.0,106826.92,0
16769,15664547,Maclean,688,France,Female,38.0,10,0.0,2,0.0,1.0,51387.8,0
16770,15642787,Rees,722,France,Female,32.0,4,0.0,1,1.0,0.0,113666.48,0
16771,15642710,Fenton,526,France,Male,37.0,6,0.0,2,1.0,1.0,161519.76,0
16772,15798429,Davidson,714,France,Male,20.0,2,0.0,2,1.0,0.0,132979.43,0
16773,15806945,Yobachi,614,France,Male,30.0,9,0.0,1,1.0,1.0,60721.4,0
16774,15707559,Mancini,738,France,Female,41.0,8,0.0,2,1.0,1.0,136985.89,0
16775,15802560,Obiajulu,591,France,Male,48.0,4,0.0,1,1.0,1.0,51871.95,1
16776,15585451,He,620,France,Female,44.0,8,0.0,1,0.0,0.0,197861.16,1
16777,15740458,Mault,596,France,Female,30.0,1,113000.92,2,1.0,1.0,136936.45,0
16778,15577423,Ch'eng,593,Germany,Male,34.0,2,123760.68,2,1.0,1.0,131301.74,0
16779,15675256,Ts'ui,555,Spain,Male,33.0,5,127343.4,1,1.0,1.0,121789.3,0
16780,15604577,Zetticci,581,Spain,Female,32.0,9,0.0,1,1.0,0.0,147964.37,0
16781,15718773,Uspensky,653,Spain,Male,36.0,5,0.0,2,1.0,0.0,138380.11,0
16782,15595726,Calabrese,556,Germany,Male,43.0,10,138843.8,2,1.0,1.0,158325.87,0
16783,15700383,T'ien,679,France,Male,33.0,1,120962.74,2,1.0,1.0,151955.66,0
16784,15692668,Mazzi,592,Spain,Female,37.0,4,123318.6,2,1.0,0.0,88866.74,0
16785,15615207,Yeh,792,Spain,Male,47.0,0,0.0,1,1.0,1.0,5557.88,0
16786,15668958,H?,673,France,Female,36.0,6,0.0,2,1.0,1.0,142514.66,0
16787,15592028,Yevseyev,659,Germany,Male,47.0,1,137714.25,2,1.0,0.0,80618.41,0
16788,15811579,Onyemere,599,France,Male,37.0,1,0.0,2,1.0,1.0,74949.36,0
16789,15583681,Ch'ang,652,Spain,Male,30.0,4,129022.06,1,1.0,0.0,166677.54,0
16790,15810593,Forbes,562,France,Male,32.0,3,0.0,2,1.0,0.0,45978.39,0
16791,15592583,Piazza,593,Germany,Male,31.0,6,139825.34,2,1.0,1.0,166677.35,0
16792,15582841,Y?an,609,France,Female,34.0,9,0.0,2,1.0,0.0,123499.98,0
16793,15773843,Erskine,596,France,Male,31.0,6,141173.97,1,1.0,1.0,92914.47,0
16794,15646942,Calabrese,472,Germany,Female,50.0,2,118098.62,1,1.0,0.0,100720.02,1
16795,15663939,Chia,579,Germany,Male,56.0,1,121406.04,2,1.0,1.0,143783.39,1
16796,15754569,Pagnotto,583,France,Female,64.0,1,0.0,2,0.0,1.0,5985.36,0
16797,15658822,Chimaobim,697,Germany,Female,41.0,10,133618.44,1,0.0,0.0,125870.78,1
16798,15589329,Pirozzi,775,France,Female,30.0,4,0.0,2,1.0,1.0,49337.84,0
16799,15727829,Clark,590,France,Female,41.0,7,0.0,2,1.0,1.0,167984.61,0
16800,15775804,Kao,495,France,Female,42.0,1,0.0,1,1.0,0.0,143931.16,1
16801,15764033,Onyekachi,616,Germany,Female,33.0,6,147906.44,2,1.0,0.0,162858.29,0
16802,15601659,Ifeanacho,698,France,Female,51.0,6,144237.91,4,1.0,0.0,157143.61,0
16803,15754577,Chineze,602,France,Male,41.0,7,0.0,1,1.0,0.0,25684.93,0
16804,15777585,Tsao,594,France,Male,39.0,9,71733.94,1,0.0,0.0,103787.39,0
16805,15581229,Johnson,628,Spain,Male,32.0,1,173340.83,1,0.0,0.0,122763.95,1
16806,15643394,Ting,717,France,Male,22.0,7,0.0,2,1.0,1.0,113481.01,0
16807,15808868,Lucchese,553,Spain,Female,40.0,7,119782.89,1,0.0,1.0,108645.85,0
16808,15634141,Yobachi,731,France,Male,36.0,10,131039.18,1,1.0,0.0,79240.9,0
16809,15782591,Genovese,715,France,Male,40.0,5,0.0,2,1.0,0.0,182262.66,0
16810,15665811,Onuora,573,France,Male,51.0,9,0.0,1,1.0,0.0,140889.12,1
16811,15668943,Henderson,635,Spain,Male,37.0,2,0.0,1,1.0,0.0,143194.05,0
16812,15596914,Nwankwo,587,Spain,Female,35.0,1,138721.85,1,1.0,1.0,177065.23,0
16813,15682528,Ch'eng,671,France,Male,51.0,8,131263.59,1,0.0,1.0,90881.02,0
16814,15648064,Ts'ui,557,France,Female,34.0,2,0.0,2,1.0,1.0,72925.16,0
16815,15718765,Maclean,501,Spain,Male,43.0,6,104533.24,1,0.0,0.0,81123.59,0
16816,15765173,Tang,748,France,Female,60.0,3,0.0,1,0.0,0.0,90055.08,1
16817,15786539,Hsiung,743,Germany,Male,35.0,6,102961.9,1,1.0,0.0,100433.83,1
16818,15802486,Yevseyev,585,Germany,Female,42.0,10,78833.15,2,1.0,0.0,158887.09,0
16819,15672053,Baresi,697,France,Male,39.0,1,0.0,1,1.0,0.0,133570.43,0
16820,15675328,Yefremova,705,Spain,Male,33.0,1,0.0,2,1.0,0.0,157549.6,0
16821,15604345,Teng,703,Germany,Female,34.0,1,97331.19,1,1.0,0.0,63717.49,0
16822,15743828,Nwabugwu,545,Spain,Male,27.0,1,0.0,2,1.0,1.0,97468.44,0
16823,15751336,Nwokeocha,704,France,Male,37.0,7,141404.64,1,1.0,1.0,26229.86,0
16824,15766686,Sal,561,France,Female,36.0,5,0.0,2,1.0,0.0,164253.35,0
16825,15764335,Nnonso,745,Spain,Male,44.0,4,121440.8,1,1.0,0.0,143030.46,0
16826,15672994,Nwora,792,Spain,Male,33.0,10,0.0,2,1.0,0.0,57553.53,0
16827,15785511,T'ien,659,France,Female,36.0,2,0.0,2,1.0,0.0,6078.27,0
16828,15642312,Obidimkpa,743,France,Female,28.0,3,0.0,2,1.0,1.0,81861.1,0
16829,15783487,Lai,588,Spain,Male,43.0,4,104753.04,1,0.0,0.0,109633.96,0
16830,15605284,Uchechukwu,850,France,Male,59.0,2,0.0,3,1.0,1.0,70563.9,1
16831,15611217,Onio,596,Germany,Male,34.0,8,105700.66,2,1.0,1.0,91347.56,0
16832,15718789,Chiu,474,France,Male,33.0,6,0.0,1,0.0,0.0,6078.46,0
16833,15618243,Mello,676,Spain,Female,25.0,9,0.0,2,0.0,0.0,143357.08,0
16834,15649450,T'ien,634,Spain,Male,37.0,4,172231.93,1,1.0,0.0,60721.4,0
16835,15741036,Hs?,687,France,Female,33.0,3,0.0,2,1.0,0.0,71776.97,0
16836,15761654,Bancroft,749,France,Female,50.0,8,132837.7,1,1.0,1.0,125870.75,0
16837,15716397,Ozerova,718,Germany,Female,41.0,7,136820.64,3,1.0,0.0,122268.61,1
16838,15671243,Rizzo,627,France,Female,48.0,4,0.0,2,1.0,0.0,85890.16,0
16839,15721208,Milani,649,Germany,Male,31.0,8,136624.6,1,0.0,1.0,133692.88,0
16840,15731519,Fyodorov,659,France,Male,32.0,1,0.0,2,1.0,1.0,130442.08,0
16841,15768881,Saunders,738,France,Male,29.0,2,0.0,2,1.0,0.0,170421.13,0
16842,15753362,Zito,605,Germany,Female,41.0,5,145962.0,1,1.0,1.0,115779.48,1
16843,15792329,T'ien,652,France,Female,41.0,6,0.0,2,1.0,1.0,182728.8,0
16844,15684147,Chizuoke,678,Germany,Male,40.0,5,117325.23,1,1.0,1.0,114006.35,1
16845,15766869,Kao,768,France,Female,25.0,7,146266.0,1,1.0,0.0,60686.4,0
16846,15673820,Woodward,678,France,Male,32.0,7,0.0,2,1.0,0.0,143450.61,0
16847,15758813,Okeke,627,France,Male,51.0,9,0.0,2,1.0,0.0,111324.41,1
16848,15814405,Chialuka,806,France,Female,32.0,2,92786.66,1,1.0,0.0,112104.55,0
16849,15750099,Marshall,731,France,Female,36.0,4,0.0,1,0.0,0.0,152128.36,1
16850,15576723,Ulyanov,727,Germany,Female,44.0,3,125889.3,2,1.0,1.0,138615.32,1
16851,15756926,Ritchie,758,Spain,Female,33.0,2,151553.17,1,1.0,1.0,61936.1,0
16852,15767781,Genovese,635,France,Female,31.0,7,0.0,2,0.0,1.0,142517.31,0
16853,15673847,Chinedum,569,France,Female,31.0,10,160599.06,1,0.0,1.0,162734.31,0
16854,15587562,Fanucci,476,France,Male,38.0,1,0.0,2,1.0,0.0,104719.41,0
16855,15582129,Hsia,517,France,Male,62.0,1,0.0,3,1.0,0.0,187756.24,1
16856,15656825,Hsieh,705,France,Female,45.0,9,0.0,2,0.0,0.0,156774.82,0
16857,15671766,Vida,593,Germany,Female,39.0,1,62482.95,1,1.0,1.0,102758.43,0
16858,15770345,Dyer,712,Spain,Female,60.0,8,0.0,2,1.0,1.0,67323.36,0
16859,15581840,Okechukwu,635,France,Female,50.0,2,141434.04,1,1.0,0.0,118929.64,0
16860,15723856,Hs?,624,Spain,Male,33.0,2,0.0,1,1.0,0.0,161344.13,0
16861,15743828,Stevens,439,France,Female,41.0,2,0.0,1,1.0,1.0,56850.92,0
16862,15703541,Nwokezuike,727,France,Male,56.0,6,123593.29,1,1.0,0.0,103716.05,1
16863,15757981,Loggia,748,Spain,Male,40.0,2,0.0,1,0.0,1.0,115022.94,0
16864,15808868,Zaytseva,639,France,Female,40.0,8,0.0,1,0.0,0.0,38984.88,1
16865,15773829,Lo,693,Spain,Male,34.0,9,0.0,1,0.0,0.0,185547.04,0
16866,15799720,Coburn,535,France,Male,43.0,8,161546.68,2,0.0,1.0,178187.28,0
16867,15573319,Chigozie,695,France,Male,37.0,1,122347.31,1,1.0,1.0,62449.99,0
16868,15602994,Balsillie,675,France,Male,31.0,10,0.0,1,0.0,0.0,40467.82,0
16869,15705953,Pagnotto,774,France,Female,42.0,2,0.0,2,1.0,1.0,67553.98,0
16870,15672132,Butusov,677,France,Female,34.0,3,0.0,2,1.0,0.0,46374.64,0
16871,15675380,Kudryashova,687,Germany,Male,29.0,4,132576.24,2,0.0,0.0,152749.94,0
16872,15776467,Okwudiliolisa,488,Germany,Female,35.0,8,148045.45,2,0.0,1.0,174815.85,0
16873,15777901,Okechukwu,647,Spain,Female,38.0,5,0.0,2,1.0,1.0,131662.47,0
16874,15743538,T'ien,519,France,Male,22.0,1,0.0,2,0.0,1.0,113557.7,0
16875,15758031,Hao,743,Germany,Male,34.0,7,121525.65,2,0.0,1.0,137959.06,0
16876,15598175,Pinto,717,Germany,Female,40.0,6,97092.87,1,0.0,0.0,60920.03,1
16877,15682463,White,535,Germany,Female,38.0,1,105760.02,1,0.0,1.0,69586.29,0
16878,15581549,Nwachinemelu,807,France,Male,43.0,2,0.0,2,1.0,0.0,172498.71,0
16879,15594577,L?,738,France,Male,36.0,6,0.0,2,1.0,0.0,103901.27,0
16880,15618243,Chibuzo,615,France,Male,56.0,4,0.0,1,1.0,0.0,36687.11,1
16881,15640257,Mazzi,704,France,Female,34.0,3,0.0,2,1.0,1.0,171037.63,0
16882,15796959,Ch'ien,611,France,Female,42.0,8,154870.31,1,1.0,0.0,119348.56,1
16883,15751775,Chukwufumnanya,646,Germany,Male,42.0,8,143566.3,2,1.0,1.0,171922.92,0
16884,15813095,Nwebube,553,France,Male,30.0,2,0.0,2,1.0,0.0,33877.29,0
16885,15737605,Ts'ui,635,France,Male,28.0,5,0.0,2,1.0,1.0,173844.89,0
16886,15796958,Shao,663,Spain,Male,35.0,9,139432.37,1,1.0,1.0,158054.49,0
16887,15809137,Sagese,663,France,Female,37.0,6,0.0,1,1.0,0.0,198376.02,0
16888,15578865,Hao,697,Spain,Male,37.0,3,0.0,2,1.0,1.0,93717.55,0
16889,15648735,Cashin,711,France,Male,26.0,9,0.0,2,0.0,1.0,142.81,0
16890,15590810,Hs?,741,France,Female,34.0,9,0.0,1,1.0,0.0,129895.39,0
16891,15787593,Palerma,516,France,Female,41.0,9,0.0,1,1.0,0.0,106040.22,0
16892,15571655,T'ien,681,France,Male,28.0,3,0.0,2,1.0,1.0,77500.68,0
16893,15720676,Bukowski,733,France,Female,37.0,7,170241.7,2,1.0,1.0,175161.05,0
16894,15571756,Yeh,586,France,Male,27.0,1,0.0,2,1.0,0.0,173837.54,0
16895,15641585,Ts'ui,705,Spain,Female,29.0,2,0.0,2,1.0,0.0,121408.46,0
16896,15689268,Olisaemeka,571,France,Male,24.0,2,0.0,1,1.0,0.0,131886.46,0
16897,15641835,Ts'ao,642,France,Female,37.0,3,141581.71,1,1.0,1.0,59961.81,0
16898,15603594,Nnaife,691,France,Male,46.0,3,0.0,1,1.0,0.0,171378.77,1
16899,15702744,Nwachinemelu,585,Germany,Female,58.0,1,151755.63,2,1.0,1.0,162697.08,0
16900,15574795,Hao,686,France,Female,52.0,4,0.0,1,0.0,1.0,85937.53,1
16901,15687952,Nickson,559,France,Female,57.0,0,163548.4,1,1.0,1.0,92888.56,1
16902,15643967,Y?an,727,France,Female,35.0,4,0.0,1,1.0,1.0,166694.93,1
16903,15580144,Manna,699,France,Female,23.0,5,114931.36,1,0.0,1.0,117031.2,0
16904,15620268,Thomson,495,Germany,Male,43.0,3,212696.32,1,1.0,0.0,115268.86,0
16905,15572022,Kibble,599,France,Male,34.0,3,106344.95,1,1.0,1.0,94739.2,0
16906,15763616,Hao,676,France,Male,35.0,2,0.0,2,1.0,1.0,148799.78,0
16907,15652218,Tien,705,Germany,Female,39.0,4,104848.68,1,1.0,0.0,125877.22,1
16908,15778089,Stevenson,644,France,Male,37.0,6,0.0,2,0.0,0.0,135067.02,0
16909,15592091,Pisano,669,France,Female,36.0,3,0.0,2,1.0,0.0,52484.01,0
16910,15583392,Hs?,704,France,Female,40.0,8,0.0,1,0.0,0.0,81602.02,1
16911,15702566,Genovesi,738,France,Male,40.0,5,0.0,2,1.0,1.0,157549.29,0
16912,15636684,Gorman,816,France,Male,46.0,0,125584.17,2,1.0,1.0,141806.34,0
16913,15599078,Kao,577,France,Male,33.0,8,137852.26,1,1.0,0.0,94711.73,0
16914,15731522,Cremonesi,685,Spain,Female,38.0,8,130878.75,1,1.0,0.0,52404.47,0
16915,15593546,Nwachinemelu,606,Germany,Male,24.0,6,129776.72,1,0.0,0.0,73585.18,0
16916,15789939,Yegorov,669,Germany,Male,48.0,9,130795.52,2,1.0,0.0,76569.64,0
16917,15603082,Yashina,701,France,Male,41.0,5,0.0,2,1.0,0.0,61961.57,1
16918,15781589,Ebelegbulam,603,Spain,Female,41.0,6,123681.32,2,1.0,1.0,139410.08,0
16919,15654409,Hsia,662,Spain,Female,35.0,6,0.0,2,1.0,1.0,163331.65,0
16920,15747649,Summerville,558,Germany,Male,36.0,0,126606.63,2,1.0,1.0,172363.41,0
16921,15745250,Lo,636,Germany,Male,29.0,9,144896.75,1,1.0,1.0,167822.64,0
16922,15572361,Uspenskaya,540,Germany,Male,31.0,6,116585.85,1,1.0,0.0,28805.09,0
16923,15667588,Ritchie,706,France,Female,35.0,7,0.0,2,1.0,0.0,157096.49,0
16924,15589401,Chuang,534,Germany,Male,40.0,9,118636.92,1,1.0,1.0,73551.44,0
16925,15773576,Tsai,632,Spain,Male,59.0,2,0.0,1,1.0,0.0,173612.05,1
16926,15604963,Martin,621,France,Male,35.0,2,0.0,2,1.0,0.0,172646.88,0
16927,15749300,Tsai,669,France,Female,44.0,3,111060.05,1,0.0,0.0,145580.97,1
16928,15677557,Lucchese,743,France,Female,71.0,10,0.0,2,1.0,1.0,40774.02,0
16929,15800746,Chukwukadibia,807,Spain,Male,29.0,7,109052.04,1,1.0,0.0,169915.02,0
16930,15775562,Shoobridge,686,France,Female,33.0,4,0.0,2,1.0,0.0,126962.41,0
16931,15815443,Lo,526,France,Female,26.0,2,0.0,1,1.0,0.0,54947.51,1
16932,15691703,Hsing,738,France,Male,34.0,6,0.0,1,0.0,1.0,176763.27,1
16933,15587541,Yefremova,807,Spain,Female,34.0,9,0.0,2,1.0,0.0,60905.36,0
16934,15673599,Ch'iu,684,Germany,Male,48.0,8,102540.61,1,1.0,0.0,133617.57,1
16935,15585835,Chukwualuka,559,Germany,Male,46.0,6,134896.03,1,1.0,0.0,135078.02,1
16936,15773731,Whitehead,733,France,Male,28.0,10,0.0,2,1.0,1.0,143598.7,0
16937,15719348,Lettiere,726,Spain,Male,37.0,8,0.0,1,1.0,1.0,97798.16,0
16938,15676810,T'ang,661,France,Male,29.0,1,118577.24,1,1.0,1.0,15336.4,0
16939,15744109,Pirozzi,633,Spain,Female,29.0,6,0.0,2,1.0,1.0,71672.56,0
16940,15692235,Bellucci,750,France,Male,38.0,1,0.0,2,1.0,1.0,47764.99,0
16941,15673578,Page,611,Germany,Female,40.0,7,128486.91,2,1.0,1.0,10109.47,0
16942,15706464,Ch'ien,705,France,Male,37.0,7,96888.39,1,1.0,0.0,14081.64,0
16943,15774936,Liang,580,Germany,Male,41.0,6,143350.41,1,1.0,1.0,192070.16,0
16944,15674880,Kao,729,Spain,Male,32.0,7,0.0,2,0.0,1.0,50249.16,0
16945,15730353,Bovee,686,Spain,Female,41.0,7,0.0,2,1.0,1.0,141872.07,0
16946,15674860,Tuan,539,France,Female,39.0,9,0.0,3,1.0,0.0,132460.21,1
16947,15808526,Cartwright,645,Germany,Male,58.0,3,127539.3,2,1.0,1.0,96590.39,0
16948,15617206,Lu,613,France,Female,31.0,9,131657.66,4,0.0,0.0,4989.77,1
16949,15600992,L?,577,France,Female,39.0,5,0.0,2,1.0,1.0,162599.27,0
16950,15704770,H?,679,France,Female,42.0,5,0.0,2,1.0,1.0,122433.09,0
16951,15761453,Kovalev,705,France,Male,44.0,3,0.0,2,1.0,0.0,68860.3,0
16952,15747808,Genovese,658,France,Female,34.0,2,0.0,2,0.0,0.0,181204.63,1
16953,15692430,Milano,576,France,Male,36.0,2,123601.56,2,0.0,1.0,103557.85,0
16954,15794916,Ts'ao,539,France,Female,25.0,3,0.0,2,1.0,1.0,81409.0,0
16955,15581811,Chidozie,678,Germany,Female,30.0,1,139676.95,1,0.0,1.0,16146.0,0
16956,15772421,Liao,590,Germany,Male,30.0,1,128927.93,1,1.0,1.0,2850.01,0
16957,15748649,Shen,594,France,Female,34.0,6,142658.04,1,1.0,0.0,124052.97,0
16958,15706764,Higgins,562,France,Female,35.0,3,80964.57,1,1.0,0.0,27758.36,0
16959,15682454,Walker,706,Germany,Male,33.0,3,144961.97,2,1.0,0.0,177065.24,1
16960,15642812,Mazzanti,706,France,Female,65.0,7,0.0,2,1.0,1.0,139435.21,1
16961,15791321,Olisaemeka,589,France,Female,38.0,2,0.0,2,1.0,1.0,52861.89,0
16962,15768233,Jenkins,537,Germany,Female,47.0,4,145215.43,1,1.0,0.0,166476.95,1
16963,15615176,Welsh,756,France,Male,26.0,7,0.0,1,1.0,1.0,154364.66,0
16964,15742854,Bailey,729,Spain,Female,66.0,7,122384.22,2,1.0,1.0,65758.19,0
16965,15667932,Bellucci,758,Spain,Female,38.0,3,0.0,2,1.0,1.0,55313.44,0
16966,15660101,Hsueh,662,France,Male,38.0,5,187997.15,1,0.0,1.0,33964.03,0
16967,15593499,Pisano,588,France,Male,33.0,5,0.0,2,1.0,1.0,65675.47,0
16968,15782456,Odili,661,France,Female,46.0,9,0.0,2,1.0,0.0,193021.49,0
16969,15572762,Gibson,678,Germany,Female,36.0,8,158266.42,2,1.0,1.0,133692.88,1
16970,15736302,Folliero,699,Germany,Female,39.0,0,139493.54,2,1.0,1.0,113481.97,0
16971,15585388,Sherman,660,Germany,Male,31.0,9,125189.75,2,0.0,1.0,139874.43,1
16972,15758513,McDonald,539,France,Male,39.0,7,0.0,2,0.0,0.0,52534.81,0
16973,15723053,Mazzanti,635,Germany,Female,42.0,10,132038.28,2,1.0,1.0,141135.16,0
16974,15680587,Ch'en,684,France,Female,38.0,8,141535.52,1,1.0,0.0,166677.35,0
16975,15730397,Nwokezuike,648,France,Male,34.0,7,0.0,2,1.0,1.0,62700.32,0
16976,15803524,Kornilova,682,France,Male,57.0,9,0.0,2,1.0,0.0,126812.63,1
16977,15650864,Trevisano,561,France,Male,41.0,7,0.0,1,1.0,1.0,160810.47,0
16978,15789865,Pagnotto,699,Spain,Male,35.0,6,0.0,2,1.0,1.0,141872.04,0
16979,15606861,Tien,710,France,Male,34.0,9,0.0,2,1.0,0.0,38570.13,0
16980,15700714,Hollis,747,France,Male,40.0,1,0.0,3,1.0,1.0,141706.43,1
16981,15734987,H?,596,France,Male,19.0,4,0.0,2,0.0,0.0,140166.95,0
16982,15679760,Hsiung,578,France,Male,27.0,3,81241.45,1,1.0,0.0,179655.85,0
16983,15682465,Olisaemeka,661,France,Male,45.0,9,0.0,2,0.0,1.0,118022.93,0
16984,15635277,Zhirov,613,France,Male,40.0,2,0.0,1,1.0,0.0,99843.98,1
16985,15782778,Chuang,521,Spain,Male,33.0,7,0.0,2,1.0,1.0,120880.69,0
16986,15624374,Maclean,616,France,Male,28.0,9,0.0,2,0.0,0.0,2151.17,0
16987,15627665,Sung,614,France,Male,46.0,0,0.0,1,1.0,1.0,74379.57,0
16988,15727408,Hsia,593,Spain,Female,38.0,1,0.0,1,1.0,0.0,64511.24,0
16989,15595883,O'Brien,628,France,Female,39.0,8,113174.21,1,1.0,1.0,177772.03,0
16990,15649060,Chia,580,Germany,Male,36.0,2,172381.8,2,0.0,0.0,61240.87,1
16991,15762682,P'an,709,Spain,Male,46.0,4,0.0,2,1.0,1.0,71862.79,0
16992,15690796,Nucci,505,Germany,Female,47.0,6,102724.4,2,1.0,1.0,133801.41,0
16993,15762045,Ch'en,807,France,Male,36.0,3,125961.74,1,1.0,1.0,136050.44,0
16994,15768137,Kerr,623,France,Female,37.0,2,0.0,2,0.0,1.0,116971.05,0
16995,15659325,Trevisani,727,Germany,Female,37.0,4,150561.03,2,1.0,1.0,93524.19,0
16996,15673747,Ayers,778,France,Female,22.0,8,0.0,1,0.0,1.0,167553.06,0
16997,15723706,Tuan,649,France,Female,31.0,8,89847.61,2,1.0,0.0,141856.55,0
16998,15602844,Udobata,682,France,Male,37.0,6,121818.84,2,1.0,0.0,63833.09,0
16999,15682655,Onyekaozulu,790,France,Male,40.0,6,154983.99,1,0.0,1.0,179866.69,0
17000,15684592,Mitchell,602,Spain,Male,35.0,8,0.0,2,0.0,0.0,64050.19,0
17001,15801293,Chiemenam,628,France,Male,32.0,1,172646.72,1,0.0,1.0,159891.03,0
17002,15757911,Macdonald,592,Spain,Female,26.0,8,0.0,2,0.0,0.0,48869.89,0
17003,15590820,Yobachukwu,743,Germany,Female,61.0,2,121542.57,1,1.0,1.0,142548.33,1
17004,15702434,Onwuamaegbu,659,France,Male,58.0,9,142711.52,1,1.0,0.0,90194.35,0
17005,15605826,Lo Duca,757,Spain,Female,34.0,10,0.0,2,1.0,1.0,174027.3,0
17006,15592877,Onyemachukwu,561,France,Male,40.0,6,66483.32,2,1.0,1.0,174431.01,0
17007,15579617,Sinclair,518,France,Female,38.0,3,90957.81,1,0.0,1.0,162304.59,0
17008,15638068,P'eng,708,Germany,Male,41.0,7,145860.98,1,1.0,1.0,52314.71,0
17009,15630441,Scott,724,Spain,Male,32.0,4,0.0,2,0.0,0.0,183568.12,0
17010,15686958,Piazza,663,France,Male,33.0,6,0.0,1,1.0,1.0,181605.85,0
17011,15662662,K'ung,704,France,Male,34.0,8,0.0,2,1.0,1.0,59865.85,0
17012,15697307,Nnachetam,588,Spain,Male,26.0,7,0.0,1,1.0,0.0,79078.91,0
17013,15768495,Chukwufumnanya,704,Germany,Male,26.0,2,162532.75,2,1.0,0.0,105986.38,0
17014,15622494,Olisaemeka,587,France,Female,39.0,3,0.0,2,1.0,0.0,141501.45,0
17015,15813192,Chukwuemeka,494,France,Male,25.0,2,0.0,2,1.0,1.0,109988.09,0
17016,15768219,Y?,613,Germany,Female,44.0,1,145737.32,1,1.0,0.0,100615.14,0
17017,15769991,O'Loughlin,625,Germany,Male,36.0,7,126820.68,1,1.0,0.0,159123.69,1
17018,15605327,Palerma,712,Spain,Male,33.0,7,98640.74,1,1.0,1.0,38550.4,0
17019,15643438,Yudin,521,Spain,Female,36.0,8,0.0,2,1.0,1.0,152876.99,0
17020,15620557,Smith,549,Germany,Male,33.0,9,157841.52,1,0.0,0.0,74850.88,1
17021,15716357,Iheatu,667,Germany,Male,60.0,9,124593.23,1,0.0,0.0,171045.38,1
17022,15730688,Y?,666,France,Male,34.0,4,0.0,2,0.0,0.0,61820.41,0
17023,15645355,Macleod,753,Germany,Male,34.0,4,126729.41,1,1.0,0.0,26106.39,0
17024,15606801,Iweobiegbunam,633,Germany,Female,29.0,3,114439.76,2,1.0,0.0,138536.36,0
17025,15792668,Mazzi,564,France,Female,38.0,9,0.0,1,0.0,0.0,158916.71,0
17026,15591036,Brown,684,France,Male,23.0,7,0.0,2,1.0,0.0,184524.65,0
17027,15725478,Manna,679,France,Male,40.0,7,0.0,2,1.0,1.0,113046.81,0
17028,15583090,Komar,581,Spain,Female,29.0,8,0.0,1,0.0,0.0,46735.19,0
17029,15642098,Onwuamaeze,716,Germany,Female,56.0,1,119266.69,1,1.0,1.0,89822.48,1
17030,15757895,Y?an,682,France,Male,30.0,10,0.0,1,1.0,1.0,94875.84,0
17031,15726494,Yobachukwu,850,France,Female,42.0,4,167735.69,1,0.0,0.0,47318.78,0
17032,15622454,Hsueh,535,Germany,Male,39.0,10,117866.92,2,0.0,0.0,161671.15,1
17033,15585241,Nwankwo,633,France,Female,48.0,3,0.0,1,0.0,0.0,171046.85,1
17034,15742091,T'ien,581,France,Male,35.0,1,0.0,1,1.0,1.0,140745.91,1
17035,15702968,Tsao,683,Spain,Male,32.0,0,121342.24,1,1.0,1.0,152643.48,0
17036,15700714,Okwuadigbo,578,France,Male,40.0,9,120124.35,2,1.0,0.0,168607.74,0
17037,15642515,Ch'eng,705,France,Male,33.0,1,124037.28,1,1.0,0.0,142223.94,0
17038,15777056,Palermo,561,Germany,Female,39.0,0,145973.46,2,1.0,0.0,58965.89,0
17039,15633574,Montes,517,France,Female,41.0,8,128262.72,2,1.0,0.0,122960.98,0
17040,15641655,Ts'ao,642,Spain,Female,24.0,6,0.0,2,1.0,1.0,66977.68,0
17041,15582325,Ozioma,593,Spain,Male,39.0,4,0.0,2,1.0,0.0,89666.28,0
17042,15785542,Kornilova,572,Germany,Male,26.0,4,118287.01,1,0.0,1.0,60427.3,1
17043,15759038,Gboliwe,665,Spain,Male,39.0,5,0.0,1,1.0,0.0,102665.57,1
17044,15649060,Chukwujekwu,615,France,Male,24.0,0,0.0,2,1.0,0.0,5984.4,0
17045,15774127,Ts'ui,745,France,Female,33.0,7,102085.72,1,1.0,1.0,119782.2,1
17046,15683483,Hansen,656,France,Female,32.0,3,0.0,2,1.0,0.0,82634.41,0
17047,15668830,Wan,724,France,Male,29.0,5,0.0,2,1.0,1.0,60721.4,0
17048,15773876,Tuan,543,France,Male,44.0,7,0.0,1,1.0,1.0,93769.89,0
17049,15572398,Maclean,605,France,Male,43.0,7,0.0,1,1.0,0.0,142670.8,0
17050,15784733,Hsia,667,France,Male,33.0,2,0.0,2,1.0,1.0,705.26,0
17051,15702434,Fiorentini,624,France,Male,32.0,7,0.0,1,1.0,0.0,116957.6,0
17052,15676910,Frolova,762,Spain,Female,38.0,0,0.0,2,1.0,1.0,138700.91,0
17053,15671139,Brizendine,694,Germany,Male,39.0,2,97331.19,1,1.0,0.0,102284.2,0
17054,15674765,Chiekwugo,634,Germany,Male,20.0,2,123816.17,2,1.0,1.0,113557.3,0
17055,15655903,Michael,701,Spain,Female,34.0,6,107980.37,2,1.0,1.0,119374.74,0
17056,15642934,Tung,639,France,Female,29.0,8,0.0,2,1.0,0.0,23237.25,0
17057,15579548,Hao,593,France,Female,35.0,3,105616.97,2,1.0,1.0,180598.86,0
17058,15721793,Chiu,510,Germany,Female,50.0,7,123936.54,1,1.0,0.0,23768.01,1
17059,15603036,Chizuoke,616,France,Male,44.0,2,146781.32,1,0.0,1.0,129964.81,0
17060,15801767,Yin,684,France,Female,40.0,8,0.0,2,1.0,0.0,108891.3,0
17061,15691061,Rapuokwu,756,France,Female,37.0,9,0.0,2,1.0,1.0,73225.31,1
17062,15694958,Maclean,757,France,Female,33.0,6,113348.5,1,0.0,1.0,162501.83,0
17063,15609254,Udobata,521,Spain,Male,40.0,10,120107.56,1,1.0,1.0,120219.14,0
17064,15736146,Y?,633,France,Male,36.0,4,145553.76,1,1.0,1.0,1173.46,0
17065,15681206,Tsao,636,France,Female,33.0,8,122550.05,2,1.0,0.0,144874.67,1
17066,15598892,Hsia,621,Germany,Female,37.0,3,131354.25,1,1.0,0.0,177614.17,1
17067,15793331,Ch'ang,607,Germany,Male,55.0,3,117413.85,1,1.0,1.0,53420.78,0
17068,15775294,Weber,692,France,Male,33.0,2,0.0,1,1.0,0.0,91829.17,0
17069,15757916,Tuan,607,Spain,Female,39.0,8,0.0,1,1.0,0.0,121747.96,0
17070,15762418,Mancini,713,Germany,Female,48.0,5,164948.98,3,1.0,0.0,149457.81,1
17071,15735025,Houghton,634,Germany,Female,35.0,7,161591.11,1,1.0,0.0,113860.81,0
17072,15679429,Bell,646,France,Male,32.0,0,91956.49,1,1.0,1.0,59961.81,0
17073,15691840,Ejimofor,554,France,Female,38.0,1,0.0,2,1.0,0.0,57553.62,0
17074,15686963,Y?,753,Spain,Male,41.0,6,132934.89,1,1.0,0.0,179451.42,0
17075,15796074,Lucciano,678,France,Male,55.0,7,0.0,2,1.0,0.0,93901.61,0
17076,15637954,Brazenor,562,France,Male,29.0,9,0.0,1,1.0,1.0,58632.37,0
17077,15605276,Brothers,613,France,Male,38.0,4,0.0,2,1.0,1.0,180066.59,0
17078,15684722,Fraser,757,Germany,Female,35.0,6,122952.9,2,0.0,1.0,154360.97,0
17079,15776629,White,551,France,Male,49.0,7,127678.8,1,0.0,0.0,152723.23,1
17080,15783865,T'ien,716,France,Male,25.0,7,132730.49,1,1.0,1.0,121557.75,0
17081,15648032,Young,678,France,Male,37.0,2,0.0,2,1.0,1.0,187816.59,0
17082,15594878,Okwudilichukwu,726,France,Male,43.0,8,0.0,2,1.0,1.0,88698.07,0
17083,15771540,Fedorova,693,France,Male,38.0,9,148912.44,1,0.0,1.0,80416.16,0
17084,15654562,Nkemakonam,592,Germany,Female,37.0,3,120911.75,1,1.0,0.0,92816.86,0
17085,15591150,Pinto,567,Germany,Female,45.0,3,116711.06,1,1.0,0.0,167522.19,1
17086,15649668,Wilhelm,637,Spain,Female,36.0,10,145750.45,2,1.0,1.0,96660.76,0
17087,15783883,Trevisano,729,France,Male,47.0,10,0.0,2,1.0,1.0,158024.1,0
17088,15795737,She,646,Germany,Female,51.0,8,148962.46,1,1.0,1.0,107961.11,0
17089,15569572,Ch'ien,586,Germany,Male,33.0,3,185534.19,2,1.0,1.0,158048.52,0
17090,15749693,Milani,643,France,Female,40.0,5,132084.66,1,0.0,1.0,125889.02,1
17091,15743532,Onyekachukwu,705,Germany,Female,31.0,4,107712.57,2,1.0,0.0,174434.06,0
17092,15809909,Teng,683,France,Female,48.0,7,0.0,3,1.0,0.0,97623.42,1
17093,15672798,O'Brien,656,France,Female,45.0,1,145933.27,1,1.0,1.0,199392.14,0
17094,15669987,Uwaezuoke,678,France,Male,29.0,3,0.0,2,1.0,0.0,131807.14,0
17095,15578908,Walker,785,Germany,Female,33.0,2,140510.89,2,1.0,0.0,173632.92,0
17096,15769312,Toth,717,Germany,Female,29.0,3,119912.46,1,1.0,0.0,143357.02,0
17097,15734850,Ts'ao,527,Germany,Male,34.0,1,96019.5,3,1.0,1.0,155786.57,1
17098,15793881,T'ien,706,Spain,Female,37.0,1,0.0,2,1.0,0.0,185543.35,0
17099,15749946,Baryshnikov,605,Germany,Female,48.0,9,112414.81,2,1.0,0.0,55701.62,1
17100,15602934,Dunn,452,France,Female,34.0,6,131698.57,2,0.0,1.0,151645.96,0
17101,15809826,Chukwufumnanya,623,France,Male,26.0,1,0.0,2,1.0,0.0,39382.06,0
17102,15572801,Folliero,628,France,Female,45.0,9,0.0,2,0.0,1.0,125898.39,0
17103,15635502,Ponce,584,France,Female,64.0,2,0.0,2,1.0,0.0,174738.71,1
17104,15571549,Lo,711,Spain,Male,43.0,7,133871.1,1,0.0,0.0,119313.76,0
17105,15747597,Y?,579,France,Female,49.0,4,0.0,1,1.0,0.0,106660.08,1
17106,15585836,Hsueh,755,France,Male,36.0,9,127637.38,1,1.0,1.0,86570.28,0
17107,15591698,Cremonesi,633,France,Male,28.0,10,0.0,2,1.0,1.0,171519.06,0
17108,15572390,Hsiao,667,France,Female,32.0,2,0.0,2,1.0,1.0,158071.69,0
17109,15757921,Onyemauchechukwu,584,Spain,Male,36.0,3,0.0,1,1.0,0.0,145575.36,1
17110,15581811,Baresi,724,France,Female,28.0,5,0.0,2,1.0,0.0,164741.5,0
17111,15772991,Fiorentino,683,Spain,Female,31.0,8,0.0,2,1.0,0.0,143783.07,1
17112,15676526,Babbage,712,France,Male,29.0,7,0.0,2,1.0,0.0,179834.45,0
17113,15793854,Shih,588,Germany,Female,40.0,8,103741.14,3,0.0,0.0,148516.79,1
17114,15574237,Hsueh,588,Spain,Female,21.0,8,0.0,2,1.0,1.0,110114.19,0
17115,15773017,Nnachetam,682,Spain,Male,27.0,6,138523.17,1,1.0,1.0,120853.82,0
17116,15608846,Chijindum,597,Germany,Male,38.0,6,116968.91,2,1.0,1.0,26170.08,1
17117,15583568,Gartrell,594,Spain,Male,33.0,5,0.0,2,0.0,1.0,122950.56,0
17118,15760849,Nwachukwu,738,France,Female,36.0,5,0.0,2,1.0,0.0,17696.22,0
17119,15591267,Simmons,549,France,Male,20.0,4,79858.13,1,1.0,0.0,31728.35,0
17120,15705521,T'ien,724,Germany,Male,56.0,3,122703.5,1,1.0,1.0,155792.82,1
17121,15672912,Hsia,582,Spain,Female,29.0,8,153040.83,1,1.0,0.0,91560.63,0
17122,15593900,Ts'ao,684,France,Female,38.0,1,0.0,1,1.0,1.0,98820.09,0
17123,15569917,Kuo,495,Germany,Female,40.0,4,137946.39,1,0.0,0.0,161657.57,0
17124,15570299,Martin,584,Germany,Female,37.0,6,152622.34,1,1.0,1.0,99298.8,0
17125,15752507,Bruce,593,Spain,Male,44.0,3,97392.18,1,1.0,1.0,55347.28,0
17126,15577905,Cattaneo,716,France,Male,38.0,4,131645.17,1,1.0,1.0,103604.96,0
17127,15683826,Chukwuemeka,627,Germany,Male,52.0,9,116537.96,1,1.0,0.0,166038.01,1
17128,15737521,Chukwueloka,767,Germany,Male,36.0,2,106967.28,1,0.0,0.0,68860.3,0
17129,15723907,Lawless,712,Spain,Female,52.0,7,154776.42,1,0.0,0.0,196257.68,0
17130,15775709,Ibezimako,678,France,Female,37.0,6,105525.04,1,1.0,0.0,93901.61,0
17131,15734524,Wang,646,France,Male,29.0,4,0.0,2,1.0,0.0,170426.65,0
17132,15725169,Castiglione,526,Germany,Male,32.0,9,124233.24,1,1.0,1.0,159456.87,0
17133,15641575,K?,748,France,Male,46.0,4,0.0,2,1.0,1.0,149457.81,0
17134,15613787,Chidubem,505,France,Male,35.0,8,116932.59,1,1.0,0.0,91092.84,1
17135,15646969,Anayolisa,676,Spain,Male,33.0,2,0.0,2,1.0,1.0,176921.0,0
17136,15809823,Chukwudi,807,France,Female,29.0,7,0.0,2,0.0,1.0,137523.01,0
17137,15630147,Ch'in,652,Spain,Male,36.0,4,132436.94,1,0.0,1.0,116957.31,0
17138,15570194,Hsieh,646,Germany,Male,31.0,5,126077.42,2,1.0,0.0,94911.66,0
17139,15632665,Yevseyev,526,France,Male,61.0,7,0.0,2,0.0,1.0,127804.66,0
17140,15639265,Lettiere,713,Germany,Female,38.0,3,146880.56,1,0.0,1.0,171430.96,0
17141,15694408,Tsao,711,France,Male,34.0,1,0.0,1,0.0,1.0,121175.86,0
17142,15648032,T'ang,588,France,Male,38.0,8,0.0,2,1.0,0.0,193995.37,0
17143,15726796,Zhirov,627,France,Male,29.0,8,0.0,2,1.0,0.0,72975.48,0
17144,15706185,Nwebube,737,France,Female,33.0,1,124513.08,1,1.0,1.0,116471.35,0
17145,15740487,Chien,584,Germany,Male,56.0,0,138847.3,1,1.0,1.0,171677.6,1
17146,15623502,Baresi,631,Spain,Male,35.0,7,0.0,2,1.0,1.0,100015.79,0
17147,15759436,Ch'iu,682,France,Male,34.0,3,0.0,2,0.0,1.0,41970.72,0
17148,15761374,Aleshire,727,Spain,Female,38.0,10,0.0,2,0.0,1.0,50595.15,0
17149,15572073,Onyekachi,637,Germany,Male,27.0,2,131593.34,2,1.0,0.0,151679.28,0
17150,15719479,Ikedinachukwu,741,France,Female,47.0,2,0.0,2,1.0,0.0,88836.64,0
17151,15721937,Young,774,France,Female,34.0,1,0.0,2,1.0,0.0,100615.15,0
17152,15782364,Bevan,521,Spain,Male,47.0,3,0.0,2,1.0,0.0,129508.96,1
17153,15645956,Jideofor,452,France,Male,44.0,3,88915.37,1,1.0,0.0,69697.74,0
17154,15708917,Kang,598,France,Male,53.0,2,167772.96,1,1.0,0.0,136886.86,0
17155,15780654,Iqbal,560,France,Male,52.0,6,128486.72,1,1.0,0.0,145969.69,1
17156,15757425,Yermakova,614,France,Female,42.0,4,0.0,1,0.0,0.0,158024.4,1
17157,15715939,Wright,776,Spain,Male,30.0,5,152663.77,1,0.0,1.0,41820.65,1
17158,15590097,Chiazagomekpere,675,Germany,Male,42.0,8,93522.2,1,1.0,1.0,146585.53,1
17159,15647800,Smith,684,France,Male,32.0,6,0.0,2,1.0,0.0,135986.77,0
17160,15725222,Lucchese,696,France,Male,30.0,9,0.0,1,1.0,1.0,149599.62,0
17161,15587735,Chukwuebuka,773,France,Male,39.0,6,96863.13,1,1.0,1.0,121681.19,0
17162,15726814,Walton,554,Spain,Male,46.0,4,0.0,1,0.0,1.0,57320.92,1
17163,15570192,Chukwuraenye,713,Spain,Male,30.0,6,0.0,1,0.0,1.0,128528.83,1
17164,15806937,Ch'ang,762,Germany,Female,53.0,8,144551.96,1,1.0,0.0,170818.27,1
17165,15593468,Palerma,578,France,Male,40.0,10,0.0,2,1.0,0.0,95941.55,0
17166,15772363,Hilton,568,France,Female,38.0,9,101979.16,1,1.0,0.0,994.86,0
17167,15752915,H?,645,France,Female,39.0,3,106022.92,1,1.0,0.0,178222.04,0
17168,15633818,T'ien,582,France,Female,36.0,6,0.0,3,1.0,1.0,59578.59,1
17169,15747772,H?,757,France,Female,35.0,2,0.0,2,1.0,0.0,120108.72,0
17170,15706185,Ts'ao,669,France,Female,33.0,6,0.0,1,0.0,0.0,176843.53,1
17171,15794549,Andrews,722,France,Female,40.0,2,163943.89,2,1.0,0.0,15068.18,0
17172,15605375,Chidimma,729,Germany,Female,54.0,6,121164.18,1,1.0,0.0,61931.35,1
17173,15723373,Hsia,543,France,Male,92.0,6,0.0,2,1.0,1.0,61290.99,0
17174,15578908,Udegbulam,699,France,Male,38.0,8,0.0,2,1.0,0.0,74588.41,0
17175,15661249,Bellucci,472,Spain,Female,53.0,4,0.0,2,1.0,1.0,111307.98,0
17176,15592229,Yermakova,710,France,Male,32.0,7,0.0,2,1.0,0.0,62823.08,0
17177,15590177,Chidi,624,France,Female,52.0,2,123599.54,2,1.0,1.0,176843.51,1
17178,15709511,O'Brien,524,Spain,Male,32.0,0,0.0,1,1.0,0.0,70523.92,0
17179,15725776,Lazar,713,Germany,Male,35.0,7,101195.23,2,0.0,0.0,139735.54,0
17180,15621064,Greco,637,Germany,Male,46.0,2,170113.0,1,0.0,1.0,10494.64,0
17181,15694510,Udegbulam,578,Germany,Male,38.0,4,163894.35,2,1.0,1.0,64490.67,0
17182,15585961,Hsia,758,France,Female,28.0,2,0.0,2,1.0,0.0,177737.06,0
17183,15713250,Izmailova,502,France,Male,33.0,10,0.0,2,1.0,1.0,123509.01,0
17184,15631222,Ritchie,663,France,Female,37.0,7,0.0,2,1.0,0.0,147278.43,0
17185,15768471,Wagner,705,Germany,Female,39.0,6,108755.0,1,1.0,1.0,40914.32,1
17186,15731267,Rizzo,535,France,Male,33.0,4,75263.7,1,1.0,0.0,85801.77,0
17187,15777986,Palerma,607,France,Male,46.0,1,151240.53,1,0.0,1.0,157986.49,0
17188,15663830,Udegbulam,591,Spain,Male,33.0,6,0.0,2,1.0,1.0,147723.38,0
17189,15773868,Belov,729,France,Male,39.0,3,125734.2,1,1.0,1.0,134626.3,0
17190,15664539,P'an,607,France,Male,33.0,9,0.0,2,1.0,0.0,168895.06,0
17191,15686614,Biryukov,666,France,Male,38.0,9,98912.61,1,1.0,1.0,81677.66,0
17192,15723004,Liao,488,France,Male,60.0,3,0.0,2,1.0,1.0,80619.09,0
17193,15777067,Scott,770,France,Male,23.0,5,0.0,2,0.0,1.0,134665.25,0
17194,15640442,Mazzanti,599,Germany,Female,35.0,7,135096.05,2,1.0,1.0,146723.72,0
17195,15673578,Uspenskaya,685,France,Female,33.0,3,0.0,2,1.0,0.0,102233.73,0
17196,15704769,Uwakwe,567,France,Male,35.0,9,119315.76,1,1.0,0.0,178032.78,0
17197,15784890,Udegbulam,681,France,Male,34.0,4,0.0,2,0.0,0.0,95655.16,0
17198,15742409,Scott,762,Spain,Male,46.0,9,114631.58,1,1.0,1.0,84870.52,0
17199,15716995,Maclean,592,France,Male,30.0,1,0.0,2,1.0,1.0,60536.56,0
17200,15788151,Ch'ang,539,France,Female,25.0,7,110356.42,1,0.0,1.0,132801.57,0
17201,15721189,Kung,666,France,Female,36.0,7,0.0,2,1.0,1.0,99792.82,0
17202,15645463,Ch'in,586,France,Female,39.0,8,127655.22,1,0.0,0.0,139410.08,0
17203,15719352,Chukwudi,758,Germany,Female,32.0,6,143829.2,1,1.0,0.0,92982.61,0
17204,15793039,Biryukov,726,France,Female,47.0,2,0.0,2,1.0,0.0,171038.56,0
17205,15655335,H?,707,France,Female,27.0,1,0.0,2,1.0,1.0,51638.32,0
17206,15578977,Chuang,678,Germany,Female,29.0,8,126473.99,2,1.0,0.0,181224.56,0
17207,15751180,Adams,724,France,Female,32.0,7,0.0,2,1.0,1.0,167289.82,0
17208,15742824,Isayeva,696,Germany,Male,38.0,7,162318.61,1,1.0,0.0,121061.89,0
17209,15701352,Fanucci,611,Spain,Female,28.0,4,96381.68,2,1.0,0.0,181419.29,0
17210,15783097,Nwabugwu,644,Spain,Male,44.0,9,152341.55,1,1.0,0.0,93835.64,1
17211,15674526,T'ao,699,France,Female,32.0,2,152400.27,1,0.0,1.0,172848.74,0
17212,15764072,Smith,661,France,Female,33.0,1,44054.84,1,1.0,1.0,143301.49,0
17213,15641640,Chiu,746,France,Female,32.0,3,139825.34,1,1.0,0.0,166677.54,0
17214,15668289,Kao,605,Spain,Male,23.0,1,126076.24,2,1.0,1.0,34436.83,0
17215,15641310,Trevisani,599,France,Female,31.0,9,0.0,2,1.0,1.0,134575.58,0
17216,15743545,T'ien,686,Spain,Female,29.0,2,0.0,2,0.0,1.0,170968.99,0
17217,15617166,Ritchie,610,Germany,Male,37.0,0,109528.28,1,1.0,0.0,114514.64,0
17218,15795747,Lucchese,677,France,Male,29.0,7,0.0,2,0.0,0.0,126477.41,0
17219,15592716,Trevisani,726,Spain,Male,31.0,7,0.0,2,1.0,0.0,75860.4,0
17220,15581871,White,745,France,Female,28.0,9,160416.56,1,1.0,1.0,37160.28,0
17221,15586029,Davis,806,Germany,Male,41.0,6,96152.68,1,1.0,0.0,143711.02,1
17222,15612444,Sun,656,France,Male,32.0,3,0.0,2,1.0,1.0,158527.45,0
17223,15694859,K'ung,679,France,Male,36.0,5,0.0,1,1.0,0.0,131802.54,0
17224,15795588,Ndubueze,648,France,Female,53.0,1,0.0,1,1.0,0.0,88890.05,1
17225,15737194,Lucciano,687,Spain,Female,41.0,8,0.0,2,0.0,1.0,78310.04,0
17226,15777743,Genovesi,684,France,Female,39.0,3,0.0,2,1.0,1.0,90928.02,0
17227,15798439,Murray,731,Germany,Male,43.0,1,117438.17,1,1.0,0.0,74898.8,0
17228,15750264,Beneventi,629,France,Female,39.0,6,105128.85,1,1.0,0.0,58883.91,1
17229,15783029,Chukwufumnanya,667,Germany,Female,42.0,1,124497.53,1,0.0,1.0,86022.96,1
17230,15809143,White,456,Germany,Male,32.0,6,133060.63,1,1.0,0.0,125167.92,1
17231,15790750,Hsueh,605,Germany,Male,43.0,4,109472.47,1,1.0,1.0,131647.31,0
17232,15723053,Alexandrov,608,France,Male,33.0,7,79962.92,2,1.0,0.0,64321.02,0
17233,15765537,Alekseeva,604,France,Male,41.0,5,0.0,1,1.0,0.0,171345.02,0
17234,15795956,Onyemere,663,France,Male,33.0,7,0.0,2,1.0,0.0,96862.56,0
17235,15776051,Kao,620,France,Female,34.0,2,0.0,2,1.0,1.0,3494.02,0
17236,15602735,Kuo,740,Spain,Male,38.0,8,0.0,2,1.0,0.0,98090.69,0
17237,15605968,Chukwubuikem,738,Germany,Female,57.0,1,106967.17,1,0.0,0.0,131312.56,1
17238,15751412,Archer,669,Germany,Female,40.0,1,115409.6,1,0.0,0.0,180456.8,0
17239,15781452,Ts'ai,681,Spain,Female,51.0,7,0.0,1,1.0,1.0,185599.7,1
17240,15711219,Cremonesi,628,France,Male,39.0,5,0.0,2,1.0,0.0,56865.62,0
17241,15775891,Trevisano,664,Germany,Male,26.0,8,102773.2,1,1.0,0.0,62674.42,1
17242,15644962,Chiang,535,France,Male,28.0,1,94439.81,2,1.0,1.0,152490.69,0
17243,15764170,Tien,619,France,Male,35.0,5,0.0,2,1.0,0.0,50610.94,0
17244,15656029,Shen,811,Germany,Female,43.0,8,98373.86,2,1.0,0.0,164040.94,0
17245,15690670,Nnonso,656,Germany,Male,40.0,4,142765.8,2,1.0,1.0,186418.85,0
17246,15729238,O'Connor,596,France,Female,42.0,3,0.0,2,1.0,0.0,88815.25,0
17247,15665088,Gordon,673,France,Male,34.0,8,0.0,2,0.0,1.0,90537.47,0
17248,15651389,Chinweuba,676,Spain,Female,21.0,8,0.0,2,0.0,0.0,110440.5,0
17249,15650591,Calabrese,727,Germany,Male,50.0,9,118098.62,1,1.0,1.0,100720.02,1
17250,15774536,He,559,France,Female,42.0,4,0.0,1,1.0,0.0,142680.64,1
17251,15672242,Aksenov,712,Spain,Male,40.0,8,0.0,2,0.0,1.0,121232.51,0
17252,15673020,Young,687,France,Female,40.0,6,0.0,2,1.0,0.0,78670.52,0
17253,15791958,Houghton,725,Germany,Female,48.0,6,132571.67,1,1.0,0.0,177747.03,1
17254,15715078,Hsueh,553,France,Female,46.0,6,0.0,1,1.0,0.0,60903.62,1
17255,15708196,Liu,707,France,Male,33.0,1,0.0,2,0.0,0.0,130866.95,0
17256,15611186,Yevdokimova,609,France,Female,37.0,7,39344.83,1,1.0,0.0,178291.89,0
17257,15766272,Folliero,521,Germany,Female,28.0,0,125193.96,2,1.0,0.0,109356.53,0
17258,15713250,Palerma,579,France,Male,31.0,6,0.0,2,1.0,0.0,97962.84,0
17259,15571871,Kaur,756,France,Male,33.0,8,0.0,2,1.0,1.0,107553.02,0
17260,15691905,Ts'ao,652,Spain,Female,34.0,7,0.0,2,1.0,1.0,171465.82,0
17261,15803964,Maclean,584,Germany,Male,35.0,3,124577.53,1,1.0,1.0,131713.43,0
17262,15631719,Nwabugwu,732,Spain,Male,38.0,9,0.0,2,1.0,1.0,152923.29,0
17263,15673995,Tu,714,Spain,Male,31.0,8,102541.1,1,1.0,1.0,181490.42,0
17264,15731330,Tsui,652,Spain,Male,40.0,7,100471.34,2,1.0,1.0,124550.88,0
17265,15747168,Onuchukwu,573,Spain,Female,27.0,4,0.0,2,1.0,0.0,67775.17,0
17266,15752388,Yost,557,France,Male,32.0,3,121685.31,2,1.0,1.0,139919.38,0
17267,15584453,Burtch,555,Spain,Male,32.0,7,0.0,2,1.0,0.0,168605.96,0
17268,15795246,Chukwuebuka,572,Germany,Female,27.0,4,119787.76,1,0.0,0.0,93816.53,1
17269,15763111,Niu,699,Spain,Male,67.0,0,0.0,1,0.0,1.0,105570.39,0
17270,15786800,Yefremov,592,Spain,Female,36.0,8,0.0,2,1.0,0.0,86022.66,0
17271,15579515,Fyodorova,677,France,Male,34.0,4,0.0,2,1.0,0.0,137037.82,0
17272,15790763,Trujillo,599,Spain,Female,49.0,2,0.0,1,0.0,1.0,111190.53,0
17273,15624188,Ch'ang,721,Spain,Female,52.0,9,105583.38,1,1.0,1.0,127557.83,1
17274,15583857,Yobanna,744,France,Female,38.0,7,0.0,2,1.0,1.0,138526.96,0
17275,15757867,Chia,547,Spain,Male,39.0,6,0.0,2,0.0,0.0,144880.99,0
17276,15616471,Hsieh,678,Germany,Female,43.0,10,113980.21,1,0.0,0.0,168034.9,1
17277,15653776,Mazzanti,576,Germany,Female,35.0,5,103858.39,2,1.0,1.0,187943.6,0
17278,15674929,Maclean,786,France,Female,31.0,6,121063.8,1,1.0,0.0,89801.9,0
17279,15668818,Mancini,743,Spain,Male,31.0,1,0.0,2,0.0,1.0,62810.91,0
17280,15601387,Lombardo,495,France,Male,26.0,10,146033.62,2,0.0,1.0,9855.81,0
17281,15756539,Marshall,731,France,Female,36.0,7,0.0,1,0.0,0.0,152128.36,0
17282,15792232,Johnstone,771,Spain,Male,46.0,9,0.0,2,1.0,0.0,156917.12,0
17283,15609737,T'ien,604,Germany,Female,37.0,2,130274.19,2,0.0,1.0,115818.52,0
17284,15759284,Yeh,750,Spain,Female,37.0,6,0.0,2,1.0,1.0,117948.0,0
17285,15578865,Thorpe,708,Germany,Female,42.0,2,137479.13,1,1.0,1.0,25669.1,0
17286,15691387,Ch'iu,732,Germany,Male,35.0,2,132767.66,2,1.0,1.0,162668.33,0
17287,15669501,Yao,690,France,Male,31.0,9,0.0,2,1.0,0.0,104730.52,0
17288,15702541,Frolova,648,Spain,Male,40.0,1,0.0,2,1.0,1.0,148527.56,0
17289,15771742,Bufkin,757,Germany,Male,36.0,9,139994.88,1,1.0,0.0,88827.08,0
17290,15616172,Ubanwa,819,France,Male,31.0,9,0.0,2,0.0,0.0,8222.96,0
17291,15706899,Mancini,731,France,Male,31.0,6,0.0,2,0.0,0.0,85902.39,0
17292,15625905,Tien,589,Spain,Male,30.0,0,179380.74,2,1.0,0.0,199753.97,0
17293,15777045,Onyemere,630,France,Male,35.0,0,0.0,2,0.0,1.0,82647.65,0
17294,15568429,Ratten,607,France,Female,36.0,10,0.0,2,1.0,1.0,173844.89,0
17295,15636624,Nwabugwu,546,Spain,Female,39.0,5,165272.13,1,0.0,1.0,14109.85,0
17296,15655794,T'ien,550,France,Female,28.0,9,0.0,2,1.0,0.0,71405.17,0
17297,15793881,Chukwualuka,705,France,Male,37.0,0,84493.03,1,1.0,0.0,159800.16,0
17298,15770498,Tung,554,France,Female,38.0,2,0.0,2,1.0,1.0,55316.38,0
17299,15586996,Azikiwe,637,Spain,Female,47.0,7,0.0,1,0.0,0.0,188772.45,1
17300,15583212,Ch'iu,600,France,Female,43.0,5,134022.06,1,0.0,0.0,194764.83,1
17301,15763093,Aksenov,679,France,Female,41.0,7,139265.31,1,1.0,0.0,166476.27,0
17302,15573893,Hsiung,709,France,Male,47.0,9,71240.2,1,1.0,0.0,79259.77,1
17303,15778290,Tsou,774,France,Male,35.0,2,0.0,2,0.0,1.0,121061.39,0
17304,15806926,Zikoranachidimma,709,Germany,Female,31.0,0,120911.75,2,1.0,1.0,79176.09,0
17305,15807585,Goliwe,669,Spain,Male,36.0,9,0.0,2,0.0,1.0,73962.85,0
17306,15709634,Trevisani,580,Spain,Female,60.0,5,0.0,2,1.0,1.0,174092.24,0
17307,15730353,Ritchie,616,France,Male,38.0,5,0.0,2,1.0,1.0,113783.98,0
17308,15774738,Monaldo,633,France,Male,37.0,5,190566.65,1,1.0,1.0,167538.66,0
17309,15658935,Lucchese,667,France,Female,33.0,8,0.0,2,0.0,0.0,130404.53,0
17310,15575214,Pagnotto,714,France,Female,32.0,5,166833.86,1,1.0,0.0,136837.53,1
17311,15808930,Eiland,713,France,Male,32.0,2,79415.17,1,1.0,0.0,198490.33,0
17312,15810898,Sun,668,France,Female,40.0,9,0.0,1,0.0,1.0,83910.4,0
17313,15717995,Chukwuemeka,468,France,Female,35.0,2,0.0,2,1.0,1.0,85901.09,0
17314,15613786,Yip,727,France,Male,28.0,6,105792.49,1,1.0,1.0,163295.87,0
17315,15592631,Hsia,633,Germany,Male,38.0,7,150956.71,1,1.0,0.0,102083.78,1
17316,15786463,Frolova,683,Germany,Female,23.0,6,139422.39,2,0.0,1.0,80792.63,0
17317,15642099,Jamieson,732,France,Male,33.0,9,0.0,2,1.0,0.0,156787.34,0
17318,15787884,Martin,692,Spain,Male,30.0,7,0.0,1,1.0,1.0,18826.34,0
17319,15690330,Trevisano,809,Germany,Male,33.0,1,152496.82,1,0.0,0.0,191734.67,1
17320,15769246,Baird,545,Spain,Female,59.0,8,0.0,2,1.0,1.0,41192.95,0
17321,15679801,Hargreaves,632,Spain,Female,31.0,7,132767.66,1,1.0,0.0,176450.19,0
17322,15777033,Eluemuno,685,Germany,Female,42.0,9,127801.88,2,1.0,1.0,166516.84,0
17323,15660144,Tien,656,Spain,Male,37.0,9,0.0,2,1.0,0.0,57553.98,0
17324,15770291,Koehler,627,France,Male,37.0,1,0.0,1,1.0,0.0,106851.7,0
17325,15583718,Nnachetam,712,France,Male,35.0,9,0.0,2,1.0,0.0,86575.46,0
17326,15583456,Gardiner,745,Germany,Female,45.0,10,117231.63,2,1.0,1.0,122381.02,0
17327,15724663,Monds,699,Spain,Female,37.0,2,106259.31,1,1.0,0.0,104427.67,0
17328,15814690,Chukwujekwu,595,Germany,Female,64.0,5,105736.32,1,1.0,1.0,89935.73,0
17329,15615709,Pagnotto,598,Spain,Female,31.0,7,157791.12,1,1.0,1.0,171738.56,0
17330,15731333,Fiorentini,645,Germany,Male,44.0,4,105618.01,1,1.0,1.0,172838.6,1
17331,15602811,Milanesi,596,France,Female,31.0,2,0.0,2,0.0,1.0,173774.38,0
17332,15726087,Fries,686,France,Male,52.0,4,0.0,1,1.0,0.0,10672.54,1
17333,15809846,Onyekachukwu,629,Germany,Male,42.0,4,132730.17,1,0.0,1.0,62454.01,0
17334,15772896,Trevisano,709,France,Male,38.0,3,0.0,1,0.0,0.0,168544.85,0
17335,15679622,Clayton,602,France,Female,35.0,8,0.0,1,1.0,1.0,22499.29,0
17336,15797194,T'ien,762,France,Male,26.0,3,62400.48,1,1.0,0.0,130376.68,0
17337,15736302,McKay,654,France,Male,48.0,4,0.0,2,1.0,1.0,170893.85,0
17338,15600392,Onyemauchechukwu,670,France,Male,29.0,6,137453.43,2,0.0,0.0,84760.32,0
17339,15576550,T'ien,707,Germany,Female,46.0,6,137847.41,1,1.0,0.0,171768.76,1
17340,15746028,Zikoranachidimma,646,France,Male,36.0,9,124043.8,1,1.0,1.0,52894.01,0
17341,15662854,Nwankwo,593,Spain,Female,49.0,8,98270.34,1,0.0,0.0,155700.15,1
17342,15605072,Tien,719,Spain,Male,32.0,2,0.0,2,1.0,0.0,137519.92,0
17343,15690526,Tuan,591,Germany,Male,31.0,2,137260.45,2,1.0,0.0,55387.28,1
17344,15687821,Shih,641,France,Female,57.0,5,173962.32,2,1.0,1.0,143955.96,1
17345,15566689,P'eng,794,France,Male,46.0,3,0.0,2,1.0,0.0,156957.28,0
17346,15768746,McLean,708,France,Male,33.0,3,0.0,2,1.0,0.0,173680.39,0
17347,15667215,Pisani,590,France,Female,31.0,9,0.0,2,0.0,1.0,100556.98,0
17348,15762515,Nnaife,611,France,Female,54.0,1,0.0,1,1.0,0.0,103747.56,1
17349,15614818,Trevisani,764,Spain,Male,33.0,2,168964.77,1,0.0,0.0,118982.51,0
17350,15641585,Nwankwo,540,Spain,Female,47.0,7,131365.37,1,1.0,1.0,152225.33,1
17351,15748625,Napolitano,714,Germany,Male,37.0,4,152400.51,1,0.0,1.0,72496.05,0
17352,15571529,Kuo,710,Germany,Female,52.0,9,110063.74,3,1.0,0.0,136909.87,1
17353,15663939,Lo Duca,687,France,Female,34.0,3,127949.35,1,1.0,1.0,129964.94,0
17354,15751208,Yobachi,678,France,Male,33.0,2,0.0,2,1.0,0.0,60905.51,0
17355,15636624,Nwabugwu,605,Spain,Female,39.0,5,165272.13,1,1.0,0.0,14109.85,1
17356,15733297,Chukwudi,828,France,Male,28.0,7,0.0,2,1.0,0.0,4121.04,0
17357,15801062,Matthews,678,Spain,Male,40.0,4,0.0,2,0.0,1.0,105433.53,0
17358,15577515,H?,758,Spain,Female,42.0,5,0.0,2,0.0,1.0,91573.18,0
17359,15641411,Zetticci,554,Spain,Female,35.0,10,0.0,2,1.0,1.0,152843.53,0
17360,15662497,Hsia,727,France,Female,25.0,7,0.0,2,1.0,0.0,163584.24,0
17361,15595350,Gorbunova,646,Spain,Female,36.0,6,0.0,1,1.0,1.0,176692.65,0
17362,15793325,Chibueze,682,Spain,Male,40.0,9,0.0,1,1.0,0.0,46775.52,0
17363,15670343,Chiang,528,France,Male,25.0,0,0.0,2,1.0,0.0,108841.83,0
17364,15761720,Hs?,632,France,Female,43.0,1,0.0,1,0.0,0.0,121866.87,1
17365,15666983,Chinomso,752,Germany,Male,36.0,9,149961.43,2,0.0,0.0,67675.36,0
17366,15769522,O'Connor,744,France,Male,51.0,1,118537.47,2,1.0,1.0,116912.45,0
17367,15735783,Macleod,625,Spain,Female,38.0,6,97542.89,1,1.0,0.0,54560.79,0
17368,15707362,Yin,659,Germany,Female,52.0,1,95556.31,2,1.0,1.0,199273.98,0
17369,15781454,Rieke,704,France,Female,31.0,5,0.0,2,1.0,1.0,123866.67,0
17370,15783026,Zito,598,France,Male,36.0,9,0.0,2,0.0,1.0,52856.27,0
17371,15629273,L?,637,Germany,Male,43.0,7,137455.68,1,1.0,0.0,159456.29,1
17372,15763317,Trevisan,773,France,Female,24.0,8,0.0,2,0.0,1.0,127553.08,0
17373,15779738,Buccho,534,France,Male,31.0,1,0.0,2,1.0,1.0,169653.32,0
17374,15772601,Bellucci,845,Germany,Female,41.0,2,81733.74,2,0.0,0.0,199761.29,0
17375,15728333,McBurney,521,France,Male,43.0,5,0.0,1,1.0,1.0,93180.09,0
17376,15753861,Ballard,786,France,Male,37.0,5,165896.0,2,0.0,1.0,74320.75,0
17377,15588535,Maccallum,683,France,Female,46.0,1,0.0,2,0.0,0.0,132770.11,1
17378,15702801,Obialo,586,Spain,Female,40.0,1,146566.66,1,1.0,1.0,179291.69,0
17379,15692098,Ch'ang,667,France,Male,34.0,8,0.0,2,1.0,0.0,1055.66,0
17380,15667933,Trevisani,724,Spain,Male,42.0,1,0.0,2,1.0,0.0,62390.61,0
17381,15657772,Tseng,702,Germany,Female,41.0,8,107247.49,2,1.0,0.0,178393.59,1
17382,15581237,Miller,698,Germany,Female,53.0,1,118735.61,1,0.0,1.0,91411.62,1
17383,15593739,K?,711,France,Female,37.0,10,0.0,2,1.0,1.0,171757.57,0
17384,15615456,P'an,635,France,Male,41.0,2,125919.23,1,1.0,0.0,135909.17,0
17385,15733883,Chiekwugo,641,France,Male,43.0,4,165969.19,1,1.0,0.0,147964.35,1
17386,15780386,Trevisani,604,Spain,Male,36.0,0,139986.78,1,1.0,0.0,173870.23,0
17387,15704209,Noble,745,France,Male,34.0,7,120145.96,1,1.0,1.0,149913.84,0
17388,15662488,Buccho,768,France,Male,38.0,4,0.0,2,1.0,0.0,195167.38,0
17389,15664547,O'Donnell,658,France,Male,34.0,9,0.0,2,1.0,1.0,166645.32,0
17390,15637051,Lu,657,Germany,Male,35.0,2,139859.24,1,1.0,0.0,102665.86,0
17391,15782550,Ch'iu,651,France,Male,37.0,4,133676.65,1,0.0,1.0,177670.57,0
17392,15756850,K'ung,692,France,Male,35.0,4,0.0,2,1.0,0.0,172495.81,0
17393,15790782,Baryshnikov,686,Spain,Male,39.0,6,132628.98,1,0.0,0.0,38812.67,0
17394,15777904,Nkemdirim,695,France,Female,32.0,4,0.0,2,1.0,1.0,132436.56,0
17395,15687094,Zito,678,France,Male,41.0,2,108867.0,1,0.0,0.0,14081.64,0
17396,15688264,Nkemdilim,627,Spain,Male,37.0,0,0.0,1,0.0,0.0,41263.69,1
17397,15791342,Ts'ui,695,Germany,Female,22.0,8,93616.35,2,0.0,1.0,168886.31,0
17398,15797246,Terry,637,Germany,Female,34.0,2,91258.52,2,1.0,1.0,44857.4,0
17399,15572390,Ts'ao,733,France,Male,34.0,2,0.0,2,1.0,0.0,93835.64,0
17400,15700300,Okwudilichukwu,646,Germany,Male,36.0,3,108431.81,1,1.0,0.0,74430.0,0
17401,15724453,Fan,570,France,Male,23.0,5,0.0,1,1.0,1.0,198830.98,0
17402,15673238,McCarthy,517,France,Female,59.0,8,154110.99,2,1.0,1.0,101240.08,0
17403,15624343,Udegbunam,543,France,Male,41.0,2,0.0,2,1.0,0.0,124592.84,0
17404,15640074,Ts'ui,663,France,Male,40.0,10,0.0,2,1.0,1.0,160529.71,0
17405,15572093,Ch'in,481,Spain,Female,31.0,8,0.0,2,1.0,1.0,99086.74,0
17406,15756920,Ch'iu,641,France,Male,45.0,1,141796.43,1,1.0,0.0,72402.0,0
17407,15812210,Yashina,494,Spain,Male,31.0,8,0.0,2,1.0,1.0,9497.99,0
17408,15591387,Ch'eng,579,France,Male,45.0,8,0.0,1,0.0,0.0,45985.52,1
17409,15683625,Maclean,633,Germany,Female,53.0,3,140894.06,1,1.0,0.0,72927.68,1
17410,15657957,Walker,757,France,Male,35.0,4,0.0,1,1.0,0.0,136613.42,0
17411,15626452,Echezonachukwu,637,Spain,Male,33.0,4,0.0,2,0.0,0.0,115719.84,0
17412,15807909,Nwankwo,706,Germany,Male,40.0,10,137714.4,1,1.0,0.0,56794.39,1
17413,15614215,Tseng,549,France,Male,39.0,3,0.0,2,1.0,0.0,78854.64,0
17414,15784890,Lucciano,739,Spain,Female,32.0,4,0.0,1,1.0,0.0,152790.92,0
17415,15806389,Walton,549,Germany,Female,55.0,5,137592.31,2,0.0,1.0,116548.02,1
17416,15798834,T'ao,705,Spain,Female,44.0,4,0.0,2,1.0,1.0,28144.07,0
17417,15725882,Narelle,684,Spain,Female,30.0,9,0.0,2,1.0,1.0,79649.62,0
17418,15602928,Hs?,662,France,Male,34.0,5,156824.52,1,1.0,1.0,161388.01,0
17419,15794468,Tsou,641,France,Female,57.0,6,0.0,2,0.0,0.0,121138.77,1
17420,15626608,Cattaneo,652,Germany,Male,45.0,9,131762.94,1,0.0,0.0,185827.74,0
17421,15762405,Ejimofor,525,Germany,Female,45.0,4,136520.26,2,0.0,1.0,182794.66,0
17422,15685300,Ch'iu,576,France,Male,36.0,2,0.0,2,1.0,1.0,14928.8,0
17423,15671032,Yobanna,633,France,Male,54.0,4,0.0,1,1.0,0.0,126875.15,1
17424,15733169,Craig,634,Germany,Female,30.0,8,158713.08,1,1.0,0.0,165257.31,0
17425,15790204,Myers,578,France,Male,48.0,2,0.0,2,1.0,1.0,29135.89,0
17426,15768476,Chukwudi,631,Germany,Male,48.0,2,118317.27,3,0.0,1.0,78702.98,1
17427,15583853,Ikedinachukwu,553,Germany,Male,35.0,8,149950.19,1,1.0,0.0,103557.85,0
17428,15663923,Nwokezuike,707,France,Male,29.0,8,0.0,2,1.0,1.0,158043.11,0
17429,15644964,Hsing,641,France,Female,28.0,3,0.0,2,1.0,1.0,102665.53,0
17430,15632345,Tuan,717,France,Female,35.0,10,0.0,2,1.0,0.0,44830.71,0
17431,15655238,Calabresi,589,France,Female,41.0,8,138076.47,1,1.0,0.0,174094.24,0
17432,15734491,Chia,605,Germany,Female,44.0,1,157761.8,1,1.0,0.0,140139.32,1
17433,15812351,Zhirov,488,France,Male,33.0,5,0.0,2,1.0,1.0,76582.95,0
17434,15764708,Chiabuotu,682,France,Male,30.0,6,117696.67,1,1.0,1.0,43480.63,0
17435,15717290,K'ung,706,France,Female,34.0,5,0.0,1,1.0,0.0,170968.99,0
17436,15769596,Nkemjika,661,France,Female,41.0,2,0.0,2,1.0,0.0,181610.6,0
17437,15578878,Hancock,569,Spain,Female,36.0,3,139528.23,1,1.0,1.0,33230.37,0
17438,15761713,Hsiao,705,Spain,Male,38.0,3,0.0,1,1.0,0.0,101382.86,1
17439,15642390,Chukwuemeka,667,Spain,Female,60.0,8,0.0,1,0.0,1.0,71154.75,1
17440,15759872,L?,625,Germany,Female,22.0,9,121898.58,2,1.0,1.0,157072.91,0
17441,15681755,Dennys,605,France,Male,32.0,5,0.0,2,1.0,0.0,42135.28,0
17442,15804862,Toscani,734,Germany,Male,43.0,1,127146.68,1,1.0,0.0,137565.87,0
17443,15768095,Yeh,850,France,Female,31.0,6,0.0,2,1.0,1.0,139048.0,0
17444,15638028,Ifeanyichukwu,728,France,Male,31.0,1,0.0,2,0.0,0.0,24218.65,0
17445,15665963,Chukwuemeka,646,Germany,Female,35.0,1,152400.51,1,1.0,0.0,26793.82,1
17446,15692132,Wilkinson,682,France,Female,22.0,6,0.0,1,0.0,1.0,84699.56,0
17447,15758032,Ritchie,634,Germany,Male,26.0,2,124450.29,1,0.0,0.0,146652.01,0
17448,15762927,Lin,679,France,Male,41.0,5,0.0,2,1.0,0.0,122899.01,0
17449,15578738,Tsai,544,France,Male,29.0,8,0.0,2,1.0,0.0,151924.9,0
17450,15771636,Marshall,793,Spain,Female,36.0,9,0.0,2,1.0,0.0,148993.47,0
17451,15667932,Bellucci,758,Spain,Female,36.0,8,0.0,1,0.0,1.0,55313.44,1
17452,15753847,O'Brien,714,France,Male,27.0,3,0.0,2,1.0,1.0,141501.45,0
17453,15679968,Nwankwo,668,France,Male,31.0,0,129278.43,1,1.0,1.0,103792.53,0
17454,15795881,Avdeev,678,Spain,Male,71.0,2,0.0,2,1.0,1.0,120107.1,0
17455,15618774,White,474,France,Male,44.0,10,0.0,1,0.0,1.0,108409.17,1
17456,15704651,Bishop,514,France,Male,26.0,6,0.0,2,0.0,0.0,121551.93,1
17457,15686776,Whittaker,769,Spain,Female,55.0,3,119654.44,3,1.0,0.0,29861.13,1
17458,15644295,Hargreaves,579,France,Male,34.0,2,126816.18,1,1.0,1.0,74858.3,0
17459,15758513,Yefremova,559,France,Male,65.0,4,0.0,3,0.0,0.0,131177.22,1
17460,15595426,Kryukova,516,France,Male,31.0,7,0.0,2,1.0,0.0,75248.3,0
17461,15571928,P'eng,705,France,Female,30.0,4,0.0,2,1.0,1.0,136910.47,0
17462,15800784,Singh,748,France,Male,42.0,4,0.0,2,1.0,0.0,62845.64,0
17463,15567919,Griffiths,543,Germany,Male,41.0,10,144550.83,1,1.0,1.0,192070.16,1
17464,15812920,Nnaife,619,Germany,Male,50.0,4,90594.55,1,1.0,0.0,181598.25,1
17465,15576680,T'ang,627,France,Male,34.0,8,0.0,2,0.0,0.0,135853.93,0
17466,15695475,Calabrese,655,France,Female,47.0,6,147733.64,1,1.0,0.0,187811.71,1
17467,15568878,Cheng,697,Germany,Female,48.0,8,126061.51,1,1.0,0.0,107841.77,1
17468,15764048,Folliero,717,France,Female,40.0,4,0.0,2,1.0,0.0,124906.53,0
17469,15814267,Chin,645,France,Male,41.0,10,95161.67,1,1.0,0.0,136610.49,0
17470,15732774,Marchesi,686,France,Female,37.0,8,0.0,2,0.0,1.0,153157.97,0
17471,15678057,Onyemauchechukwu,707,France,Male,44.0,1,0.0,2,1.0,1.0,132498.39,0
17472,15683560,Ch'iu,615,France,Female,22.0,2,97440.02,2,1.0,1.0,139816.1,0
17473,15627299,Shao,775,France,Female,35.0,1,0.0,2,1.0,0.0,169781.45,0
17474,15569266,Chukwudi,444,France,Female,35.0,9,0.0,2,1.0,1.0,153080.4,0
17475,15754072,Dennis,840,Spain,Male,36.0,6,0.0,2,1.0,0.0,141364.27,0
17476,15624995,Genovese,617,Germany,Female,50.0,8,126285.73,2,1.0,1.0,171707.93,0
17477,15800773,Lo,733,Spain,Female,28.0,1,102282.61,2,1.0,1.0,157891.86,0
17478,15583595,Ch'eng,739,Germany,Male,35.0,8,104822.45,3,0.0,0.0,49848.86,1
17479,15749167,Lo Duca,638,France,Male,32.0,2,119924.45,1,1.0,1.0,1557.82,0
17480,15572073,Teng,748,France,Male,35.0,4,123318.28,1,1.0,0.0,53317.21,1
17481,15734609,Skinner,665,Germany,Female,35.0,8,133611.83,1,1.0,1.0,157959.02,1
17482,15726313,Ch'ang,773,France,Male,35.0,5,101506.74,1,1.0,1.0,177024.3,0
17483,15636023,O'Donnell,619,France,Female,40.0,10,0.0,1,0.0,1.0,147093.84,0
17484,15731770,Chienezie,549,France,Male,42.0,1,141938.15,1,1.0,0.0,142210.79,0
17485,15575252,Hargreaves,718,France,Male,40.0,6,125292.89,2,0.0,1.0,72945.62,1
17486,15763625,Fanucci,707,Germany,Female,33.0,8,87714.07,3,1.0,1.0,64532.37,1
17487,15613962,Hughes,582,France,Male,50.0,5,0.0,1,0.0,0.0,170563.73,1
17488,15774720,Maclean,730,France,Male,41.0,3,0.0,2,0.0,0.0,73873.15,1
17489,15586039,Mamelu,589,Spain,Male,34.0,5,0.0,2,1.0,0.0,93834.23,0
17490,15671409,T'ien,682,France,Male,47.0,2,0.0,2,1.0,0.0,78970.57,0
17491,15684171,Tsao,718,France,Female,48.0,6,0.0,2,1.0,1.0,134889.95,0
17492,15765266,Yudin,624,France,Female,44.0,1,0.0,2,1.0,1.0,88698.83,1
17493,15636023,O'Donnell,744,France,Female,30.0,10,0.0,1,1.0,1.0,147093.84,0
17494,15634602,Hargrave,619,France,Female,42.0,2,0.0,1,1.0,1.0,101348.88,0
17495,15767432,Ts'ai,789,Germany,Female,49.0,4,90544.0,1,1.0,0.0,61240.87,1
17496,15579891,Yobanna,607,France,Female,48.0,9,0.0,2,1.0,0.0,175870.27,0
17497,15635277,Trevisani,645,France,Male,35.0,3,0.0,2,0.0,1.0,133692.88,0
17498,15675320,Teng,699,France,Male,32.0,5,0.0,2,1.0,1.0,151316.79,0
17499,15661412,Ritchie,592,Spain,Female,44.0,9,0.0,2,1.0,0.0,133091.32,0
17500,15584580,Ch'ien,671,France,Female,26.0,3,153310.52,1,1.0,0.0,130853.03,1
17501,15780804,Hsia,609,France,Female,42.0,2,0.0,2,1.0,0.0,143628.31,1
17502,15624995,Chiazagomekpere,592,France,Male,38.0,8,105249.76,1,1.0,1.0,170968.99,0
17503,15582907,Aiken,652,France,Female,67.0,1,0.0,2,0.0,1.0,82865.22,0
17504,15806447,Mazzanti,597,France,Male,57.0,2,0.0,2,0.0,1.0,137916.49,0
17505,15582149,Chukwudi,773,Germany,Male,41.0,4,129321.44,1,1.0,1.0,93624.55,0
17506,15794580,Deleon,628,France,Female,69.0,9,0.0,2,1.0,1.0,141400.58,0
17507,15773384,T'ien,741,France,Male,35.0,3,88820.09,1,1.0,1.0,58420.96,0
17508,15717328,Hsueh,842,France,Female,37.0,9,132446.08,2,1.0,0.0,87071.18,1
17509,15809558,Peppin,651,Spain,Male,37.0,8,0.0,1,1.0,0.0,149970.59,0
17510,15645136,O'Donnell,744,Spain,Male,30.0,3,0.0,1,1.0,1.0,121525.48,0
17511,15707637,Zikoranachukwudimma,765,Spain,Male,30.0,1,0.0,1,0.0,0.0,13228.93,0
17512,15665879,Macleod,646,Germany,Female,41.0,8,142644.64,1,0.0,0.0,7034.94,0
17513,15635364,Hsia,710,France,Male,35.0,6,0.0,1,1.0,1.0,131443.89,0
17514,15747558,Chiemenam,710,France,Male,41.0,6,122524.88,1,1.0,1.0,55701.73,0
17515,15683544,Efremov,525,Spain,Male,32.0,8,142645.58,1,1.0,1.0,116973.48,0
17516,15775888,McIntosh,723,France,Male,45.0,5,107980.46,1,1.0,1.0,52896.82,1
17517,15683522,Y?an,616,France,Male,32.0,7,0.0,2,1.0,1.0,152996.09,0
17518,15665524,Chien,594,France,Female,41.0,10,145079.72,1,1.0,0.0,143938.28,1
17519,15770405,Chukwubuikem,598,Germany,Male,44.0,9,71996.29,1,1.0,1.0,172495.81,0
17520,15640476,Hargreaves,683,France,Female,42.0,9,0.0,2,0.0,0.0,166478.58,0
17521,15793883,Okeke,652,France,Male,54.0,4,0.0,1,1.0,1.0,172463.69,1
17522,15574072,Smith,535,France,Female,31.0,2,0.0,2,1.0,0.0,175743.92,0
17523,15676869,T'ien,619,France,Male,50.0,8,0.0,2,0.0,1.0,123866.43,0
17524,15714057,Macartney,757,France,Male,33.0,6,0.0,2,0.0,0.0,46824.24,0
17525,15707479,Onyemauchechukwu,691,France,Male,34.0,7,0.0,2,1.0,1.0,120593.55,0
17526,15714057,Nwabugwu,586,France,Male,46.0,7,97473.12,1,1.0,1.0,51670.97,0
17527,15808760,T'ang,714,Spain,Male,48.0,6,0.0,1,1.0,0.0,166495.2,0
17528,15688059,P'eng,638,France,Female,48.0,6,0.0,1,1.0,0.0,136540.09,1
17529,15631267,Maclean,781,France,Female,50.0,8,0.0,2,1.0,0.0,132547.02,0
17530,15591035,Ch'eng,775,Germany,Female,33.0,6,102772.67,2,0.0,1.0,62746.54,0
17531,15758836,Kable,597,France,Male,45.0,9,0.0,2,0.0,1.0,167756.45,0
17532,15609510,Ch'ang,527,France,Male,35.0,8,0.0,2,1.0,1.0,9984.4,0
17533,15591766,Pirozzi,714,France,Male,36.0,1,0.0,2,1.0,1.0,167058.75,0
17534,15769947,Henty,627,France,Male,25.0,3,0.0,2,1.0,1.0,183599.71,0
17535,15683543,Palerma,681,France,Male,28.0,6,0.0,2,1.0,0.0,112771.95,0
17536,15583736,Ch'ien,752,France,Male,43.0,4,122929.51,1,1.0,1.0,120830.81,0
17537,15807305,Mancini,656,Germany,Male,36.0,2,76989.97,2,0.0,0.0,151912.49,0
17538,15795586,McDonald,478,France,Male,35.0,1,92474.05,1,1.0,0.0,178626.07,1
17539,15686870,Walker,688,Germany,Male,59.0,8,121669.93,2,1.0,1.0,173776.5,0
17540,15669952,P'eng,593,Germany,Male,41.0,3,91711.59,2,1.0,1.0,56937.43,0
17541,15653762,Chidiebele,652,Germany,Male,44.0,9,116363.37,2,1.0,1.0,198059.16,0
17542,15727408,L?,623,France,Male,46.0,8,61688.61,1,1.0,0.0,147059.16,0
17543,15717893,Mazzanti,683,France,Male,43.0,4,0.0,2,1.0,1.0,113657.06,0
17544,15619494,Ritchie,651,France,Male,23.0,9,0.0,1,1.0,0.0,103376.47,0
17545,15797905,Hao,646,Germany,Female,29.0,4,117899.95,1,0.0,0.0,151924.9,1
17546,15747542,Perez,615,France,Male,52.0,3,0.0,2,1.0,1.0,173952.5,0
17547,15593468,Pagnotto,726,France,Female,36.0,4,0.0,2,1.0,0.0,89013.67,0
17548,15656913,P'an,723,France,Female,50.0,5,0.0,2,0.0,0.0,148816.17,1
17549,15783030,Owens,685,France,Female,40.0,7,0.0,2,0.0,0.0,72852.74,0
17550,15678497,Porter,821,Spain,Male,56.0,2,149105.08,1,1.0,0.0,169425.3,0
17551,15642997,T'ang,717,France,Male,31.0,1,0.0,2,0.0,1.0,172576.56,0
17552,15709913,Kao,745,France,Male,30.0,3,0.0,1,1.0,1.0,182612.88,0
17553,15777586,Uspensky,632,Germany,Female,40.0,2,98415.91,2,1.0,1.0,92865.58,0
17554,15646800,Swayne,705,France,Female,63.0,4,0.0,1,0.0,0.0,140710.7,1
17555,15747222,Bentley,745,France,Female,40.0,4,0.0,2,1.0,1.0,116581.1,0
17556,15777595,Hsing,697,France,Female,28.0,9,0.0,2,1.0,0.0,1285.85,0
17557,15606554,Douglas,797,France,Male,34.0,1,0.0,2,1.0,1.0,149184.15,0
17558,15717156,Efremov,615,France,Male,41.0,7,0.0,2,0.0,0.0,1713.2,0
17559,15730447,Hao,842,Spain,Male,46.0,5,0.0,1,1.0,1.0,119747.1,1
17560,15602937,Yevseyev,577,France,Female,42.0,7,117444.51,1,1.0,1.0,164083.72,0
17561,15644522,Ritchie,670,France,Female,29.0,6,0.0,1,1.0,0.0,1485.55,0
17562,15706463,Ijendu,753,Spain,Male,32.0,3,0.0,2,0.0,1.0,166476.48,0
17563,15749401,Onyemauchechukwu,453,Spain,Female,34.0,5,0.0,2,1.0,1.0,87422.15,0
17564,15731555,Hs?,696,Spain,Female,28.0,6,0.0,2,1.0,1.0,183490.99,0
17565,15751177,Milne,568,Spain,Female,44.0,7,0.0,2,1.0,1.0,45015.38,0
17566,15812482,Young,575,Germany,Male,33.0,3,134318.21,2,1.0,0.0,99843.98,0
17567,15793693,Rizzo,719,France,Female,26.0,8,0.0,2,1.0,1.0,85523.24,0
17568,15754084,Zikoranachidimma,850,Spain,Female,39.0,6,153819.58,1,0.0,0.0,79270.02,0
17569,15756820,Nwachukwu,686,France,Male,29.0,1,0.0,2,0.0,1.0,86786.33,0
17570,15600710,Lai,762,Spain,Male,46.0,4,131468.44,1,1.0,0.0,167564.82,0
17571,15749401,O'Toole,732,Germany,Female,35.0,5,119499.42,1,0.0,1.0,103421.79,0
17572,15602373,White,613,Spain,Male,33.0,1,91760.11,1,0.0,0.0,145567.34,0
17573,15762048,Nkemjika,644,France,Male,39.0,1,0.0,2,1.0,0.0,78670.52,0
17574,15681509,McKay,679,France,Female,37.0,9,0.0,2,1.0,0.0,61761.77,0
17575,15630106,Lo,656,Spain,Female,29.0,4,0.0,1,0.0,0.0,55389.59,1
17576,15745080,Ts'ao,691,France,Male,31.0,2,156034.01,1,1.0,1.0,115147.74,0
17577,15573456,L?,644,Spain,Male,34.0,5,0.0,2,1.0,1.0,161087.5,0
17578,15775108,Lo Duca,848,Germany,Male,34.0,1,99325.04,2,0.0,1.0,186052.15,1
17579,15761047,Nwabugwu,708,France,Male,36.0,6,0.0,1,0.0,0.0,124533.5,0
17580,15796764,Bruno,540,Germany,Male,56.0,9,127585.98,1,1.0,1.0,80593.49,0
17581,15740165,Toscani,637,Germany,Female,50.0,4,113755.68,1,1.0,1.0,159414.2,1
17582,15690134,Obialo,659,France,Male,39.0,6,0.0,2,1.0,0.0,121311.12,0
17583,15778947,Chukwubuikem,583,France,Male,38.0,8,0.0,2,1.0,0.0,6761.84,0
17584,15752841,Ch'iu,685,Germany,Male,35.0,1,129855.72,1,0.0,0.0,158545.25,0
17585,15700657,Frewin,679,France,Male,33.0,4,0.0,1,1.0,1.0,92612.88,0
17586,15662658,Folliero,648,France,Male,32.0,2,0.0,2,0.0,0.0,125445.65,0
17587,15660271,Gosnell,696,France,Male,49.0,6,0.0,2,1.0,0.0,19047.23,0
17588,15640635,Capon,769,France,Male,31.0,8,145578.28,1,0.0,1.0,93739.71,0
17589,15604782,Tan,613,France,Male,38.0,1,0.0,2,1.0,1.0,165576.55,0
17590,15793883,Chukwujekwu,684,Germany,Male,30.0,2,145215.43,1,1.0,0.0,468.94,0
17591,15792722,Omeokachie,611,Germany,Female,34.0,9,64897.75,1,1.0,0.0,114996.33,0
17592,15782534,Pagnotto,735,France,Male,43.0,6,0.0,2,1.0,1.0,151677.33,0
17593,15709183,Mazzi,726,France,Male,37.0,4,0.0,2,1.0,1.0,133573.29,0
17594,15797910,Shih,567,Germany,Male,38.0,4,118614.6,2,1.0,0.0,191746.23,1
17595,15771086,Fanucci,678,France,Female,40.0,1,0.0,2,1.0,1.0,141180.66,0
17596,15670587,Boyle,708,Germany,Male,40.0,4,111568.01,1,1.0,1.0,22026.18,0
17597,15709780,Azuka,667,France,Female,37.0,9,71786.9,1,1.0,1.0,67734.79,0
17598,15660809,Tien,634,France,Male,33.0,2,0.0,1,1.0,0.0,171762.87,0
17599,15608726,Trevisano,492,France,Male,39.0,7,0.0,2,0.0,1.0,59645.24,0
17600,15596863,Cardell,533,Germany,Male,40.0,7,153316.14,1,1.0,0.0,138552.74,0
17601,15802370,Trevisani,653,Germany,Male,36.0,4,133745.14,1,1.0,1.0,75825.57,0
17602,15678427,Otutodilinna,538,France,Female,31.0,0,0.0,2,0.0,0.0,179453.66,0
17603,15772363,Iweobiegbunam,704,Spain,Male,32.0,1,0.0,2,0.0,1.0,64716.08,0
17604,15634551,Williamson,695,France,Male,36.0,4,0.0,2,1.0,0.0,130752.01,0
17605,15769412,P'an,584,France,Female,38.0,6,0.0,2,1.0,1.0,54487.88,0
17606,15658890,Lo Duca,671,France,Male,34.0,10,0.0,2,1.0,1.0,84902.72,0
17607,15572454,Chiganu,779,Germany,Male,33.0,8,134896.77,2,1.0,1.0,173365.8,0
17608,15721719,Chibugo,542,France,Male,29.0,7,0.0,2,0.0,1.0,196651.72,0
17609,15753861,Hsiung,577,France,Female,56.0,3,0.0,1,1.0,0.0,160526.36,1
17610,15598157,L?,797,Germany,Male,41.0,5,157780.84,1,1.0,1.0,81299.17,0
17611,15793328,Narelle,525,France,Female,37.0,6,0.0,1,1.0,0.0,167543.58,1
17612,15797930,Dyer,565,Spain,Male,44.0,2,0.0,2,1.0,0.0,197226.32,0
17613,15768120,Ts'ui,637,France,Female,34.0,4,0.0,2,1.0,1.0,123877.22,0
17614,15783842,Milano,705,Germany,Female,51.0,9,78885.88,1,1.0,0.0,91429.74,1
17615,15734438,Kanayochukwu,738,France,Female,29.0,4,0.0,2,1.0,0.0,121846.81,0
17616,15780056,Bischof,645,France,Male,35.0,9,0.0,2,1.0,1.0,63846.36,0
17617,15720644,Cremonesi,582,Germany,Male,44.0,4,117726.57,1,0.0,0.0,119882.86,1
17618,15715750,T'an,751,France,Male,28.0,4,0.0,2,1.0,0.0,79414.92,0
17619,15654851,Udegbunam,554,Spain,Male,44.0,2,0.0,2,0.0,1.0,27886.06,0
17620,15767626,Carpenter,811,France,Female,42.0,6,0.0,2,1.0,1.0,3797.79,0
17621,15708422,Hsiung,699,France,Female,35.0,0,0.0,2,1.0,0.0,51113.14,1
17622,15774393,Yudina,580,Germany,Male,34.0,4,132835.3,1,1.0,1.0,143880.32,0
17623,15642041,Vachon,754,France,Male,34.0,8,0.0,2,0.0,1.0,47972.65,0
17624,15793331,Chikezie,718,Germany,Male,42.0,1,122453.97,2,1.0,0.0,181600.72,0
17625,15571940,Uspensky,625,France,Male,46.0,6,0.0,1,1.0,1.0,169287.99,1
17626,15790599,Hsueh,599,Spain,Female,41.0,9,0.0,2,1.0,1.0,72678.34,0
17627,15605130,Seccombe,753,Spain,Male,32.0,2,0.0,2,1.0,1.0,161642.08,0
17628,15810563,Eluemuno,702,Spain,Male,41.0,8,0.0,3,1.0,0.0,141959.11,1
17629,15732773,Olisanugo,550,Spain,Male,34.0,1,0.0,2,1.0,0.0,187964.51,0
17630,15696842,Fan,682,Spain,Male,33.0,1,0.0,2,1.0,1.0,151249.74,0
17631,15643967,Munro,708,Germany,Male,33.0,5,145387.32,1,1.0,1.0,132480.75,0
17632,15615477,Ives,807,France,Male,24.0,3,0.0,2,1.0,0.0,145775.29,0
17633,15605020,H?,575,France,Male,46.0,3,0.0,2,1.0,0.0,142995.32,0
17634,15682890,Fyodorova,635,France,Male,31.0,7,132731.96,1,1.0,1.0,79377.35,0
17635,15806837,Onyemauchechukwu,683,France,Female,35.0,7,0.0,2,1.0,1.0,51553.96,0
17636,15680436,Hsing,496,France,Male,29.0,3,0.0,2,1.0,0.0,164804.02,1
17637,15681206,Chukwualuka,516,France,Female,22.0,2,0.0,1,1.0,0.0,121406.62,0
17638,15787051,Ch'ien,689,France,Male,33.0,3,133845.26,1,1.0,1.0,89081.41,0
17639,15684851,Raff,488,France,Female,42.0,9,114655.74,1,1.0,0.0,198802.0,0
17640,15793049,Lettiere,733,France,Female,27.0,7,0.0,2,1.0,0.0,65801.44,0
17641,15808526,Cartwright,655,France,Male,29.0,0,0.0,2,1.0,1.0,96590.39,0
17642,15666821,Fanucci,544,France,Female,37.0,2,0.0,2,1.0,1.0,134596.38,0
17643,15676526,George,642,Spain,Male,30.0,8,0.0,2,0.0,1.0,150227.85,0
17644,15574858,Yudina,651,France,Female,25.0,5,0.0,2,1.0,0.0,171657.57,0
17645,15653065,Tuan,614,Spain,Female,41.0,7,0.0,1,0.0,0.0,105720.09,0
17646,15613699,Schnaars,634,Spain,Male,29.0,3,0.0,2,0.0,1.0,161937.62,0
17647,15671274,Mazzanti,641,Germany,Male,35.0,8,123873.19,2,1.0,1.0,126743.33,0
17648,15772995,Palerma,799,Spain,Male,40.0,8,0.0,2,1.0,0.0,149913.94,0
17649,15728006,MacDonnell,757,Spain,Male,37.0,1,0.0,1,0.0,0.0,161229.83,1
17650,15737404,Maclean,520,France,Male,52.0,3,0.0,3,1.0,0.0,59172.02,1
17651,15793825,T'ien,741,France,Male,46.0,2,0.0,2,1.0,1.0,79577.4,0
17652,15662901,Zetticci,724,France,Male,31.0,5,0.0,1,1.0,1.0,134889.95,0
17653,15737509,Ts'ui,710,France,Male,39.0,4,0.0,1,1.0,0.0,67944.09,0
17654,15652469,Nevels,717,France,Male,47.0,5,0.0,2,1.0,0.0,93003.21,0
17655,15722425,Rizzo,626,France,Male,32.0,4,105603.21,1,1.0,1.0,157360.9,0
17656,15688644,Sagese,619,France,Male,30.0,1,0.0,2,1.0,0.0,3459.07,0
17657,15648070,Onyeoruru,697,Germany,Male,31.0,9,116537.73,2,1.0,0.0,153383.71,0
17658,15584899,Siciliano,530,France,Male,38.0,10,0.0,2,0.0,1.0,13066.3,0
17659,15724543,Yobachi,640,Spain,Female,32.0,9,102278.79,1,0.0,0.0,88827.67,0
17660,15702806,Martin,697,Spain,Male,24.0,9,0.0,1,0.0,1.0,10883.52,0
17661,15616471,Milne,678,Spain,Female,51.0,1,0.0,2,0.0,1.0,175235.99,0
17662,15583553,Okwuadigbo,714,France,Female,40.0,1,93557.11,1,0.0,0.0,44215.61,0
17663,15778861,Melton,767,France,Male,42.0,8,0.0,1,1.0,1.0,184654.87,0
17664,15575185,Clarke,546,Germany,Female,52.0,4,89122.3,1,1.0,1.0,194239.63,1
17665,15802486,Nworie,682,France,Male,36.0,10,0.0,2,1.0,0.0,184524.74,0
17666,15765643,McKay,648,France,Female,48.0,7,0.0,2,1.0,1.0,170893.85,0
17667,15773071,Onwudiwe,535,France,Male,40.0,0,0.0,1,1.0,0.0,182436.81,0
17668,15597914,Okeke,817,Germany,Male,31.0,5,139096.85,2,1.0,0.0,193408.43,0
17669,15756070,Kao,691,France,Male,38.0,8,0.0,2,1.0,0.0,120893.07,0
17670,15604818,Bruce,798,France,Male,34.0,7,154495.79,1,0.0,1.0,191395.88,0
17671,15583861,Maclean,732,France,Female,28.0,8,0.0,2,1.0,0.0,102908.49,0
17672,15685576,Norman,561,Germany,Female,52.0,6,134944.0,3,1.0,0.0,171036.65,1
17673,15792250,Ejimofor,687,France,Male,20.0,9,123681.32,1,0.0,0.0,177519.39,0
17674,15754915,Nucci,735,Spain,Male,34.0,6,0.0,2,1.0,1.0,93921.68,0
17675,15593250,Hsiao,615,Spain,Male,40.0,1,0.0,2,1.0,0.0,44904.26,0
17676,15785831,Chukwudi,739,Spain,Female,34.0,6,139994.66,1,1.0,0.0,86894.67,0
17677,15642098,Ch'iu,649,Spain,Male,38.0,3,130142.79,1,1.0,1.0,152992.04,0
17678,15579548,Nicholson,813,France,Female,48.0,5,0.0,1,1.0,0.0,187976.88,1
17679,15652626,Smith,659,France,Male,41.0,2,0.0,2,1.0,1.0,56784.09,0
17680,15605826,Menkens,731,France,Male,48.0,7,0.0,2,1.0,0.0,143086.09,0
17681,15807709,Hao,667,France,Male,50.0,8,105518.8,3,1.0,1.0,180968.94,1
17682,15720706,Hsing,559,Spain,Female,43.0,2,82766.43,1,0.0,1.0,122937.57,0
17683,15743759,Y?an,731,France,Male,37.0,6,126773.43,2,1.0,1.0,74878.67,0
17684,15706904,Robertson,750,France,Male,38.0,6,113882.31,1,1.0,1.0,74564.41,0
17685,15632345,Okoli,662,France,Male,37.0,4,0.0,2,1.0,0.0,126551.48,0
17686,15589949,Hsing,556,France,Male,50.0,6,0.0,2,1.0,0.0,79618.75,0
17687,15649060,H?,633,Germany,Female,29.0,2,146834.52,1,1.0,1.0,108889.3,0
17688,15718912,Hsueh,712,France,Female,42.0,6,0.0,2,1.0,1.0,193995.37,0
17689,15750728,Pinto,483,France,Female,29.0,4,0.0,1,1.0,0.0,160383.47,0
17690,15581379,Mancini,689,Spain,Male,35.0,4,92674.03,1,0.0,0.0,107961.02,0
17691,15792986,Nuttall,637,Spain,Female,45.0,5,145118.83,1,1.0,1.0,145160.96,1
17692,15736302,McKay,712,France,Male,36.0,1,0.0,2,1.0,1.0,170893.85,0
17693,15679062,Teng,741,France,Male,39.0,3,115023.7,1,1.0,1.0,173899.42,0
17694,15662571,Li Fonti,644,France,Male,39.0,1,0.0,2,0.0,0.0,67553.98,0
17695,15577064,K'ung,705,Spain,Female,31.0,6,0.0,2,1.0,0.0,67879.8,0
17696,15690620,O'Donnell,656,France,Female,28.0,3,0.0,2,1.0,1.0,160134.53,0
17697,15674853,T'ao,559,France,Female,32.0,0,0.0,2,1.0,0.0,184318.74,0
17698,15677522,Sagese,758,Germany,Female,56.0,5,121894.63,1,0.0,1.0,103792.53,1
17699,15593695,Chukwuemeka,848,Germany,Male,59.0,3,123697.05,1,1.0,1.0,14087.95,1
17700,15746704,Manna,705,France,Female,35.0,1,150905.03,1,0.0,0.0,158545.25,1
17701,15792250,Genovesi,694,Germany,Male,18.0,8,113447.04,2,1.0,0.0,74835.94,0
17702,15786035,Shao,748,France,Male,40.0,8,97910.71,1,0.0,1.0,90876.95,0
17703,15607269,Costa,492,Germany,Female,49.0,2,151249.45,1,1.0,1.0,167237.94,0
17704,15774127,Yegorova,605,France,Male,35.0,8,134590.21,1,1.0,0.0,54914.92,0
17705,15677435,Kazantseva,647,France,Female,29.0,0,98263.46,1,1.0,0.0,164717.95,0
17706,15568915,Fancher,663,Spain,Male,63.0,7,152085.88,1,1.0,1.0,74850.94,0
17707,15668289,McWilliams,599,France,Male,29.0,9,0.0,2,1.0,1.0,151822.66,0
17708,15768006,Onyekaozulu,623,Germany,Male,32.0,2,123906.22,2,1.0,1.0,128881.87,0
17709,15614187,O'Sullivan,634,France,Male,32.0,10,0.0,2,1.0,1.0,53311.55,0
17710,15684960,Maclean,620,France,Male,34.0,3,0.0,2,1.0,0.0,79577.3,0
17711,15813347,Brown,733,France,Male,40.0,2,0.0,2,1.0,0.0,172363.69,0
17712,15750335,Udinese,554,France,Female,27.0,3,0.0,2,1.0,0.0,150422.35,0
17713,15606613,Samson,655,France,Male,33.0,7,0.0,1,1.0,1.0,88958.49,0
17714,15769254,Iloerika,627,France,Male,46.0,3,0.0,2,1.0,1.0,94945.47,0
17715,15586674,Nnanna,755,France,Male,34.0,6,0.0,1,0.0,1.0,119374.82,0
17716,15721251,Watson,759,France,Male,41.0,4,0.0,2,0.0,1.0,36242.19,0
17717,15712777,Iadanza,679,Spain,Male,25.0,9,0.0,2,1.0,0.0,137037.97,0
17718,15602909,Maclean,584,France,Male,34.0,3,0.0,2,0.0,0.0,598.8,0
17719,15586518,Okoli,677,Spain,Female,49.0,7,0.0,1,1.0,0.0,50368.63,1
17720,15713637,Clark,577,Spain,Male,41.0,8,92472.1,2,0.0,0.0,126494.82,0
17721,15619083,Chukwukere,646,Germany,Female,41.0,4,126273.95,1,1.0,1.0,70400.86,1
17722,15589018,Padovano,575,France,Male,36.0,8,0.0,2,1.0,1.0,28137.03,0
17723,15583755,McClemans,581,Germany,Female,57.0,9,156570.86,1,0.0,1.0,37141.62,1
17724,15652789,Johnson,552,Spain,Male,40.0,10,0.0,1,0.0,0.0,52990.7,0
17725,15718231,Oster,695,France,Female,31.0,8,0.0,2,0.0,1.0,47722.15,0
17726,15738063,Boyle,631,France,Female,37.0,9,0.0,2,1.0,0.0,182691.31,0
17727,15592773,Chiganu,711,Germany,Male,43.0,7,132767.66,2,1.0,1.0,26628.88,0
17728,15775233,Y?,753,France,Female,37.0,5,0.0,2,0.0,1.0,139947.17,0
17729,15763029,Ulyanova,679,Spain,Male,46.0,4,0.0,1,1.0,1.0,121210.09,1
17730,15687421,Highland,629,France,Male,67.0,7,125919.35,1,1.0,1.0,175910.95,0
17731,15603913,Lucciano,675,Spain,Male,35.0,2,0.0,1,1.0,0.0,122267.28,1
17732,15760063,Uwaezuoke,781,France,Male,58.0,10,0.0,2,0.0,1.0,102640.52,0
17733,15586629,Campbell,637,France,Male,33.0,4,0.0,2,1.0,0.0,139947.17,0
17734,15735330,Chidozie,703,Spain,Male,21.0,3,0.0,2,1.0,1.0,28276.82,0
17735,15653762,Chidiebele,501,Germany,Female,44.0,9,117301.66,1,0.0,0.0,182025.95,0
17736,15624388,Ngozichukwuka,608,Germany,Female,51.0,4,104774.42,3,1.0,0.0,143086.32,1
17737,15691823,Cremonesi,607,France,Female,25.0,4,0.0,1,1.0,0.0,61312.15,0
17738,15602034,Kolesnikov,697,France,Female,34.0,2,126558.92,1,1.0,1.0,73334.43,0
17739,15569892,Nwachinemelu,727,Spain,Female,24.0,3,0.0,2,1.0,0.0,52367.31,0
17740,15599329,Christopher,697,France,Female,49.0,7,195238.29,4,0.0,1.0,131083.56,0
17741,15781129,Olisaemeka,677,Germany,Female,29.0,7,120145.66,2,1.0,1.0,176580.69,0
17742,15641877,Hs?,554,Spain,Male,37.0,8,0.0,2,1.0,0.0,177624.01,0
17743,15747000,K?,698,France,Male,27.0,3,0.0,2,1.0,1.0,154775.7,0
17744,15792364,Ch'in,661,France,Female,34.0,2,0.0,1,1.0,0.0,18800.13,0
17745,15676869,Teng,659,Germany,Female,40.0,9,109730.2,2,0.0,1.0,89566.74,0
17746,15778882,Nnamutaezinwa,833,France,Female,38.0,1,0.0,2,1.0,1.0,92466.19,0
17747,15581529,Fenton,706,France,Male,36.0,7,0.0,2,0.0,1.0,54474.15,0
17748,15675176,Ch'ien,611,France,Male,37.0,6,0.0,2,1.0,1.0,36292.94,0
17749,15572361,Teng,684,France,Female,34.0,3,0.0,2,1.0,1.0,100615.14,0
17750,15682600,Mancini,756,France,Male,40.0,1,129748.54,1,0.0,0.0,142223.94,0
17751,15629985,Yermakov,748,France,Female,38.0,4,0.0,2,1.0,1.0,163550.58,0
17752,15710671,Fang,704,Spain,Female,37.0,5,0.0,2,1.0,1.0,9679.28,0
17753,15584897,Calabresi,745,France,Male,31.0,6,0.0,2,1.0,0.0,176680.24,0
17754,15680706,Ulyanov,738,France,Female,32.0,2,0.0,2,1.0,0.0,144870.28,0
17755,15639272,Pagnotto,645,Spain,Male,26.0,9,79954.65,1,1.0,1.0,115068.55,0
17756,15776211,Toscani,627,Germany,Female,32.0,2,138341.51,2,1.0,0.0,107712.42,0
17757,15576517,Hsueh,627,France,Female,35.0,0,0.0,2,1.0,1.0,125445.8,0
17758,15568915,K'ung,637,France,Male,43.0,6,0.0,1,0.0,1.0,174921.91,0
17759,15635082,Smith,727,Spain,Male,29.0,6,0.0,2,1.0,0.0,71065.41,0
17760,15793883,Ts'ui,655,France,Female,36.0,8,0.0,2,1.0,1.0,73679.62,0
17761,15671930,Palerma,627,France,Female,42.0,2,0.0,2,1.0,1.0,151903.6,0
17762,15644555,Onio,676,France,Male,42.0,4,0.0,2,1.0,1.0,177065.24,0
17763,15743714,Ko,628,Germany,Female,55.0,6,108410.87,4,1.0,0.0,171766.87,1
17764,15790282,Trentino,817,Germany,Male,22.0,5,114327.59,2,0.0,1.0,42831.11,1
17765,15762928,Chidiegwu,705,Germany,Male,34.0,4,135067.02,1,1.0,1.0,60907.51,0
17766,15583764,MacPherson,582,Spain,Male,47.0,1,104936.99,1,1.0,1.0,162527.02,0
17767,15733602,Olisaemeka,555,Spain,Male,27.0,5,135470.55,2,0.0,0.0,131856.22,0
17768,15783526,H?,694,France,Female,40.0,8,0.0,2,1.0,1.0,131778.58,0
17769,15625021,Onuchukwu,542,France,Male,31.0,3,0.0,2,1.0,0.0,145562.4,0
17770,15581229,Gregory,502,Germany,Female,32.0,1,173340.83,1,0.0,1.0,122763.95,1
17771,15759038,Chia,743,Germany,Female,34.0,5,152086.11,1,0.0,1.0,174968.41,0
17772,15757865,Pisano,634,Germany,Male,29.0,8,111061.57,1,1.0,1.0,37605.9,0
17773,15709511,Nwora,558,Germany,Female,39.0,8,135095.01,1,1.0,1.0,106969.05,1
17774,15792654,Bess,713,France,Male,42.0,9,113865.35,1,0.0,1.0,104786.33,0
17775,15691446,Hsing,688,Spain,Male,39.0,10,0.0,2,1.0,0.0,160968.44,0
17776,15656710,Cocci,756,Spain,Male,40.0,4,0.0,2,1.0,1.0,151325.24,0
17777,15757617,Lewis,735,France,Male,55.0,10,134140.68,1,1.0,0.0,2267.88,0
17778,15740442,Yobanna,850,France,Female,38.0,9,106656.58,2,0.0,1.0,184474.86,1
17779,15713479,Okagbue,471,Germany,Female,48.0,7,140541.11,1,1.0,1.0,173686.01,0
17780,15683553,Chidubem,719,Germany,Female,40.0,5,124525.52,1,1.0,0.0,10963.04,1
17781,15782418,Ejimofor,684,Germany,Female,52.0,4,117468.67,1,1.0,0.0,80190.36,1
17782,15755978,Tseng,606,Spain,Female,31.0,10,0.0,2,1.0,1.0,195209.4,0
17783,15804480,Ugochukwu,665,Spain,Male,40.0,1,0.0,3,0.0,1.0,150694.01,1
17784,15646942,Shephard,652,Spain,Female,38.0,1,103895.31,1,1.0,0.0,159649.44,0
17785,15772479,H?,667,France,Male,35.0,6,0.0,1,0.0,1.0,142331.85,0
17786,15655436,Pacheco,754,France,Male,24.0,6,132450.24,1,0.0,1.0,84872.66,0
17787,15686963,Pinto,717,Spain,Male,28.0,1,0.0,1,0.0,1.0,180345.44,0
17788,15586880,Milne,639,France,Male,35.0,3,0.0,2,1.0,1.0,180934.51,0
17789,15685300,Palerma,683,Germany,Male,41.0,2,143926.16,2,1.0,1.0,80149.27,0
17790,15593476,Nwankwo,706,France,Male,28.0,7,0.0,2,1.0,0.0,142670.31,0
17791,15657535,Folliero,741,France,Female,39.0,8,0.0,2,1.0,0.0,99834.1,0
17792,15642570,Efremov,607,France,Female,52.0,4,0.0,1,1.0,0.0,51364.56,1
17793,15796813,Storey,493,France,Male,54.0,3,167831.88,2,1.0,0.0,150159.95,0
17794,15697543,Mazzanti,694,Germany,Female,41.0,2,141806.54,2,1.0,1.0,121798.53,0
17795,15662021,Stewart,582,France,Male,40.0,9,0.0,2,0.0,1.0,60954.45,0
17796,15591711,Hsing,710,France,Male,30.0,9,0.0,2,1.0,0.0,125961.48,0
17797,15585835,Nwankwo,619,Spain,Female,36.0,7,0.0,2,1.0,1.0,75927.96,0
17798,15800793,Yefimova,682,Spain,Male,28.0,7,0.0,2,1.0,1.0,180593.45,0
17799,15644132,Mancini,721,Spain,Female,40.0,9,142475.87,1,1.0,1.0,107848.24,0
17800,15655875,T'ien,636,France,Male,47.0,9,112281.7,1,1.0,0.0,149604.18,0
17801,15688963,Piazza,684,France,Female,43.0,9,0.0,2,1.0,1.0,164806.89,0
17802,15723028,Nwachinemelu,686,France,Male,41.0,2,0.0,2,1.0,0.0,120892.96,0
17803,15574072,Ch'in,573,France,Male,32.0,6,76595.64,1,0.0,1.0,84532.49,0
17804,15661974,Yip,573,Germany,Female,44.0,10,116060.08,1,1.0,0.0,121592.29,1
17805,15633461,Pai,639,Germany,Male,36.0,5,130170.82,1,1.0,1.0,149599.62,0
17806,15729804,Manfrin,604,France,Male,36.0,8,0.0,2,1.0,1.0,80234.14,0
17807,15576717,Olisaemeka,732,France,Male,39.0,8,0.0,1,1.0,1.0,170968.78,1
17808,15756535,Chibugo,563,Germany,Female,21.0,5,91562.99,2,1.0,1.0,93783.0,0
17809,15781665,Zuyeva,676,France,Female,34.0,1,0.0,2,1.0,1.0,81251.24,0
17810,15686957,Milani,709,Germany,Male,36.0,6,134740.24,2,0.0,1.0,48559.4,0
17811,15761149,Vasilyeva,614,Germany,Male,48.0,10,109472.47,1,0.0,1.0,157358.43,0
17812,15734246,She,746,France,Female,21.0,8,166883.07,2,1.0,1.0,194563.65,0
17813,15735388,Ting,579,France,Female,47.0,5,0.0,3,1.0,0.0,116961.0,1
17814,15613886,Trevisan,722,Spain,Male,43.0,8,0.0,1,1.0,1.0,44560.17,1
17815,15677538,Nwokike,777,France,Male,30.0,8,0.0,1,1.0,1.0,18613.52,0
17816,15693817,Ferrari,539,Spain,Male,28.0,5,0.0,2,1.0,1.0,48382.4,0
17817,15661745,Browne,557,France,Male,36.0,2,0.0,2,0.0,1.0,144078.02,0
17818,15744614,Feng,541,France,Male,37.0,9,118636.92,1,1.0,1.0,73551.44,1
17819,15648005,Russell,672,France,Male,47.0,2,0.0,1,1.0,1.0,182738.0,1
17820,15608968,Averyanov,714,Germany,Male,67.0,6,86402.52,2,0.0,0.0,27330.27,1
17821,15583090,Liao,652,Germany,Male,37.0,5,123475.14,2,1.0,0.0,164916.57,0
17822,15677921,Akabueze,683,France,Male,26.0,3,0.0,2,1.0,1.0,193502.93,0
17823,15584749,P'eng,628,Germany,Female,52.0,2,139914.4,1,1.0,1.0,140949.74,1
17824,15721592,Chukwufumnanya,627,France,Male,33.0,6,0.0,2,1.0,1.0,11783.1,0
17825,15723884,Lo,710,France,Male,35.0,9,0.0,2,1.0,0.0,142730.27,0
17826,15579647,Oluchukwu,682,France,Female,44.0,7,0.0,1,1.0,1.0,160828.98,1
17827,15598046,Zetticci,717,France,Male,36.0,6,0.0,2,1.0,1.0,182336.21,0
17828,15620751,Maclean,765,Germany,Male,39.0,5,134950.19,1,1.0,1.0,177655.68,0
17829,15713596,K?,698,Germany,Female,35.0,9,124043.53,2,1.0,1.0,171413.73,0
17830,15804516,Chiemenam,644,Germany,Female,40.0,1,143936.36,1,1.0,0.0,71420.16,0
17831,15673995,Tu,644,Spain,Female,36.0,9,0.0,2,1.0,1.0,181490.42,0
17832,15664808,Chiawuotu,755,Germany,Male,62.0,2,123835.52,3,1.0,1.0,72993.65,1
17833,15806929,Stanley,561,France,Male,28.0,7,0.0,2,1.0,0.0,7797.01,0
17834,15757577,Frewin,651,France,Female,42.0,3,0.0,2,1.0,1.0,180622.02,0
17835,15693331,Shipp,619,France,Male,37.0,2,0.0,1,1.0,0.0,93844.88,0
17836,15593250,Hsia,715,France,Male,35.0,2,0.0,2,1.0,0.0,44904.26,0
17837,15798895,Toscani,726,France,Male,33.0,7,0.0,2,1.0,1.0,167564.82,0
17838,15671294,Ts'ui,679,France,Male,40.0,5,0.0,2,1.0,1.0,103557.83,0
17839,15713250,Izmailova,488,France,Male,38.0,7,0.0,1,0.0,1.0,123509.01,0
17840,15594878,Chukwuebuka,651,Germany,Male,34.0,2,135094.47,1,1.0,0.0,127547.17,0
17841,15690743,Shao,536,France,Female,61.0,3,0.0,3,1.0,0.0,130789.6,1
17842,15793425,Chiu,694,Spain,Male,59.0,8,95984.69,1,1.0,0.0,180622.43,1
17843,15704053,Milne,583,Germany,Male,52.0,5,104930.38,1,1.0,0.0,128882.66,1
17844,15573625,P'eng,682,Germany,Male,27.0,3,134954.37,1,1.0,0.0,38410.77,0
17845,15757952,Loyau,543,Spain,Female,45.0,10,0.0,2,0.0,0.0,100601.73,0
17846,15573851,Hsieh,619,France,Female,42.0,5,0.0,1,0.0,1.0,142400.27,0
17847,15780779,Pisani,538,France,Female,31.0,4,0.0,2,1.0,1.0,103792.53,0
17848,15581286,Yefimov,636,France,Male,27.0,1,0.0,2,1.0,1.0,63783.69,0
17849,15749381,Mazzanti,739,Germany,Female,41.0,6,122952.9,2,0.0,1.0,101274.13,0
17850,15751193,Ch'eng,471,France,Male,26.0,4,0.0,1,1.0,0.0,62845.64,0
17851,15772995,Horsley,790,France,Male,29.0,4,0.0,2,1.0,0.0,86022.09,0
17852,15676571,Zetticci,588,Germany,Male,46.0,6,125961.74,1,1.0,1.0,103557.91,1
17853,15754599,K'ung,722,France,Male,37.0,2,0.0,2,1.0,1.0,83087.13,0
17854,15684348,Bishop,631,France,Male,24.0,3,102395.79,1,1.0,0.0,119368.99,0
17855,15792668,Ch'eng,651,France,Male,35.0,2,153760.66,1,1.0,1.0,68831.49,0
17856,15665830,Padovano,667,France,Male,32.0,4,0.0,2,1.0,1.0,77867.69,0
17857,15594598,T'ien,560,France,Male,37.0,1,0.0,2,0.0,0.0,104930.46,0
17858,15581550,Mazzanti,581,Germany,Female,49.0,9,118590.35,1,1.0,1.0,82413.51,1
17859,15572294,Tung,675,Germany,Female,42.0,9,62078.21,2,1.0,0.0,103349.74,1
17860,15592406,T'ao,581,France,Male,35.0,2,0.0,2,1.0,1.0,138360.77,0
17861,15663889,Lucchesi,569,France,Male,33.0,3,0.0,2,1.0,1.0,55470.78,0
17862,15673995,Voronkov,648,France,Female,50.0,9,102535.57,1,1.0,1.0,181490.42,0
17863,15711316,Ch'ang,771,France,Female,27.0,0,0.0,2,1.0,1.0,199527.34,0
17864,15730397,Onyemauchechukwu,594,France,Female,38.0,9,0.0,1,1.0,1.0,145528.22,0
17865,15768095,Yeh,579,Spain,Male,31.0,5,0.0,1,1.0,1.0,139048.0,0
17866,15704987,Pirozzi,595,France,Female,32.0,9,0.0,2,1.0,0.0,141210.5,0
17867,15591607,Milani,660,France,Female,38.0,9,0.0,1,0.0,1.0,113483.96,0
17868,15809909,H?,732,France,Female,43.0,7,0.0,2,0.0,1.0,97640.2,0
17869,15717231,Shih,533,Germany,Male,25.0,10,80442.06,2,0.0,1.0,12537.42,0
17870,15698918,Lo,697,France,Female,41.0,6,0.0,2,1.0,1.0,135851.1,0
17871,15592451,Lombardi,667,France,Female,51.0,9,0.0,1,1.0,0.0,5388.3,1
17872,15588461,Cremonesi,725,France,Male,35.0,4,0.0,1,1.0,0.0,8816.37,0
17873,15640161,Pai,621,France,Male,34.0,0,0.0,2,0.0,0.0,185555.63,0
17874,15689031,Kepley,756,Spain,Male,34.0,7,0.0,2,0.0,1.0,169742.02,0
17875,15752344,She,714,Spain,Male,64.0,5,0.0,2,1.0,1.0,193040.32,0
17876,15651359,Ebelechukwu,584,France,Male,28.0,6,0.0,2,1.0,1.0,120586.32,0
17877,15690743,Nwoye,628,France,Male,33.0,9,0.0,2,1.0,0.0,62674.38,0
17878,15806049,Maclean,682,Spain,Female,43.0,4,138843.7,1,0.0,0.0,28415.36,0
17879,15739592,Olisaemeka,622,Spain,Male,37.0,7,0.0,2,1.0,1.0,124795.86,0
17880,15728885,Fiorentino,619,Germany,Female,45.0,2,102781.4,4,1.0,0.0,104886.2,1
17881,15636589,Galkin,646,France,Female,32.0,2,0.0,2,1.0,0.0,85890.47,0
17882,15737782,Ts'ai,613,France,Male,21.0,1,0.0,2,0.0,0.0,26500.29,0
17883,15783696,Uspenskaya,730,France,Female,36.0,4,96202.96,1,0.0,0.0,166677.33,0
17884,15677551,Nkemjika,729,Germany,Female,32.0,2,69414.03,2,1.0,0.0,91906.0,1
17885,15785586,T'ien,717,Germany,Male,42.0,4,130812.89,1,1.0,0.0,95985.64,0
17886,15753541,Lai,714,Spain,Male,45.0,3,0.0,2,1.0,1.0,187811.71,0
17887,15671514,Bogle,590,France,Male,34.0,3,0.0,2,1.0,0.0,180426.2,0
17888,15621435,Aitken,599,Spain,Male,38.0,3,156948.41,1,1.0,0.0,130846.81,0
17889,15585835,Onyekachi,712,Spain,Male,32.0,8,0.0,2,1.0,1.0,176680.93,0
17890,15809227,Liao,731,Spain,Male,35.0,9,0.0,1,1.0,0.0,162515.61,0
17891,15802351,Li,467,Germany,Female,34.0,6,63663.93,1,1.0,1.0,167784.28,0
17892,15806925,Hsiao,553,France,Male,42.0,6,0.0,2,1.0,1.0,64330.56,0
17893,15600992,Madukaego,652,France,Male,32.0,10,0.0,2,1.0,0.0,151335.24,0
17894,15636624,Nwabugwu,667,Spain,Female,40.0,5,148571.07,1,1.0,1.0,169894.4,0
17895,15696852,K?,529,France,Male,32.0,2,0.0,2,1.0,1.0,152992.04,0
17896,15765282,Kao,793,France,Female,31.0,6,142644.64,2,1.0,0.0,62850.03,0
17897,15694408,H?,667,Spain,Female,47.0,0,68799.72,1,1.0,0.0,167773.55,0
17898,15773868,Ts'ai,554,France,Female,25.0,3,107764.75,1,1.0,0.0,136877.21,0
17899,15698839,Okwudilichukwu,652,Spain,Female,33.0,4,0.0,2,1.0,1.0,74694.41,0
17900,15654060,Iweobiegbunam,645,France,Female,59.0,0,0.0,1,0.0,0.0,102517.35,1
17901,15701605,Hsueh,739,France,Male,55.0,4,0.0,1,1.0,1.0,87941.85,0
17902,15673180,Onyekaozulu,688,Spain,Female,18.0,2,0.0,2,1.0,0.0,98349.13,0
17903,15777054,Archer,694,France,Male,29.0,1,83181.29,1,1.0,1.0,138176.78,0
17904,15686977,Pinto,662,Spain,Female,39.0,5,0.0,2,1.0,0.0,91903.9,0
17905,15644896,Manna,613,France,Male,30.0,7,0.0,2,0.0,1.0,94568.94,0
17906,15724251,Lucchese,681,France,Male,38.0,9,0.0,2,1.0,0.0,182728.8,0
17907,15706021,Buley,548,France,Male,34.0,1,96645.54,3,1.0,0.0,171413.66,1
17908,15605918,Nnaife,712,France,Male,32.0,6,112211.61,1,1.0,1.0,149535.97,0
17909,15793331,Nnaife,710,France,Female,44.0,8,0.0,1,0.0,1.0,167873.55,1
17910,15628279,Chizuoke,519,France,Female,32.0,4,0.0,2,1.0,0.0,147040.25,1
17911,15682890,Zikoranachidimma,745,Germany,Female,58.0,1,123544.01,1,1.0,0.0,140941.47,1
17912,15719479,Hsia,794,France,Male,27.0,9,0.0,2,1.0,0.0,149599.7,0
17913,15734987,Calabresi,686,Germany,Male,39.0,2,127122.79,2,1.0,1.0,107872.57,0
17914,15602456,Mancini,695,France,Female,36.0,8,0.0,1,1.0,0.0,25951.91,1
17915,15595350,Onyekachukwu,678,Germany,Female,38.0,0,116622.72,1,0.0,0.0,81483.64,0
17916,15663883,Baresi,483,Germany,Male,34.0,6,105701.91,2,0.0,1.0,67640.87,0
17917,15624374,Ts'ui,616,Germany,Female,36.0,4,91902.56,2,1.0,0.0,55867.38,0
17918,15751780,P'eng,607,France,Male,34.0,0,0.0,1,1.0,1.0,162527.67,0
17919,15578775,Maclean,629,France,Female,33.0,6,0.0,1,1.0,1.0,178106.34,0
17920,15716608,Onyekaozulu,749,France,Male,22.0,3,0.0,2,1.0,0.0,92718.8,0
17921,15765732,Simmons,564,Spain,Female,24.0,9,149592.14,2,1.0,1.0,153771.8,0
17922,15773798,Nwachukwu,671,France,Male,37.0,4,0.0,2,1.0,1.0,179634.85,0
17923,15691287,Ford,675,Germany,Female,33.0,5,141816.25,1,1.0,1.0,64815.05,0
17924,15793337,Folliero,602,France,Male,38.0,8,0.0,2,1.0,1.0,51919.71,0
17925,15571529,Liao,667,Germany,Male,29.0,1,141546.68,1,1.0,1.0,126353.13,0
17926,15754569,Pagnotto,664,France,Male,57.0,9,0.0,2,1.0,1.0,56562.57,0
17927,15663933,Hsing,553,France,Male,27.0,1,0.0,2,1.0,0.0,131852.01,0
17928,15672091,Mancini,576,France,Male,34.0,3,0.0,2,1.0,1.0,142930.16,0
17929,15749365,Chukwufumnanya,543,Germany,Male,36.0,4,125909.85,2,1.0,1.0,139435.11,0
17930,15752956,Stanley,697,Spain,Male,36.0,8,0.0,2,1.0,0.0,88842.8,0
17931,15642708,Chukwuemeka,597,France,Male,35.0,9,74989.45,1,1.0,1.0,177622.34,0
17932,15573888,Yefremov,577,France,Male,38.0,3,0.0,2,1.0,1.0,187905.87,0
17933,15576116,Ch'ang,644,Germany,Male,51.0,3,118890.81,1,1.0,0.0,8059.44,1
17934,15744041,Yobanna,850,France,Male,26.0,3,0.0,1,1.0,0.0,117144.15,1
17935,15654964,Tung,696,Germany,Male,40.0,2,94486.47,1,1.0,0.0,166694.93,1
17936,15749807,T'ang,516,France,Male,42.0,5,0.0,3,1.0,0.0,10958.18,1
17937,15605036,Fyodorova,486,France,Male,29.0,3,0.0,2,1.0,0.0,141756.94,0
17938,15705379,Hsia,839,France,Female,44.0,4,0.0,1,1.0,0.0,85937.02,1
17939,15592979,Babbage,827,Germany,Female,31.0,7,133201.98,2,1.0,1.0,80593.49,0
17940,15655389,Leckie,638,France,Female,42.0,2,0.0,2,1.0,1.0,47675.29,0
17941,15646563,Toscani,704,Spain,Male,34.0,1,136674.55,1,1.0,0.0,133881.31,0
17942,15702788,McIntyre,775,Germany,Female,31.0,7,123815.37,1,1.0,0.0,142629.54,1
17943,15742834,Ugochukwu,752,Spain,Male,35.0,10,106070.97,1,1.0,0.0,132404.35,0
17944,15641794,Chizoba,793,France,Female,22.0,1,0.0,2,1.0,1.0,140136.1,0
17945,15735203,Hazon,447,Germany,Male,40.0,7,111183.53,1,0.0,0.0,165038.27,0
17946,15782210,K'ung,724,France,Male,31.0,6,0.0,1,1.0,0.0,15216.53,1
17947,15691387,Baryshnikov,763,France,Female,44.0,4,0.0,2,1.0,1.0,183983.82,0
17948,15749947,Black,665,France,Female,27.0,7,0.0,2,1.0,0.0,66548.58,0
17949,15662751,Kenechukwu,707,France,Male,45.0,7,0.0,2,0.0,0.0,82526.92,0
17950,15711219,Okwudiliolisa,806,France,Male,39.0,2,0.0,1,0.0,0.0,26136.13,1
17951,15735578,Olisanugo,627,Germany,Female,41.0,1,103097.85,2,0.0,1.0,166850.57,0
17952,15779913,Davidson,584,Germany,Male,28.0,3,98205.77,2,1.0,1.0,192449.02,0
17953,15717286,Martin,830,Germany,Female,44.0,9,118097.87,2,1.0,1.0,82547.01,1
17954,15585198,Liu,582,France,Female,30.0,5,0.0,2,1.0,1.0,112781.5,0
17955,15773971,Ozerova,545,France,Female,42.0,7,0.0,2,1.0,1.0,181480.29,0
17956,15642291,Gannon,462,Spain,Male,34.0,2,0.0,2,1.0,1.0,71823.0,0
17957,15766374,Macleod,636,France,Male,26.0,5,0.0,2,1.0,0.0,125553.51,0
17958,15693704,Tsou,679,Spain,Female,24.0,6,114948.76,1,0.0,1.0,135768.25,1
17959,15693382,Frolova,709,France,Female,38.0,5,0.0,2,1.0,0.0,2743.69,0
17960,15757821,Powell,748,France,Male,36.0,4,0.0,3,1.0,0.0,69132.66,1
17961,15573599,Ma,686,France,Male,46.0,3,0.0,1,1.0,1.0,173365.9,1
17962,15697567,Seleznyov,739,Germany,Male,52.0,4,114514.71,1,1.0,0.0,75562.47,1
17963,15718245,Pirozzi,729,Spain,Male,36.0,1,0.0,2,1.0,1.0,126592.01,0
17964,15796727,Tung,581,Spain,Female,40.0,8,0.0,2,1.0,1.0,124486.77,0
17965,15628298,Shih,707,Germany,Female,53.0,2,135120.72,3,0.0,0.0,141706.43,1
17966,15582741,T'ien,678,Spain,Female,42.0,2,134378.89,1,1.0,1.0,170893.85,0
17967,15796071,Erskine,700,Spain,Female,31.0,0,0.0,2,1.0,1.0,71179.31,0
17968,15592084,Hsing,694,Germany,Female,47.0,7,116822.6,1,1.0,0.0,120220.36,1
17969,15624677,Lo,543,France,Female,37.0,0,0.0,2,1.0,1.0,157098.86,0
17970,15762682,Ch'in,545,Germany,Female,32.0,0,145081.73,1,1.0,1.0,185211.28,1
17971,15626787,Chiazagomekpere,547,France,Female,41.0,6,156674.4,1,0.0,0.0,94915.51,1
17972,15782730,Onyemauchechi,721,France,Female,24.0,6,0.0,2,1.0,1.0,158750.67,0
17973,15625023,Onochie,682,France,Male,33.0,4,0.0,1,0.0,0.0,105352.55,0
17974,15659843,Iadanza,650,Spain,Female,40.0,4,0.0,1,1.0,0.0,132973.21,1
17975,15647800,Hsueh,553,Germany,Male,40.0,1,122450.58,1,1.0,0.0,82838.75,1
17976,15595588,Eluemuno,677,France,Male,39.0,9,0.0,2,1.0,1.0,94739.2,0
17977,15805413,Nnaife,607,France,Male,25.0,8,0.0,2,1.0,1.0,150401.53,0
17978,15757588,T'ien,641,France,Female,38.0,4,127763.24,1,1.0,1.0,127587.22,0
17979,15642996,Okeke,656,Germany,Female,56.0,2,121365.39,1,1.0,0.0,173498.45,1
17980,15766163,Ugochukwutubelum,675,France,Female,39.0,0,0.0,1,1.0,0.0,54849.52,0
17981,15729359,Lo Duca,629,Spain,Male,58.0,9,0.0,1,1.0,0.0,134493.09,0
17982,15641604,Frolova,850,France,Female,55.0,10,98488.08,1,1.0,1.0,155879.57,0
17983,15693893,P'eng,724,Germany,Female,38.0,6,134956.02,1,1.0,0.0,171045.52,1
17984,15773039,Brown,850,France,Male,34.0,7,0.0,2,1.0,0.0,145551.6,0
17985,15570086,Hargreaves,615,France,Male,39.0,9,0.0,2,1.0,1.0,53511.65,0
17986,15726088,Chukwunonso,632,Spain,Male,36.0,3,136556.44,1,1.0,0.0,176743.51,0
17987,15809909,Hsiung,652,Germany,Male,56.0,7,118547.74,1,1.0,1.0,170968.99,1
17988,15592551,Hsueh,584,France,Female,28.0,2,0.0,2,1.0,0.0,158973.59,0
17989,15783030,Iadanza,728,Germany,Female,41.0,3,102773.4,2,0.0,1.0,107499.71,0
17990,15625461,Watson,573,Germany,Male,61.0,9,107561.41,1,0.0,1.0,172528.8,1
17991,15750014,Balsillie,549,Spain,Female,31.0,0,0.0,2,1.0,0.0,130789.6,0
17992,15654531,Ch'ien,704,France,Female,24.0,1,140197.18,1,1.0,0.0,124586.58,1
17993,15782300,Calabrese,583,Germany,Male,40.0,9,127205.04,2,1.0,0.0,171365.93,0
17994,15593344,Chizuoke,748,France,Male,37.0,9,139994.7,1,1.0,0.0,60907.41,0
17995,15672053,Fyodorov,527,France,Female,48.0,7,178718.79,1,1.0,1.0,153392.8,0
17996,15804052,Scott,710,Spain,Male,23.0,5,0.0,2,0.0,1.0,134188.11,0
17997,15792726,Lu,586,France,Male,32.0,8,0.0,2,1.0,1.0,160979.66,0
17998,15809616,Hsiung,628,France,Male,26.0,8,0.0,1,1.0,0.0,191420.71,0
17999,15671534,Ku,850,France,Female,25.0,3,155739.76,1,1.0,1.0,172586.89,0
18000,15614187,P'eng,554,France,Female,41.0,5,83347.25,1,0.0,1.0,162960.05,0
18001,15636407,Hsieh,696,Germany,Male,33.0,7,122540.61,1,0.0,1.0,143783.46,0
18002,15655007,Palerma,850,Germany,Female,41.0,2,137986.58,2,1.0,0.0,51016.02,0
18003,15662662,Milne,687,France,Female,36.0,1,0.0,2,0.0,1.0,83084.33,0
18004,15648876,O'Sullivan,682,France,Male,27.0,2,0.0,2,1.0,0.0,140197.3,0
18005,15679587,Chan,666,France,Female,34.0,7,0.0,1,1.0,1.0,25095.03,1
18006,15679611,Nwabugwu,730,France,Female,49.0,9,127661.69,1,1.0,0.0,62467.66,1
18007,15668971,Nnamdi,651,Spain,Male,61.0,3,0.0,1,0.0,0.0,141210.49,1
18008,15708917,Lombardo,540,France,Female,37.0,3,0.0,1,0.0,0.0,164039.51,0
18009,15693821,Nwachinemelu,806,Spain,Female,31.0,9,0.0,2,1.0,1.0,66731.79,0
18010,15567063,Manna,766,Germany,Female,34.0,10,106434.94,1,0.0,1.0,137995.66,1
18011,15803801,Milne,706,Spain,Male,33.0,10,0.0,2,1.0,0.0,92915.84,0
18012,15726289,Beatham,637,Spain,Male,32.0,6,0.0,2,1.0,1.0,147720.27,0
18013,15622370,Lo Duca,676,France,Female,36.0,8,0.0,2,1.0,0.0,131043.2,0
18014,15696764,Mistry,619,France,Male,33.0,1,0.0,2,0.0,1.0,113483.6,0
18015,15799300,Tuan,571,France,Female,37.0,4,111911.63,1,1.0,0.0,138700.75,0
18016,15652955,Price,678,Spain,Male,24.0,6,0.0,2,0.0,0.0,35113.08,0
18017,15744695,Iloerika,786,France,Male,38.0,8,0.0,2,1.0,0.0,64511.44,0
18018,15697989,Riggs,531,France,Male,26.0,1,82696.89,1,1.0,1.0,121861.88,0
18019,15681206,T'ang,637,France,Male,33.0,7,0.0,2,1.0,1.0,118545.24,0
18020,15745844,Chiemenam,666,Germany,Female,38.0,10,122739.1,2,1.0,1.0,102460.84,0
18021,15663917,Onyemere,584,Germany,Male,42.0,1,133537.71,1,1.0,0.0,131647.11,0
18022,15663421,Baldwin,729,France,Male,32.0,9,93694.42,1,1.0,1.0,79919.13,0
18023,15796711,Mazzanti,561,France,Female,38.0,4,141074.01,1,1.0,0.0,72993.67,0
18024,15798960,Ts'ui,588,Spain,Male,37.0,6,0.0,2,0.0,0.0,122949.71,0
18025,15806467,Koehler,635,Germany,Female,39.0,1,122550.02,1,1.0,0.0,185580.76,1
18026,15716085,Chidubem,675,Germany,Male,41.0,8,135870.01,2,0.0,1.0,89048.46,0
18027,15569572,Hsieh,754,France,Female,27.0,3,0.0,2,1.0,1.0,84495.8,0
18028,15659364,Pirozzi,615,Spain,Male,50.0,2,0.0,1,1.0,0.0,35989.41,0
18029,15641877,Ponomarev,712,Spain,Male,31.0,3,125167.02,1,0.0,0.0,98820.39,0
18030,15620505,Obiora,549,Spain,Male,28.0,7,0.0,2,1.0,1.0,173387.66,0
18031,15742665,P'eng,709,Germany,Male,53.0,6,117468.28,1,1.0,0.0,83715.24,1
18032,15570076,Hales,535,France,Female,45.0,3,0.0,1,1.0,1.0,72923.62,0
18033,15773972,Kuo,768,Spain,Female,48.0,9,0.0,1,1.0,0.0,72925.65,1
18034,15605113,Sutherland,518,France,Female,27.0,3,133801.49,1,1.0,1.0,143315.57,0
18035,15779581,Bottrill,734,France,Female,43.0,3,55853.33,1,1.0,0.0,94811.85,1
18036,15683524,Tobenna,660,France,Female,23.0,6,0.0,2,1.0,1.0,90494.72,0
18037,15672467,T'an,631,Germany,Male,32.0,8,127772.1,1,1.0,0.0,74854.97,0
18038,15684181,Parkes,597,France,Male,28.0,9,0.0,2,0.0,1.0,142009.46,0
18039,15585835,Ts'ui,638,Spain,Male,29.0,9,0.0,2,1.0,0.0,102665.61,0
18040,15813283,Hsing,754,France,Female,34.0,7,0.0,2,1.0,0.0,66963.17,0
18041,15675092,Oluchi,719,Germany,Male,37.0,6,123737.95,2,1.0,1.0,175092.23,0
18042,15597930,Wilson,646,France,Female,49.0,6,59669.43,1,0.0,0.0,172495.81,1
18043,15613292,Chukwuemeka,684,France,Female,46.0,2,166914.92,1,0.0,0.0,149922.78,1
18044,15779497,T'ao,603,France,Male,43.0,5,127823.93,1,1.0,1.0,19483.35,0
18045,15696852,Scott,571,France,Female,26.0,9,0.0,2,1.0,0.0,132719.8,0
18046,15724200,Yobachukwu,496,Germany,Female,34.0,9,149961.64,2,1.0,1.0,38960.59,0
18047,15659937,Barclay-Harvey,599,France,Male,30.0,9,105443.68,1,1.0,1.0,121124.53,0
18048,15648725,Onyeorulu,667,Spain,Male,28.0,8,93791.38,1,1.0,0.0,70563.9,0
18049,15572773,Onwuka,669,Germany,Female,43.0,1,138713.71,1,1.0,0.0,101694.33,1
18050,15750547,Chukwuemeka,512,Germany,Female,40.0,3,71843.15,2,0.0,0.0,178067.33,0
18051,15781334,Lo Duca,679,France,Male,42.0,4,106570.38,1,1.0,0.0,161064.5,0
18052,15649418,Ch'ien,607,Germany,Male,42.0,6,160979.68,2,0.0,0.0,6139.74,0
18053,15654851,Palerma,730,Germany,Male,32.0,6,81811.71,2,1.0,1.0,152577.33,0
18054,15586976,Ulyanova,627,Germany,Female,37.0,1,61592.14,2,1.0,0.0,61796.64,1
18055,15639368,Shao,576,Germany,Female,42.0,8,128663.81,1,1.0,1.0,125083.29,1
18056,15698034,Nkemdirim,652,Spain,Male,48.0,9,0.0,1,1.0,0.0,146652.01,1
18057,15707488,Tan,628,Spain,Male,38.0,5,0.0,2,0.0,0.0,85426.28,0
18058,15778880,Lucciano,667,France,Male,35.0,5,0.0,2,0.0,1.0,105425.37,0
18059,15643392,Olisaemeka,681,France,Male,41.0,7,0.0,3,1.0,0.0,57862.88,1
18060,15660571,Ch'eng,746,Spain,Female,31.0,9,73059.03,1,1.0,1.0,134594.97,0
18061,15706537,Johnston,787,France,Male,46.0,5,0.0,2,0.0,1.0,176913.42,0
18062,15581282,Lu,591,Germany,Female,34.0,6,111634.34,2,1.0,1.0,160976.85,0
18063,15793883,Lo Duca,769,France,Female,28.0,8,0.0,2,1.0,1.0,2305.27,0
18064,15807432,Hsia,582,France,Male,35.0,1,0.0,2,0.0,0.0,47414.15,0
18065,15806795,Hsueh,715,France,Male,34.0,8,0.0,1,1.0,0.0,120586.66,0
18066,15672610,Nnamdi,710,France,Male,37.0,5,0.0,2,1.0,1.0,91881.81,0
18067,15732430,Chukwudi,444,France,Male,54.0,7,0.0,1,1.0,0.0,138743.86,1
18068,15656613,Farrar,576,Germany,Male,52.0,10,72783.65,1,1.0,0.0,137907.11,1
18069,15675328,White,632,Spain,Female,48.0,5,126826.13,1,0.0,0.0,99843.39,1
18070,15695034,Lombardo,635,France,Female,40.0,2,0.0,1,1.0,0.0,126792.02,1
18071,15782473,Eluemuno,590,France,Male,35.0,9,0.0,1,1.0,0.0,102297.65,0
18072,15802483,Spring,767,Spain,Male,31.0,6,0.0,1,1.0,1.0,195668.0,0
18073,15643487,Hargreaves,662,France,Male,33.0,5,57327.04,1,1.0,0.0,79366.98,0
18074,15630402,T'ien,681,France,Male,28.0,6,0.0,2,1.0,0.0,155823.2,0
18075,15715643,Chinwendu,724,France,Female,36.0,7,118520.26,1,1.0,0.0,179913.98,1
18076,15720702,Cremonesi,695,France,Female,34.0,2,0.0,2,0.0,0.0,81483.64,0
18077,15662289,Okwudilichukwu,619,France,Female,40.0,4,119825.99,1,1.0,1.0,171430.96,1
18078,15581282,Tuan,762,Spain,Male,38.0,8,0.0,2,1.0,1.0,132673.23,0
18079,15611171,Onyemauchechi,591,France,Male,29.0,8,122570.89,1,0.0,0.0,137037.97,0
18080,15732661,Horsfall,588,Germany,Male,49.0,1,133501.56,1,1.0,1.0,58965.09,1
18081,15777923,Johnston,544,France,Female,49.0,6,0.0,2,0.0,1.0,151401.33,0
18082,15677146,Hsieh,704,France,Female,26.0,7,181668.36,1,0.0,1.0,115442.56,0
18083,15751177,Iweobiegbunam,543,Spain,Female,37.0,5,0.0,2,1.0,0.0,184570.55,0
18084,15604712,Chuang,619,Germany,Male,51.0,5,121519.27,1,1.0,1.0,143535.24,0
18085,15702571,Iloerika,573,France,Male,42.0,2,0.0,2,1.0,1.0,57951.32,0
18086,15693259,Wallace,697,France,Male,35.0,7,0.0,2,1.0,0.0,184866.86,0
18087,15572073,Titheradge,656,Spain,Female,36.0,8,0.0,2,1.0,1.0,85562.95,0
18088,15611759,Cremonesi,818,France,Female,38.0,6,117707.18,1,0.0,1.0,168035.73,0
18089,15731781,Onyemachukwu,642,France,Male,29.0,7,0.0,2,1.0,0.0,178393.68,0
18090,15654292,Maclean,775,France,Female,45.0,2,101486.06,1,1.0,0.0,137796.78,1
18091,15693817,Trevisani,632,France,Male,36.0,1,0.0,1,0.0,1.0,141180.66,1
18092,15809823,Lo Duca,543,France,Female,37.0,5,0.0,2,1.0,0.0,140853.0,0
18093,15766810,Onyemauchechi,699,France,Female,51.0,2,95059.02,2,1.0,0.0,44420.18,0
18094,15752838,Coffman,652,Germany,Male,50.0,9,119152.1,2,1.0,0.0,54560.79,0
18095,15609634,Aksenov,677,France,Male,38.0,5,0.0,2,1.0,0.0,179565.57,0
18096,15692235,Bellucci,710,France,Female,38.0,1,0.0,2,1.0,0.0,47764.99,0
18097,15570855,Dipietro,577,France,Male,27.0,8,0.0,2,1.0,0.0,51362.82,0
18098,15711028,Martin,709,France,Male,44.0,2,0.0,1,1.0,0.0,70957.95,1
18099,15586969,Hs?,705,France,Male,44.0,9,0.0,2,1.0,1.0,1364.85,0
18100,15693463,Pirozzi,667,Spain,Male,61.0,9,0.0,2,1.0,1.0,155891.48,0
18101,15669282,Manna,731,France,Female,32.0,2,144895.13,1,0.0,0.0,147785.88,0
18102,15617320,Palermo,693,Spain,Female,46.0,3,0.0,1,1.0,1.0,180736.24,0
18103,15777759,Milne,548,Spain,Female,33.0,0,95927.04,1,1.0,0.0,177834.79,0
18104,15653584,H?,684,Spain,Female,34.0,3,0.0,2,0.0,0.0,182785.55,0
18105,15572390,Genovese,676,Spain,Female,48.0,2,0.0,3,1.0,0.0,179902.92,1
18106,15631709,Ginikanwa,667,Spain,Female,46.0,6,0.0,2,1.0,1.0,45033.75,0
18107,15732202,Alexander,496,France,Female,34.0,1,83503.11,2,0.0,1.0,73124.53,0
18108,15609987,Y?an,755,France,Male,42.0,4,119919.12,1,1.0,0.0,156868.21,0
18109,15784700,Chukwukadibia,727,Germany,Male,32.0,9,93301.72,1,1.0,0.0,106977.9,0
18110,15748352,Palermo,588,Spain,Male,37.0,0,104488.17,1,1.0,1.0,43249.67,0
18111,15678058,Lombardo,593,France,Male,71.0,1,0.0,2,0.0,1.0,53483.21,1
18112,15758171,Tien,582,France,Male,37.0,4,0.0,1,1.0,1.0,55763.66,0
18113,15631451,McLean,605,Spain,Male,33.0,7,0.0,2,1.0,1.0,124495.86,0
18114,15791040,Onyeoruru,627,Germany,Female,52.0,4,108914.17,1,1.0,0.0,140763.18,1
18115,15616380,Iloerika,738,Spain,Male,40.0,7,0.0,2,1.0,0.0,89935.73,0
18116,15708003,Chukwudi,558,Germany,Female,29.0,9,132287.92,1,0.0,1.0,62852.84,0
18117,15578738,Tuan,564,France,Male,30.0,7,0.0,2,1.0,1.0,151924.9,0
18118,15580872,Chinweike,761,Germany,Female,38.0,1,120530.13,2,0.0,0.0,109394.62,0
18119,15809909,Yobanna,587,Spain,Female,40.0,3,0.0,2,1.0,0.0,103557.22,0
18120,15584090,Chiabuotu,663,Spain,Male,43.0,5,128707.31,1,1.0,1.0,121210.09,0
18121,15642816,Okoli,782,Germany,Female,32.0,4,148061.89,2,1.0,0.0,26691.31,0
18122,15796864,Chukwumaobim,751,Germany,Female,34.0,3,142987.09,2,0.0,1.0,172719.8,0
18123,15572767,Hsiung,585,Spain,Male,38.0,7,0.0,1,1.0,0.0,124489.88,0
18124,15765694,Kao,659,Spain,Female,45.0,5,0.0,1,0.0,0.0,97948.39,1
18125,15630419,Davis,729,France,Male,40.0,8,149961.11,1,1.0,0.0,57121.51,0
18126,15626212,Zetticci,569,Germany,Female,29.0,2,169896.2,2,1.0,1.0,101397.76,0
18127,15658238,Chiganu,483,France,Male,36.0,2,0.0,2,1.0,1.0,130824.57,0
18128,15682448,Cattaneo,717,Germany,Female,38.0,2,139825.53,1,1.0,0.0,175072.47,0
18129,15757537,Iadanza,521,Spain,Female,35.0,7,0.0,2,1.0,1.0,149536.15,0
18130,15602731,Tung,506,Germany,Female,36.0,7,90194.34,2,1.0,0.0,184399.77,0
18131,15797905,Ts'ui,809,France,Male,50.0,1,0.0,1,1.0,1.0,105715.01,1
18132,15689612,Pirozzi,747,Spain,Female,34.0,9,0.0,1,1.0,0.0,106981.03,1
18133,15581229,Kao,706,Spain,Male,38.0,8,0.0,2,1.0,0.0,97465.89,0
18134,15777550,Fiorentino,732,France,Male,42.0,4,121205.15,1,1.0,1.0,162683.06,0
18135,15607537,Monds,705,France,Male,39.0,4,84350.02,1,1.0,0.0,64448.36,0
18136,15723169,Williams,640,France,Female,31.0,1,138857.59,1,1.0,0.0,48640.77,0
18137,15723613,Jenkins,554,France,Female,41.0,4,0.0,1,1.0,0.0,41227.67,1
18138,15717398,Fielding,464,France,Male,29.0,4,0.0,1,1.0,1.0,73686.75,0
18139,15671779,Nebechi,567,France,Female,39.0,5,0.0,2,1.0,0.0,168521.72,0
18140,15812184,Chiemela,675,France,Male,38.0,1,130142.79,1,0.0,0.0,149170.25,0
18141,15730038,Docherty,639,Spain,Male,23.0,2,0.0,2,1.0,0.0,164128.41,0
18142,15799785,Ikemefuna,679,Spain,Female,45.0,4,0.0,1,0.0,1.0,121151.46,0
18143,15611186,Yevdokimova,739,France,Male,37.0,5,129735.3,2,1.0,1.0,178291.89,0
18144,15751158,Baresi,749,France,Female,41.0,2,0.0,2,1.0,1.0,88890.05,0
18145,15725665,Ch'in,705,Germany,Male,50.0,8,130170.94,1,0.0,0.0,140574.09,1
18146,15589401,Allen,550,France,Female,33.0,4,0.0,2,1.0,0.0,89216.29,0
18147,15658716,Brown,605,France,Female,31.0,4,133801.49,1,1.0,0.0,94820.85,0
18148,15803832,Chukwujamuike,554,Germany,Male,31.0,9,134564.8,1,1.0,1.0,172865.93,0
18149,15738248,T'ien,589,France,Male,28.0,7,0.0,2,1.0,1.0,126477.38,0
18150,15610930,Mancini,589,Germany,Male,35.0,4,116968.91,2,1.0,0.0,149822.04,0
18151,15583764,Hsia,653,France,Female,30.0,2,0.0,1,1.0,1.0,148098.95,0
18152,15762927,Yobachukwu,638,France,Female,44.0,8,0.0,2,1.0,0.0,158071.69,0
18153,15732621,Tsou,632,Germany,Female,36.0,7,115895.22,2,1.0,0.0,113316.77,0
18154,15573741,Clements,684,Spain,Male,36.0,4,0.0,2,1.0,0.0,180932.46,0
18155,15594878,Ts'ui,724,France,Male,29.0,10,0.0,2,1.0,1.0,179521.24,0
18156,15654495,T'ien,712,Germany,Male,51.0,2,81586.97,2,0.0,1.0,135851.3,0
18157,15625545,Hussey,712,Spain,Male,52.0,9,0.0,1,1.0,1.0,117977.45,0
18158,15770039,Nnamutaezinwa,850,France,Male,40.0,3,110597.76,1,0.0,1.0,135088.58,0
18159,15586977,Macleod,605,France,Female,37.0,5,0.0,2,1.0,0.0,144869.38,0
18160,15642824,Chinedum,745,Germany,Male,37.0,4,114431.04,1,1.0,0.0,126537.9,0
18161,15652400,Ozoemena,645,France,Male,33.0,2,156021.31,1,1.0,0.0,153771.8,0
18162,15725028,Ch'ang,555,Germany,Male,35.0,4,150126.44,1,1.0,1.0,188343.05,1
18163,15724223,Bronner,528,France,Female,56.0,9,0.0,2,0.0,1.0,10034.77,1
18164,15741072,Onyemauchechukwu,496,France,Male,44.0,7,0.0,2,0.0,0.0,64872.33,0
18165,15780492,Ignatyeva,648,France,Male,42.0,4,0.0,2,0.0,0.0,19283.14,0
18166,15650098,Parry-Okeden,663,France,Female,44.0,1,0.0,2,1.0,0.0,86619.77,0
18167,15780409,Ndubueze,850,Germany,Male,45.0,2,135855.21,1,1.0,0.0,187632.22,0
18168,15588701,Ejimofor,736,France,Female,26.0,4,0.0,1,0.0,0.0,85578.63,0
18169,15702377,Harker,579,France,Female,40.0,8,0.0,2,1.0,0.0,136812.72,0
18170,15735078,Onwughara,724,Germany,Female,53.0,7,139687.66,2,1.0,0.0,12913.92,0
18171,15758813,Nwabugwu,594,Spain,Male,33.0,4,133964.3,1,1.0,1.0,172814.99,0
18172,15735687,Ukaegbunam,699,France,Female,45.0,8,0.0,2,1.0,1.0,76773.53,0
18173,15625141,Pugh,652,Germany,Male,41.0,5,143054.85,2,0.0,0.0,65801.44,0
18174,15777896,Hsiung,682,France,Female,50.0,7,0.0,2,1.0,1.0,132436.71,0
18175,15694450,Lucciano,705,Spain,Male,35.0,7,0.0,1,1.0,1.0,82815.84,0
18176,15733883,Yobanna,553,France,Male,35.0,1,151958.19,1,0.0,0.0,123587.93,0
18177,15673570,Hsu,714,France,Female,22.0,9,76656.4,1,0.0,1.0,119404.64,0
18178,15602844,Hsia,705,France,Female,44.0,1,0.0,2,0.0,0.0,121898.78,0
18179,15790599,Ozioma,678,France,Male,40.0,5,0.0,1,1.0,0.0,57905.44,1
18180,15698749,He,626,Germany,Female,23.0,6,85897.95,2,1.0,0.0,109742.55,0
18181,15734886,Mazzi,686,France,Female,33.0,3,0.0,1,1.0,0.0,147794.63,0
18182,15641085,Ritchie,580,France,Male,37.0,1,0.0,2,1.0,1.0,120586.29,0
18183,15685872,Godfrey,628,France,Male,29.0,2,146622.35,2,1.0,1.0,173495.77,0
18184,15670034,Uspenskaya,649,Germany,Male,24.0,10,137657.32,2,1.0,1.0,77965.85,0
18185,15679048,Koger,558,Germany,Male,41.0,8,124227.14,2,1.0,1.0,111184.67,0
18186,15813444,K'ung,668,Germany,Male,42.0,4,130110.45,1,1.0,0.0,172031.22,1
18187,15585599,Chinwendu,585,France,Male,39.0,5,113882.27,1,1.0,0.0,79078.96,0
18188,15677739,Ch'ien,752,France,Male,33.0,4,79951.9,1,0.0,1.0,172097.95,0
18189,15777892,Samsonova,721,Germany,Female,29.0,3,107720.64,1,1.0,1.0,158591.12,0
18190,15700946,Hovell,656,Germany,Male,42.0,7,126495.57,2,0.0,0.0,131760.76,0
18191,15792627,Yefremova,773,Germany,Female,29.0,0,132193.94,1,1.0,1.0,73669.94,1
18192,15811032,Chiemenam,477,Germany,Female,58.0,1,145984.92,1,1.0,1.0,24564.7,0
18193,15702788,Lucchesi,645,France,Male,33.0,4,0.0,2,1.0,0.0,142287.65,0
18194,15800688,Hsieh,584,France,Female,34.0,1,0.0,2,1.0,1.0,74846.64,0
18195,15598838,Dominguez,718,France,Male,36.0,5,0.0,2,0.0,0.0,96832.82,0
18196,15690743,Shao,627,France,Female,37.0,8,0.0,1,1.0,1.0,64308.49,0
18197,15598070,Shih,711,France,Male,44.0,9,0.0,2,1.0,1.0,103379.31,0
18198,15649101,H?,749,Spain,Female,33.0,7,0.0,2,0.0,0.0,106036.97,0
18199,15785547,Kao,762,France,Male,36.0,4,0.0,2,1.0,1.0,167909.52,0
18200,15621457,Shen,597,France,Female,33.0,3,0.0,2,0.0,0.0,83910.4,0
18201,15757829,Hsieh,612,Spain,Male,40.0,5,0.0,2,1.0,0.0,141533.19,0
18202,15775294,Balsillie,683,France,Female,34.0,1,0.0,2,1.0,0.0,103760.53,0
18203,15765283,Lombardo,737,Germany,Female,43.0,0,106434.94,1,1.0,0.0,53931.27,1
18204,15782311,Pai,670,Germany,Male,28.0,4,115037.74,1,1.0,1.0,69358.57,0
18205,15611544,Ibeamaka,800,France,Male,40.0,5,0.0,2,1.0,0.0,146703.36,0
18206,15592707,Short,687,France,Male,46.0,2,0.0,2,1.0,0.0,104902.68,0
18207,15775105,Lu,728,France,Male,38.0,6,104901.06,1,1.0,1.0,134732.99,0
18208,15753874,Kent,694,France,Male,37.0,5,143835.47,2,1.0,0.0,33326.71,0
18209,15655213,Chien,599,France,Male,45.0,6,124548.76,1,1.0,0.0,131914.92,1
18210,15606861,Tien,659,France,Male,46.0,4,0.0,2,1.0,0.0,38570.13,0
18211,15681068,Smith,738,France,Female,31.0,2,112564.62,2,1.0,0.0,135638.73,1
18212,15607993,Chiang,727,Spain,Male,23.0,2,98635.77,1,1.0,0.0,122937.57,0
18213,15611551,Hill,676,Spain,Male,32.0,1,131659.59,2,1.0,1.0,14152.15,0
18214,15814236,Hsueh,554,Germany,Male,26.0,8,114370.73,1,0.0,1.0,186948.71,1
18215,15643294,Builder,717,France,Male,38.0,2,190566.65,1,1.0,1.0,79997.14,0
18216,15810978,Chu,526,Spain,Male,29.0,3,121161.57,2,0.0,1.0,172792.43,0
18217,15775203,Tretyakova,576,France,Male,40.0,8,0.0,2,1.0,0.0,181419.41,0
18218,15726167,Calabresi,684,Germany,Male,34.0,5,127745.66,2,1.0,1.0,149665.96,0
18219,15696989,Rizzo,730,France,Female,29.0,1,0.0,4,1.0,1.0,106761.47,1
18220,15587596,Morrison,592,France,Male,39.0,8,107553.33,1,1.0,0.0,117523.41,0
18221,15672467,Pisano,633,France,Male,34.0,5,0.0,2,1.0,0.0,133020.9,0
18222,15641838,Uvarova,579,France,Female,31.0,8,0.0,2,1.0,0.0,82843.99,0
18223,15693908,Bledsoe,703,France,Male,38.0,9,142717.84,1,1.0,0.0,129526.57,0
18224,15724200,Cheng,573,France,Male,38.0,1,115341.55,1,0.0,1.0,173632.92,0
18225,15618213,Nnanna,682,France,Female,32.0,7,85757.93,1,1.0,1.0,95481.0,0
18226,15572767,Kambinachi,667,France,Female,40.0,9,0.0,2,1.0,1.0,88890.05,0
18227,15773904,Palerma,695,France,Male,39.0,7,122398.54,1,1.0,0.0,74580.8,0
18228,15690169,Yudin,724,Germany,Female,31.0,1,131411.55,1,1.0,1.0,148887.34,1
18229,15798906,Hs?,726,France,Male,34.0,5,135070.58,1,1.0,0.0,167033.83,0
18230,15773421,Ugochukwutubelum,753,France,Male,34.0,1,0.0,2,1.0,1.0,79366.98,0
18231,15644796,Dyer,721,Spain,Female,32.0,8,0.0,1,0.0,1.0,126241.4,0
18232,15731246,T'ang,595,France,Male,33.0,7,0.0,2,1.0,1.0,137898.57,0
18233,15618893,Scott,615,Spain,Female,32.0,1,122552.34,1,1.0,0.0,124052.97,0
18234,15768359,De Bernales,659,Spain,Male,43.0,3,0.0,2,1.0,0.0,141860.62,0
18235,15633866,Milani,642,Spain,Male,53.0,4,0.0,2,1.0,1.0,51637.67,0
18236,15587562,T'ao,684,France,Female,40.0,9,0.0,1,1.0,0.0,164825.09,0
18237,15572021,Tung,687,Germany,Female,42.0,2,132835.4,1,1.0,0.0,177822.64,0
18238,15576774,Hsu,661,Spain,Female,36.0,5,0.0,2,0.0,1.0,175853.64,0
18239,15754926,Manna,795,Spain,Female,43.0,9,0.0,2,1.0,0.0,79577.38,0
18240,15698442,Lucchesi,637,Spain,Female,20.0,3,0.0,2,1.0,1.0,168152.76,0
18241,15624347,Miller,612,France,Female,24.0,4,0.0,2,1.0,0.0,170142.09,0
18242,15770174,Chinweuba,739,France,Male,37.0,5,0.0,2,1.0,0.0,38252.25,0
18243,15783398,Rizzo,535,Spain,Female,49.0,5,115309.75,1,1.0,0.0,111421.45,0
18244,15690130,Clements,573,Germany,Female,48.0,1,108664.85,1,1.0,0.0,73981.68,1
18245,15717138,Maccallum,493,Germany,Male,47.0,7,114483.08,1,1.0,1.0,79972.64,1
18246,15693347,Graham,627,Spain,Male,43.0,5,106022.73,2,0.0,0.0,37543.93,0
18247,15596074,McGregor,616,Germany,Female,48.0,6,123204.88,1,1.0,0.0,172372.63,1
18248,15665416,Tsao,663,Germany,Female,31.0,8,127523.75,2,1.0,0.0,5983.5,1
18249,15767231,Hs?,644,France,Female,33.0,1,0.0,2,1.0,1.0,100941.57,0
18250,15682533,Okwuadigbo,595,France,Male,37.0,7,0.0,2,1.0,1.0,158750.28,0
18251,15806049,Tsai,578,France,Male,39.0,5,0.0,2,0.0,1.0,24210.56,0
18252,15692409,Onwumelu,547,Germany,Male,36.0,2,113348.4,2,1.0,0.0,111242.09,0
18253,15758813,P'eng,710,France,Female,40.0,5,0.0,2,1.0,1.0,172749.72,0
18254,15574283,Lucas,589,France,Male,37.0,4,0.0,2,1.0,1.0,22357.25,0
18255,15798942,Chinagorom,474,Germany,Male,32.0,9,122552.34,2,0.0,1.0,48606.92,0
18256,15702566,K?,697,France,Female,61.0,2,118626.55,1,1.0,1.0,73371.65,0
18257,15585367,Onyemauchechukwu,717,Germany,Female,38.0,3,125547.53,1,0.0,0.0,131300.68,1
18258,15581551,Ch'ang,604,Germany,Male,36.0,5,80569.73,1,1.0,0.0,164815.59,1
18259,15605926,Sinclair,651,Germany,Male,70.0,1,116854.71,2,1.0,1.0,102547.56,0
18260,15588537,Lu,676,France,Female,30.0,3,0.0,2,1.0,0.0,15607.27,0
18261,15771383,H?,648,France,Female,34.0,2,0.0,1,1.0,0.0,64872.55,0
18262,15747014,Ch'ang,571,Germany,Male,40.0,4,130334.18,1,1.0,0.0,176943.89,0
18263,15618410,Tien,627,France,Male,52.0,9,0.0,1,1.0,1.0,175877.7,0
18264,15679029,Kung,718,France,Male,33.0,8,114779.35,1,0.0,0.0,138021.36,0
18265,15803538,Iadanza,789,France,Male,31.0,6,0.0,2,0.0,1.0,134790.74,0
18266,15798868,T'ien,641,France,Male,29.0,5,0.0,2,0.0,1.0,134871.01,0
18267,15695383,Griffin,567,France,Female,44.0,9,0.0,2,0.0,1.0,87677.15,0
18268,15652999,Robinson,632,Germany,Male,30.0,4,105099.45,1,0.0,1.0,132801.57,0
18269,15686983,Rohu,717,Germany,Female,25.0,10,76968.12,2,0.0,1.0,131501.72,0
18270,15774285,Lucchesi,573,France,Male,24.0,3,0.0,2,1.0,0.0,141798.98,0
18271,15751175,Fanucci,739,France,Male,23.0,2,0.0,2,1.0,0.0,132973.33,0
18272,15579130,Gibson,598,France,Female,42.0,2,0.0,2,1.0,1.0,186116.54,0
18273,15585837,Lucchese,619,Spain,Female,40.0,9,133801.75,1,1.0,0.0,65982.19,0
18274,15655238,Chiu,656,France,Male,35.0,3,88915.85,1,0.0,0.0,143357.42,0
18275,15589475,Thompson,728,France,Male,74.0,8,145150.28,1,1.0,1.0,36942.35,0
18276,15671032,H?,714,Germany,Male,61.0,5,107784.65,1,0.0,1.0,137720.56,1
18277,15666810,Maclean,593,France,Female,38.0,9,0.0,1,1.0,0.0,94738.13,1
18278,15633474,Chidumaga,585,France,Male,41.0,6,185966.64,1,0.0,1.0,97623.42,1
18279,15674573,Nwankwo,588,Germany,Female,43.0,9,122029.15,1,1.0,0.0,184524.65,1
18280,15731026,Iadanza,604,France,Male,41.0,2,0.0,2,1.0,1.0,90908.95,0
18281,15721207,Walker,684,France,Male,41.0,9,108269.3,1,1.0,1.0,47322.05,0
18282,15703437,Toscani,682,Germany,Male,60.0,3,104822.64,1,1.0,0.0,131894.31,1
18283,15743760,Ifeanacho,524,Germany,Male,59.0,9,91415.76,1,1.0,0.0,27965.0,0
18284,15694366,Diggs,627,France,Male,35.0,6,0.0,2,1.0,1.0,57554.25,0
18285,15696054,Hansen,596,Germany,Male,37.0,6,141546.35,1,1.0,1.0,113483.96,0
18286,15601351,Moroney,735,France,Male,37.0,9,127806.91,1,1.0,1.0,73069.59,0
18287,15591489,Lucchesi,668,France,Male,30.0,7,0.0,2,1.0,0.0,88827.31,0
18288,15648858,Ch'iu,731,Germany,Male,37.0,5,153697.53,1,1.0,0.0,181224.24,1
18289,15722409,Nkemakolam,646,France,Female,36.0,8,0.0,2,0.0,1.0,74849.64,0
18290,15800811,Pinto,850,Germany,Female,43.0,3,116948.78,3,1.0,0.0,72951.36,1
18291,15761763,Mazzanti,678,France,Male,51.0,2,0.0,1,1.0,1.0,143783.46,0
18292,15675320,Hsia,628,Spain,Female,36.0,2,0.0,2,1.0,0.0,143981.32,0
18293,15574068,Norman,504,Spain,Male,57.0,9,104217.3,2,1.0,0.0,55857.48,1
18294,15804045,Fanucci,572,France,Female,33.0,4,107714.75,1,1.0,0.0,126307.96,0
18295,15772835,Kosisochukwu,718,France,Male,39.0,5,0.0,2,0.0,1.0,148501.4,0
18296,15757617,Li Fonti,667,France,Male,39.0,6,167557.12,2,1.0,1.0,41183.02,0
18297,15789432,Molineux,745,France,Male,25.0,3,0.0,2,0.0,1.0,126535.92,0
18298,15588977,Yeh,649,France,Male,31.0,7,0.0,2,1.0,1.0,183610.51,0
18299,15640855,T'ien,729,Germany,Male,40.0,5,113574.61,2,0.0,0.0,103396.08,1
18300,15657535,Chinomso,579,France,Female,22.0,7,98108.79,1,1.0,1.0,82298.81,0
18301,15677939,Fyodorova,516,France,Female,39.0,6,138521.48,1,1.0,0.0,83499.89,0
18302,15751206,Nnamdi,599,Germany,Female,52.0,6,104901.65,1,1.0,0.0,128548.58,1
18303,15594878,Martin,597,France,Male,31.0,5,0.0,2,1.0,1.0,61793.83,0
18304,15707681,Walker,505,Spain,Male,48.0,8,0.0,2,1.0,0.0,80133.73,0
18305,15570194,Genovese,685,Germany,Female,36.0,4,125905.82,1,0.0,0.0,174770.14,0
18306,15691910,Lucchesi,678,France,Female,39.0,4,0.0,1,0.0,0.0,101371.05,1
18307,15776211,Toscani,678,Germany,Female,34.0,6,127095.14,2,0.0,1.0,124592.84,0
18308,15761053,Lei,665,Germany,Male,48.0,2,131326.47,1,0.0,1.0,1140.02,0
18309,15598577,Shao,707,Germany,Female,38.0,9,149887.16,1,1.0,0.0,49057.63,1
18310,15775082,Stewart,686,France,Male,42.0,1,129776.72,1,0.0,0.0,143538.51,0
18311,15785819,Mazzanti,681,Spain,Female,25.0,8,0.0,2,1.0,1.0,181204.64,0
18312,15583764,Fanucci,537,France,Female,51.0,3,0.0,1,1.0,0.0,162697.93,1
18313,15604819,Hsiung,581,France,Male,33.0,7,99097.38,2,1.0,0.0,130110.41,0
18314,15665678,Ch'ang,727,Spain,Male,29.0,5,121233.34,1,1.0,1.0,57589.58,0
18315,15769254,Efremov,703,Spain,Female,42.0,7,0.0,2,1.0,0.0,6847.73,0
18316,15648064,Kennedy,649,Spain,Male,33.0,2,0.0,1,1.0,0.0,2010.98,0
18317,15703068,Yudina,645,France,Male,33.0,2,0.0,2,1.0,0.0,181419.29,0
18318,15687056,Chinedum,724,Germany,Female,40.0,9,123844.28,1,1.0,0.0,143516.72,1
18319,15651627,Barbour,659,France,Male,39.0,1,0.0,2,1.0,0.0,121408.55,0
18320,15683276,Kennedy,752,Spain,Male,39.0,4,120193.42,1,1.0,1.0,100130.95,0
18321,15652999,Hsing,635,Germany,Female,47.0,4,102773.24,1,0.0,0.0,102763.38,1
18322,15671210,Cremonesi,683,Spain,Female,39.0,2,0.0,2,1.0,1.0,67789.42,0
18323,15704442,Fleming,672,France,Female,31.0,9,169406.33,4,1.0,0.0,147311.47,1
18324,15696964,Chien,662,Spain,Male,41.0,7,142872.41,1,1.0,1.0,86099.73,0
18325,15575409,Rooke,592,Germany,Female,41.0,3,88594.93,1,0.0,0.0,178997.89,0
18326,15612893,Stevenson,568,Spain,Female,45.0,1,0.0,1,1.0,0.0,131807.14,1
18327,15659324,Hightower,661,France,Female,43.0,0,0.0,3,0.0,1.0,105425.09,1
18328,15773098,Ts'ui,695,Germany,Male,43.0,0,125395.64,2,0.0,0.0,67422.84,0
18329,15589725,Teng,637,France,Female,39.0,6,0.0,2,1.0,0.0,74838.64,0
18330,15798398,Hsieh,693,Spain,Female,41.0,8,129735.3,1,0.0,1.0,88206.04,0
18331,15782231,Clements,756,France,Female,44.0,3,0.0,2,1.0,0.0,27509.52,0
18332,15583680,Hs?,709,Spain,Female,35.0,3,0.0,1,1.0,1.0,181692.33,0
18333,15646521,Yancy,648,Germany,Male,44.0,8,93577.3,1,1.0,0.0,180736.24,1
18334,15643359,Okonkwo,741,Germany,Male,48.0,4,166824.59,1,1.0,1.0,171096.2,0
18335,15679611,Chukwufumnanya,779,Germany,Male,31.0,7,141040.01,1,1.0,1.0,77830.36,0
18336,15594902,Lombardi,518,France,Male,38.0,3,90957.81,1,1.0,0.0,162304.59,0
18337,15737414,Shen,647,France,Male,35.0,4,0.0,2,1.0,0.0,83910.4,0
18338,15597467,Duncan,801,France,Female,71.0,8,0.0,2,1.0,1.0,169741.96,0
18339,15583576,Ngozichukwuka,705,France,Male,44.0,4,0.0,2,1.0,0.0,179834.45,0
18340,15571135,Maclean,621,France,Male,33.0,9,0.0,2,1.0,0.0,91086.95,0
18341,15793696,Toscani,669,France,Female,33.0,6,0.0,2,1.0,1.0,57962.81,0
18342,15583857,Ts'ai,771,France,Male,34.0,5,0.0,2,0.0,0.0,167035.07,0
18343,15752731,Ch'ang,668,France,Male,36.0,4,81572.07,1,1.0,1.0,129964.88,0
18344,15767793,Hsiung,579,France,Female,38.0,9,0.0,1,1.0,0.0,8342.35,1
18345,15678571,Wall,670,France,Male,38.0,1,88294.6,2,1.0,1.0,172576.43,0
18346,15808846,O'Donnell,635,France,Male,30.0,8,0.0,1,1.0,0.0,130824.51,0
18347,15720353,Zikoranachidimma,774,France,Female,42.0,3,101070.69,1,1.0,1.0,170968.98,0
18348,15681174,Chukwumaobim,743,Germany,Female,37.0,9,103898.54,1,1.0,1.0,86985.37,1
18349,15683157,Waring,598,France,Male,35.0,4,100446.57,1,0.0,1.0,109794.31,1
18350,15772329,Yermolayev,612,France,Male,32.0,5,153610.61,1,1.0,1.0,108008.05,0
18351,15572801,Ts'ai,630,France,Male,26.0,6,0.0,2,1.0,0.0,126596.09,1
18352,15598846,Kauffmann,729,France,Male,38.0,9,0.0,2,1.0,0.0,103799.77,0
18353,15796334,Chukwualuka,558,Germany,Male,39.0,10,144757.02,1,1.0,1.0,22878.16,0
18354,15700460,Allnutt,551,France,Female,55.0,7,120905.03,1,0.0,1.0,123475.88,0
18355,15654975,P'eng,763,Spain,Male,25.0,7,92350.36,1,1.0,0.0,81718.37,0
18356,15622230,T'ien,614,Germany,Female,32.0,8,154969.79,1,0.0,0.0,166470.44,0
18357,15793949,Hs?,743,France,Male,27.0,2,0.0,2,1.0,1.0,72846.36,0
18358,15658233,Chuang,809,France,Female,33.0,9,0.0,1,0.0,1.0,79495.01,0
18359,15754537,Chibuzo,539,France,Male,43.0,5,131647.99,2,1.0,1.0,181599.9,0
18360,15766427,Barnes,672,France,Male,30.0,7,146301.31,1,0.0,0.0,96847.91,0
18361,15761753,Milne,588,France,Female,30.0,3,0.0,1,0.0,1.0,153913.32,0
18362,15612107,Milano,741,Germany,Male,30.0,8,134944.0,2,1.0,1.0,177738.76,0
18363,15603754,Nwankwo,710,France,Female,38.0,5,0.0,2,1.0,0.0,62873.02,0
18364,15705953,Azubuike,745,Spain,Male,35.0,1,0.0,2,1.0,0.0,195204.99,0
18365,15672939,Yobanna,642,France,Female,39.0,2,0.0,1,1.0,0.0,99843.78,1
18366,15600911,Mbadiwe,712,France,Male,25.0,2,182888.08,1,1.0,0.0,3061.0,0
18367,15736463,Ozerova,605,Germany,Female,42.0,2,135134.99,1,1.0,1.0,92811.2,0
18368,15577274,Chia,681,Germany,Male,39.0,4,96654.72,2,1.0,1.0,101728.46,0
18369,15721383,H?,614,France,Female,33.0,9,0.0,2,1.0,0.0,46811.77,0
18370,15710206,Larson,591,France,Female,45.0,6,150500.64,3,1.0,0.0,14928.8,1
18371,15738248,Lo,656,France,Female,37.0,5,0.0,2,1.0,0.0,151871.84,0
18372,15581700,Ginikanwa,735,Germany,Male,43.0,4,130788.71,1,1.0,0.0,114957.22,1
18373,15594864,Hs?,683,France,Male,36.0,3,0.0,2,1.0,0.0,96679.72,0
18374,15689594,Ebelegbulam,508,Spain,Female,37.0,2,0.0,1,1.0,1.0,95834.73,1
18375,15656613,K'ung,637,France,Female,42.0,10,152532.93,1,1.0,1.0,92526.25,0
18376,15611248,Chukwukadibia,543,Germany,Female,58.0,3,124976.29,3,1.0,0.0,94845.94,1
18377,15802788,Cattaneo,678,France,Male,38.0,9,79951.52,1,1.0,0.0,113033.33,0
18378,15589589,Ponomaryov,712,Spain,Male,48.0,10,157871.93,1,1.0,1.0,171575.54,0
18379,15773972,Hs?,613,Spain,Female,36.0,8,0.0,1,1.0,0.0,130610.78,0
18380,15612140,Fu,628,France,Male,28.0,8,0.0,2,1.0,1.0,96823.32,0
18381,15649450,Mazzanti,614,France,Male,51.0,9,0.0,3,1.0,0.0,132973.15,1
18382,15647292,Chukwuemeka,671,Spain,Female,44.0,4,128927.93,1,1.0,0.0,96420.58,1
18383,15787035,Onyekaozulu,619,France,Male,39.0,5,83772.95,1,1.0,1.0,120853.83,0
18384,15699772,Krawczyk,829,Spain,Male,31.0,7,0.0,2,1.0,0.0,91561.91,0
18385,15798960,Meng,680,France,Male,33.0,0,108393.35,1,0.0,0.0,39057.67,0
18386,15567063,Manna,766,Germany,Female,34.0,6,106434.94,1,0.0,0.0,137452.57,0
18387,15795958,Chiu,709,Germany,Male,56.0,10,126120.77,1,1.0,0.0,111698.0,1
18388,15690192,Onwuatuegwu,729,France,Male,45.0,4,85891.55,1,1.0,0.0,136521.82,0
18389,15683820,Tretiakova,711,France,Male,30.0,5,0.0,2,1.0,1.0,95985.18,0
18390,15704910,Palermo,739,France,Male,30.0,3,0.0,2,0.0,1.0,94544.88,0
18391,15662976,Lettiere,658,Spain,Male,38.0,3,0.0,1,0.0,0.0,186062.36,0
18392,15803415,Chidubem,650,France,Male,63.0,6,96653.12,1,1.0,1.0,119059.48,1
18393,15695097,Milne,554,France,Female,44.0,0,0.0,2,1.0,1.0,120586.32,0
18394,15574880,Yermolayev,728,France,Female,40.0,3,0.0,2,0.0,0.0,120892.96,0
18395,15713962,H?,766,France,Male,36.0,10,0.0,2,1.0,0.0,53418.02,0
18396,15762993,Hsing,706,France,Female,39.0,9,0.0,2,1.0,1.0,170934.08,0
18397,15642996,Scott,616,France,Female,41.0,9,79460.8,1,1.0,0.0,164864.67,0
18398,15707608,Tseng,694,France,Female,36.0,8,0.0,2,1.0,1.0,159845.58,0
18399,15793842,P'eng,775,France,Female,35.0,4,0.0,3,0.0,0.0,74835.13,0
18400,15589948,Disher,609,Spain,Male,28.0,1,132954.64,1,1.0,1.0,110560.14,0
18401,15664543,Ting,695,France,Male,33.0,9,0.0,2,1.0,1.0,179861.79,0
18402,15647800,Greco,687,France,Female,33.0,9,107926.02,1,0.0,0.0,158336.36,1
18403,15658670,Chien,669,Germany,Female,48.0,6,81523.38,2,1.0,1.0,84049.16,0
18404,15635177,Williamson,597,Spain,Female,43.0,5,0.0,1,1.0,0.0,70532.53,1
18405,15631075,Nkemjika,567,Spain,Male,40.0,7,135553.12,1,1.0,1.0,121899.67,0
18406,15770405,Lai,721,France,Male,37.0,0,0.0,1,1.0,0.0,56865.62,0
18407,15693704,Lucchesi,711,France,Male,40.0,9,84944.58,1,1.0,0.0,75664.56,1
18408,15617348,Nwankwo,667,Spain,Male,52.0,3,0.0,1,0.0,0.0,158750.53,1
18409,15572050,Yudina,662,France,Male,46.0,6,0.0,2,1.0,1.0,105718.02,0
18410,15773098,Ch'in,834,Spain,Male,41.0,3,0.0,1,0.0,0.0,53437.1,1
18411,15570194,Bruno,633,France,Male,37.0,10,138497.84,1,1.0,1.0,18988.58,0
18412,15721921,Allan,621,Spain,Female,40.0,5,0.0,2,1.0,0.0,157878.67,0
18413,15639552,Ch'ien,731,Germany,Female,57.0,4,133966.5,1,0.0,0.0,83468.58,1
18414,15674760,Tien,698,France,Male,56.0,6,0.0,3,0.0,1.0,90820.19,1
18415,15680340,Okechukwu,724,Germany,Female,29.0,5,93616.35,2,1.0,0.0,134586.78,0
18416,15647800,Tsao,584,France,Male,35.0,1,134740.58,1,1.0,1.0,181852.76,0
18417,15684868,Y?,565,France,Female,27.0,4,125789.2,1,1.0,1.0,95562.98,1
18418,15692110,Ch'eng,758,Spain,Female,33.0,8,0.0,1,1.0,0.0,188156.34,0
18419,15750837,Nkemdilim,726,Spain,Male,26.0,8,0.0,2,1.0,0.0,126565.21,0
18420,15675185,Andrews,846,France,Male,29.0,2,128744.04,2,1.0,1.0,47454.93,0
18421,15722993,Macleod,599,France,Male,36.0,4,0.0,2,0.0,0.0,121340.8,0
18422,15815660,T'ien,576,France,Female,40.0,7,0.0,1,1.0,0.0,86767.48,1
18423,15738497,Chukwujamuike,756,Spain,Male,44.0,4,107726.93,1,1.0,0.0,153064.87,1
18424,15749799,Pisani,577,Spain,Female,34.0,2,0.0,2,1.0,1.0,84033.35,0
18425,15597909,Palerma,659,France,Female,43.0,0,0.0,1,0.0,0.0,51380.9,1
18426,15641490,Manna,714,France,Male,29.0,9,0.0,2,1.0,0.0,147055.96,0
18427,15651140,Afamefuna,684,Spain,Female,32.0,1,102955.14,2,1.0,0.0,134960.98,0
18428,15771054,Nwokeocha,629,Germany,Male,45.0,5,83624.55,2,1.0,0.0,36899.62,0
18429,15570857,Hs?,704,France,Male,66.0,8,76915.4,1,0.0,1.0,25887.89,0
18430,15665524,Ts'ai,685,Germany,Male,48.0,3,88977.39,1,0.0,1.0,163558.36,0
18431,15690169,Nwankwo,614,Germany,Male,25.0,4,142917.78,2,1.0,0.0,50908.97,0
18432,15690188,L?,628,Germany,Female,36.0,7,117337.54,2,1.0,1.0,130610.78,0
18433,15572767,Millar,583,France,Male,39.0,1,159035.45,1,1.0,0.0,100982.93,0
18434,15660505,Iloerika,679,France,Male,31.0,1,0.0,2,1.0,0.0,106095.82,0
18435,15679743,Kambinachi,477,France,Female,44.0,0,127292.79,2,1.0,0.0,131283.6,1
18436,15791944,Lucciano,711,France,Male,29.0,3,102985.01,1,1.0,0.0,131283.6,0
18437,15611024,Pacheco,616,Spain,Female,31.0,6,0.0,2,0.0,1.0,62810.89,0
18438,15627027,Shih,651,France,Male,39.0,5,0.0,2,1.0,0.0,114388.98,0
18439,15582955,P'eng,616,Spain,Male,32.0,2,0.0,1,1.0,1.0,52462.99,0
18440,15806985,Trevisani,565,France,Male,37.0,7,137964.3,1,0.0,0.0,65869.23,0
18441,15694861,Chin,616,France,Female,42.0,7,178084.84,2,1.0,1.0,80169.89,0
18442,15576676,Chu,814,France,Female,61.0,8,0.0,1,0.0,1.0,149922.38,1
18443,15572374,Hopetoun,599,Spain,Female,36.0,4,0.0,2,1.0,0.0,108377.82,1
18444,15642515,McIntyre,478,Germany,Female,45.0,7,92310.54,1,1.0,0.0,145792.01,0
18445,15625247,Scott,807,France,Female,34.0,1,0.0,2,1.0,0.0,114448.13,0
18446,15767781,Ch'eng,809,France,Female,33.0,1,81623.67,2,1.0,1.0,62487.97,0
18447,15741479,Iadanza,619,France,Male,33.0,7,0.0,2,0.0,1.0,158059.99,0
18448,15783025,Piazza,728,Germany,Male,37.0,6,94661.53,2,1.0,1.0,106977.53,0
18449,15592025,Maclean,599,France,Female,29.0,2,0.0,1,1.0,1.0,121568.37,0
18450,15787470,Parkinson,553,Spain,Male,47.0,2,116528.15,1,0.0,0.0,145704.19,0
18451,15641715,Ts'ui,711,France,Female,34.0,1,0.0,1,1.0,1.0,179485.96,1
18452,15722061,Nkemdilim,636,France,Female,38.0,7,0.0,1,0.0,0.0,86981.45,1
18453,15576156,Chukwudi,646,France,Female,30.0,1,161807.07,1,1.0,1.0,131501.46,0
18454,15642336,Yermolayev,663,France,Female,40.0,9,0.0,2,1.0,0.0,72861.94,0
18455,15642822,Yeh,827,France,Male,39.0,5,146780.51,1,1.0,0.0,90876.91,0
18456,15685843,Hsiao,596,France,Male,43.0,10,0.0,1,0.0,0.0,88890.05,0
18457,15581811,Chukwubuikem,678,Germany,Female,30.0,1,139676.95,2,1.0,1.0,16146.0,0
18458,15774133,Cox,706,France,Female,35.0,4,178032.53,1,1.0,1.0,42181.68,0
18459,15693313,Iadanza,709,Spain,Female,40.0,8,0.0,2,1.0,0.0,121872.19,0
18460,15615012,Uspenskaya,714,France,Female,34.0,4,0.0,2,0.0,0.0,146794.46,0
18461,15665790,Nnonso,587,Germany,Female,50.0,3,115895.52,2,1.0,0.0,164769.9,0
18462,15778192,Nkemdilim,628,Spain,Male,28.0,4,0.0,2,1.0,1.0,176750.81,1
18463,15782630,Onyemauchechukwu,629,Spain,Female,28.0,1,0.0,2,1.0,0.0,95883.53,0
18464,15777051,Hsia,679,France,Male,28.0,9,0.0,2,1.0,0.0,170829.87,0
18465,15694192,Nwankwo,583,Spain,Female,38.0,7,0.0,2,0.0,0.0,173783.38,0
18466,15609897,Pirozzi,644,Spain,Female,35.0,7,0.0,2,1.0,1.0,160889.17,0
18467,15594720,Hsieh,778,France,Female,41.0,1,125265.61,1,0.0,1.0,59249.83,1
18468,15593399,Ch'ien,681,Germany,Male,34.0,9,123151.03,2,0.0,0.0,88890.75,0
18469,15733261,Kung,427,France,Female,29.0,1,141325.56,1,1.0,0.0,93835.64,0
18470,15658890,Mitchell,629,Germany,Male,34.0,2,148853.29,2,1.0,1.0,24411.02,0
18471,15572728,Chineze,555,France,Female,49.0,2,168066.87,1,0.0,1.0,153392.28,0
18472,15656086,Iadanza,679,France,Female,29.0,2,0.0,2,1.0,0.0,134901.57,0
18473,15742285,Fokina,771,France,Female,32.0,7,65971.61,2,0.0,1.0,40920.59,0
18474,15793881,Cremonesi,683,Spain,Male,48.0,8,0.0,1,0.0,0.0,170528.63,1
18475,15790744,Chiemela,752,France,Male,47.0,9,162478.61,1,1.0,1.0,83022.82,0
18476,15770255,Goliwe,790,Spain,Female,34.0,2,0.0,1,1.0,0.0,154700.61,1
18477,15680303,Gibson,594,France,Male,57.0,2,0.0,1,0.0,1.0,19376.56,0
18478,15808526,Hs?,542,France,Female,59.0,6,0.0,1,1.0,1.0,57553.02,1
18479,15691875,Trevisani,663,France,Female,30.0,1,0.0,1,1.0,1.0,137961.41,1
18480,15745232,Ts'ui,849,Spain,Male,31.0,10,0.0,1,1.0,1.0,25684.18,0
18481,15775318,Sung,579,Spain,Male,34.0,8,0.0,2,0.0,1.0,54871.02,0
18482,15777049,Manna,735,France,Female,31.0,1,0.0,2,1.0,1.0,134600.56,0
18483,15585865,Palmer,632,Spain,Male,28.0,9,134766.85,1,1.0,0.0,79355.87,1
18484,15704813,Nnanna,656,Germany,Female,41.0,2,106290.84,2,0.0,1.0,172668.69,0
18485,15727384,Onwuamaeze,738,France,Male,39.0,9,0.0,2,0.0,1.0,169953.2,0
18486,15671769,Marsh,635,France,Female,39.0,4,133964.3,1,1.0,1.0,166187.1,1
18487,15814331,Okwuadigbo,543,Germany,Female,36.0,2,130170.03,2,0.0,1.0,103557.16,0
18488,15738411,Ho,505,France,Male,34.0,10,104498.79,1,1.0,1.0,126451.14,0
18489,15573456,De Luca,706,France,Male,34.0,0,122447.51,1,0.0,0.0,70954.47,0
18490,15722037,Nwachinemelu,850,France,Male,38.0,0,0.0,2,1.0,0.0,71827.8,0
18491,15797900,Fan,516,France,Female,44.0,3,168964.97,1,1.0,0.0,71692.46,0
18492,15734005,Ts'ai,708,France,Male,37.0,9,0.0,2,1.0,0.0,145796.49,0
18493,15648067,Ts'ui,703,France,Female,30.0,7,0.0,2,1.0,0.0,165693.06,0
18494,15774882,Nnamutaezinwa,564,France,Male,38.0,9,123948.35,1,1.0,1.0,149991.32,0
18495,15794941,Chibueze,850,Germany,Female,58.0,7,85906.65,1,1.0,1.0,189159.97,1
18496,15809558,Peppin,707,France,Male,38.0,7,0.0,2,1.0,1.0,1528.4,0
18497,15731586,Tai,675,Spain,Male,25.0,7,0.0,2,1.0,0.0,45348.08,0
18498,15604044,Iadanza,614,France,Male,33.0,3,99745.95,1,0.0,0.0,113483.96,0
18499,15809909,Uspensky,633,France,Male,56.0,2,113680.53,1,0.0,0.0,136859.64,1
18500,15702806,Martin,651,Spain,Male,24.0,6,0.0,1,1.0,0.0,10883.52,1
18501,15778089,Maclean,544,Spain,Male,37.0,6,0.0,2,1.0,0.0,135067.02,0
18502,15692929,Okwudilichukwu,663,Germany,Female,37.0,7,0.0,2,1.0,0.0,121846.81,0
18503,15749964,Jones,610,France,Female,27.0,4,87262.4,2,0.0,1.0,182720.07,0
18504,15687421,Highland,850,France,Male,32.0,0,105969.42,1,0.0,1.0,55972.56,0
18505,15746664,Ts'ui,691,Spain,Male,41.0,8,204223.03,1,1.0,0.0,128268.39,0
18506,15742009,Hsiao,684,France,Male,33.0,0,0.0,2,1.0,0.0,51429.51,0
18507,15642735,Trevisani,665,Germany,Female,56.0,3,146780.23,2,1.0,1.0,77551.23,0
18508,15671139,K'ung,575,France,Female,35.0,6,135756.4,1,0.0,0.0,71359.84,0
18509,15643438,Ch'iu,773,France,Male,33.0,2,0.0,2,0.0,0.0,878.51,0
18510,15586680,Chinweuba,665,Germany,Male,41.0,2,139854.19,2,0.0,1.0,35450.56,0
18511,15748231,Echezonachukwu,673,France,Female,28.0,8,116662.96,1,1.0,0.0,112507.63,0
18512,15585595,Yobachukwu,738,France,Male,27.0,9,0.0,2,1.0,0.0,131301.74,0
18513,15685500,Ebelechukwu,708,France,Male,26.0,2,0.0,2,0.0,0.0,119357.0,0
18514,15680901,Milano,749,Spain,Female,51.0,6,0.0,3,1.0,1.0,199661.5,1
18515,15774151,Ugochukwu,671,Spain,Female,51.0,9,0.0,2,1.0,0.0,101617.91,1
18516,15619340,H?,714,Germany,Female,38.0,3,102741.15,2,1.0,0.0,73564.88,0
18517,15605918,Nwabugwu,682,France,Female,34.0,4,0.0,2,1.0,1.0,125979.36,0
18518,15610454,Poole,724,Germany,Female,33.0,7,119278.44,1,1.0,1.0,197148.24,0
18519,15796074,Lu,685,France,Male,38.0,1,0.0,1,1.0,1.0,56793.02,0
18520,15749489,Chiang,703,France,Female,41.0,3,103794.11,1,0.0,1.0,176902.23,0
18521,15792668,Ritchie,663,France,Male,41.0,1,0.0,3,1.0,0.0,78670.97,1
18522,15694039,Jenks,650,France,Female,46.0,9,149003.76,2,1.0,0.0,176902.83,0
18523,15751392,Walker,632,Spain,Male,30.0,2,0.0,2,0.0,1.0,109638.78,0
18524,15702190,Fan,672,Spain,Male,41.0,5,0.0,2,1.0,1.0,64515.5,0
18525,15758056,Calabresi,558,France,Male,35.0,8,0.0,2,0.0,1.0,111687.57,0
18526,15636023,O'Donnell,619,France,Male,40.0,10,0.0,2,1.0,1.0,147093.84,0
18527,15568162,Sung,527,Spain,Male,53.0,8,0.0,2,1.0,0.0,51711.57,1
18528,15611781,Pirozzi,663,Spain,Male,48.0,1,0.0,1,1.0,1.0,79617.17,0
18529,15772363,T'ang,772,Germany,Female,42.0,0,101979.16,1,1.0,0.0,90928.48,1
18530,15657868,De Luca,748,France,Female,31.0,6,0.0,2,1.0,1.0,53817.23,0
18531,15813659,Pisano,635,France,Male,30.0,4,0.0,2,0.0,0.0,173365.89,0
18532,15712199,Nwachinemelu,678,France,Male,37.0,9,0.0,1,0.0,0.0,146042.0,0
18533,15579714,H?,809,France,Male,31.0,8,80926.02,1,1.0,1.0,121866.87,0
18534,15581280,Yobachukwu,685,France,Male,33.0,6,152490.86,1,0.0,0.0,120594.83,0
18535,15797787,Ijendu,726,France,Female,37.0,9,0.0,1,0.0,1.0,133031.96,1
18536,15747647,Iadanza,709,France,Female,27.0,4,0.0,1,0.0,0.0,144181.48,0
18537,15705113,P'eng,553,France,Male,34.0,4,83264.28,1,1.0,0.0,9663.28,0
18538,15671591,Ch'ang,663,France,Male,30.0,5,0.0,2,1.0,1.0,1118.31,0
18539,15716800,Ni,578,France,Male,40.0,9,0.0,1,1.0,0.0,33747.03,1
18540,15618018,Hsia,547,Spain,Female,59.0,1,0.0,1,0.0,0.0,177737.07,1
18541,15647800,Calabrese,786,France,Female,49.0,9,0.0,2,0.0,0.0,100929.59,0
18542,15697020,Martin,827,Germany,Male,50.0,1,152685.4,1,1.0,0.0,157921.31,1
18543,15719352,Hales,634,Spain,Female,39.0,1,120137.55,2,1.0,0.0,166677.75,0
18544,15752588,Mancini,624,France,Female,32.0,9,0.0,2,1.0,1.0,22409.48,0
18545,15683637,K'ung,806,Spain,Female,44.0,9,115095.62,1,1.0,0.0,51753.51,1
18546,15806880,Boyle,627,Spain,Female,30.0,6,0.0,2,0.0,1.0,113408.47,0
18547,15739168,Ugochukwutubelum,658,France,Male,38.0,3,81677.22,1,0.0,1.0,183490.99,0
18548,15627697,Onyemauchechukwu,748,France,Male,42.0,2,156848.13,1,1.0,0.0,145562.4,0
18549,15605791,Li,524,France,Male,34.0,2,139914.27,1,1.0,1.0,50390.98,0
18550,15637110,Ku,634,France,Female,39.0,7,104533.24,1,0.0,0.0,178458.86,0
18551,15602991,Kepley,739,France,Male,40.0,10,136496.38,1,0.0,0.0,116471.31,0
18552,15690954,Kao,762,Germany,Male,41.0,4,137367.94,2,1.0,0.0,123358.28,0
18553,15758048,Chukwuemeka,679,Spain,Female,47.0,7,164523.5,1,1.0,1.0,73977.23,0
18554,15603111,H?,712,Germany,Male,37.0,3,134603.88,1,1.0,1.0,72496.05,0
18555,15662434,Tung,657,Spain,Male,29.0,10,0.0,2,1.0,0.0,120853.83,0
18556,15774696,Clark,727,Germany,Male,75.0,1,106307.91,1,1.0,1.0,113428.77,0
18557,15647782,Brown,762,Germany,Female,33.0,9,152899.24,2,0.0,1.0,177130.33,0
18558,15567367,Tao,461,France,Female,39.0,10,133636.16,1,0.0,1.0,103315.74,0
18559,15607312,Hsiung,705,Spain,Male,40.0,9,175214.71,1,0.0,0.0,131281.28,0
18560,15792868,Milne,499,Germany,Female,36.0,1,111565.94,2,1.0,1.0,60954.45,0
18561,15664808,Nicoll,717,Germany,Male,39.0,9,138657.08,1,1.0,1.0,128815.33,0
18562,15701765,Vincent,575,Spain,Female,39.0,0,0.0,1,0.0,0.0,30114.32,1
18563,15795166,Creswell,618,Spain,Male,42.0,8,153572.31,1,1.0,1.0,76679.6,0
18564,15781298,T'ien,579,France,Male,40.0,6,102800.27,2,1.0,1.0,180622.01,0
18565,15808760,Manna,703,Spain,Female,62.0,4,0.0,1,1.0,1.0,77500.81,1
18566,15807167,Hsueh,753,Spain,Male,24.0,3,0.0,1,1.0,1.0,141756.32,0
18567,15569867,Chinweuba,708,France,Female,29.0,10,0.0,2,1.0,0.0,19842.22,0
18568,15622017,Bruno,773,France,Male,33.0,10,0.0,1,0.0,1.0,98820.09,0
18569,15581552,Lettiere,559,Germany,Male,28.0,2,127738.75,2,1.0,0.0,168080.43,0
18570,15737571,Nkemdilim,551,France,Male,30.0,9,0.0,1,1.0,1.0,127630.88,0
18571,15752885,Nnaife,762,France,Male,45.0,9,157791.07,1,1.0,0.0,74965.62,0
18572,15720725,Shubin,762,France,Male,49.0,2,0.0,2,1.0,0.0,167909.52,1
18573,15576044,Macdonald,549,France,Male,29.0,6,0.0,2,0.0,1.0,143835.76,0
18574,15734161,Nnonso,636,France,Male,43.0,6,0.0,2,1.0,0.0,73669.94,0
18575,15708196,Murphy,754,France,Female,41.0,1,125877.65,2,1.0,0.0,3524.69,1
18576,15772627,Yefremova,649,France,Female,39.0,8,0.0,1,1.0,0.0,66462.83,1
18577,15802585,Onyemauchechukwu,641,France,Male,39.0,7,0.0,2,1.0,1.0,155876.06,0
18578,15672798,Okeke,828,France,Female,25.0,4,0.0,1,1.0,0.0,114514.64,0
18579,15732778,Trevisano,722,France,Female,39.0,2,0.0,2,1.0,0.0,95985.64,0
18580,15639946,Genovesi,583,Germany,Male,41.0,4,57657.49,1,1.0,0.0,142538.31,0
18581,15739576,Iadanza,652,Spain,Female,30.0,0,0.0,2,1.0,1.0,126688.83,0
18582,15665560,Tuan,681,France,Female,38.0,5,0.0,1,1.0,0.0,62733.89,1
18583,15609824,De Luca,674,France,Female,44.0,8,95994.98,1,1.0,1.0,173870.39,1
18584,15807901,T'ien,564,France,Male,37.0,6,0.0,2,0.0,0.0,140553.24,0
18585,15665590,Toscani,709,France,Female,36.0,3,110570.78,1,1.0,0.0,82484.31,1
18586,15704795,Liao,803,Spain,Male,51.0,5,0.0,1,1.0,0.0,121365.37,1
18587,15672826,Chukwudi,635,Spain,Female,39.0,3,0.0,2,0.0,1.0,9983.8,0
18588,15673820,Hsieh,679,Germany,Male,41.0,9,105961.74,2,1.0,0.0,173835.53,0
18589,15804787,Onyemauchechukwu,450,Spain,Female,46.0,5,177619.71,1,1.0,0.0,54227.06,0
18590,15640866,Peng,634,France,Male,39.0,3,0.0,1,1.0,1.0,161579.85,0
18591,15762886,Echezonachukwu,705,France,Female,31.0,3,0.0,2,1.0,1.0,136910.35,0
18592,15585869,Davide,765,Spain,Female,57.0,4,0.0,1,1.0,0.0,92612.88,1
18593,15803965,Efremov,709,Spain,Female,37.0,3,0.0,2,1.0,0.0,160990.27,0
18594,15680141,Nkemakonam,790,France,Male,33.0,8,121863.61,1,1.0,1.0,147538.63,0
18595,15756471,Okeke,792,Germany,Male,38.0,6,114370.82,2,1.0,0.0,88831.89,0
18596,15682929,Yobanna,678,France,Female,47.0,2,0.0,1,1.0,0.0,135067.33,1
18597,15683276,Sargood,610,Spain,Female,49.0,10,140363.95,2,1.0,0.0,129563.86,1
18598,15658306,Lo,741,Germany,Male,68.0,10,97705.99,1,1.0,1.0,61569.07,0
18599,15602845,Kao,727,Spain,Female,41.0,8,0.0,2,0.0,1.0,128880.23,0
18600,15674750,Alexeyeva,705,Spain,Male,37.0,8,0.0,2,1.0,0.0,44215.86,0
18601,15689168,Kao,721,France,Male,55.0,2,0.0,2,1.0,1.0,126233.18,0
18602,15783501,Maclean,594,France,Male,31.0,1,0.0,2,0.0,1.0,6074.62,0
18603,15807335,Pirozzi,646,France,Female,31.0,8,165969.26,2,1.0,1.0,74940.5,0
18604,15641722,H?,684,Spain,Male,46.0,5,0.0,1,0.0,1.0,103557.82,0
18605,15585888,Nwokezuike,553,France,Female,48.0,3,0.0,1,1.0,0.0,30730.95,1
18606,15660541,Chukwufumnanya,720,Germany,Male,23.0,0,145578.28,2,1.0,0.0,119313.74,0
18607,15591766,Dodd,705,Germany,Female,25.0,3,103176.62,2,1.0,0.0,129590.18,0
18608,15668894,Ulyanova,590,Germany,Female,32.0,10,143829.2,1,1.0,0.0,141069.88,1
18609,15628420,Fyodorova,660,Spain,Male,33.0,2,80462.24,1,0.0,0.0,150422.35,1
18610,15713774,Onyemauchechukwu,531,France,Female,38.0,9,0.0,2,0.0,1.0,181224.24,0
18611,15642996,Mazzanti,610,France,Female,39.0,2,0.0,1,1.0,1.0,134901.41,0
18612,15769005,Nwankwo,645,France,Male,41.0,3,141349.43,1,1.0,0.0,155061.97,0
18613,15663883,Nwankwo,696,France,Female,35.0,6,0.0,2,1.0,0.0,61592.53,0
18614,15597945,Zaytseva,712,Spain,Male,35.0,6,0.0,2,1.0,0.0,162688.26,0
18615,15778696,Hsiung,624,France,Female,36.0,4,119370.11,1,1.0,0.0,123850.58,0
18616,15807003,Fiorentini,688,Spain,Male,42.0,2,80764.03,2,1.0,0.0,76614.04,0
18617,15665536,Chukwudi,632,Germany,Male,29.0,5,133381.39,2,1.0,1.0,174770.25,0
18618,15750574,Tuan,581,France,Male,24.0,1,0.0,2,1.0,1.0,6923.11,0
18619,15704771,Smith,485,France,Male,35.0,6,38340.02,1,1.0,0.0,77475.73,0
18620,15608528,Ives,595,France,Female,48.0,2,0.0,2,1.0,1.0,173783.38,0
18621,15591357,Cowger,498,Germany,Male,40.0,8,123372.3,2,1.0,0.0,115429.32,0
18622,15583718,P'an,687,Spain,Female,31.0,3,0.0,2,1.0,1.0,152883.95,0
18623,15782758,Kambinachi,585,France,Male,29.0,6,117438.92,2,1.0,1.0,86786.41,0
18624,15742854,Lettiere,673,France,Female,45.0,8,0.0,2,1.0,0.0,89043.19,0
18625,15769959,Okwudiliolisa,599,Germany,Male,38.0,5,123544.21,2,1.0,0.0,85423.41,0
18626,15795566,Palerma,684,France,Female,33.0,7,125919.18,1,1.0,1.0,151336.96,0
18627,15582910,Yermakova,704,Germany,Female,68.0,5,121260.11,3,1.0,0.0,149550.95,1
18628,15693205,Peng,604,Germany,Female,40.0,0,139290.41,1,1.0,0.0,182855.42,0
18629,15694395,Shao,620,France,Male,27.0,6,0.0,2,1.0,0.0,155853.52,0
18630,15738662,Ting,737,France,Female,31.0,9,126816.37,1,0.0,1.0,135077.01,0
18631,15742229,Aksenov,679,Germany,Female,27.0,9,92474.05,2,1.0,0.0,132730.07,0
18632,15588904,K?,642,France,Male,28.0,3,0.0,2,1.0,0.0,85787.31,0
18633,15781347,White,512,France,Female,25.0,3,79858.13,1,0.0,0.0,157572.39,0
18634,15806230,Kao,701,Germany,Male,42.0,7,121681.82,2,0.0,1.0,23054.51,0
18635,15673837,Hsiung,730,Germany,Male,34.0,7,126872.6,1,1.0,1.0,90877.95,0
18636,15752321,Ch'eng,589,Germany,Male,26.0,5,119624.4,2,1.0,1.0,52311.1,0
18637,15656484,Chidumaga,645,Germany,Male,43.0,8,142702.65,2,0.0,1.0,97932.68,0
18638,15648067,Y?,693,France,Male,43.0,7,0.0,1,1.0,0.0,157557.48,1
18639,15803526,Eremenko,697,Germany,Male,30.0,7,90536.81,2,1.0,1.0,78670.52,0
18640,15576683,Walker,567,France,Female,34.0,5,0.0,2,1.0,1.0,54871.13,0
18641,15796074,Ritchie,678,France,Male,37.0,4,0.0,2,0.0,0.0,171706.66,0
18642,15756472,Wan,597,Spain,Male,20.0,3,0.0,2,0.0,1.0,141936.1,0
18643,15806913,Onyemachukwu,597,France,Male,26.0,2,0.0,2,1.0,0.0,17095.49,0
18644,15616954,Milani,531,Spain,Male,32.0,2,0.0,2,0.0,1.0,28367.21,0
18645,15722404,Carpenter,707,Spain,Female,33.0,3,0.0,3,1.0,0.0,127939.19,1
18646,15814930,Chiu,556,France,Female,38.0,2,125927.67,1,1.0,0.0,81430.4,0
18647,15650424,Hsueh,758,France,Female,33.0,1,158456.76,1,1.0,1.0,44731.8,0
18648,15757588,Li Fonti,586,France,Male,27.0,6,0.0,2,1.0,0.0,111241.37,0
18649,15690589,Chia,646,Germany,Male,37.0,9,105522.06,1,1.0,0.0,128841.31,1
18650,15576550,Y?an,637,France,Male,36.0,8,0.0,1,1.0,1.0,167984.61,0
18651,15699467,Ts'ai,632,Germany,Female,31.0,3,127411.25,2,0.0,0.0,115029.9,0
18652,15754068,Judd,578,France,Male,32.0,4,0.0,4,1.0,0.0,141822.8,1
18653,15683468,Chia,573,Germany,Female,33.0,1,106418.49,2,1.0,0.0,162599.28,0
18654,15783816,Lori,733,France,Female,43.0,5,0.0,3,0.0,0.0,12761.16,1
18655,15787597,Ts'ai,714,Spain,Male,37.0,1,0.0,2,0.0,1.0,77906.87,0
18656,15654408,Nnamdi,464,France,Male,39.0,1,0.0,2,1.0,1.0,143544.48,0
18657,15691840,Nwabugwu,599,Spain,Male,35.0,6,102773.2,1,1.0,0.0,175380.77,0
18658,15647800,Mironova,629,France,Male,46.0,2,132936.4,1,1.0,1.0,152899.4,0
18659,15651900,Bergamaschi,783,France,Male,32.0,3,0.0,2,1.0,1.0,79957.95,0
18660,15576725,Ting,624,France,Male,38.0,8,0.0,1,1.0,0.0,121081.48,0
18661,15752091,H?,602,France,Male,39.0,5,0.0,2,1.0,0.0,169964.12,0
18662,15682467,K'ung,765,France,Female,37.0,6,84420.75,1,1.0,1.0,84927.42,0
18663,15679620,Ozoemena,728,France,Female,39.0,9,0.0,2,1.0,1.0,131718.48,0
18664,15643967,Kambinachi,539,France,Male,36.0,3,0.0,2,1.0,0.0,140770.36,0
18665,15581526,Iweobiegbulam,714,France,Male,32.0,5,0.0,2,1.0,0.0,70550.0,0
18666,15754072,Mitchell,633,France,Female,34.0,6,0.0,2,1.0,0.0,160529.71,0
18667,15623072,Shaw,529,Spain,Female,35.0,5,0.0,1,1.0,0.0,56518.0,1
18668,15641640,Udegbunam,766,France,Female,39.0,6,0.0,2,0.0,0.0,58469.76,0
18669,15751531,Tan,598,France,Female,41.0,8,0.0,2,1.0,0.0,161954.43,0
18670,15601417,T'ang,681,Germany,Male,38.0,2,148863.17,1,1.0,1.0,90967.37,0
18671,15785290,Kao,579,France,Male,29.0,9,0.0,1,1.0,0.0,8342.35,0
18672,15680970,Warner,534,France,Female,34.0,5,159561.93,1,0.0,1.0,125240.8,0
18673,15802778,Ponomaryov,756,France,Female,45.0,6,178032.14,1,0.0,0.0,150390.58,0
18674,15779991,Smith,776,Germany,Female,35.0,7,139994.59,1,0.0,0.0,144581.79,1
18675,15593715,Okechukwu,677,Germany,Female,41.0,7,58003.41,1,0.0,1.0,183682.09,0
18676,15658946,Smith,741,Spain,Female,29.0,5,0.0,2,1.0,1.0,186785.01,0
18677,15659364,Thompson,685,Spain,Male,41.0,2,164902.43,1,0.0,0.0,141152.28,1
18678,15759038,Whitehead,714,France,Female,37.0,3,0.0,2,1.0,1.0,102921.17,0
18679,15647292,Peng,668,France,Male,63.0,4,0.0,1,1.0,0.0,159835.78,1
18680,15653253,Pagnotto,497,France,Male,38.0,5,167997.6,1,1.0,1.0,75959.1,0
18681,15771636,Marshall,681,Spain,Male,36.0,5,0.0,1,0.0,0.0,148993.47,0
18682,15674928,Zetticci,616,France,Male,42.0,10,0.0,2,0.0,0.0,109291.29,0
18683,15571816,Ritchie,850,France,Male,39.0,5,0.0,2,1.0,1.0,70563.9,0
18684,15644577,Wimble,579,Germany,Male,37.0,2,99773.85,1,1.0,0.0,54865.92,0
18685,15793070,Denisov,583,Germany,Male,48.0,5,106913.43,1,1.0,0.0,25881.0,1
18686,15771222,Dilke,632,Spain,Female,25.0,0,97378.54,1,1.0,1.0,71492.28,0
18687,15661821,Brown,750,Spain,Female,38.0,5,116060.08,2,1.0,1.0,156618.38,0
18688,15763898,Ts'ui,685,Germany,Female,43.0,10,113034.31,1,1.0,1.0,90928.02,1
18689,15803005,Larionova,487,Germany,Male,38.0,10,63663.93,1,0.0,1.0,116537.96,0
18690,15705034,Peng,569,Spain,Male,39.0,9,0.0,2,0.0,0.0,121537.91,0
18691,15775104,Lucchesi,681,France,Male,31.0,9,0.0,2,1.0,1.0,176894.39,0
18692,15597951,Udinese,613,Spain,Male,43.0,4,0.0,2,1.0,1.0,132498.34,0
18693,15651740,Hsieh,844,France,Male,34.0,2,98955.87,1,1.0,1.0,16250.61,0
18694,15686780,Rogova,645,Spain,Female,40.0,1,133676.65,1,0.0,1.0,17095.49,1
18695,15666916,Frolova,559,Spain,Female,37.0,3,0.0,2,1.0,0.0,142474.01,0
18696,15810563,K?,678,Germany,Female,61.0,8,127847.86,2,1.0,1.0,159938.82,1
18697,15704910,Ma,599,Germany,Female,49.0,1,185544.36,1,1.0,1.0,170138.68,1
18698,15793884,T'ien,696,Spain,Female,35.0,4,0.0,2,0.0,0.0,170634.08,0
18699,15792489,Chien,579,Germany,Female,36.0,5,151762.74,1,1.0,1.0,45422.13,0
18700,15686957,Yobachukwu,627,France,Male,31.0,2,0.0,2,1.0,0.0,82993.82,0
18701,15714877,MacDevitt,607,France,Male,29.0,10,0.0,2,1.0,1.0,137508.31,0
18702,15751208,Mazzanti,704,France,Male,40.0,2,0.0,2,1.0,0.0,78387.32,0
18703,15700965,Hsing,667,Germany,Female,36.0,2,104822.45,2,0.0,0.0,97465.44,0
18704,15626135,Gebhart,535,Spain,Female,32.0,6,0.0,1,1.0,1.0,85421.43,1
18705,15726167,Chiu,696,Spain,Female,40.0,6,81710.46,2,1.0,1.0,86490.96,1
18706,15705313,Uvarov,535,France,Female,40.0,4,82441.75,1,0.0,0.0,80852.11,0
18707,15706458,Pan,812,Germany,Male,39.0,5,115730.71,1,1.0,1.0,185599.34,0
18708,15593365,Ko,676,Germany,Male,49.0,8,82931.85,2,1.0,0.0,113860.81,0
18709,15788025,H?,635,Spain,Female,33.0,2,0.0,2,1.0,1.0,134878.19,0
18710,15581323,Obidimkpa,559,France,Female,48.0,3,0.0,1,1.0,0.0,59905.29,1
18711,15613787,Cavenagh,714,France,Female,39.0,8,80796.57,1,1.0,1.0,167723.25,0
18712,15592846,Nwankwo,629,France,Male,28.0,8,123870.19,1,1.0,1.0,141763.63,0
18713,15776725,Liao,850,France,Male,27.0,1,0.0,2,1.0,1.0,101382.86,0
18714,15795540,Mitchell,667,Spain,Male,36.0,2,0.0,2,0.0,1.0,127569.8,0
18715,15621021,Ogbonnaya,607,France,Male,34.0,9,0.0,2,1.0,1.0,174536.17,0
18716,15650068,Johnson,511,Germany,Male,58.0,0,149117.31,1,1.0,1.0,162599.51,0
18717,15583549,Tien,850,Germany,Female,31.0,8,113657.71,1,0.0,0.0,182364.99,0
18718,15738219,Calabrese,684,France,Female,36.0,3,0.0,2,0.0,0.0,90858.21,0
18719,15799211,Ayers,559,France,Male,38.0,10,0.0,1,1.0,0.0,67997.13,0
18720,15763381,Scott,732,France,Male,28.0,7,80927.53,2,1.0,0.0,112491.06,0
18721,15590201,Fiorentini,500,Spain,Female,35.0,2,0.0,1,1.0,1.0,83866.35,1
18722,15662955,Hao,537,France,Female,38.0,3,0.0,3,1.0,1.0,150684.15,1
18723,15724149,H?,667,France,Male,19.0,2,0.0,2,1.0,1.0,49405.99,0
18724,15605286,De Luca,577,France,Male,34.0,3,0.0,2,0.0,0.0,75578.67,0
18725,15686776,Hsia,496,Spain,Male,28.0,6,0.0,2,1.0,0.0,125518.32,0
18726,15771586,Walker,573,Spain,Male,38.0,5,0.0,2,1.0,1.0,96656.55,0
18727,15791279,Murray,701,Germany,Male,40.0,4,169742.64,1,1.0,1.0,153537.55,1
18728,15782335,Dike,706,Germany,Female,31.0,3,121435.22,2,1.0,1.0,155919.02,0
18729,15693826,Fanucci,787,France,Female,43.0,9,0.0,2,0.0,0.0,71139.41,0
18730,15806709,Hao,609,France,Male,35.0,6,0.0,1,0.0,0.0,93718.16,0
18731,15649523,Tien,724,Germany,Female,29.0,6,137602.29,1,1.0,0.0,43982.41,0
18732,15603481,T'ao,678,Spain,Female,41.0,4,0.0,2,1.0,1.0,152210.81,0
18733,15772337,Piazza,850,France,Male,40.0,1,0.0,1,1.0,1.0,104936.88,1
18734,15772073,L?,753,Germany,Male,34.0,2,136496.12,2,1.0,0.0,156476.05,0
18735,15683363,Smith,687,France,Male,34.0,10,0.0,1,1.0,1.0,124615.59,0
18736,15697095,Zetticci,775,Spain,Female,39.0,7,0.0,2,0.0,1.0,117273.35,0
18737,15754926,Tsao,543,France,Male,30.0,3,130788.71,1,1.0,1.0,134612.38,0
18738,15802362,Newland,550,Germany,Male,45.0,0,160858.13,2,0.0,1.0,70399.71,0
18739,15591711,Ting,677,France,Male,40.0,7,0.0,2,0.0,1.0,171706.66,0
18740,15798824,H?,663,France,Female,32.0,10,0.0,2,1.0,1.0,173498.45,0
18741,15803585,Toscani,493,France,Male,42.0,5,0.0,1,0.0,1.0,129894.65,0
18742,15697510,Tien,649,Spain,Female,50.0,8,0.0,1,1.0,1.0,109688.82,0
18743,15672983,Lo Duca,584,France,Male,35.0,3,0.0,2,1.0,1.0,103099.22,0
18744,15700383,Manna,652,France,Female,33.0,9,0.0,2,1.0,0.0,115337.74,0
18745,15722548,Spitzer,805,France,Female,28.0,7,0.0,2,1.0,1.0,167553.06,0
18746,15591969,Kuo,809,Germany,Male,34.0,1,79706.25,2,1.0,0.0,165626.6,0
18747,15589428,Onyekachi,597,France,Male,23.0,8,0.0,2,1.0,1.0,100950.48,0
18748,15600583,Scott,551,Spain,Female,35.0,7,0.0,2,1.0,1.0,65951.65,0
18749,15738171,Mazzi,555,France,Female,50.0,8,0.0,2,1.0,0.0,146585.79,1
18750,15746490,Crocker,653,Germany,Male,24.0,6,117154.9,1,1.0,0.0,127744.02,1
18751,15725002,T'ien,708,France,Male,41.0,1,111599.48,1,1.0,1.0,11205.5,0
18752,15646726,Crawford,672,France,Male,43.0,5,0.0,2,0.0,0.0,63833.09,0
18753,15683521,Chukwukadibia,644,Germany,Male,34.0,3,116927.43,2,1.0,0.0,172749.43,0
18754,15683553,Kerr,663,France,Female,32.0,5,0.0,2,0.0,1.0,131807.14,0
18755,15682355,Ts'ai,661,Spain,Male,37.0,3,0.0,2,1.0,1.0,184842.21,0
18756,15705034,Walker,718,Germany,Male,37.0,5,103563.93,2,1.0,1.0,236.45,0
18757,15579781,Pagnotto,663,France,Female,41.0,7,0.0,1,1.0,0.0,19826.36,1
18758,15782688,Uspenskaya,596,France,Male,49.0,4,0.0,1,1.0,0.0,24983.39,1
18759,15777783,Okechukwu,606,France,Male,45.0,8,104719.31,1,0.0,0.0,101433.76,0
18760,15697183,Uchenna,743,Germany,Male,42.0,5,102575.04,2,1.0,0.0,127022.87,1
18761,15756921,Lucchesi,588,Germany,Female,51.0,9,138847.06,1,0.0,0.0,598.2,1
18762,15690889,Chukwujamuike,762,Germany,Female,37.0,6,119963.45,1,1.0,0.0,73066.72,1
18763,15755416,Jonathan,685,France,Male,43.0,4,97392.18,2,1.0,0.0,43943.09,0
18764,15658158,O'Donnell,713,Spain,Male,49.0,5,0.0,2,1.0,1.0,141446.01,1
18765,15715079,Iweobiegbunam,679,Spain,Male,32.0,8,147493.89,1,1.0,0.0,95625.03,0
18766,15791321,Trentino,689,Germany,Female,46.0,4,91216.0,1,1.0,0.0,3449.22,1
18767,15708713,Hsia,739,France,Male,32.0,4,0.0,2,1.0,1.0,86490.34,0
18768,15798659,Kennedy,508,Spain,Female,48.0,2,0.0,1,1.0,0.0,31705.19,1
18769,15578977,Robinson,786,France,Male,34.0,9,0.0,2,1.0,1.0,144517.19,0
18770,15624437,Johnson,825,Spain,Male,41.0,5,0.0,2,0.0,0.0,42935.15,1
18771,15697310,Hsueh,712,France,Female,37.0,2,0.0,2,1.0,1.0,181270.84,0
18772,15812750,Ozioma,591,France,Female,24.0,9,147360.0,1,1.0,1.0,25310.82,0
18773,15594576,Hsing,607,France,Male,32.0,8,0.0,2,1.0,0.0,129964.94,0
18774,15588928,Ts'ui,850,France,Female,40.0,6,0.0,2,1.0,1.0,174311.3,0
18775,15672430,Hsiao,668,Spain,Female,36.0,2,0.0,2,1.0,1.0,132973.42,0
18776,15751455,Iheanacho,597,France,Male,24.0,1,0.0,1,1.0,1.0,167036.94,0
18777,15738487,Nwankwo,683,France,Male,40.0,3,0.0,2,1.0,0.0,170563.23,0
18778,15768095,Hs?,678,France,Male,55.0,1,0.0,1,1.0,0.0,120882.73,1
18779,15634968,Hsueh,588,France,Male,37.0,7,0.0,2,1.0,1.0,3937.37,0
18780,15788483,Milani,544,France,Female,48.0,2,0.0,1,1.0,0.0,56794.62,1
18781,15777778,Chidiebere,732,Germany,Male,36.0,2,118235.7,2,0.0,1.0,178038.98,0
18782,15618363,Nwokeocha,586,France,Male,48.0,6,0.0,2,1.0,1.0,103392.88,1
18783,15631800,Y?,596,France,Male,25.0,3,88786.81,1,0.0,0.0,149575.83,0
18784,15697567,Onwumelu,652,France,Female,31.0,5,0.0,1,1.0,1.0,58134.97,0
18785,15583724,Raymond,645,Spain,Female,29.0,4,0.0,2,0.0,1.0,74346.11,0
18786,15602841,Maclean,646,France,Male,39.0,7,0.0,1,1.0,1.0,83681.02,0
18787,15733888,Sells,718,Germany,Female,36.0,6,133868.21,1,1.0,1.0,27758.36,0
18788,15683338,Chia,581,Germany,Female,40.0,3,104902.58,1,1.0,0.0,155700.66,1
18789,15602999,Palerma,616,France,Female,55.0,7,140549.9,1,1.0,1.0,28461.03,0
18790,15793693,Yegorov,734,France,Male,49.0,3,80387.81,1,1.0,0.0,77272.62,0
18791,15583857,Trevisan,749,Germany,Male,30.0,5,111375.32,2,0.0,0.0,2704.09,0
18792,15772381,H?,529,Germany,Male,38.0,5,134936.64,1,1.0,0.0,95859.19,1
18793,15783029,Teng,615,France,Male,29.0,1,0.0,2,0.0,1.0,171465.19,0
18794,15593470,Nkemdilim,684,Germany,Male,25.0,8,125734.2,1,1.0,1.0,9241.83,0
18795,15714006,Chizoba,598,France,Male,35.0,8,133111.73,1,0.0,0.0,79957.95,0
18796,15705521,Onyemauchechukwu,621,Spain,Male,32.0,7,127609.59,1,0.0,1.0,80178.54,0
18797,15689614,Piazza,547,Germany,Male,39.0,7,120145.93,2,1.0,1.0,129955.94,0
18798,15632263,Pagnotto,774,Spain,Male,35.0,5,120355.0,1,1.0,0.0,137793.35,1
18799,15757577,Mironova,752,Germany,Male,43.0,8,107949.39,1,1.0,0.0,113656.85,1
18800,15812647,Scott,636,Germany,Male,32.0,1,135962.4,1,1.0,0.0,152298.28,0
18801,15577514,Murphy,549,France,Male,46.0,2,134944.0,1,1.0,1.0,196395.05,0
18802,15776824,Nwankwo,624,France,Female,36.0,2,0.0,2,1.0,1.0,103908.84,0
18803,15673599,Zito,671,Germany,Female,47.0,8,109646.83,2,0.0,0.0,76373.38,0
18804,15594902,Chukwukadibia,619,Spain,Male,57.0,7,95900.04,1,1.0,1.0,42442.21,0
18805,15776725,Kerr,584,France,Male,59.0,7,115378.94,1,1.0,0.0,176858.5,1
18806,15631838,Hsiao,712,Germany,Male,40.0,6,102787.42,1,1.0,0.0,175853.64,1
18807,15773098,Pagnotto,651,France,Male,44.0,2,0.0,2,1.0,1.0,94450.97,0
18808,15784849,Okechukwu,713,Spain,Female,39.0,6,61172.05,1,1.0,0.0,50368.63,0
18809,15617982,Fanucci,547,Germany,Male,41.0,8,82341.21,1,1.0,0.0,158650.16,1
18810,15768451,MacDonald,739,Germany,Male,40.0,5,149131.03,3,1.0,1.0,60036.99,0
18811,15642098,Ch'iu,611,France,Male,34.0,3,122277.66,1,0.0,0.0,152290.65,0
18812,15692671,Dobson,618,Spain,Male,45.0,8,0.0,1,0.0,1.0,158684.81,0
18813,15787699,Ts'ai,719,France,Male,36.0,5,0.0,2,1.0,0.0,121428.4,0
18814,15705890,Onuchukwu,598,France,Male,48.0,1,137239.17,3,0.0,0.0,174729.3,1
18815,15691446,Onyemauchechukwu,730,France,Male,33.0,6,0.0,1,1.0,1.0,57553.98,0
18816,15605067,Nwachinemelu,637,France,Female,29.0,4,0.0,2,1.0,0.0,3453.4,0
18817,15715951,Ku,639,Spain,Male,37.0,8,0.0,2,1.0,1.0,102930.35,0
18818,15812918,Kosisochukwu,634,Spain,Male,25.0,6,0.0,2,0.0,1.0,23864.21,0
18819,15614365,Udinese,633,France,Male,31.0,9,0.0,2,0.0,0.0,105963.69,0
18820,15761708,Nwachukwu,684,France,Male,34.0,6,0.0,1,1.0,1.0,57594.78,0
18821,15591428,Shih,692,France,Male,35.0,1,0.0,2,1.0,1.0,61349.37,0
18822,15626135,Combes,689,France,Male,31.0,1,165312.27,2,1.0,0.0,155495.63,0
18823,15778975,Hsia,622,France,Female,52.0,8,0.0,2,0.0,0.0,111175.09,1
18824,15773098,Ch'ang,834,Spain,Male,32.0,8,0.0,2,0.0,0.0,53437.1,0
18825,15613048,Ts'ai,669,Germany,Male,35.0,9,140197.18,2,1.0,1.0,88890.05,0
18826,15754084,Carpenter,559,France,Male,30.0,9,106518.52,2,1.0,1.0,127951.81,0
18827,15745084,Tsai,716,France,Male,43.0,3,94488.38,2,1.0,0.0,43496.36,0
18828,15779915,Chukwuemeka,637,France,Male,24.0,8,134715.93,1,1.0,1.0,187976.72,0
18829,15644572,Toscani,678,Spain,Male,32.0,4,0.0,1,1.0,0.0,126565.92,0
18830,15795737,McNaughtan,771,Spain,Female,47.0,3,72664.0,3,1.0,1.0,107874.39,1
18831,15655082,Martin,781,France,Male,48.0,6,0.0,1,1.0,0.0,173568.3,1
18832,15671610,Shih,615,France,Male,38.0,2,0.0,1,1.0,0.0,175749.36,0
18833,15589210,Trevisani,663,Spain,Male,40.0,1,0.0,1,0.0,0.0,52796.31,0
18834,15635972,Pagnotto,582,France,Female,23.0,7,0.0,2,1.0,1.0,82527.8,0
18835,15572767,Shelby,777,France,Male,47.0,2,0.0,1,1.0,0.0,124489.88,1
18836,15772760,Hsieh,662,France,Male,40.0,7,0.0,2,0.0,1.0,158891.32,0
18837,15713853,Genovese,549,Spain,Male,57.0,9,108748.08,1,1.0,1.0,65323.11,1
18838,15702377,Mistry,569,Spain,Male,39.0,8,0.0,2,1.0,0.0,142913.97,0
18839,15612193,Hs?,516,France,Male,36.0,10,115545.33,2,0.0,1.0,148256.43,0
18840,15627848,Pirozzi,678,France,Female,33.0,5,0.0,1,1.0,1.0,158036.72,1
18841,15728078,Ozioma,670,France,Female,38.0,1,99745.74,1,0.0,0.0,154768.96,0
18842,15593943,Chukwunonso,723,Germany,Male,31.0,8,134740.24,2,1.0,1.0,110230.4,0
18843,15753161,Chukwudi,766,Spain,Female,30.0,4,134204.67,1,1.0,1.0,131766.67,0
18844,15792750,T'ang,569,France,Female,31.0,4,0.0,2,1.0,1.0,172450.04,0
18845,15691906,Esposito,667,France,Female,49.0,4,127421.78,1,1.0,1.0,108876.75,0
18846,15792486,Lu,671,France,Male,33.0,5,133871.05,1,1.0,1.0,136910.18,0
18847,15594929,Nkemakolam,659,France,Female,33.0,1,0.0,2,1.0,0.0,105583.65,0
18848,15741652,T'ang,696,France,Female,36.0,4,121874.88,1,1.0,1.0,162812.16,0
18849,15738751,Pape,582,France,Female,34.0,8,143566.12,1,1.0,1.0,51387.1,0
18850,15729083,Chidubem,814,Germany,Male,41.0,6,109528.28,2,1.0,1.0,179634.69,0
18851,15771573,Hsieh,699,Germany,Male,29.0,4,82647.15,2,1.0,1.0,168887.06,0
18852,15776733,Ch'ien,779,France,Male,42.0,4,0.0,1,1.0,1.0,15607.27,0
18853,15672499,Iadanza,722,Spain,Male,32.0,9,0.0,2,0.0,1.0,31921.95,0
18854,15728963,Scott,667,France,Female,40.0,6,0.0,2,1.0,1.0,68600.36,0
18855,15708713,H?,652,France,Male,43.0,9,0.0,2,1.0,1.0,82996.47,0
18856,15679029,Chou,706,Spain,Male,53.0,7,0.0,1,0.0,1.0,17941.16,0
18857,15727919,Chukwuemeka,635,Spain,Female,29.0,4,0.0,2,1.0,0.0,12048.67,0
18858,15732269,Chidiebele,638,Germany,Female,44.0,9,144430.31,1,1.0,1.0,87066.89,1
18859,15582892,Nwokeocha,678,Germany,Male,49.0,10,122214.0,1,1.0,1.0,147530.06,0
18860,15672991,Kambinachi,722,Spain,Male,28.0,0,99141.86,2,0.0,1.0,151667.33,0
18861,15788189,Hsiao,711,France,Male,25.0,4,0.0,2,0.0,0.0,62367.37,0
18862,15730394,Chu,611,France,Female,32.0,1,0.0,2,1.0,1.0,27298.58,0
18863,15665087,Fanucci,556,Spain,Male,27.0,9,0.0,2,1.0,1.0,152698.24,0
18864,15697574,Trevisano,635,Spain,Female,26.0,8,0.0,2,0.0,1.0,122449.18,0
18865,15741180,Chukwubuikem,590,France,Female,31.0,9,147511.32,1,1.0,1.0,72967.63,0
18866,15694408,Lung,695,France,Female,24.0,7,139290.41,1,1.0,0.0,182855.42,0
18867,15800043,Trevisano,748,France,Male,32.0,7,0.0,2,1.0,0.0,94498.08,0
18868,15621457,Chu,850,France,Male,29.0,6,96654.72,2,0.0,0.0,152740.16,0
18869,15571816,Ritchie,850,Spain,Female,38.0,5,0.0,1,1.0,1.0,705.18,0
18870,15785385,Milanesi,573,Germany,Male,24.0,8,118627.35,1,1.0,1.0,149853.85,0
18871,15774393,Ch'in,512,Spain,Female,34.0,6,0.0,2,0.0,1.0,170984.97,0
18872,15757952,Walker,695,France,Male,23.0,2,0.0,1,1.0,0.0,127095.14,0
18873,15793881,Tien,682,Spain,Male,37.0,2,124493.03,1,1.0,1.0,55775.84,0
18874,15702601,Ponomaryova,698,Spain,Male,72.0,4,0.0,2,1.0,1.0,182988.04,0
18875,15793343,Yeh,549,Germany,Female,47.0,8,99219.47,2,1.0,1.0,122141.13,0
18876,15739046,Ch'en,695,France,Male,36.0,8,99106.89,1,0.0,0.0,182065.65,0
18877,15681068,Lucchesi,517,France,Female,39.0,1,0.0,2,1.0,1.0,78955.8,0
18878,15579914,Hsia,754,France,Female,34.0,10,0.0,2,1.0,0.0,131083.9,0
18879,15656921,Simmons,674,Spain,Male,29.0,0,84764.79,1,1.0,1.0,159830.58,0
18880,15730137,Ahern,684,France,Male,36.0,6,0.0,2,1.0,0.0,193008.22,0
18881,15654183,Aitken,738,France,Male,26.0,3,0.0,2,1.0,0.0,67484.16,0
18882,15625698,Chialuka,489,Germany,Female,34.0,3,109541.55,1,1.0,0.0,113548.88,0
18883,15715541,Yang,850,France,Female,42.0,9,113311.11,1,1.0,1.0,198193.75,1
18884,15623146,Okwuadigbo,727,France,Male,35.0,8,0.0,1,1.0,1.0,145936.81,0
18885,15738835,Hsia,638,France,Female,29.0,9,101985.81,2,1.0,1.0,43801.27,0
18886,15758024,Okwudiliolisa,526,France,Male,40.0,8,0.0,1,1.0,0.0,77515.78,1
18887,15607546,Genovese,630,Spain,Male,38.0,3,97445.48,2,1.0,0.0,115288.24,0
18888,15771211,Mbanefo,684,France,Female,27.0,1,142151.75,2,1.0,1.0,168753.34,0
18889,15799186,Onyeorulu,478,Germany,Female,37.0,3,95741.75,1,1.0,1.0,126143.27,0
18890,15798890,T'ien,498,France,Male,28.0,1,0.0,2,1.0,1.0,60774.36,0
18891,15792731,Nwachukwu,710,France,Female,37.0,8,0.0,2,1.0,0.0,172450.11,0
18892,15742269,Lin,642,France,Male,31.0,5,0.0,2,0.0,1.0,171463.83,0
18893,15711015,Hammonds,743,France,Female,41.0,4,0.0,2,1.0,1.0,190911.02,0
18894,15689612,Pirozzi,554,Spain,Female,34.0,8,0.0,1,1.0,1.0,106981.03,0
18895,15620505,Ndubueze,681,France,Female,56.0,9,0.0,1,1.0,0.0,118313.34,1
18896,15695819,Hsu,558,Germany,Male,44.0,3,121702.73,1,1.0,1.0,138051.19,0
18897,15742028,Shih,608,France,Female,45.0,4,120962.65,2,1.0,0.0,182784.11,1
18898,15780128,Tuan,581,France,Male,27.0,2,0.0,2,0.0,0.0,158054.65,0
18899,15641662,Enticknap,735,Germany,Male,39.0,5,117468.67,1,0.0,0.0,63705.9,1
18900,15736008,Tuan,653,France,Male,38.0,8,0.0,2,1.0,1.0,119924.84,0
18901,15778694,McElhone,687,France,Male,38.0,1,0.0,2,1.0,1.0,52887.05,0
18902,15663942,Ulyanov,786,Germany,Female,41.0,2,104336.43,2,0.0,0.0,159638.77,1
18903,15781210,Chien,663,France,Female,28.0,2,155423.17,1,0.0,0.0,70400.86,0
18904,15731519,Onyeoruru,668,France,Female,37.0,8,0.0,2,1.0,1.0,176943.54,0
18905,15612771,Bell,452,France,Male,45.0,4,148172.44,1,1.0,1.0,4175.68,1
18906,15691703,Zikoranachukwudimma,572,France,Male,38.0,5,0.0,2,1.0,1.0,145537.32,0
18907,15651389,Chiu,529,Spain,Male,29.0,9,159035.45,1,1.0,0.0,186948.35,0
18908,15746594,Young,732,Spain,Female,39.0,8,0.0,2,0.0,0.0,119882.7,0
18909,15645815,Ch'iu,655,Spain,Male,36.0,4,163708.58,3,1.0,0.0,85902.39,0
18910,15661473,Ibezimako,755,France,Male,35.0,7,0.0,2,1.0,0.0,155870.82,0
18911,15761854,Chukwueloka,710,Spain,Male,21.0,1,0.0,2,0.0,1.0,80698.54,0
18912,15669922,Okeke,553,Germany,Male,53.0,3,138843.18,1,1.0,1.0,28415.8,0
18913,15742269,Maclean,643,Germany,Male,33.0,9,124209.02,1,0.0,1.0,50743.83,0
18914,15580203,Fetherstonhaugh,593,Germany,Male,66.0,7,101675.22,2,0.0,0.0,43821.56,1
18915,15620338,Lo,679,France,Female,27.0,6,118098.54,1,1.0,0.0,179227.37,0
18916,15759874,Aksyonova,539,France,Female,35.0,1,0.0,2,1.0,0.0,131802.58,0
18917,15625126,Chimezie,815,France,Male,48.0,9,0.0,2,0.0,1.0,73973.99,0
18918,15694413,Fanucci,639,France,Male,37.0,4,0.0,2,1.0,0.0,162878.02,0
18919,15664035,Parsons,691,Spain,Female,37.0,9,0.0,2,0.0,1.0,148750.16,0
18920,15650864,Yuriev,602,France,Male,33.0,1,0.0,2,1.0,0.0,127629.32,0
18921,15654891,He,811,France,Male,30.0,6,0.0,2,1.0,1.0,180591.32,1
18922,15738497,Chiu,707,Germany,Male,49.0,5,127560.46,2,1.0,1.0,153343.48,0
18923,15631721,Millar,683,France,Male,38.0,9,0.0,2,0.0,1.0,103511.26,0
18924,15807837,Kent,593,France,Male,30.0,8,0.0,2,1.0,1.0,102681.32,0
18925,15566030,Tu,493,Germany,Male,41.0,6,80542.81,1,0.0,0.0,88729.22,0
18926,15668971,Henderson,681,France,Male,37.0,3,0.0,1,1.0,0.0,143194.05,0
18927,15636756,Marino,575,France,Female,29.0,3,0.0,2,1.0,0.0,189613.12,0
18928,15596495,Hsiao,591,Spain,Male,42.0,3,0.0,2,1.0,1.0,153917.41,0
18929,15678910,Ts'ai,691,France,Male,28.0,7,0.0,1,1.0,1.0,16278.97,0
18930,15651336,Tuan,619,Spain,Male,38.0,6,97560.16,1,0.0,1.0,161388.22,0
18931,15606847,Nwebube,697,France,Male,35.0,2,0.0,2,1.0,0.0,166471.19,0
18932,15798749,Davidson,845,France,Female,39.0,3,152063.59,1,1.0,1.0,97910.06,0
18933,15743480,Yashina,720,France,Female,37.0,5,0.0,2,1.0,0.0,80619.08,0
18934,15739972,Pinto,650,Germany,Female,45.0,4,152367.21,2,1.0,0.0,150835.21,0
18935,15785869,Hs?,595,France,Male,38.0,3,81877.38,1,0.0,1.0,52462.25,0
18936,15583394,Lettiere,792,Germany,Female,32.0,2,120549.29,1,1.0,1.0,158973.45,1
18937,15588944,Sazonova,714,Germany,Female,28.0,5,182705.05,2,0.0,1.0,172363.41,0
18938,15580366,Okechukwu,566,France,Male,54.0,4,0.0,2,1.0,1.0,172665.21,0
18939,15569571,Davydova,584,Germany,Female,46.0,5,111063.73,1,1.0,0.0,120376.87,1
18940,15662533,Porter,584,Spain,Female,23.0,7,0.0,1,1.0,0.0,153229.19,1
18941,15788068,Onwuamaegbu,651,Germany,Female,44.0,1,128131.73,1,0.0,0.0,101382.86,1
18942,15660211,Yudina,632,Spain,Female,52.0,2,141187.99,2,1.0,1.0,180427.6,0
18943,15605926,Hs?,551,Germany,Female,42.0,1,106969.92,1,1.0,0.0,66561.89,1
18944,15808566,Ts'ai,598,Germany,Male,39.0,6,132767.74,1,1.0,0.0,143681.25,0
18945,15707962,Ruse,576,France,Male,27.0,1,0.0,2,1.0,1.0,179351.87,0
18946,15761043,Ch'ang,591,France,Male,33.0,5,139994.07,1,1.0,1.0,72993.61,0
18947,15662461,Li,678,Germany,Male,38.0,1,119852.19,1,0.0,1.0,137789.64,1
18948,15775888,T'ien,697,France,Male,41.0,5,123907.69,1,1.0,1.0,143686.33,0
18949,15788920,Fanucci,833,France,Male,33.0,5,0.0,2,1.0,1.0,113428.28,0
18950,15598839,Ts'ui,660,France,Female,27.0,3,121765.37,1,1.0,1.0,162523.66,0
18951,15644849,Zikoranachidimma,735,France,Male,32.0,2,0.0,2,1.0,1.0,71047.51,0
18952,15762955,Nott,686,Germany,Male,29.0,8,126526.18,3,1.0,0.0,161457.88,1
18953,15708289,Graham,793,Spain,Male,51.0,2,100913.57,1,0.0,0.0,10579.72,1
18954,15691808,Brown,745,France,Female,34.0,4,0.0,2,1.0,0.0,94498.82,0
18955,15807595,Aitken,676,France,Male,43.0,1,0.0,2,1.0,1.0,78941.59,0
18956,15681026,Lucciano,795,France,Female,33.0,9,104552.72,2,1.0,0.0,120853.83,1
18957,15631693,Hill,697,France,Male,36.0,7,0.0,1,0.0,1.0,74760.32,0
18958,15670823,Hsueh,641,Germany,Female,42.0,1,116646.76,1,1.0,0.0,44731.8,1
18959,15665584,Ugochukwu,595,France,Male,24.0,9,0.0,1,1.0,1.0,125822.19,0
18960,15592451,Lombardi,567,France,Female,26.0,5,0.0,2,1.0,0.0,63736.17,0
18961,15809654,Hs?,607,France,Male,46.0,7,0.0,2,1.0,1.0,146011.55,0
18962,15697460,Lahti,725,Spain,Male,33.0,8,0.0,2,1.0,1.0,74945.11,0
18963,15714046,Nnaemeka,676,France,Male,36.0,6,167772.05,1,1.0,1.0,163547.02,1
18964,15738835,Slater,850,Spain,Male,32.0,1,101985.81,2,1.0,0.0,43801.27,0
18965,15791246,Pagnotto,685,France,Male,30.0,2,0.0,2,0.0,1.0,133573.31,0
18966,15773456,Lazarev,678,France,Female,36.0,3,145747.67,1,1.0,1.0,89566.64,0
18967,15583850,Davidson,672,Germany,Male,68.0,0,126061.51,1,1.0,1.0,184936.77,0
18968,15769829,Cheng,534,Spain,Male,47.0,3,0.0,2,1.0,0.0,20856.31,1
18969,15629299,Chinedum,704,Germany,Male,45.0,9,106937.06,1,1.0,0.0,163544.48,1
18970,15602551,Molineux,516,Germany,Male,22.0,3,102723.35,1,0.0,1.0,175894.24,1
18971,15793070,Sung,608,Spain,Female,35.0,2,139529.93,2,1.0,1.0,54359.02,0
18972,15619083,Martin,697,Germany,Female,43.0,9,115915.32,2,1.0,1.0,4777.87,1
18973,15711181,Nwankwo,731,Germany,Female,38.0,10,151513.9,1,1.0,1.0,193008.31,0
18974,15766017,Hsing,730,France,Male,30.0,9,102025.84,1,1.0,1.0,93713.93,0
18975,15696028,Tuan,699,France,Female,44.0,3,0.0,1,1.0,0.0,181605.85,1
18976,15700946,Chukwujekwu,710,France,Male,59.0,8,0.0,1,1.0,1.0,1235.24,1
18977,15573769,Tsao,591,France,Male,37.0,0,0.0,1,0.0,1.0,126475.79,0
18978,15696834,Ubanwa,657,France,Male,56.0,6,0.0,1,1.0,0.0,135077.01,1
18979,15631681,P'eng,678,France,Male,31.0,7,111093.01,1,1.0,0.0,142963.27,1
18980,15687913,Mai,501,France,Female,44.0,9,0.0,2,0.0,1.0,199805.63,0
18981,15566689,Ojiofor,649,France,Female,37.0,6,124043.8,2,1.0,1.0,26179.41,0
18982,15800515,Singh,516,France,Female,35.0,9,128653.59,1,1.0,0.0,127558.26,0
18983,15679029,Tuan,753,France,Female,36.0,1,0.0,1,1.0,0.0,176692.58,1
18984,15697307,Nnachetam,588,Spain,Male,34.0,10,0.0,3,0.0,0.0,79078.91,1
18985,15680611,Butler,729,France,Female,42.0,7,0.0,2,1.0,1.0,122518.5,0
18986,15813095,Nwebube,697,France,Male,37.0,0,0.0,2,1.0,0.0,33877.29,0
18987,15739131,Skelton,781,Spain,Female,50.0,9,0.0,2,1.0,0.0,187985.12,1
18988,15746012,Eluemuno,730,France,Male,43.0,2,0.0,2,1.0,0.0,73561.79,0
18989,15766355,McIver,756,Spain,Male,26.0,3,0.0,2,1.0,0.0,72330.46,0
18990,15667932,DeRose,556,Germany,Female,41.0,5,132906.88,1,1.0,0.0,173486.39,1
18991,15762762,Onyemauchechi,604,Spain,Male,42.0,2,0.0,2,0.0,0.0,44420.18,0
18992,15603665,Colombo,638,Germany,Female,39.0,1,122501.28,2,1.0,1.0,95007.8,0
18993,15649738,Smith,745,Spain,Male,33.0,4,168082.81,2,0.0,0.0,27330.36,0
18994,15644851,Calabresi,591,France,Male,27.0,5,0.0,2,1.0,1.0,120105.65,0
18995,15740072,Chuang,639,Spain,Male,33.0,9,119714.25,1,1.0,0.0,50899.91,0
18996,15711468,Tennant,663,France,Female,32.0,2,0.0,2,0.0,0.0,440.2,0
18997,15782630,Aksenov,716,Spain,Female,39.0,3,0.0,2,1.0,0.0,100998.86,0
18998,15724334,Hsueh,591,Germany,Male,46.0,6,148074.79,1,1.0,0.0,172450.04,1
18999,15693732,Kilgour,775,France,Female,23.0,9,0.0,2,1.0,0.0,67622.34,0
19000,15793311,O'Donnell,652,Germany,Male,44.0,3,107959.39,2,1.0,1.0,25650.04,0
19001,15792926,Chikelu,674,France,Male,32.0,10,126645.13,1,1.0,0.0,164038.07,0
19002,15727350,Zuev,774,France,Male,22.0,0,0.0,2,1.0,0.0,141069.44,0
19003,15603465,Ewers,775,Spain,Female,36.0,8,164902.42,1,1.0,1.0,142566.43,0
19004,15603582,Johnstone,775,France,Male,33.0,1,0.0,2,1.0,0.0,100183.05,0
19005,15570073,Onio,616,France,Male,37.0,8,0.0,2,0.0,0.0,162643.15,0
19006,15652266,Ugorji,488,Germany,Male,39.0,7,152092.43,3,1.0,1.0,56908.41,1
19007,15684908,Onwuemelie,543,France,Female,67.0,3,0.0,2,1.0,1.0,35600.25,0
19008,15691703,Shih,545,France,Male,40.0,8,105792.49,1,0.0,1.0,67830.2,0
19009,15749482,Chukwuemeka,762,France,Male,35.0,5,151762.86,2,1.0,1.0,115141.12,0
19010,15661201,Chidumaga,822,Germany,Female,36.0,0,108883.1,1,1.0,0.0,70954.0,1
19011,15782336,Chiu,681,Germany,Female,32.0,1,109339.77,2,1.0,1.0,95562.84,0
19012,15786069,Sagese,670,Germany,Female,38.0,8,86948.9,1,1.0,0.0,176778.05,1
19013,15665760,T'ang,698,France,Female,27.0,7,0.0,2,1.0,0.0,53289.49,0
19014,15780650,Gebhart,619,France,Male,41.0,6,0.0,2,1.0,0.0,122949.71,0
19015,15679048,Koger,558,Germany,Male,41.0,2,111589.67,1,1.0,0.0,150037.19,1
19016,15628523,Chien,539,France,Female,24.0,3,0.0,2,0.0,0.0,198161.07,0
19017,15651553,Okwudilichukwu,632,France,Male,38.0,1,0.0,2,0.0,1.0,101905.37,0
19018,15742210,Tuan,732,Germany,Female,52.0,4,84435.57,2,0.0,0.0,100919.41,0
19019,15605264,Walker,729,France,Male,30.0,5,157832.82,1,1.0,0.0,53420.96,0
19020,15798470,Wood,725,Germany,Male,57.0,3,103391.38,3,0.0,0.0,86622.56,1
19021,15806945,Clements,707,France,Male,29.0,8,0.0,2,1.0,0.0,113666.48,0
19022,15598157,T'ang,659,Germany,Female,44.0,9,92833.89,1,1.0,0.0,94912.78,1
19023,15748068,Okorie,850,France,Female,41.0,1,0.0,2,1.0,1.0,106826.92,0
19024,15651958,Cattaneo,741,Spain,Male,39.0,7,161209.17,2,0.0,1.0,105599.97,0
19025,15708714,Li,628,France,Female,61.0,2,81684.97,1,0.0,1.0,93713.52,1
19026,15568819,Chikezie,711,Germany,Female,41.0,2,132796.04,2,1.0,1.0,191821.35,0
19027,15772423,Corser,625,France,Male,50.0,6,155413.06,1,1.0,0.0,184936.77,1
19028,15667871,Manna,685,Germany,Male,40.0,2,108735.38,2,1.0,1.0,78941.59,0
19029,15731413,Hs?,663,Spain,Female,21.0,6,102785.16,2,1.0,1.0,121551.75,0
19030,15742638,Trevisani,438,Germany,Male,27.0,4,120596.93,3,0.0,0.0,107876.2,1
19031,15638487,Chien,559,Spain,Male,20.0,5,145809.73,1,1.0,1.0,185210.74,0
19032,15663987,Odinakachukwu,799,Germany,Male,41.0,9,88302.65,1,1.0,0.0,178373.93,0
19033,15593956,Ch'in,586,France,Male,34.0,3,0.0,2,0.0,1.0,19842.33,0
19034,15623489,Hsia,707,France,Female,31.0,0,0.0,2,1.0,1.0,172601.62,0
19035,15656096,Ts'ui,691,France,Male,37.0,3,132876.54,1,1.0,0.0,26186.88,0
19036,15808674,Tien,794,France,Male,36.0,2,0.0,2,1.0,1.0,115916.18,0
19037,15766205,Ni,569,France,Female,43.0,3,133365.78,1,0.0,0.0,149471.09,1
19038,15684512,Padovano,708,France,Female,29.0,3,0.0,2,1.0,0.0,130664.79,0
19039,15696564,Brown,687,France,Female,35.0,9,93816.56,1,1.0,1.0,60920.56,0
19040,15575409,Hsueh,794,France,Male,38.0,7,0.0,2,1.0,0.0,184564.67,0
19041,15787051,Hao,611,Germany,Female,36.0,1,126619.27,1,1.0,0.0,71178.09,1
19042,15781342,K'ung,727,France,Male,29.0,5,0.0,2,1.0,1.0,134441.6,0
19043,15772030,Lettiere,663,Spain,Male,39.0,2,124732.78,2,1.0,0.0,59653.59,0
19044,15663817,Y?an,682,France,Male,46.0,2,0.0,2,1.0,1.0,55701.62,0
19045,15702968,Hsiung,756,France,Female,45.0,4,76319.64,1,1.0,0.0,138350.74,0
19046,15789432,Mazzanti,616,France,Male,33.0,6,0.0,2,1.0,0.0,184954.11,0
19047,15604119,Johnstone,588,Germany,Male,58.0,0,152296.83,1,0.0,1.0,181490.42,0
19048,15807568,Lo Duca,575,France,Male,40.0,4,0.0,2,1.0,1.0,129964.6,0
19049,15589401,Osinachi,437,France,Female,26.0,1,120923.52,1,1.0,0.0,73334.43,0
19050,15634606,Walker,684,France,Female,42.0,3,0.0,2,1.0,1.0,120853.83,0
19051,15656096,Mironova,598,France,Male,32.0,4,0.0,2,1.0,0.0,161845.81,0
19052,15570145,T'ien,593,Spain,Male,39.0,3,0.0,2,0.0,1.0,109057.86,0
19053,15630579,Austin,637,Germany,Male,40.0,7,122265.24,1,1.0,1.0,138552.74,0
19054,15622631,H?,588,France,Male,44.0,8,154409.74,1,1.0,0.0,49324.03,0
19055,15591150,Nwebube,630,Spain,Male,37.0,10,0.0,2,1.0,1.0,183387.12,0
19056,15624995,Chukwumaobim,644,Spain,Female,41.0,5,124182.23,1,1.0,0.0,181718.73,0
19057,15776596,Napolitani,728,France,Female,39.0,3,0.0,1,1.0,1.0,42050.24,1
19058,15777217,Rene,479,France,Male,41.0,8,118448.34,1,1.0,1.0,123870.24,0
19059,15772531,Hs?eh,602,France,Male,43.0,6,0.0,2,0.0,1.0,131712.52,0
19060,15684865,Kaleski,745,Spain,Male,34.0,7,0.0,2,1.0,0.0,90977.48,0
19061,15742228,Yegorova,730,Germany,Male,38.0,4,110150.08,2,0.0,0.0,118948.96,0
19062,15630641,O'Donnell,567,Spain,Male,44.0,2,0.0,2,1.0,0.0,52861.89,0
19063,15674573,Chuang,594,Germany,Female,30.0,2,139835.94,2,1.0,0.0,166694.93,0
19064,15675650,Scott,695,France,Male,42.0,6,88120.97,1,1.0,0.0,11796.89,0
19065,15790810,Nnamutaezinwa,508,France,Female,35.0,1,0.0,2,1.0,1.0,147090.9,0
19066,15624592,Tan,603,France,Female,31.0,8,0.0,2,1.0,1.0,169915.02,0
19067,15730657,Palerma,631,Germany,Male,47.0,5,102934.68,1,1.0,0.0,28280.8,1
19068,15780022,Hsiung,699,France,Male,37.0,1,0.0,3,1.0,0.0,28228.25,1
19069,15628767,T'ien,638,France,Male,25.0,8,0.0,2,1.0,1.0,143298.06,0
19070,15776047,Ting,581,Germany,Female,49.0,4,102251.14,1,0.0,0.0,191070.01,1
19071,15775102,Onyemauchechukwu,516,Germany,Male,30.0,1,107772.96,2,1.0,1.0,166476.29,0
19072,15602834,Ejimofor,639,France,Female,24.0,1,0.0,1,1.0,0.0,78670.23,1
19073,15758039,Ash,614,France,Male,35.0,6,0.0,2,0.0,1.0,104930.46,0
19074,15739357,Wang,678,France,Female,38.0,8,0.0,2,1.0,0.0,38410.77,0
19075,15594812,Hao,616,France,Male,37.0,1,0.0,2,1.0,1.0,162501.65,0
19076,15728693,Yermolayev,516,Spain,Female,53.0,5,0.0,1,1.0,0.0,85412.64,1
19077,15653770,Hsia,718,France,Male,29.0,6,0.0,2,1.0,1.0,167553.06,0
19078,15750141,H?,584,France,Female,35.0,6,0.0,1,1.0,0.0,64872.42,0
19079,15700656,Y?an,619,France,Male,39.0,10,0.0,2,0.0,1.0,91346.03,0
19080,15572294,Nnabuife,663,Spain,Male,35.0,5,0.0,2,1.0,0.0,170819.01,0
19081,15763055,Tisdall,655,Germany,Female,35.0,5,144852.21,1,1.0,1.0,158323.31,0
19082,15742868,Hsia,619,France,Male,46.0,5,0.0,2,1.0,1.0,134980.58,0
19083,15584930,Grimmett,734,Germany,Male,30.0,5,111375.32,2,1.0,0.0,2704.09,0
19084,15768201,Paterson,679,Germany,Female,47.0,7,110368.03,1,1.0,0.0,11384.45,1
19085,15695499,Kao,554,France,Female,34.0,7,0.0,1,0.0,1.0,66548.58,0
19086,15573741,T'ien,628,Spain,Male,30.0,3,0.0,2,0.0,1.0,94815.04,0
19087,15585892,Onyemere,685,France,Female,37.0,6,0.0,2,1.0,0.0,88890.05,0
19088,15723169,Fiorentino,850,Germany,Female,71.0,5,171283.91,2,0.0,1.0,136902.01,0
19089,15641670,Kao,691,France,Male,35.0,1,0.0,2,1.0,1.0,114548.64,0
19090,15620751,T'ao,683,France,Male,31.0,0,121263.62,1,1.0,0.0,134822.05,0
19091,15695872,Fiorentini,712,France,Male,30.0,3,89571.59,1,1.0,1.0,177613.19,0
19092,15756625,Brady,761,Spain,Male,34.0,3,116099.82,1,1.0,0.0,146663.43,0
19093,15804072,Castiglione,673,Spain,Male,54.0,3,135213.71,2,1.0,1.0,119924.8,0
19094,15685340,Koo,850,France,Male,21.0,7,0.0,2,0.0,1.0,167023.84,0
19095,15774491,Debellis,675,France,Female,20.0,5,0.0,2,1.0,1.0,171840.24,0
19096,15756850,Brown,526,France,Male,28.0,0,0.0,2,1.0,0.0,124486.28,0
19097,15729763,Nelson,841,Spain,Male,34.0,5,70729.17,1,0.0,1.0,30579.82,0
19098,15783025,Ch'ang,712,France,Female,30.0,6,112615.86,1,1.0,1.0,64516.8,0
19099,15783865,Kulikova,622,France,Male,59.0,5,119380.37,1,1.0,0.0,60429.43,0
19100,15782735,Fan,543,France,Male,35.0,8,0.0,2,1.0,0.0,62389.35,0
19101,15632882,Hargreaves,468,Spain,Male,48.0,4,0.0,2,1.0,0.0,119808.64,0
19102,15651823,Chin,735,Germany,Female,31.0,2,116197.25,2,1.0,0.0,56562.96,0
19103,15723481,Wright,728,Spain,Male,36.0,2,0.0,2,1.0,1.0,41823.22,0
19104,15697045,Nucci,637,France,Female,37.0,1,121818.26,1,1.0,1.0,28667.77,0
19105,15719276,K'ung,588,France,Female,40.0,1,87739.08,3,1.0,0.0,143882.25,1
19106,15694300,Fiorentino,725,France,Male,26.0,8,0.0,2,1.0,0.0,61825.25,0
19107,15636395,Milne,655,France,Male,38.0,8,0.0,2,1.0,0.0,124798.83,0
19108,15789919,Hsing,738,France,Female,34.0,2,0.0,2,1.0,0.0,120801.72,0
19109,15806467,Kao,569,Germany,Female,41.0,3,172325.67,1,0.0,0.0,103726.71,1
19110,15782390,Daluchi,489,France,Female,38.0,6,117289.92,1,1.0,0.0,85231.88,0
19111,15633474,Whitehead,578,France,Male,51.0,5,0.0,1,0.0,1.0,92406.22,0
19112,15645766,Kosisochukwu,607,Spain,Male,25.0,6,0.0,2,0.0,1.0,8227.91,0
19113,15732672,Clements,727,France,Female,35.0,1,0.0,1,1.0,1.0,138880.24,0
19114,15794468,Tsou,641,France,Female,25.0,5,0.0,1,1.0,1.0,121138.77,1
19115,15686860,Piazza,473,France,Male,28.0,8,91858.95,1,0.0,0.0,126561.89,0
19116,15652965,Shih,735,Spain,Male,50.0,3,0.0,2,1.0,0.0,112333.95,0
19117,15672945,Goliwe,694,Germany,Female,42.0,5,127397.34,1,0.0,0.0,91624.11,1
19118,15774401,Chambers,773,Spain,Male,51.0,4,0.0,2,0.0,0.0,123587.83,0
19119,15664543,Hs?,724,Germany,Male,28.0,7,102773.24,2,1.0,0.0,50679.62,0
19120,15623695,Ch'iu,657,Spain,Female,39.0,2,142765.24,1,1.0,0.0,69586.27,0
19121,15626900,Yeh,721,Germany,Male,40.0,2,82531.05,1,0.0,1.0,173793.53,0
19122,15775203,Grant,613,France,Male,40.0,9,0.0,2,1.0,1.0,126962.41,0
19123,15595733,Nwoye,762,France,Male,43.0,4,0.0,2,1.0,0.0,132861.9,0
19124,15592787,Chiazagomekpere,652,Germany,Male,35.0,3,122314.55,1,1.0,1.0,76515.44,0
19125,15606554,Douglas,797,France,Male,40.0,1,0.0,1,0.0,1.0,149991.32,0
19126,15752300,Pye,598,France,Male,47.0,2,0.0,2,1.0,1.0,171099.71,0
19127,15617454,Fisk,709,France,Male,32.0,7,84719.13,2,0.0,1.0,150401.53,0
19128,15777855,Manna,769,France,Male,45.0,6,0.0,2,0.0,0.0,75204.21,0
19129,15677739,T'an,593,Spain,Female,32.0,2,0.0,2,1.0,0.0,133516.71,0
19130,15660316,P'eng,757,France,Male,40.0,3,90144.53,1,1.0,0.0,119747.08,0
19131,15599090,McKelvey,564,France,Male,40.0,7,108407.34,2,1.0,1.0,83681.97,0
19132,15770039,Mazzanti,684,France,Male,39.0,5,0.0,2,1.0,0.0,120893.35,0
19133,15757559,H?,667,Spain,Female,25.0,8,0.0,2,1.0,0.0,187599.8,0
19134,15793856,Okagbue,850,Spain,Male,41.0,3,61688.61,2,0.0,0.0,69608.48,0
19135,15719479,Chiang,646,France,Female,38.0,2,0.0,2,1.0,0.0,15813.36,0
19136,15589544,T'ang,576,France,Male,33.0,5,138082.77,1,1.0,0.0,121886.66,0
19137,15615177,Ebelegbulam,744,Spain,Male,29.0,6,0.0,2,1.0,1.0,70548.96,0
19138,15758775,Nnachetam,704,France,Female,25.0,8,0.0,2,1.0,1.0,172668.39,0
19139,15807526,Udinese,662,Spain,Female,58.0,4,104769.41,2,1.0,1.0,143683.0,0
19140,15648479,Stephenson,655,France,Female,45.0,0,0.0,1,1.0,0.0,166830.71,0
19141,15617252,Lucciano,578,Spain,Male,43.0,0,147803.36,1,0.0,1.0,132468.97,0
19142,15679991,Liao,637,France,Male,50.0,1,0.0,2,1.0,1.0,5984.3,0
19143,15794056,Johnston,668,France,Male,46.0,5,99529.7,1,1.0,0.0,86920.97,0
19144,15610454,Moore,499,Germany,Female,33.0,0,147187.84,1,0.0,0.0,14868.94,0
19145,15598847,Obialo,682,France,Female,29.0,6,0.0,2,0.0,1.0,112687.48,0
19146,15710825,Ch'en,715,France,Male,41.0,4,0.0,2,0.0,1.0,43921.36,0
19147,15633274,Obialo,850,France,Male,46.0,3,0.0,2,1.0,1.0,141406.01,0
19148,15668854,Zetticci,702,France,Male,33.0,3,101247.06,1,1.0,0.0,179056.24,0
19149,15695819,Nkemjika,634,France,Male,34.0,9,0.0,2,1.0,1.0,167538.66,0
19150,15643908,Shih,681,France,Male,33.0,7,0.0,2,1.0,0.0,115676.61,0
19151,15751022,Bowhay,737,Germany,Male,37.0,6,121532.17,1,1.0,0.0,73464.88,0
19152,15669611,Ting,677,France,Male,31.0,4,0.0,2,1.0,0.0,75574.48,0
19153,15682563,K'ung,673,France,Female,43.0,2,0.0,2,1.0,1.0,143300.68,0
19154,15595592,Cook,710,France,Female,60.0,7,131769.04,1,0.0,0.0,184980.23,1
19155,15684512,Gibson,637,France,Female,72.0,1,0.0,1,0.0,1.0,114448.13,0
19156,15794560,Manna,731,Spain,Male,41.0,7,0.0,2,1.0,1.0,161449.25,0
19157,15690670,Tien,709,France,Female,35.0,5,0.0,1,1.0,0.0,40441.1,1
19158,15669491,Cruz,850,France,Female,46.0,2,157866.77,1,0.0,1.0,18986.12,0
19159,15701238,Goliwe,592,France,Male,28.0,9,163894.22,1,1.0,1.0,160162.42,0
19160,15584764,White,850,Spain,Male,35.0,6,0.0,2,0.0,1.0,161653.5,0
19161,15674932,Norman,670,Spain,Female,50.0,7,0.0,1,1.0,0.0,177528.92,1
19162,15697460,Yefremov,598,France,Male,28.0,8,0.0,1,1.0,0.0,115842.1,0
19163,15731463,Chukwuemeka,567,Germany,Female,33.0,5,81623.67,1,1.0,0.0,149913.82,1
19164,15711843,Pisani,697,France,Male,35.0,0,0.0,2,1.0,1.0,107961.11,0
19165,15654074,Milani,535,France,Female,29.0,6,0.0,2,1.0,0.0,142963.29,0
19166,15693526,Chibuzo,704,France,Female,40.0,7,123815.86,1,1.0,1.0,47952.45,0
19167,15751177,Aparicio,732,Spain,Female,50.0,5,0.0,2,1.0,1.0,193785.87,0
19168,15775293,Pirozzi,686,France,Female,37.0,4,0.0,2,1.0,0.0,76777.33,0
19169,15794278,Romani,816,France,Male,67.0,6,151858.98,1,1.0,1.0,72814.31,0
19170,15758856,Tuan,745,Spain,Male,28.0,4,0.0,2,1.0,0.0,88866.92,0
19171,15806822,Myers,739,France,Female,36.0,3,0.0,2,0.0,0.0,133465.57,0
19172,15703820,Onyemachukwu,652,Spain,Female,32.0,8,0.0,2,1.0,1.0,92889.41,0
19173,15614693,Macvitie,738,France,Male,27.0,7,0.0,2,1.0,1.0,130404.53,0
19174,15649487,Sal,578,Germany,Female,38.0,4,113150.44,1,0.0,1.0,176712.59,0
19175,15766172,Chizuoke,622,France,Female,30.0,9,142084.99,1,1.0,0.0,70927.88,0
19176,15656912,Nkemdilim,738,Spain,Male,38.0,5,0.0,2,1.0,1.0,86927.53,0
19177,15583955,Shih,738,France,Male,31.0,1,0.0,2,1.0,0.0,163615.56,0
19178,15624995,Nwachinemelu,684,Spain,Female,42.0,4,0.0,1,1.0,0.0,161457.82,0
19179,15693902,Hsiung,648,Spain,Male,29.0,0,0.0,1,1.0,0.0,137898.57,0
19180,15732943,Cremonesi,731,France,Male,19.0,2,0.0,2,1.0,0.0,151581.79,0
19181,15662955,Lo,493,Spain,Female,24.0,3,80770.16,2,0.0,1.0,88146.95,0
19182,15573319,Lu,535,Spain,Male,32.0,7,0.0,2,0.0,1.0,108008.05,0
19183,15808526,De Bernales,696,France,Female,30.0,3,115141.5,1,0.0,1.0,72449.37,0
19184,15733447,Aksyonova,744,Spain,Female,29.0,4,0.0,2,1.0,1.0,141038.22,0
19185,15689031,Yobanna,504,Germany,Male,40.0,0,89750.21,1,0.0,1.0,181204.5,0
19186,15632280,T'ang,749,Spain,Male,62.0,6,0.0,1,1.0,0.0,128268.39,1
19187,15798960,Hs?,564,Germany,Male,48.0,8,121355.99,1,0.0,0.0,181294.39,1
19188,15751032,Shih,686,France,Female,44.0,7,0.0,2,1.0,0.0,81890.81,1
19189,15571065,Chiu,633,France,Female,31.0,9,127785.17,1,1.0,0.0,168034.9,0
19190,15650068,K?,709,Spain,Female,33.0,8,0.0,2,1.0,0.0,88866.82,0
19191,15696539,Trevisano,716,France,Male,32.0,7,0.0,2,1.0,1.0,151738.97,0
19192,15777616,Hsueh,685,France,Male,39.0,9,0.0,1,1.0,1.0,176570.29,0
19193,15776947,Cattaneo,575,Germany,Female,36.0,8,112668.96,2,0.0,0.0,100538.8,0
19194,15765283,Hickey,665,Spain,Male,27.0,1,0.0,1,0.0,0.0,67789.99,1
19195,15644788,Bibi,773,France,Female,34.0,7,0.0,2,0.0,0.0,47318.75,0
19196,15577970,Clements,549,Germany,Male,35.0,3,122338.21,2,1.0,0.0,147090.9,0
19197,15778526,H?,756,France,Male,41.0,4,0.0,2,1.0,1.0,148528.24,1
19198,15686870,Nwachukwu,703,Spain,Male,39.0,8,0.0,1,1.0,0.0,161848.02,1
19199,15659486,Yudina,586,France,Female,34.0,9,74309.81,1,1.0,1.0,15034.93,0
19200,15685096,Trevisani,753,France,Male,50.0,4,0.0,3,0.0,1.0,861.4,1
19201,15611024,Iadanza,597,Spain,Female,48.0,3,0.0,1,0.0,1.0,19131.71,1
19202,15739997,Okoli,769,France,Female,35.0,9,0.0,2,0.0,1.0,95148.28,0
19203,15806467,Mazzi,721,Germany,Male,34.0,1,139561.96,1,1.0,0.0,117060.2,0
19204,15629008,Chukwudi,639,Germany,Male,36.0,5,102530.27,1,1.0,0.0,167087.07,1
19205,15775891,Kao,807,France,Female,52.0,5,0.0,2,1.0,1.0,1099.67,0
19206,15679983,Chukwufumnanya,634,France,Male,37.0,3,107780.93,2,0.0,1.0,86516.39,0
19207,15688074,Y?,632,France,Male,31.0,8,0.0,2,1.0,1.0,117038.96,0
19208,15683471,Bitter,593,Germany,Female,38.0,2,80925.84,2,1.0,0.0,121409.09,1
19209,15814772,Chikelu,599,Germany,Female,26.0,7,113599.42,2,1.0,0.0,124071.71,0
19210,15683522,K?,616,France,Male,32.0,10,123949.84,1,1.0,0.0,151647.82,0
19211,15806570,Y?an,551,France,Male,46.0,5,0.0,1,1.0,0.0,77203.72,0
19212,15677249,Lu,599,France,Male,37.0,8,0.0,2,1.0,1.0,177844.06,0
19213,15699446,Manfrin,653,Germany,Female,31.0,5,128270.56,2,1.0,1.0,139356.3,0
19214,15772337,Lawrence,723,France,Male,49.0,0,0.0,2,1.0,1.0,180862.26,0
19215,15653859,Onyeorulu,730,France,Male,40.0,1,0.0,2,1.0,1.0,103737.82,0
19216,15801296,Chiang,850,Germany,Female,31.0,3,118724.81,2,1.0,1.0,88820.09,0
19217,15745624,McKenzie,629,France,Male,38.0,4,0.0,2,1.0,0.0,94845.45,0
19218,15684319,Chukwueloka,651,Germany,Male,35.0,7,104339.11,1,1.0,1.0,72993.67,0
19219,15694644,Chukwujamuike,695,Germany,Female,47.0,3,121513.31,1,1.0,0.0,47468.56,1
19220,15669281,Ch'iu,678,Spain,Male,38.0,3,128718.78,1,0.0,0.0,114793.45,0
19221,15708513,Hsueh,635,Spain,Male,35.0,8,0.0,2,1.0,1.0,169964.1,0
19222,15782630,Genovese,639,France,Male,38.0,2,0.0,1,0.0,0.0,49826.68,0
19223,15778955,Teng,637,France,Female,48.0,7,0.0,2,1.0,1.0,146573.66,0
19224,15585036,Ebelegbulam,683,Spain,Male,27.0,8,0.0,2,1.0,1.0,162960.05,0
19225,15782758,Teng,530,France,Male,33.0,6,0.0,2,1.0,1.0,102640.43,0
19226,15781777,Onwughara,662,France,Male,36.0,5,0.0,2,1.0,1.0,73564.44,0
19227,15624592,Tan,632,France,Male,31.0,3,0.0,2,1.0,1.0,169915.02,0
19228,15647974,Binder,758,France,Female,38.0,8,0.0,2,1.0,0.0,93769.89,0
19229,15754820,O'Connor,850,France,Male,27.0,8,99528.7,1,0.0,1.0,86546.56,0
19230,15583683,Pagnotto,634,France,Female,58.0,4,117469.71,1,1.0,1.0,171070.69,0
19231,15610271,Pirozzi,597,France,Male,31.0,9,103219.47,1,1.0,0.0,60420.07,0
19232,15583730,Yevdokimova,659,France,Female,42.0,4,121326.42,1,1.0,0.0,177524.19,1
19233,15747297,Ejimofor,697,France,Female,55.0,1,0.0,1,1.0,1.0,125870.85,1
19234,15773852,Hayes,632,Spain,Male,38.0,5,0.0,2,1.0,0.0,119381.41,1
19235,15650068,Johnson,511,France,Female,25.0,3,149117.31,1,1.0,1.0,162599.51,0
19236,15729362,H?,624,France,Female,31.0,1,0.0,2,1.0,0.0,50213.81,0
19237,15734177,Genovese,711,Germany,Male,39.0,9,96863.13,1,1.0,1.0,199105.88,0
19238,15569452,Miller,579,Germany,Female,39.0,10,116353.2,2,1.0,0.0,193502.9,1
19239,15595937,Fancher,443,France,Male,31.0,9,0.0,1,1.0,1.0,87816.86,1
19240,15628893,McNeil,559,Germany,Male,31.0,0,136910.64,1,0.0,0.0,124597.59,0
19241,15589435,Shih,637,Spain,Male,37.0,6,133801.56,1,1.0,1.0,142670.63,0
19242,15693199,Shao,739,France,Female,36.0,8,0.0,2,1.0,0.0,191557.1,1
19243,15587611,Ch'ang,680,Germany,Male,36.0,9,123177.01,2,1.0,1.0,175071.29,0
19244,15659175,Chiazagomekpere,632,Germany,Male,35.0,5,98993.55,2,1.0,0.0,126763.94,0
19245,15806918,Watson,673,France,Male,35.0,1,137494.28,1,0.0,1.0,72678.75,0
19246,15578799,Chukwudi,706,France,Female,29.0,9,140197.18,1,1.0,1.0,171045.31,0
19247,15628292,Baresi,604,Spain,Female,31.0,1,0.0,2,1.0,1.0,62389.12,0
19248,15745324,Chukwudi,627,Germany,Female,49.0,7,123070.97,1,1.0,0.0,86678.51,1
19249,15696564,Nweke,652,Spain,Female,30.0,9,165969.26,1,0.0,1.0,175843.68,0
19250,15762821,Macartney,572,Spain,Female,27.0,3,0.0,2,0.0,1.0,59209.04,0
19251,15589329,Pirozzi,775,France,Male,34.0,2,0.0,2,1.0,0.0,49337.84,0
19252,15723216,Bischof,507,France,Female,32.0,8,0.0,2,1.0,0.0,141400.51,0
19253,15806901,Ts'ao,685,France,Male,43.0,7,131834.8,1,0.0,1.0,120790.02,0
19254,15703106,Tien,624,France,Female,35.0,3,0.0,1,1.0,1.0,86764.46,0
19255,15570004,Tsou,678,France,Male,31.0,3,0.0,2,1.0,0.0,121866.87,1
19256,15711921,Tien,733,France,Male,55.0,4,108131.74,1,1.0,1.0,1713.1,1
19257,15711446,Nwankwo,561,Spain,Male,54.0,4,0.0,1,1.0,0.0,52449.52,0
19258,15749381,Onwumelu,531,Germany,Female,33.0,5,121151.05,2,0.0,0.0,182765.9,0
19259,15789582,Macleod,587,France,Female,55.0,9,0.0,1,1.0,1.0,64593.07,0
19260,15677064,T'ang,592,Germany,Female,41.0,9,102773.16,2,1.0,1.0,171770.23,0
19261,15625944,Genovesi,850,Germany,Male,38.0,9,138847.9,2,1.0,0.0,120511.03,0
19262,15677908,Gilbert,552,Spain,Male,42.0,3,0.0,2,0.0,0.0,195692.3,1
19263,15744789,Palerma,577,Spain,Male,31.0,1,0.0,1,0.0,1.0,16500.66,0
19264,15660866,Chimaobim,640,France,Female,29.0,3,0.0,2,0.0,0.0,2743.69,0
19265,15583580,Ts'ao,705,Spain,Female,34.0,3,0.0,2,1.0,1.0,179964.55,0
19266,15641794,Yobachukwu,750,France,Male,31.0,8,164951.56,1,1.0,1.0,168895.03,0
19267,15662488,Chuang,850,Germany,Male,39.0,8,127723.25,2,0.0,0.0,122960.98,0
19268,15579914,Chinweike,589,France,Male,41.0,6,93578.2,1,1.0,1.0,147545.65,0
19269,15691387,Bellucci,622,Spain,Female,29.0,8,142644.64,1,1.0,0.0,142208.5,0
19270,15723229,Hsueh,651,France,Female,49.0,1,0.0,2,1.0,1.0,72757.33,0
19271,15600813,Nwachukwu,644,France,Female,36.0,3,0.0,1,0.0,1.0,170634.27,0
19272,15743016,Ndubueze,535,France,Female,32.0,1,0.0,1,1.0,1.0,184524.74,0
19273,15793477,Nkemdilim,701,France,Male,26.0,8,131402.21,1,0.0,0.0,48869.31,0
19274,15668775,Pendred,679,France,Male,47.0,3,0.0,2,1.0,0.0,143829.54,0
19275,15605855,Cattaneo,590,Germany,Female,39.0,4,123187.21,1,1.0,0.0,45418.25,0
19276,15641860,Chiu,757,France,Female,72.0,2,0.0,2,1.0,1.0,49722.34,0
19277,15681220,John,723,Spain,Female,57.0,8,0.0,2,0.0,0.0,100365.51,0
19278,15726186,Chimaobim,578,Germany,Male,39.0,2,147602.25,2,1.0,0.0,92647.94,0
19279,15720713,Chibueze,850,France,Female,29.0,10,0.0,3,1.0,1.0,199775.67,1
19280,15641732,Krylov,511,France,Female,32.0,7,122451.46,2,1.0,1.0,73151.25,0
19281,15677522,Rossi,593,France,Male,33.0,1,0.0,1,0.0,0.0,9984.4,1
19282,15605425,Maclean,632,France,Male,42.0,7,0.0,2,1.0,1.0,115818.52,0
19283,15656522,Pirozzi,542,Germany,Male,26.0,8,121453.63,1,1.0,0.0,75732.25,1
19284,15694395,Shih,778,Germany,Female,37.0,1,107985.68,2,1.0,0.0,55324.08,0
19285,15716781,Onyemachukwu,773,France,Male,26.0,5,0.0,2,1.0,0.0,187985.85,0
19286,15667588,Mancini,695,Spain,Male,45.0,4,155413.06,1,1.0,0.0,187921.3,0
19287,15627162,Blesing,623,Germany,Male,27.0,6,125552.96,1,1.0,1.0,105291.26,0
19288,15594902,Achebe,652,Spain,Male,58.0,6,58137.08,1,0.0,0.0,170025.43,0
19289,15773934,Fang,707,Spain,Male,37.0,3,0.0,2,1.0,1.0,3268.17,0
19290,15766552,Kaur,572,France,Male,35.0,5,0.0,2,1.0,1.0,124964.82,0
19291,15717167,Lettiere,712,France,Female,39.0,4,0.0,2,1.0,1.0,164731.02,0
19292,15641860,Bradley,764,France,Male,34.0,6,108760.27,2,1.0,0.0,166324.79,0
19293,15797900,Ting,706,Germany,Male,27.0,4,108555.07,2,1.0,1.0,71333.44,0
19294,15778320,Teng,757,France,Female,40.0,5,148495.64,2,1.0,0.0,158853.98,0
19295,15752846,Thompson,704,Spain,Female,32.0,7,0.0,2,0.0,1.0,67926.18,0
19296,15674531,K?,531,France,Female,31.0,10,141581.71,1,1.0,1.0,142366.15,0
19297,15647974,K?,683,France,Male,32.0,3,0.0,2,1.0,1.0,162697.93,0
19298,15743717,Ku,726,France,Female,33.0,5,0.0,2,1.0,0.0,143981.17,0
19299,15594812,Ch'ang,707,Germany,Male,48.0,4,128472.02,1,1.0,1.0,162968.97,0
19300,15658486,Gidney,581,Spain,Female,43.0,4,148021.12,1,1.0,0.0,166929.43,0
19301,15687738,Nwagugheuzo,718,France,Male,38.0,1,0.0,1,1.0,0.0,136620.64,0
19302,15706186,Hsiung,686,France,Male,37.0,6,66582.79,1,1.0,1.0,170634.32,0
19303,15718289,Hsing,651,Germany,Female,30.0,7,118627.59,1,1.0,1.0,120906.87,0
19304,15660155,Onyeorulu,609,Spain,Male,35.0,6,0.0,2,1.0,1.0,4896.11,0
19305,15580988,Odell,786,France,Female,32.0,9,0.0,1,0.0,0.0,123437.05,1
19306,15779973,Nkemakolam,648,France,Female,36.0,5,0.0,2,1.0,0.0,118469.85,1
19307,15791958,Maclean,754,France,Male,33.0,3,0.0,2,1.0,0.0,135851.3,0
19308,15631872,Hsiao,638,Germany,Female,47.0,2,106070.89,2,1.0,1.0,182960.46,1
19309,15750769,Obidimkpa,709,Spain,Male,36.0,5,0.0,2,1.0,0.0,125671.29,0
19310,15665958,Pisano,684,France,Female,38.0,9,0.0,2,1.0,0.0,67789.25,0
19311,15708422,Li,677,Spain,Female,35.0,1,0.0,2,0.0,0.0,76637.38,0
19312,15776051,Kao,551,France,Female,45.0,2,0.0,1,1.0,1.0,51143.43,0
19313,15714241,Hsueh,585,Spain,Female,34.0,5,0.0,2,1.0,1.0,87363.56,0
19314,15686780,Amadi,569,Spain,Female,37.0,7,0.0,2,0.0,1.0,150093.32,0
19315,15594037,T'ien,687,France,Female,43.0,7,0.0,1,1.0,0.0,121311.12,1
19316,15696900,Tuan,641,France,Male,57.0,7,0.0,2,1.0,1.0,95562.82,0
19317,15583764,Shih,669,Germany,Female,44.0,7,115137.26,1,0.0,1.0,44965.44,0
19318,15682048,Nwokezuike,572,France,Male,28.0,9,0.0,2,1.0,1.0,105780.18,0
19319,15737542,Davey,611,Germany,Female,36.0,10,103294.56,2,1.0,1.0,160548.12,0
19320,15664523,Colombo,696,Germany,Female,43.0,8,122021.92,3,1.0,0.0,33828.64,1
19321,15773876,Belov,655,Spain,Female,38.0,5,0.0,2,1.0,1.0,1271.51,0
19322,15686461,H?,721,France,Female,38.0,1,0.0,2,1.0,1.0,187616.16,0
19323,15776844,Hao,627,Spain,Male,30.0,6,0.0,2,1.0,0.0,55500.17,0
19324,15637235,T'ao,516,Spain,Male,38.0,7,0.0,1,1.0,1.0,119374.74,0
19325,15646563,Wright,756,Spain,Female,48.0,9,0.0,1,1.0,1.0,25448.31,0
19326,15753065,Shao,678,France,Male,40.0,2,0.0,3,1.0,1.0,67848.89,1
19327,15761141,Horsfall,584,France,Male,36.0,8,0.0,1,1.0,1.0,163550.58,0
19328,15790689,Kaeppel,633,Spain,Male,37.0,4,145933.27,2,0.0,1.0,166492.65,0
19329,15746338,Onyekachukwu,565,France,Female,40.0,2,0.0,2,0.0,1.0,129956.13,0
19330,15712596,Y?an,691,France,Female,31.0,8,150219.41,1,1.0,0.0,62933.03,0
19331,15601797,Chidiegwu,553,Spain,Male,31.0,2,101713.84,1,1.0,1.0,52320.05,0
19332,15591811,Fanucci,681,France,Male,36.0,8,109013.83,1,1.0,0.0,60906.55,0
19333,15751333,Atkinson,695,Spain,Male,32.0,1,0.0,2,1.0,1.0,167749.54,0
19334,15793949,Ts'ai,552,France,Male,40.0,9,131414.76,1,1.0,0.0,57862.88,0
19335,15738497,Hsu,608,France,Female,55.0,3,164701.68,2,0.0,0.0,151871.84,1
19336,15653715,T'ien,616,Spain,Male,36.0,0,0.0,2,1.0,0.0,143681.85,0
19337,15693947,Naylor,683,France,Male,29.0,3,0.0,2,1.0,1.0,123885.88,0
19338,15724834,Wilson,559,France,Male,30.0,3,0.0,2,1.0,0.0,22762.23,0
19339,15595039,Manna,545,Germany,Male,37.0,8,114754.08,1,1.0,1.0,136050.44,0
19340,15627999,Kung,611,France,Male,49.0,4,88915.85,1,0.0,1.0,69697.74,0
19341,15627195,Scott,589,France,Male,32.0,8,0.0,2,1.0,1.0,61961.26,0
19342,15693771,Y?an,651,Spain,Female,45.0,8,95922.9,1,1.0,0.0,84782.42,0
19343,15729201,Harewood,617,France,Female,55.0,9,0.0,2,1.0,1.0,153356.8,0
19344,15736043,Y?,567,France,Female,36.0,9,0.0,2,1.0,0.0,174434.06,0
19345,15662976,Lettiere,530,Spain,Male,25.0,7,0.0,2,1.0,0.0,186062.36,0
19346,15574283,Padovano,665,France,Male,58.0,8,0.0,1,0.0,0.0,159830.58,1
19347,15754537,Nnamdi,635,France,Female,40.0,3,136660.89,1,1.0,0.0,170829.53,0
19348,15693525,Chiu,691,France,Female,40.0,9,0.0,2,1.0,0.0,25399.79,0
19349,15636069,Efremov,581,Spain,Male,39.0,0,0.0,2,1.0,1.0,146891.07,0
19350,15767893,Chiu,471,Germany,Female,45.0,5,159037.32,1,0.0,1.0,96615.23,1
19351,15576022,Nwachinemelu,565,Spain,Male,38.0,4,0.0,2,1.0,1.0,80630.32,0
19352,15718893,Ponomarev,632,Spain,Female,60.0,3,125456.07,1,1.0,0.0,98820.09,1
19353,15589715,Kaeppel,652,Spain,Male,34.0,2,0.0,2,1.0,1.0,83084.33,0
19354,15690130,Manna,583,France,Male,24.0,9,119812.52,1,1.0,0.0,80130.9,0
19355,15649060,Onyekaozulu,645,France,Female,30.0,8,0.0,2,1.0,1.0,59961.81,0
19356,15654495,Tien,711,Spain,Female,53.0,8,0.0,1,1.0,1.0,121508.29,1
19357,15577514,Mai,597,France,Female,23.0,2,0.0,2,1.0,0.0,70563.9,0
19358,15571928,Ts'ui,631,Spain,Male,29.0,8,0.0,2,1.0,0.0,125877.22,0
19359,15760090,Pisano,640,France,Male,29.0,7,0.0,2,1.0,1.0,131097.9,0
19360,15683053,Horsley,682,France,Male,69.0,6,0.0,2,0.0,1.0,55853.48,0
19361,15659031,Chidubem,687,Germany,Male,26.0,6,91716.64,1,1.0,0.0,166682.57,0
19362,15590820,Onyekachi,571,Spain,Male,49.0,1,0.0,2,1.0,1.0,122960.29,0
19363,15749472,Bellucci,652,France,Male,32.0,4,0.0,2,0.0,1.0,130376.68,0
19364,15777586,Pankhurst,668,France,Female,51.0,10,0.0,1,0.0,0.0,58469.37,1
19365,15574761,Maclean,753,France,Female,40.0,8,0.0,2,1.0,1.0,70532.56,0
19366,15806901,Nwankwo,639,France,Male,29.0,3,0.0,2,1.0,1.0,148780.53,0
19367,15640377,Krichauff,587,Germany,Male,39.0,8,125962.83,2,1.0,0.0,65963.43,0
19368,15713854,Mancini,642,Spain,Male,33.0,9,0.0,2,0.0,0.0,106912.35,0
19369,15588580,Ts'ui,693,France,Male,33.0,9,0.0,2,1.0,0.0,125558.21,0
19370,15682541,Salinas,625,France,Female,33.0,10,129845.26,1,1.0,0.0,96444.88,0
19371,15696588,Smith,521,France,Female,53.0,8,0.0,1,1.0,0.0,138882.98,1
19372,15681439,Marshall,705,Germany,Female,36.0,4,154206.07,1,1.0,1.0,160162.42,0
19373,15794413,Nnachetam,559,Spain,Male,52.0,5,0.0,1,1.0,1.0,171922.72,1
19374,15776986,Ndubueze,749,France,Male,51.0,2,102287.88,2,1.0,0.0,75870.14,1
19375,15793896,Okonkwo,677,France,Female,59.0,6,75150.34,1,1.0,1.0,83342.73,0
19376,15794874,Hs?,613,France,Male,37.0,5,141666.74,1,1.0,0.0,175094.74,0
19377,15632125,Lai,684,Spain,Male,42.0,5,0.0,1,0.0,1.0,101839.17,0
19378,15794401,Smith,738,Germany,Female,29.0,1,116320.45,1,1.0,0.0,181177.9,1
19379,15615254,Nkemjika,579,France,Female,28.0,3,143835.43,1,1.0,0.0,162599.51,0
19380,15699095,Chandler,603,France,Female,24.0,3,0.0,1,1.0,1.0,198826.03,0
19381,15624293,Trevisano,583,Spain,Female,36.0,7,0.0,2,1.0,1.0,89542.64,0
19382,15679968,Dale,669,France,Male,29.0,7,0.0,2,1.0,1.0,138145.62,0
19383,15723013,Eluemuno,727,France,Female,37.0,8,0.0,2,1.0,1.0,169863.8,0
19384,15771522,Chukwubuikem,850,France,Female,25.0,7,0.0,1,0.0,1.0,161802.29,0
19385,15585961,Chinedum,693,France,Male,35.0,4,122927.17,1,1.0,1.0,86937.0,0
19386,15766017,De Luca,641,Spain,Female,26.0,5,0.0,2,0.0,1.0,91943.94,0
19387,15751053,Onyekachukwu,673,France,Male,23.0,4,0.0,1,1.0,1.0,124488.18,0
19388,15755890,Fiorentini,632,Germany,Male,39.0,8,111362.77,1,1.0,0.0,145544.26,1
19389,15641004,Doyne,587,Spain,Female,39.0,3,0.0,2,0.0,0.0,67445.85,0
19390,15611371,Fetherstonhaugh,850,Germany,Female,44.0,9,111290.76,1,1.0,1.0,162763.15,0
19391,15758081,T'ien,573,France,Female,38.0,6,0.0,2,1.0,0.0,90878.15,0
19392,15615477,Ch'eng,639,Germany,Female,47.0,5,141806.0,2,1.0,0.0,103557.85,1
19393,15596523,Udegbulam,637,France,Male,36.0,4,0.0,2,1.0,1.0,64872.33,0
19394,15783629,Onyemere,663,France,Male,33.0,6,0.0,2,1.0,1.0,119817.16,0
19395,15573926,Onyemauchechukwu,717,France,Female,34.0,6,0.0,2,1.0,0.0,175743.92,0
19396,15598838,Trevisani,685,France,Female,37.0,7,0.0,2,1.0,0.0,120586.85,0
19397,15663885,L?,628,Spain,Male,40.0,6,0.0,2,1.0,0.0,42012.55,0
19398,15575391,Kudryashova,547,France,Male,32.0,7,0.0,1,1.0,1.0,89938.21,0
19399,15768072,Mitchell,758,Spain,Female,33.0,2,0.0,2,0.0,0.0,27557.18,0
19400,15654851,Obialo,748,France,Male,32.0,2,92911.52,1,0.0,0.0,85495.24,0
19401,15641359,Bellucci,659,France,Male,35.0,4,0.0,2,1.0,1.0,78436.36,0
19402,15672467,Piazza,669,France,Female,35.0,1,122947.88,1,0.0,1.0,94898.1,0
19403,15671608,Onyekachi,807,France,Male,25.0,1,0.0,2,0.0,1.0,153435.85,0
19404,15787026,Onwuatuegwu,627,Germany,Female,27.0,1,185267.45,2,1.0,1.0,77027.34,0
19405,15705352,Yang,686,Spain,Male,35.0,7,111484.88,1,1.0,1.0,76076.2,0
19406,15736397,Wang,658,France,Male,23.0,1,96471.2,1,0.0,1.0,35550.97,0
19407,15801125,Kegley,649,Spain,Male,32.0,4,0.0,1,1.0,1.0,106851.7,0
19408,15751493,Trevisano,735,France,Male,37.0,9,0.0,2,1.0,0.0,56585.2,0
19409,15633840,Henderson,724,France,Female,34.0,2,0.0,1,1.0,0.0,108301.45,0
19410,15589589,Uspensky,727,France,Female,28.0,8,0.0,2,1.0,1.0,131283.6,0
19411,15681990,Palmerston,497,Germany,Female,24.0,9,111743.43,2,1.0,0.0,55859.27,1
19412,15656937,Sung,742,France,Female,46.0,8,0.0,1,1.0,0.0,141924.9,1
19413,15591279,Toscani,699,France,Female,33.0,8,0.0,2,1.0,0.0,102280.29,0
19414,15763923,Chukwuebuka,531,France,Female,46.0,5,0.0,2,1.0,0.0,122925.34,0
19415,15751167,Uspenskaya,709,Germany,Male,41.0,8,119496.25,2,1.0,0.0,70784.38,0
19416,15738497,Chukwudi,631,Spain,Male,32.0,4,107726.93,2,1.0,1.0,153064.87,0
19417,15798424,Glover,699,Germany,Male,38.0,5,130878.75,1,1.0,1.0,51637.67,1
19418,15594586,White,757,France,Female,44.0,5,133978.56,2,1.0,1.0,137822.28,0
19419,15582910,Kao,724,France,Male,37.0,1,0.0,2,1.0,1.0,147055.87,0
19420,15591747,Hsiung,749,France,Male,33.0,4,0.0,2,0.0,1.0,172669.64,0
19421,15756481,H?,692,France,Male,44.0,4,0.0,2,1.0,1.0,161848.03,0
19422,15592999,Trevisan,588,France,Male,37.0,0,143390.31,2,1.0,1.0,70947.22,0
19423,15663964,Toscani,554,Germany,Male,30.0,2,110827.49,1,1.0,0.0,165675.01,1
19424,15766896,Watson,636,Spain,Male,25.0,3,134497.27,1,0.0,0.0,169669.33,0
19425,15612109,De Luca,748,France,Male,42.0,0,0.0,2,1.0,0.0,114869.39,0
19426,15796790,Li,554,France,Male,27.0,3,90536.52,1,1.0,1.0,104533.96,0
19427,15797777,Chiemela,576,Spain,Male,57.0,1,84719.97,1,1.0,0.0,78739.12,1
19428,15594305,Rizzo,712,Spain,Female,33.0,8,0.0,2,1.0,0.0,1703.58,0
19429,15705918,Mazzi,561,France,Male,26.0,1,0.0,1,1.0,1.0,173792.49,0
19430,15627395,Calabresi,543,Spain,Male,35.0,3,0.0,2,1.0,1.0,160529.71,0
19431,15716619,Chinedum,580,France,Female,31.0,2,137464.04,1,1.0,1.0,12099.67,1
19432,15583597,Obiuto,691,Spain,Male,39.0,7,0.0,2,1.0,0.0,676.06,0
19433,15804256,Hale,673,France,Male,37.0,8,0.0,2,1.0,0.0,72678.75,0
19434,15591257,Maclean,627,France,Male,43.0,1,0.0,2,1.0,1.0,131300.96,0
19435,15792679,P'eng,710,France,Male,42.0,3,0.0,2,1.0,0.0,109057.56,0
19436,15648035,Genovese,669,France,Female,38.0,2,0.0,1,1.0,0.0,151903.2,1
19437,15642022,Zito,621,Spain,Male,34.0,2,0.0,1,0.0,0.0,47972.65,0
19438,15644296,Trevisano,579,France,Male,33.0,9,0.0,2,1.0,1.0,129912.74,0
19439,15650591,Sinclair,592,France,Male,41.0,5,0.0,1,1.0,1.0,100941.57,0
19440,15798532,Chinwendu,501,France,Male,54.0,1,0.0,1,1.0,1.0,130486.58,0
19441,15709016,Ozerova,651,France,Female,56.0,7,0.0,1,1.0,0.0,131301.74,1
19442,15638487,Fomin,753,France,Male,42.0,7,106520.28,1,0.0,0.0,74965.64,1
19443,15724307,Nwabugwu,742,France,Male,37.0,5,109471.79,1,1.0,0.0,135083.72,0
19444,15642787,Lucas,773,France,Male,33.0,9,0.0,1,0.0,0.0,111020.24,1
19445,15679991,Kennedy,695,Germany,Male,29.0,6,146422.22,2,1.0,1.0,180934.67,0
19446,15809991,Bellucci,794,France,Male,54.0,4,0.0,1,0.0,1.0,133535.99,0
19447,15751477,Brown,710,Spain,Female,36.0,3,0.0,2,1.0,0.0,85985.64,0
19448,15596921,Ch'eng,714,Germany,Female,42.0,3,132403.56,2,1.0,0.0,9983.4,0
19449,15661528,Boni,668,Spain,Male,33.0,1,147904.31,2,1.0,1.0,69370.05,0
19450,15780386,Ferri,806,Spain,Male,40.0,5,105683.63,1,1.0,0.0,173617.09,1
19451,15571668,Onochie,841,Germany,Female,29.0,9,167953.8,2,0.0,0.0,183872.0,0
19452,15755223,Ts'ao,696,Germany,Male,24.0,4,150926.99,2,0.0,1.0,119817.19,0
19453,15785542,Dann,593,Germany,Female,63.0,1,118233.81,1,0.0,1.0,24765.53,0
19454,15663478,Baldwin,729,France,Male,32.0,6,93694.42,2,1.0,1.0,79919.13,0
19455,15679611,Nwora,730,Spain,Male,39.0,1,0.0,1,1.0,1.0,50249.16,0
19456,15631060,Ting,677,France,Female,38.0,9,114212.53,1,0.0,0.0,74415.96,1
19457,15772381,Palermo,592,Spain,Male,32.0,7,149238.97,1,1.0,1.0,82565.01,0
19458,15798960,Y?,694,France,Female,34.0,4,0.0,2,1.0,0.0,78670.52,0
19459,15660608,Trevisani,640,France,Male,51.0,5,0.0,1,0.0,1.0,198269.06,0
19460,15794414,Forbes,557,France,Male,40.0,5,0.0,1,1.0,0.0,181449.51,1
19461,15656613,Balsillie,745,France,Female,41.0,8,0.0,2,1.0,0.0,169935.62,0
19462,15674551,Zito,765,France,Male,34.0,5,0.0,2,1.0,0.0,104220.5,0
19463,15704586,Ritchie,624,Germany,Male,53.0,8,117020.09,1,1.0,0.0,148799.71,0
19464,15807593,Berry,754,Spain,Female,34.0,6,85660.96,2,0.0,0.0,134778.01,0
19465,15694450,Shih,590,France,Female,38.0,7,0.0,2,1.0,0.0,79415.72,0
19466,15674932,Ma,575,France,Male,42.0,1,0.0,1,0.0,0.0,113581.85,1
19467,15702806,Martin,802,France,Male,28.0,9,0.0,1,1.0,1.0,134459.12,0
19468,15778154,Nnonso,628,Germany,Male,27.0,4,122227.71,2,1.0,1.0,14217.77,0
19469,15694518,Hsueh,628,Spain,Male,29.0,8,0.0,2,1.0,1.0,823.02,0
19470,15610416,Millar,648,France,Male,42.0,2,148159.71,1,0.0,0.0,54869.54,0
19471,15624863,Hs?,584,France,Female,40.0,8,0.0,2,0.0,0.0,16081.62,0
19472,15784097,Mazzi,640,Spain,Female,64.0,9,0.0,1,1.0,0.0,134594.99,1
19473,15804401,P'eng,706,France,Male,27.0,2,0.0,2,1.0,0.0,182758.27,0
19474,15592461,Lo Duca,603,Germany,Male,26.0,4,109166.37,1,1.0,1.0,92840.67,0
19475,15637427,Ch'iu,547,France,Female,33.0,6,162701.65,1,0.0,0.0,128881.87,0
19476,15569247,Mitchell,727,France,Female,59.0,1,109679.72,1,0.0,1.0,753.37,0
19477,15692406,Gow,710,France,Male,37.0,5,0.0,2,1.0,0.0,121485.1,0
19478,15651740,Hsing,718,Spain,Male,40.0,2,0.0,1,1.0,1.0,177522.44,0
19479,15672363,Hao,647,France,Male,48.0,2,0.0,1,1.0,0.0,121311.12,1
19480,15709016,North,687,Germany,Female,40.0,1,91219.29,1,0.0,0.0,158845.49,0
19481,15759741,Lo Duca,633,Spain,Male,35.0,5,0.0,1,1.0,1.0,92916.43,1
19482,15691387,Agafonova,483,France,Male,29.0,9,0.0,1,0.0,1.0,81634.45,0
19483,15590730,Chiemenam,636,Germany,Male,36.0,7,81732.88,2,1.0,0.0,140763.18,0
19484,15659475,Rischbieth,586,France,Female,34.0,4,0.0,2,0.0,1.0,126845.86,0
19485,15748552,Lord,664,Germany,Male,33.0,4,155393.32,2,0.0,0.0,143433.33,0
19486,15623299,Calabrese,714,Spain,Female,28.0,2,137853.0,1,0.0,1.0,174825.57,1
19487,15697035,Hsueh,637,France,Male,39.0,7,143054.74,1,1.0,0.0,121311.12,0
19488,15739850,Nnonso,727,France,Female,31.0,5,0.0,1,0.0,0.0,60420.07,1
19489,15748608,Chieloka,576,France,Male,27.0,5,83624.55,2,1.0,1.0,104118.93,0
19490,15618950,Lo Duca,570,Germany,Female,35.0,8,102882.4,1,1.0,1.0,113051.57,0
19491,15683657,Martin,554,France,Male,39.0,3,0.0,1,1.0,0.0,160131.57,0
19492,15788448,Watson,490,Spain,Male,31.0,3,145260.23,1,1.0,0.0,114066.77,1
19493,15783029,Coffey,693,France,Male,47.0,8,0.0,1,1.0,0.0,4791.8,1
19494,15671366,Akhtar,708,Germany,Female,47.0,3,93888.51,1,1.0,0.0,177638.78,1
19495,15732265,Yobachi,646,France,Male,37.0,9,0.0,2,1.0,1.0,132404.64,0
19496,15600997,Ch'ang,681,Germany,Female,23.0,2,124954.94,2,1.0,0.0,120892.65,0
19497,15742886,T'ang,554,France,Female,27.0,3,0.0,1,1.0,1.0,123982.14,0
19498,15781871,Palerma,616,France,Female,29.0,1,0.0,2,1.0,1.0,167981.99,0
19499,15796790,Ch'ang,716,France,Male,57.0,8,151482.53,1,0.0,1.0,74870.99,0
19500,15768137,Maclean,575,Spain,Male,36.0,5,0.0,2,1.0,1.0,177747.03,0
19501,15633227,Warner,632,France,Female,57.0,2,107508.93,2,1.0,0.0,120801.65,1
19502,15720559,Mazzi,731,France,Female,30.0,7,0.0,1,0.0,1.0,126554.96,0
19503,15750264,Pinto,775,Germany,Male,30.0,6,139290.41,1,1.0,0.0,62980.96,1
19504,15781347,Okagbue,600,Germany,Male,41.0,2,99842.5,1,1.0,1.0,91196.67,1
19505,15690796,Hsia,586,France,Female,39.0,8,0.0,2,0.0,0.0,74870.58,0
19506,15616666,Ting,694,France,Male,36.0,6,0.0,1,1.0,1.0,43921.15,0
19507,15693814,Nwachinemelu,751,France,Male,29.0,8,0.0,1,1.0,0.0,108876.75,0
19508,15582349,Ts'ui,589,Spain,Female,33.0,8,0.0,2,1.0,1.0,64515.5,0
19509,15706268,Ts'ao,686,Germany,Female,41.0,8,147910.3,1,1.0,1.0,53581.14,0
19510,15795586,O'Callaghan,710,France,Female,44.0,7,0.0,3,0.0,1.0,128881.87,1
19511,15617482,Milanesi,489,Germany,Female,52.0,3,131441.51,1,1.0,1.0,37240.11,0
19512,15604020,Otoole,668,France,Female,36.0,4,105858.71,1,1.0,0.0,4395.45,0
19513,15692721,Rolon,713,Spain,Female,33.0,5,0.0,2,1.0,0.0,179227.02,0
19514,15773421,Chigbogu,603,Germany,Female,48.0,1,133377.8,2,1.0,0.0,55701.62,1
19515,15643908,Nwachukwu,792,Spain,Female,33.0,6,137104.47,1,1.0,1.0,155846.69,0
19516,15682914,T'ien,653,France,Male,32.0,9,0.0,2,1.0,1.0,69263.1,0
19517,15672945,Loyau,633,France,Female,30.0,4,0.0,2,1.0,0.0,142223.94,0
19518,15697035,Brown,744,France,Male,39.0,10,0.0,2,1.0,0.0,136050.97,0
19519,15628112,T'ien,745,France,Female,38.0,8,0.0,2,1.0,1.0,92888.86,0
19520,15784092,Ting,850,Germany,Female,41.0,6,160566.11,1,0.0,1.0,10074.05,0
19521,15605872,Iadanza,707,France,Male,21.0,5,128396.33,2,0.0,0.0,180142.42,0
19522,15797725,Trevisan,646,Spain,Male,40.0,2,0.0,2,1.0,0.0,136079.31,0
19523,15579617,Sinclair,651,France,Female,51.0,3,0.0,2,1.0,1.0,174098.28,0
19524,15699247,Nwachinemelu,730,France,Male,29.0,7,0.0,1,1.0,1.0,161811.23,0
19525,15667932,T'ao,718,France,Female,55.0,4,0.0,1,1.0,0.0,136620.64,1
19526,15754926,Burns,416,France,Male,28.0,0,97738.97,2,1.0,1.0,160523.33,0
19527,15749693,Chiu,663,France,Female,67.0,7,0.0,2,1.0,1.0,96792.15,0
19528,15691808,Hsu,679,France,Male,53.0,7,0.0,1,1.0,1.0,183569.25,0
19529,15757534,Hao,753,Germany,Female,45.0,4,133628.09,1,1.0,0.0,139919.38,1
19530,15740404,Achebe,634,Germany,Male,45.0,9,119624.6,1,1.0,0.0,161574.19,0
19531,15763980,Beneventi,618,France,Male,43.0,4,0.0,1,1.0,0.0,78670.52,1
19532,15583657,Clements,678,France,Female,25.0,5,0.0,2,1.0,1.0,582.59,0
19533,15651802,T'ang,687,France,Female,32.0,8,0.0,1,0.0,1.0,155799.86,0
19534,15768342,Ponomarev,649,France,Male,35.0,1,0.0,1,1.0,0.0,125302.57,1
19535,15742809,Mironova,797,Spain,Female,25.0,10,0.0,2,1.0,0.0,129740.11,0
19536,15724563,Macintyre,748,France,Male,43.0,7,125723.65,1,0.0,0.0,60544.47,0
19537,15796790,Ulyanova,559,France,Male,28.0,6,0.0,2,1.0,0.0,103737.82,0
19538,15567013,De Luca,744,Spain,Male,33.0,2,0.0,2,1.0,0.0,30804.68,0
19539,15723989,Chukwudi,703,Germany,Male,38.0,6,161757.87,2,1.0,1.0,126469.09,0
19540,15595831,Shen,611,Germany,Female,41.0,4,145215.43,1,1.0,1.0,164083.72,1
19541,15790355,Henty,681,Germany,Male,55.0,2,116563.65,1,1.0,0.0,132467.99,1
19542,15641390,Ku,587,Germany,Female,50.0,5,145262.88,2,0.0,0.0,109608.18,1
19543,15664547,H?,619,Spain,Male,51.0,4,0.0,1,1.0,1.0,133051.19,1
19544,15682521,Akabueze,539,Germany,Female,51.0,9,132647.95,1,0.0,0.0,66896.28,1
19545,15696588,Lung,679,France,Female,21.0,1,0.0,1,1.0,1.0,2243.41,0
19546,15585256,Iloerika,837,France,Male,36.0,8,0.0,2,1.0,1.0,25042.1,0
19547,15688074,Cook,667,Spain,Male,38.0,2,127299.34,2,1.0,0.0,43612.06,1
19548,15649523,Milne,659,France,Female,36.0,10,0.0,2,1.0,0.0,164039.5,0
19549,15699389,Brient,811,France,Male,36.0,6,0.0,2,1.0,1.0,55867.38,0
19550,15593983,Chukwuhaenye,591,France,Female,51.0,7,113097.76,1,1.0,1.0,123906.85,0
19551,15582325,Jennings,524,France,Male,52.0,2,87894.26,1,1.0,0.0,173844.89,0
19552,15641366,DeRose,684,Germany,Male,42.0,3,117413.67,1,0.0,0.0,172363.41,1
19553,15592387,Burke,566,France,Male,30.0,5,0.0,2,1.0,0.0,54926.51,0
19554,15809320,Johnson,653,Spain,Female,39.0,1,0.0,1,1.0,1.0,31726.76,0
19555,15663933,Pagnotto,760,France,Male,32.0,1,0.0,1,1.0,1.0,105969.05,0
19556,15745455,Trevisan,724,Spain,Female,32.0,5,63492.94,1,1.0,0.0,117832.88,0
19557,15715951,Yermakova,762,France,Female,29.0,2,0.0,1,1.0,0.0,184524.64,0
19558,15597909,Fiorentino,675,France,Female,41.0,3,122570.87,1,1.0,0.0,134875.37,1
19559,15701375,Nnaife,727,France,Male,22.0,2,0.0,2,1.0,0.0,142331.85,0
19560,15641416,Tseng,713,France,Male,37.0,5,82940.25,2,1.0,1.0,181430.91,0
19561,15739357,Niu,677,France,Female,45.0,3,0.0,2,0.0,1.0,89891.02,1
19562,15671779,Tung,754,France,Female,29.0,5,0.0,1,0.0,0.0,81753.92,1
19563,15588450,Chukwudi,633,France,Female,36.0,8,69365.25,1,1.0,1.0,10288.24,0
19564,15726945,Andreev,653,France,Female,36.0,7,0.0,2,1.0,0.0,56214.09,0
19565,15599301,Fanucci,565,Spain,Male,28.0,9,0.0,2,1.0,1.0,5388.3,0
19566,15686963,Onyemauchechukwu,743,Germany,Male,33.0,5,137853.0,1,0.0,0.0,181224.56,0
19567,15797900,Hs?eh,528,Spain,Male,29.0,1,0.0,2,0.0,0.0,75578.67,0
19568,15606085,Hsia,680,Spain,Female,32.0,2,0.0,2,0.0,1.0,38614.69,0
19569,15651460,Hsieh,424,Spain,Male,34.0,7,0.0,2,1.0,1.0,16250.61,0
19570,15793882,Yeh,562,France,Male,51.0,3,0.0,1,1.0,0.0,140810.97,1
19571,15632345,Tuan,710,France,Female,35.0,5,0.0,2,0.0,1.0,44830.71,0
19572,15614220,Bergamaschi,628,Germany,Female,47.0,2,145974.79,1,0.0,1.0,121232.62,1
19573,15719479,Chukwuhaenye,619,Spain,Male,56.0,7,0.0,2,0.0,1.0,42442.21,0
19574,15598046,Johnstone,583,Germany,Male,40.0,9,128352.59,3,1.0,1.0,61636.22,0
19575,15586517,Lucciano,645,France,Male,32.0,10,0.0,2,1.0,1.0,25310.78,0
19576,15682454,McFarland,597,France,Female,27.0,3,0.0,2,1.0,1.0,37870.29,0
19577,15725478,McClemans,775,France,Male,30.0,7,0.0,2,1.0,1.0,111558.7,0
19578,15685828,T'ien,494,France,Male,31.0,5,0.0,3,0.0,0.0,147983.11,1
19579,15775892,Okeke,652,France,Female,57.0,4,0.0,2,1.0,1.0,165082.25,0
19580,15589969,Nkemjika,707,France,Female,30.0,1,0.0,1,0.0,1.0,120853.83,0
19581,15662263,Nwora,733,Germany,Female,32.0,6,182275.23,1,1.0,1.0,113810.12,0
19582,15691816,Kao,714,France,Female,38.0,7,0.0,1,1.0,1.0,99818.41,0
19583,15665790,Lucchesi,643,France,Male,39.0,0,0.0,2,1.0,1.0,97734.96,0
19584,15613463,Hackett,593,Germany,Male,31.0,6,132598.38,1,1.0,1.0,166586.99,0
19585,15699294,Teng,560,Spain,Female,39.0,8,0.0,2,1.0,0.0,83982.02,0
19586,15711130,Nwankwo,678,France,Female,43.0,9,0.0,1,0.0,1.0,150950.59,1
19587,15572398,Mazzi,612,France,Male,31.0,1,0.0,1,1.0,1.0,27468.72,0
19588,15690134,Calabresi,749,France,Male,36.0,5,0.0,2,1.0,1.0,145560.97,0
19589,15776939,Tien,678,France,Male,37.0,1,0.0,2,1.0,1.0,185855.21,0
19590,15575581,Dickson,614,Germany,Female,32.0,3,131344.52,2,1.0,0.0,54776.64,0
19591,15585256,Iloerika,805,France,Male,44.0,5,0.0,2,1.0,1.0,25042.1,0
19592,15682540,Lo Duca,648,France,Male,29.0,0,0.0,2,1.0,0.0,126104.98,0
19593,15691387,Agafonova,797,France,Male,29.0,8,0.0,2,1.0,1.0,81634.45,0
19594,15690046,Lucchesi,697,France,Male,32.0,2,0.0,2,1.0,1.0,151768.43,0
19595,15643622,Baddeley,678,Spain,Female,29.0,3,103524.58,1,1.0,0.0,167539.73,0
19596,15731553,Scott,584,France,Male,27.0,2,105736.32,1,1.0,1.0,116885.59,0
19597,15632185,Yermolayev,663,France,Female,42.0,1,82228.67,1,1.0,0.0,71359.78,0
19598,15603594,Young,676,France,Female,25.0,4,0.0,2,1.0,0.0,87816.86,0
19599,15776733,H?,718,Germany,Female,44.0,1,114655.58,2,0.0,0.0,163570.25,0
19600,15705918,Howarth,741,France,Female,64.0,9,0.0,1,1.0,1.0,59650.42,0
19601,15707559,Clark,682,Spain,Female,30.0,9,119208.85,1,1.0,1.0,195104.91,0
19602,15773792,Nebechukwu,671,France,Male,39.0,9,0.0,2,1.0,1.0,100403.05,0
19603,15623695,McKinnon,691,France,Female,31.0,4,0.0,2,1.0,0.0,142029.17,0
19604,15785542,Lai,726,Spain,Male,33.0,0,0.0,2,1.0,1.0,153600.16,0
19605,15595350,Chin,495,France,Female,33.0,5,0.0,2,1.0,1.0,45956.05,0
19606,15796838,Biryukov,648,France,Male,62.0,3,0.0,2,1.0,1.0,89935.73,0
19607,15633531,Lavrov,731,France,Male,28.0,9,0.0,2,1.0,0.0,59571.5,0
19608,15807107,Tsou,723,France,Male,32.0,1,0.0,2,0.0,1.0,86791.9,0
19609,15595557,Hsu,724,France,Female,50.0,4,0.0,1,1.0,1.0,175843.68,1
19610,15623695,Yegorov,545,France,Male,57.0,8,0.0,2,0.0,1.0,138399.67,0
19611,15705899,Mackenzie,718,France,Male,56.0,8,0.0,1,0.0,0.0,84972.9,1
19612,15581480,Hsueh,558,Germany,Male,28.0,7,123811.19,1,0.0,1.0,91884.7,0
19613,15576683,Hsueh,841,Spain,Male,43.0,7,59893.85,1,1.0,0.0,66979.06,0
19614,15668521,Jamieson,693,France,Male,37.0,1,0.0,2,0.0,1.0,82867.55,0
19615,15770420,Ngozichukwuka,582,France,Male,48.0,5,0.0,1,1.0,0.0,163682.0,1
19616,15690743,Shao,627,France,Female,35.0,4,0.0,2,1.0,0.0,64308.49,0
19617,15807473,Lo,534,Spain,Male,40.0,1,0.0,1,1.0,1.0,48924.79,0
19618,15579892,Mazzanti,756,Spain,Male,49.0,0,0.0,2,1.0,0.0,141872.14,0
19619,15794560,Calabresi,553,France,Male,38.0,4,0.0,2,1.0,0.0,144413.92,0
19620,15656613,T'ien,584,France,Female,36.0,10,0.0,2,1.0,0.0,115916.78,0
19621,15749693,Ferri,815,France,Male,42.0,6,0.0,2,1.0,1.0,113868.4,1
19622,15757912,Nwabugwu,709,France,Female,32.0,8,112713.34,1,1.0,1.0,73656.38,0
19623,15796814,Ts'ui,670,France,Male,41.0,8,0.0,2,1.0,1.0,102391.02,0
19624,15781702,Pirogov,558,Germany,Female,59.0,6,111396.97,2,0.0,1.0,191070.01,0
19625,15731553,Ch'eng,586,Germany,Female,39.0,2,153467.27,2,1.0,0.0,86761.6,0
19626,15782210,T'ien,579,Germany,Male,31.0,9,152987.98,1,1.0,0.0,128548.66,1
19627,15802869,Martin,756,Germany,Male,25.0,9,99169.67,2,1.0,0.0,78650.95,0
19628,15773852,Gaffney,714,France,Male,33.0,9,100260.11,1,1.0,0.0,72950.58,0
19629,15585835,O'Loughlin,531,France,Male,34.0,3,0.0,1,0.0,0.0,180800.61,0
19630,15661554,Okwudilichukwu,687,Germany,Female,34.0,7,120599.19,1,1.0,1.0,105818.05,0
19631,15806901,Obiuto,684,France,Female,39.0,2,112687.69,1,1.0,0.0,127749.61,0
19632,15615444,Clements,656,France,Female,37.0,9,142691.07,1,1.0,0.0,100637.05,0
19633,15769974,Onyemere,569,France,Male,35.0,8,125879.76,1,0.0,1.0,119327.75,0
19634,15723013,Chukwuhaenye,682,Germany,Female,51.0,9,73211.12,1,1.0,0.0,151365.84,1
19635,15669945,Toscani,704,France,Female,28.0,4,0.0,2,0.0,1.0,72944.83,0
19636,15679884,Hs?eh,544,France,Male,37.0,10,78314.63,2,1.0,1.0,103713.93,0
19637,15671345,Nnachetam,547,France,Male,67.0,1,0.0,1,0.0,1.0,131501.47,0
19638,15793247,Hancock,544,France,Female,40.0,9,0.0,2,1.0,0.0,103760.53,0
19639,15800482,Martin,577,Germany,Female,46.0,0,113978.97,1,0.0,0.0,11199.04,1
19640,15736154,Chiazagomekpere,695,France,Male,32.0,5,0.0,1,1.0,0.0,28750.1,1
19641,15626474,McIntosh,724,Germany,Male,31.0,1,152899.24,2,0.0,0.0,63736.17,0
19642,15642712,Ugochukwu,711,France,Female,38.0,4,0.0,2,1.0,1.0,140713.07,0
19643,15590148,Lo Duca,667,France,Female,38.0,2,0.0,2,1.0,1.0,86079.23,0
19644,15803682,Nwabugwu,738,France,Male,54.0,4,0.0,1,0.0,0.0,57375.01,1
19645,15652627,Trevisani,678,Germany,Female,26.0,1,114514.71,2,1.0,0.0,51709.12,1
19646,15795580,Bovee,596,Germany,Female,35.0,9,107907.12,1,1.0,1.0,163783.0,0
19647,15732832,Palerma,790,France,Female,40.0,2,154485.79,2,0.0,0.0,157527.6,0
19648,15791321,Lombardi,521,Germany,Female,31.0,2,106086.42,1,1.0,1.0,156868.21,0
19649,15693864,Kudryashova,679,France,Female,48.0,4,89688.94,1,1.0,1.0,152305.47,1
19650,15796351,Tsao,583,Germany,Male,29.0,4,105346.03,2,1.0,0.0,127528.84,0
19651,15752996,Manna,726,France,Male,39.0,7,0.0,2,1.0,1.0,933.89,0
19652,15801152,Hurst,654,France,Male,27.0,4,0.0,2,1.0,0.0,151316.37,0
19653,15776936,Ch'iu,699,Spain,Male,44.0,10,96791.47,1,1.0,1.0,91829.76,0
19654,15639278,Chinomso,580,France,Female,36.0,2,145387.32,1,1.0,1.0,169963.2,0
19655,15585379,Mazzi,714,Germany,Male,43.0,3,123973.38,4,1.0,0.0,77879.17,1
19656,15780254,Gartrell,652,France,Male,40.0,2,0.0,1,0.0,0.0,183872.88,0
19657,15601688,T'ien,621,France,Female,42.0,2,0.0,2,1.0,1.0,142516.35,0
19658,15794560,Onyemere,742,Spain,Male,34.0,7,0.0,2,1.0,0.0,158750.53,0
19659,15769346,Pisani,571,France,Male,28.0,1,134997.49,2,0.0,0.0,44688.08,0
19660,15633059,Tisdall,573,Spain,Male,58.0,2,0.0,1,1.0,1.0,109098.39,0
19661,15626795,Gorman,672,France,Female,40.0,3,0.0,1,1.0,1.0,113171.61,0
19662,15717307,Ndukaku,814,Spain,Female,29.0,4,119556.76,2,0.0,1.0,176678.19,0
19663,15683758,Onyekachukwu,640,France,Female,44.0,7,111833.47,1,0.0,1.0,67202.74,0
19664,15623944,T'ien,712,Germany,Female,45.0,4,80958.36,1,1.0,0.0,1643.11,1
19665,15792176,Henty,698,Spain,Female,40.0,0,92053.44,2,1.0,1.0,143681.83,0
19666,15582066,Ting,756,Germany,Female,28.0,0,127290.61,1,1.0,1.0,121747.96,1
19667,15758856,Iweobiegbunam,485,France,Male,38.0,2,147904.45,2,1.0,1.0,124872.42,0
19668,15693737,Pirozzi,673,France,Female,43.0,3,0.0,2,1.0,1.0,116977.89,0
19669,15663885,Mamelu,693,France,Female,30.0,8,0.0,2,1.0,1.0,148528.24,0
19670,15760294,McElhone,714,France,Male,32.0,2,103914.17,1,1.0,1.0,127734.64,0
19671,15605827,Brown,553,France,Male,33.0,9,141749.43,1,1.0,1.0,98640.56,0
19672,15800620,H?,735,Germany,Male,38.0,2,123040.03,1,1.0,0.0,184350.24,1
19673,15573077,Hsiung,544,France,Female,43.0,1,0.0,2,1.0,0.0,94003.11,0
19674,15696839,T'ao,599,France,Female,39.0,8,0.0,2,1.0,1.0,88729.84,0
19675,15571869,Yermakova,588,France,Female,28.0,7,0.0,2,1.0,1.0,110887.14,0
19676,15761775,Onwuatuegwu,738,France,Male,29.0,1,95858.69,1,1.0,1.0,71097.8,0
19677,15614302,Milanesi,600,France,Male,35.0,1,0.0,1,0.0,1.0,64486.07,0
19678,15641043,Ch'eng,662,France,Male,33.0,8,106022.73,1,1.0,0.0,181893.31,0
19679,15788118,Udinese,648,France,Male,41.0,7,138705.02,2,1.0,1.0,79101.67,0
19680,15671243,Y?,558,France,Female,29.0,9,0.0,2,1.0,0.0,103787.28,0
19681,15604556,Ojiofor,529,Germany,Female,30.0,1,128015.54,2,1.0,1.0,115789.25,0
19682,15663828,Pagnotto,786,Spain,Female,31.0,8,0.0,2,1.0,0.0,128799.86,0
19683,15578738,Ibezimako,509,France,Male,35.0,9,178820.91,1,0.0,1.0,62970.94,0
19684,15705352,Genovese,686,France,Male,32.0,9,0.0,2,0.0,0.0,1140.02,0
19685,15593943,Ugochukwu,599,Germany,Female,27.0,2,81132.21,2,1.0,0.0,177092.16,0
19686,15799652,McClinton,723,France,Female,39.0,7,0.0,1,1.0,0.0,74850.5,1
19687,15708256,Tuan,661,France,Female,35.0,2,89994.71,2,1.0,0.0,103944.37,0
19688,15608845,Smith,572,Spain,Male,29.0,6,0.0,2,1.0,1.0,86910.17,0
19689,15767794,Hs?,657,France,Male,44.0,0,0.0,2,0.0,0.0,4292.72,0
19690,15624374,Maclean,534,France,Male,35.0,4,104822.45,1,1.0,1.0,173843.21,0
19691,15575060,Gardner,628,France,Male,24.0,5,0.0,2,1.0,1.0,182257.61,0
19692,15589348,Mao,681,Germany,Female,45.0,2,118897.1,1,1.0,1.0,132861.9,1
19693,15778154,Pisano,661,France,Male,43.0,8,146466.97,1,1.0,1.0,82868.33,0
19694,15702439,Hsu,431,Spain,Male,32.0,7,0.0,2,1.0,1.0,48475.02,0
19695,15613962,Chukwuebuka,850,France,Male,39.0,3,116932.59,1,1.0,1.0,195053.58,0
19696,15690540,K?,682,France,Male,40.0,4,0.0,2,1.0,0.0,148814.54,0
19697,15758032,Ts'ai,704,Spain,Male,37.0,7,0.0,2,1.0,1.0,161425.25,0
19698,15673342,Stevenson,645,France,Female,38.0,6,0.0,2,0.0,1.0,164756.81,0
19699,15756472,Yefremova,581,France,Male,33.0,9,0.0,2,1.0,1.0,133889.14,0
19700,15593903,Onyemere,628,Spain,Male,45.0,2,88656.81,1,1.0,0.0,147964.54,0
19701,15704771,Deleon,632,France,Female,37.0,1,97552.04,2,1.0,1.0,172702.58,0
19702,15725028,Ts'ai,703,France,Male,26.0,10,145251.37,1,1.0,0.0,166475.79,0
19703,15709447,Aksenov,577,France,Male,38.0,3,0.0,2,1.0,0.0,132673.23,0
19704,15762682,Maclean,684,France,Female,26.0,3,0.0,2,1.0,0.0,169415.54,0
19705,15682563,Nwachinemelu,621,France,Male,29.0,7,0.0,2,1.0,0.0,120586.32,0
19706,15693205,Peng,691,Germany,Female,41.0,2,109153.96,3,1.0,1.0,148848.76,1
19707,15643679,Kambinachi,584,Germany,Male,49.0,6,106422.18,1,1.0,0.0,172097.4,1
19708,15792716,H?,637,France,Female,48.0,4,0.0,1,1.0,0.0,168820.09,1
19709,15705899,Chien,681,Germany,Male,48.0,10,131063.18,1,0.0,0.0,175843.53,1
19710,15661412,Teng,639,Spain,Male,40.0,8,0.0,1,1.0,0.0,60905.03,0
19711,15673890,Chin,691,France,Male,31.0,4,139959.09,2,1.0,1.0,181221.07,0
19712,15637414,Onyemachukwu,521,France,Female,32.0,7,0.0,1,1.0,0.0,90967.37,0
19713,15581230,Hsia,714,France,Male,39.0,6,0.0,1,1.0,1.0,120511.11,0
19714,15579515,Ch'ien,644,Germany,Male,35.0,1,121703.28,2,1.0,1.0,147964.39,0
19715,15611331,Hsieh,713,France,Male,36.0,6,0.0,2,1.0,0.0,177528.53,0
19716,15694852,Nnaife,594,Spain,Female,35.0,9,131753.95,2,1.0,1.0,162967.67,0
19717,15772991,K'ung,648,France,Female,35.0,7,161274.99,1,1.0,1.0,186489.91,0
19718,15662662,Maughan,659,France,Male,36.0,4,0.0,2,0.0,0.0,54865.92,0
19719,15645045,Gratton,614,Spain,Male,31.0,8,0.0,2,1.0,1.0,93883.53,0
19720,15683363,Y?,773,Spain,Male,41.0,1,0.0,2,0.0,1.0,108419.41,0
19721,15576185,Lu,850,Spain,Male,49.0,2,0.0,1,1.0,0.0,46911.1,0
19722,15797767,Ikedinachukwu,600,Spain,Female,49.0,6,0.0,1,0.0,1.0,148087.88,0
19723,15672598,Marks,637,Spain,Male,40.0,8,0.0,2,1.0,1.0,174536.17,0
19724,15649354,Johnston,715,Spain,Male,38.0,4,0.0,2,1.0,1.0,9658.41,0
19725,15591036,Okwudiliolisa,663,France,Male,42.0,6,0.0,2,1.0,1.0,143980.53,0
19726,15578098,Chiang,684,France,Male,32.0,1,0.0,2,1.0,1.0,47468.56,0
19727,15592222,L?,709,France,Male,27.0,6,0.0,2,1.0,1.0,49374.82,0
19728,15705001,Folliero,638,Germany,Male,55.0,9,111257.59,1,0.0,1.0,70849.47,1
19729,15738715,Zuev,711,France,Male,38.0,7,0.0,2,1.0,0.0,68487.51,1
19730,15604787,Cattaneo,744,France,Female,32.0,7,111669.69,1,1.0,1.0,131053.97,0
19731,15683955,Hsia,725,Germany,Male,35.0,5,123599.49,1,1.0,1.0,163558.36,0
19732,15684925,Nwankwo,676,Germany,Male,38.0,9,82498.14,2,1.0,1.0,153983.99,0
19733,15660475,Ndubueze,678,Germany,Male,39.0,7,137843.8,1,1.0,1.0,115022.94,0
19734,15605826,Korovina,622,Germany,Male,34.0,10,121063.49,1,0.0,0.0,151481.86,0
19735,15748947,Chukwuraenye,506,France,Female,40.0,5,95858.37,1,1.0,1.0,68255.88,0
19736,15673877,Murray,684,France,Male,44.0,8,0.0,3,0.0,0.0,171060.01,1
19737,15729771,Davide,799,Germany,Male,32.0,9,154586.92,1,0.0,1.0,88604.89,1
19738,15681755,Teng,798,France,Male,38.0,5,0.0,1,1.0,1.0,84469.13,0
19739,15787229,Samsonova,761,Spain,Female,34.0,7,0.0,1,1.0,0.0,61251.25,0
19740,15776850,Okwudilichukwu,774,France,Female,38.0,7,0.0,1,0.0,0.0,132770.11,1
19741,15642515,Nwankwo,554,France,Male,33.0,7,0.0,2,1.0,1.0,145700.66,0
19742,15666095,Chiawuotu,583,France,Female,31.0,3,84435.24,2,1.0,1.0,156660.41,0
19743,15790599,P'eng,712,Germany,Female,42.0,7,145726.55,1,1.0,0.0,176576.6,1
19744,15683471,Hansen,778,Germany,Male,38.0,4,97318.25,2,0.0,0.0,78416.14,0
19745,15682547,Lucchesi,649,France,Female,29.0,10,0.0,2,0.0,1.0,80416.16,0
19746,15590876,Fallaci,481,Spain,Female,22.0,10,0.0,2,0.0,0.0,145215.96,0
19747,15796612,Ch'ang,696,Spain,Male,29.0,1,0.0,2,1.0,1.0,199527.34,0
19748,15644724,Fanucci,561,France,Female,26.0,8,123699.28,2,0.0,1.0,105221.76,0
19749,15748414,Chiang,526,Spain,Female,33.0,8,114634.63,2,1.0,0.0,110114.19,0
19750,15690164,Tsai,546,Germany,Male,42.0,9,86351.85,2,0.0,0.0,57380.13,0
19751,15804937,Cambage,702,France,Female,50.0,3,0.0,2,0.0,0.0,94949.84,1
19752,15772337,Kao,807,Spain,Male,40.0,9,107822.41,1,1.0,1.0,65816.53,0
19753,15751593,Fraser,661,France,Male,30.0,5,0.0,2,1.0,0.0,151925.25,0
19754,15788096,Yudin,619,Germany,Male,21.0,8,118889.52,1,0.0,1.0,138851.07,0
19755,15573318,Y?,850,France,Female,26.0,5,0.0,2,1.0,0.0,122899.01,0
19756,15802390,Nwankwo,667,France,Female,38.0,2,0.0,2,1.0,1.0,174921.71,0
19757,15648890,Ch'ang,714,Germany,Male,62.0,7,105102.5,1,1.0,1.0,15658.99,1
19758,15793813,Butusov,700,France,Female,31.0,1,160566.11,2,1.0,1.0,27073.81,0
19759,15592578,Shih,730,France,Female,29.0,4,0.0,2,1.0,0.0,24267.28,0
19760,15592091,Chia,588,Germany,Male,25.0,10,93616.61,2,1.0,1.0,93336.97,0
19761,15792475,P'eng,531,France,Female,46.0,10,0.0,1,1.0,0.0,135851.3,1
19762,15744044,K'ung,710,France,Male,38.0,9,103362.74,1,1.0,0.0,91561.91,0
19763,15616240,H?,556,Spain,Female,47.0,9,0.0,1,1.0,0.0,184474.72,1
19764,15641075,Ch'in,733,France,Male,37.0,2,0.0,1,1.0,0.0,38614.12,1
19765,15604295,Tien,609,France,Female,34.0,8,0.0,2,1.0,1.0,176728.28,0
19766,15778155,Zhirov,632,France,Female,36.0,4,0.0,2,1.0,0.0,162452.65,0
19767,15715510,Eluemuno,678,Germany,Male,29.0,8,95984.69,1,1.0,0.0,73551.44,1
19768,15791550,Chidubem,850,Spain,Female,42.0,8,0.0,1,1.0,1.0,70780.4,1
19769,15604536,Chubb,651,France,Male,40.0,9,123823.6,2,1.0,0.0,142860.99,0
19770,15795936,Nwankwo,618,France,Male,41.0,4,132725.1,1,1.0,0.0,177613.19,0
19771,15808526,Kao,667,Spain,Female,31.0,5,0.0,2,1.0,0.0,84699.56,0
19772,15582910,Folliero,516,Spain,Male,37.0,8,0.0,2,1.0,1.0,124486.28,0
19773,15670822,Palmer,719,France,Female,28.0,7,114415.84,1,1.0,1.0,177497.4,0
19774,15692594,Hs?,825,Germany,Male,25.0,6,150186.43,1,1.0,0.0,158852.45,0
19775,15643330,Ch'ang,516,Spain,Female,37.0,5,0.0,2,1.0,0.0,101382.86,0
19776,15716041,Lu,605,France,Female,32.0,5,0.0,2,1.0,1.0,60906.85,0
19777,15739803,Mario,638,France,Female,34.0,8,0.0,2,1.0,0.0,181297.65,0
19778,15734765,Scott,593,France,Male,29.0,3,0.0,2,1.0,1.0,182726.22,0
19779,15804816,Pinto,633,Germany,Male,51.0,1,96863.41,2,1.0,0.0,64724.24,1
19780,15622003,Chiu,644,Germany,Male,63.0,1,113711.57,1,1.0,0.0,96875.28,1
19781,15713673,T'ien,494,France,Female,33.0,9,0.0,2,1.0,0.0,90273.85,0
19782,15570004,Tsou,850,France,Female,31.0,3,0.0,2,1.0,0.0,121866.87,0
19783,15771580,Ch'ang,559,France,Female,43.0,8,137275.36,1,1.0,1.0,60917.24,0
19784,15796414,Aksenov,774,Germany,Male,35.0,8,109805.99,1,0.0,1.0,85801.59,0
19785,15570855,Ojiofor,627,Spain,Female,50.0,9,0.0,2,1.0,0.0,170886.01,0
19786,15725034,Onyemauchechukwu,691,Germany,Female,48.0,7,115488.31,2,1.0,1.0,199761.48,0
19787,15705738,Lucchesi,610,France,Male,29.0,5,0.0,2,1.0,0.0,84420.75,0
19788,15762829,Smith,605,Germany,Female,36.0,3,108887.91,1,1.0,0.0,120893.03,1
19789,15783501,P'eng,725,France,Male,34.0,6,0.0,2,1.0,1.0,85890.94,0
19790,15673877,Shaw,775,France,Male,30.0,7,0.0,1,1.0,1.0,64729.51,0
19791,15633260,Dumetochukwu,600,France,Male,37.0,1,142663.46,1,1.0,0.0,88669.89,0
19792,15612525,Preston,499,France,Female,57.0,1,0.0,1,0.0,0.0,131372.38,0
19793,15589224,Moore,596,Spain,Male,41.0,5,0.0,2,0.0,0.0,141053.85,0
19794,15612043,Yermakov,728,Germany,Male,40.0,4,115924.89,1,1.0,1.0,143628.31,0
19795,15574122,Tien,817,France,Male,49.0,10,129278.43,1,0.0,0.0,165562.84,0
19796,15591724,Hsia,648,France,Female,35.0,9,0.0,1,1.0,0.0,163477.69,0
19797,15815428,Cremonesi,677,France,Female,44.0,4,132405.52,1,1.0,0.0,101834.58,0
19798,15766066,Chiu,572,Germany,Female,40.0,9,164496.99,2,1.0,0.0,16402.11,0
19799,15695846,Lueck,663,France,Female,35.0,8,0.0,2,1.0,1.0,198969.78,0
19800,15764294,Maclean,850,Spain,Male,29.0,10,0.0,2,1.0,1.0,141796.73,0
19801,15590810,Toscani,583,Germany,Female,33.0,1,137964.04,1,1.0,0.0,108891.2,1
19802,15794413,Lo,627,France,Male,34.0,8,0.0,1,1.0,0.0,131736.23,0
19803,15714054,Nwebube,704,Germany,Female,35.0,3,113688.63,1,1.0,1.0,86937.2,0
19804,15810563,French,627,France,Female,33.0,5,0.0,2,1.0,1.0,103737.82,0
19805,15648032,Fisk,526,France,Female,42.0,7,0.0,1,1.0,0.0,96832.82,1
19806,15648067,Kruglova,833,Germany,Female,59.0,2,120731.39,1,1.0,0.0,182247.77,1
19807,15617648,Mikkelsen,690,France,Female,44.0,5,0.0,2,0.0,1.0,149665.65,0
19808,15692761,Onwudiwe,739,Germany,Male,42.0,9,181627.14,2,1.0,0.0,172668.39,0
19809,15737832,Robertson,771,Spain,Male,45.0,0,139825.56,2,0.0,0.0,170984.97,0
19810,15684548,Y?,738,France,Female,63.0,0,0.0,1,1.0,1.0,131389.39,1
19811,15750248,Bair,641,France,Male,26.0,9,0.0,2,1.0,1.0,122625.68,0
19812,15763095,Chukwujamuike,711,Germany,Male,43.0,1,160132.88,1,0.0,1.0,60552.51,0
19813,15772421,Napolitani,696,France,Female,30.0,5,0.0,2,0.0,1.0,98090.69,0
19814,15673570,Wilson,634,France,Female,20.0,6,0.0,2,1.0,1.0,103557.85,0
19815,15594536,Ch'eng,645,France,Female,39.0,3,68375.3,1,1.0,1.0,160548.66,0
19816,15652981,Iloerika,497,France,Female,32.0,6,0.0,2,1.0,1.0,163484.8,0
19817,15606436,Ch'en,579,France,Male,29.0,5,109799.55,1,1.0,1.0,55868.97,0
19818,15682574,Mairinger,576,France,Male,39.0,5,0.0,1,1.0,1.0,38794.69,0
19819,15814116,Castiglione,598,France,Male,42.0,7,0.0,2,1.0,1.0,144039.05,0
19820,15677958,Iadanza,516,France,Female,35.0,3,0.0,2,0.0,1.0,47310.41,0
19821,15698031,Cremonesi,669,France,Male,31.0,4,0.0,2,1.0,1.0,169505.83,0
19822,15766609,Yefimova,714,France,Male,37.0,3,88656.26,1,1.0,0.0,126476.87,0
19823,15698324,Chiu,645,Spain,Female,37.0,10,142767.39,2,0.0,0.0,196853.11,0
19824,15668894,Frolov,701,Spain,Female,37.0,4,101583.11,1,0.0,1.0,60905.17,0
19825,15809823,P'eng,662,France,Female,44.0,3,0.0,2,1.0,0.0,129964.09,0
19826,15807567,T'ien,684,France,Female,26.0,6,0.0,2,1.0,1.0,86490.37,0
19827,15811842,Ts'ao,732,Germany,Female,49.0,10,88477.36,1,1.0,0.0,133871.83,1
19828,15722083,Ch'in,684,Spain,Male,32.0,9,0.0,2,0.0,0.0,46675.51,0
19829,15641136,Davison,599,Spain,Male,27.0,9,0.0,2,1.0,0.0,77965.67,0
19830,15752601,Ch'ien,627,France,Male,31.0,10,124497.74,1,1.0,0.0,64416.04,0
19831,15704844,McCardle,752,Spain,Female,40.0,6,0.0,2,0.0,1.0,111307.98,0
19832,15571666,Ch'ien,516,France,Male,28.0,4,169988.35,1,1.0,1.0,10772.13,0
19833,15673570,P'eng,768,France,Female,64.0,1,105627.95,1,1.0,0.0,36560.51,1
19834,15690079,Onwumelu,584,France,Male,25.0,9,124098.54,1,0.0,0.0,137916.49,0
19835,15589017,Nnamutaezinwa,834,Germany,Male,45.0,1,104786.54,3,0.0,0.0,111243.09,1
19836,15619340,Ch'ien,683,Germany,Male,49.0,4,88915.85,1,1.0,0.0,182025.95,1
19837,15612966,Milani,545,Germany,Female,60.0,7,128981.07,1,1.0,0.0,176924.21,1
19838,15583212,Chidozie,609,France,Female,35.0,5,134022.06,1,1.0,0.0,194764.83,0
19839,15722433,Palerma,637,France,Male,31.0,6,0.0,2,1.0,1.0,84469.89,0
19840,15601351,Fanucci,655,Germany,Female,28.0,5,120135.55,2,1.0,0.0,149537.43,0
19841,15731144,Nwachukwu,683,France,Male,56.0,6,0.0,1,1.0,1.0,110421.31,1
19842,15682021,Lai,471,Germany,Male,40.0,6,104592.55,2,1.0,0.0,131736.23,0
19843,15715184,Kao,577,France,Female,51.0,2,0.0,3,1.0,1.0,164806.89,1
19844,15802060,Lucchese,679,France,Female,43.0,10,0.0,1,1.0,1.0,103760.98,0
19845,15775804,Chikezie,494,Spain,Male,41.0,9,0.0,2,1.0,1.0,62390.62,0
19846,15683657,Ndubueze,573,Spain,Female,52.0,8,0.0,1,1.0,0.0,94993.04,1
19847,15605424,Chia,545,France,Male,33.0,7,127536.44,2,1.0,0.0,108398.63,0
19848,15772801,Ch'iu,637,France,Female,54.0,8,168069.29,1,0.0,0.0,143980.17,1
19849,15687588,Chukwueloka,587,France,Female,39.0,8,116353.2,1,1.0,1.0,199505.37,0
19850,15747677,Cribb,774,Germany,Male,41.0,5,141069.43,1,0.0,0.0,159823.14,0
19851,15755084,Hsia,728,Spain,Male,34.0,3,0.0,2,1.0,0.0,123850.56,0
19852,15689329,Hsing,639,France,Male,35.0,5,0.0,2,1.0,1.0,152797.32,0
19853,15775295,Martin,763,Germany,Female,42.0,6,118633.08,1,0.0,0.0,60032.46,1
19854,15749693,Ugonnatubelum,658,France,Female,42.0,9,0.0,2,1.0,0.0,156774.75,0
19855,15676939,Ting,727,France,Female,35.0,3,0.0,1,0.0,1.0,146597.92,0
19856,15763859,Brown,840,Spain,Female,43.0,7,0.0,2,1.0,0.0,90908.95,0
19857,15645593,T'ien,659,France,Male,40.0,1,123674.28,2,1.0,0.0,54498.62,0
19858,15625247,Scott,681,France,Female,34.0,1,0.0,1,1.0,0.0,114448.13,0
19859,15641091,Padilla,695,France,Female,31.0,6,106089.2,1,1.0,1.0,99537.68,0
19860,15605036,Yobachi,605,Spain,Female,38.0,7,0.0,1,1.0,0.0,61636.22,1
19861,15578799,Anayolisa,679,Spain,Female,40.0,2,0.0,1,1.0,1.0,176921.0,1
19862,15793973,Smith,494,France,Male,34.0,8,0.0,2,0.0,0.0,171374.74,0
19863,15679967,Tung,716,Germany,Male,59.0,3,114899.55,1,1.0,0.0,101348.76,0
19864,15710315,Ch'in,523,France,Female,53.0,4,128554.98,1,1.0,1.0,12538.92,0
19865,15724423,Wilson,571,France,Female,38.0,5,107193.82,2,1.0,0.0,38962.94,0
19866,15669516,Onyekachi,639,Spain,Male,39.0,4,0.0,2,1.0,0.0,95583.98,0
19867,15702769,Obialo,725,France,Male,37.0,8,0.0,2,1.0,1.0,94762.97,0
19868,15806918,Baresi,704,Spain,Male,40.0,9,0.0,2,1.0,1.0,121537.91,0
19869,15572022,Udinese,775,Germany,Male,48.0,4,117160.32,1,1.0,0.0,119712.78,1
19870,15637315,Chukwukere,646,France,Male,53.0,8,126473.57,1,1.0,0.0,152295.66,1
19871,15663489,Clements,658,France,Male,35.0,2,0.0,2,1.0,0.0,53534.8,0
19872,15770041,T'ien,684,France,Male,45.0,8,0.0,2,0.0,0.0,112333.63,0
19873,15739857,Trentino,579,France,Male,40.0,2,0.0,2,0.0,1.0,96832.82,0
19874,15721460,Martin,652,Germany,Male,34.0,8,185932.18,2,1.0,1.0,122810.53,0
19875,15749019,Nweke,543,France,Male,44.0,6,75893.13,1,1.0,0.0,142963.13,0
19876,15702601,Nwachinemelu,653,France,Male,37.0,3,0.0,1,1.0,0.0,55907.08,0
19877,15636023,Macleod,545,Spain,Male,38.0,2,0.0,2,1.0,1.0,185563.23,0
19878,15739857,Trentino,607,France,Female,40.0,3,0.0,2,1.0,0.0,96832.82,0
19879,15594133,Erskine,697,Spain,Male,62.0,7,0.0,1,1.0,1.0,129188.18,0
19880,15781598,Cheng,785,Germany,Male,48.0,9,122031.55,1,0.0,0.0,33823.5,1
19881,15713854,De Mestre,558,Germany,Male,47.0,0,91827.73,2,1.0,0.0,169826.7,1
19882,15697035,Garrett,740,Spain,Female,24.0,8,0.0,2,0.0,0.0,86657.48,0
19883,15789972,Hs?,753,France,Male,36.0,2,0.0,2,0.0,1.0,183617.44,0
19884,15724563,Ts'ai,596,France,Female,39.0,5,0.0,1,1.0,0.0,173486.85,1
19885,15631406,Onochie,526,France,Female,26.0,4,0.0,2,0.0,0.0,136051.73,0
19886,15642448,Onyemauchechukwu,578,Spain,Male,30.0,8,120047.77,1,0.0,0.0,137173.39,0
19887,15752857,Palerma,751,Germany,Male,52.0,6,98443.14,2,0.0,0.0,92033.98,0
19888,15628715,Chien,562,Spain,Male,32.0,5,161628.66,1,1.0,0.0,91429.74,0
19889,15753549,Hsiung,619,Germany,Male,50.0,9,121237.65,1,1.0,0.0,140763.18,1
19890,15679884,Ch'ang,521,France,Female,39.0,1,0.0,2,0.0,1.0,152740.15,0
19891,15650086,Trevisan,642,Spain,Female,39.0,8,0.0,2,1.0,1.0,140166.95,0
19892,15690829,Ewers,554,France,Male,44.0,3,98640.1,1,1.0,1.0,6944.02,0
19893,15755865,Mazzi,645,France,Male,43.0,2,0.0,2,1.0,1.0,83093.25,0
19894,15752300,Lo Duca,703,France,Female,34.0,9,0.0,2,1.0,1.0,81299.13,0
19895,15578603,Pearce,631,Germany,Male,33.0,1,77354.37,2,0.0,0.0,138192.98,0
19896,15721730,Hsing,645,Germany,Female,58.0,7,125921.37,1,0.0,0.0,152740.15,1
19897,15580462,P'eng,647,Spain,Male,38.0,4,0.0,1,1.0,0.0,141180.52,0
19898,15716381,Hamilton,704,France,Female,32.0,9,131240.61,1,1.0,0.0,149558.83,1
19899,15636388,Zetticci,762,Spain,Male,41.0,9,150923.99,1,1.0,0.0,1002.39,0
19900,15707918,Nwankwo,699,France,Female,37.0,7,0.0,2,1.0,1.0,85411.65,0
19901,15672027,Onyemachukwu,686,Germany,Male,37.0,2,124781.67,2,1.0,0.0,122580.48,0
19902,15814035,Scott,691,Spain,Male,31.0,4,0.0,1,1.0,1.0,170890.04,0
19903,15700654,Teng,684,Spain,Male,46.0,3,0.0,2,0.0,1.0,59961.82,0
19904,15656300,Ting,659,France,Female,39.0,8,0.0,2,0.0,0.0,25951.51,0
19905,15581526,Iweobiegbulam,574,Germany,Male,41.0,1,58469.37,2,1.0,0.0,70550.0,0
19906,15732963,Milanesi,629,Germany,Male,40.0,8,116498.22,1,1.0,0.0,143086.09,1
19907,15776767,Pinto,616,France,Male,40.0,9,116465.54,1,1.0,0.0,1408.78,0
19908,15602844,Kosisochukwu,621,Spain,Male,43.0,5,0.0,2,1.0,1.0,149331.01,0
19909,15781534,Rapuluolisa,536,Germany,Female,40.0,4,121520.36,1,0.0,0.0,77178.42,1
19910,15737267,Ritchie,703,France,Male,43.0,4,0.0,1,1.0,1.0,178722.24,1
19911,15609949,Tien,683,Germany,Female,39.0,8,164957.96,2,0.0,0.0,109623.31,0
19912,15771573,Lettiere,597,Spain,Male,33.0,8,0.0,1,1.0,1.0,132418.36,0
19913,15612832,Jamieson,526,France,Male,32.0,7,125540.05,1,1.0,0.0,86786.41,0
19914,15605067,Nwachinemelu,644,France,Male,19.0,9,0.0,2,1.0,1.0,3453.4,0
19915,15812356,Doherty,722,France,Female,40.0,6,89175.06,1,0.0,0.0,152883.95,1
19916,15600992,Uspenskaya,627,Germany,Male,43.0,2,109663.56,2,1.0,1.0,155053.08,0
19917,15751137,Milne,634,Spain,Female,43.0,1,0.0,1,1.0,0.0,183358.21,1
19918,15785865,Gibbons,706,Germany,Male,44.0,9,108589.47,1,1.0,0.0,26362.4,1
19919,15723720,Nwabugwu,587,France,Male,27.0,5,0.0,2,1.0,1.0,181224.04,0
19920,15760063,Trevisan,648,France,Female,47.0,5,0.0,2,1.0,0.0,55313.51,0
19921,15771059,Hsueh,675,France,Male,37.0,6,0.0,2,0.0,1.0,80416.16,0
19922,15793854,Ch'ang,628,France,Female,39.0,9,131359.04,1,0.0,0.0,115668.52,0
19923,15681553,Hsing,705,Spain,Female,40.0,1,121691.42,1,1.0,0.0,57553.62,0
19924,15791958,Hsia,738,France,Female,57.0,3,0.0,1,1.0,0.0,149604.52,1
19925,15772423,Zikoranachidimma,651,Spain,Male,45.0,6,0.0,2,1.0,1.0,156792.89,0
19926,15625020,Kolesnikov,597,France,Female,28.0,8,0.0,1,1.0,1.0,184330.76,0
19927,15737571,Bibi,731,France,Female,22.0,4,0.0,2,1.0,0.0,121210.93,0
19928,15688713,McCall,627,Spain,Male,55.0,6,0.0,1,1.0,0.0,114469.55,1
19929,15768340,Trevisano,719,France,Male,23.0,8,0.0,2,1.0,1.0,131778.58,0
19930,15733888,Sells,721,Spain,Female,36.0,3,133686.52,1,1.0,0.0,190958.48,0
19931,15689322,Montgomery,641,France,Male,37.0,1,0.0,2,1.0,0.0,120321.09,0
19932,15803968,Hsia,684,Spain,Male,33.0,8,71996.09,1,1.0,1.0,129890.95,0
19933,15772773,Tuan,705,Germany,Male,29.0,1,108239.5,2,1.0,1.0,90896.09,0
19934,15782909,Nwachinemelu,689,France,Male,28.0,4,0.0,2,1.0,0.0,119818.17,0
19935,15664808,Nicoll,790,France,Male,34.0,3,0.0,3,0.0,0.0,98897.32,0
19936,15585595,Lucciano,569,France,Female,48.0,5,0.0,1,1.0,1.0,136985.08,1
19937,15629244,Tien,578,France,Male,32.0,1,115532.52,1,0.0,0.0,170980.86,0
19938,15705918,T'ien,583,France,Male,37.0,2,0.0,2,1.0,0.0,52317.14,0
19939,15788676,Y?,526,Germany,Male,42.0,9,103549.24,1,1.0,0.0,64375.4,1
19940,15575024,Uwaezuoke,574,France,Male,36.0,5,0.0,2,1.0,1.0,143980.29,0
19941,15657881,Onyemere,683,France,Male,38.0,5,136712.91,1,0.0,1.0,169920.92,0
19942,15769169,Smith,611,France,Male,39.0,8,0.0,2,0.0,1.0,158323.91,0
19943,15793331,Pagnotto,648,France,Male,41.0,8,0.0,1,1.0,0.0,173365.89,1
19944,15623277,Ross,676,France,Male,30.0,5,0.0,2,0.0,0.0,196134.44,0
19945,15566091,Thomsen,683,Spain,Female,32.0,4,0.0,1,1.0,0.0,94739.2,0
19946,15624293,Chukwualuka,805,Spain,Female,30.0,5,0.0,2,1.0,0.0,55868.97,0
19947,15762091,He,631,Spain,Female,19.0,6,0.0,3,0.0,1.0,63747.51,1
19948,15686983,Rohu,678,Germany,Female,25.0,10,76968.12,2,1.0,0.0,131501.72,0
19949,15751477,Aitken,638,Germany,Female,43.0,4,106917.52,1,1.0,0.0,87412.36,1
19950,15573599,L?,655,France,Female,46.0,10,109162.82,1,1.0,0.0,166586.99,0
19951,15726695,Hsia,601,Spain,Female,20.0,7,122446.61,2,1.0,0.0,86791.9,0
19952,15689955,Ngozichukwuka,599,France,Female,37.0,9,0.0,2,1.0,1.0,148501.61,0
19953,15750458,Hawkins,693,Spain,Male,39.0,8,0.0,2,0.0,1.0,142331.39,0
19954,15799357,Zuyeva,707,Spain,Male,43.0,9,0.0,2,0.0,1.0,115241.96,0
19955,15658067,Nwachinemelu,731,France,Male,36.0,4,84421.62,1,1.0,0.0,166677.54,0
19956,15782941,Chidozie,543,Spain,Male,24.0,2,139825.04,1,1.0,1.0,26136.13,0
19957,15720671,Ibezimako,704,Germany,Male,42.0,8,129735.3,2,1.0,1.0,179565.57,0
19958,15751774,T'ao,601,France,Male,31.0,6,0.0,2,1.0,0.0,120852.85,0
19959,15777616,Hsiao,569,France,Male,31.0,5,129490.32,1,1.0,1.0,111097.39,0
19960,15589496,Nnamutaezinwa,581,Germany,Female,48.0,10,109974.47,1,1.0,0.0,77965.43,1
19961,15665158,Chukwuemeka,667,France,Male,27.0,7,137275.36,1,1.0,1.0,115733.16,0
19962,15750248,Palerma,752,Germany,Female,43.0,6,138076.47,2,1.0,0.0,154767.34,0
19963,15783526,Ogochukwu,735,France,Male,33.0,2,141528.88,1,1.0,0.0,147797.54,0
19964,15663987,Wright,639,Spain,Male,30.0,5,0.0,1,1.0,0.0,164647.72,0
19965,15697460,Palermo,613,Spain,Female,34.0,2,0.0,2,1.0,1.0,176882.08,0
19966,15629338,Collingridge de Tourcey,658,Spain,Female,53.0,2,157320.51,1,1.0,0.0,103644.98,0
19967,15641622,Ch'iu,589,Germany,Female,38.0,7,132724.2,2,1.0,0.0,136592.09,0
19968,15654296,Estrada,752,Spain,Female,36.0,6,0.0,1,1.0,0.0,189641.11,0
19969,15710103,Okwuoma,716,France,Female,43.0,2,129974.69,1,1.0,0.0,129964.1,1
19970,15674851,K'ung,627,France,Male,38.0,4,0.0,2,1.0,0.0,105295.77,0
19971,15780220,Chinedum,682,France,Male,42.0,1,142289.75,1,1.0,0.0,101617.94,0
19972,15739046,Kao,767,France,Female,32.0,8,0.0,2,1.0,0.0,70954.41,0
19973,15727391,Iadanza,751,France,Female,43.0,3,0.0,2,1.0,0.0,125920.54,0
19974,15694581,Chukwuemeka,850,France,Female,40.0,5,114430.18,1,0.0,1.0,166850.57,0
19975,15790336,Tokareva,825,Germany,Female,36.0,6,71142.77,2,1.0,0.0,122433.09,1
19976,15803908,Fu,628,France,Male,48.0,9,0.0,2,1.0,1.0,96862.56,0
19977,15648064,Kennedy,629,Germany,Male,33.0,2,190125.43,2,0.0,0.0,21793.59,0
19978,15691446,Chiawuotu,689,Spain,Female,36.0,4,146098.43,1,1.0,0.0,137519.92,0
19979,15748608,Shih,585,Germany,Male,38.0,8,155062.6,1,1.0,1.0,160968.44,0
19980,15601787,Greco,641,Germany,Male,35.0,2,103711.56,2,0.0,1.0,192464.21,0
19981,15628886,Matlock,677,France,Male,49.0,5,123959.97,1,1.0,1.0,60590.72,1
19982,15640521,Chidumaga,538,Germany,Female,33.0,8,128644.46,2,1.0,0.0,28226.15,0
19983,15803947,Biryukov,516,Spain,Male,28.0,6,137984.66,1,1.0,0.0,136497.28,0
19984,15683625,Fallaci,793,France,Female,37.0,1,112564.62,2,0.0,1.0,41233.97,0
19985,15703679,P'eng,683,Spain,Female,54.0,2,0.0,2,0.0,1.0,118929.54,0
19986,15581525,Walker,775,Germany,Male,33.0,5,83501.66,2,1.0,1.0,128841.31,0
19987,15599403,Golubeva,514,Spain,Female,40.0,10,128882.49,1,1.0,1.0,190889.13,0
19988,15756472,P'eng,714,Spain,Male,38.0,1,0.0,1,0.0,1.0,77500.81,0
19989,15806926,Ebelechukwu,548,Germany,Female,33.0,6,106871.81,1,1.0,0.0,153382.28,1
19990,15796370,Fanucci,681,France,Female,25.0,1,0.0,2,0.0,0.0,141364.31,0
19991,15575691,Goliwe,613,France,Female,43.0,3,0.0,1,1.0,1.0,70780.8,1
19992,15612108,Obiora,708,Spain,Male,35.0,7,0.0,1,1.0,1.0,91775.51,0
19993,15673599,Lettiere,535,France,Female,29.0,7,0.0,2,1.0,0.0,168822.71,0
19994,15794580,Hsia,581,France,Male,42.0,8,0.0,1,1.0,0.0,16081.62,0
19995,15693732,Yermakova,722,Germany,Female,44.0,7,123276.69,1,0.0,0.0,58883.91,1
19996,15754929,Hughes-Jones,850,France,Male,57.0,7,79259.99,1,0.0,1.0,182960.46,0
19997,15604761,Yefremova,581,Spain,Female,27.0,3,0.0,1,0.0,0.0,90928.08,0
19998,15740487,Ross,627,France,Female,49.0,0,0.0,2,1.0,1.0,138700.75,0
19999,15624397,Rizzo,656,Spain,Female,36.0,1,0.0,1,1.0,0.0,137506.71,1
