id,CustomerId,Surname,CreditScore,Geography,Gender,Age,Tenure,Balance,NumOfProducts,HasCrCard,IsActiveMember,EstimatedSalary,Exited
0,15674932,Okwudilichukwu,668,France,Male,33.0,3,0.0,2,1.0,0.0,181449.97,0
1,15749177,Okwudiliolisa,627,France,Male,33.0,1,0.0,2,1.0,1.0,49503.5,0
2,15694510,Hsueh,678,France,Male,40.0,10,0.0,2,1.0,0.0,184866.69,0
3,15741417,Kao,581,France,Male,34.0,2,148882.54,1,1.0,1.0,84560.88,0
4,15766172,Chiemenam,716,Spain,Male,33.0,5,0.0,2,1.0,1.0,15068.83,0
5,15771669,Genovese,588,Germany,Male,36.0,4,131778.58,1,1.0,0.0,136024.31,1
6,15692819,Ch'ang,593,France,Female,30.0,8,144772.69,1,1.0,0.0,29792.11,0
7,15669611,Chukwuebuka,678,Spain,Male,37.0,1,138476.41,1,1.0,0.0,106851.6,0
8,15691707,Manna,676,France,Male,43.0,4,0.0,2,1.0,0.0,142917.13,0
9,15591721,Cattaneo,583,Germany,Male,40.0,4,81274.33,1,1.0,1.0,170843.07,0
10,15635097,Fokine,599,Germany,Female,27.0,6,161801.47,2,1.0,0.0,109184.24,0
11,15674671,Chiu,687,Germany,Male,40.0,3,90432.92,1,1.0,0.0,1676.92,0
12,15717962,Rossi,759,Spain,Male,71.0,9,0.0,1,1.0,1.0,93081.87,0
13,15793029,Ts'ai,681,France,Male,47.0,5,0.0,1,1.0,1.0,72945.68,0
14,15643294,Chukwuemeka,703,France,Female,33.0,7,190566.65,1,1.0,1.0,79997.14,0
15,15690958,Tung,549,France,Female,25.0,5,0.0,2,1.0,0.0,162260.93,0
16,15566543,Macdonald,602,France,Male,36.0,7,0.0,2,0.0,1.0,135082.47,0
17,15679804,Esquivel,636,France,Male,36.0,4,117559.05,2,1.0,0.0,111573.3,0
18,15671358,Hargreaves,645,Germany,Female,55.0,8,120105.43,1,1.0,0.0,125083.29,1
19,15650670,Ts'ui,559,France,Male,61.0,1,153711.26,1,0.0,1.0,180890.4,1
20,15781496,Udegbulam,773,Spain,Male,35.0,9,0.0,2,0.0,1.0,87549.36,0
21,15691808,Nnachetam,554,France,Male,41.0,8,0.0,2,1.0,0.0,113926.31,0
22,15759913,Trentini,553,Germany,Female,43.0,9,85200.82,1,1.0,0.0,160574.09,0
23,15576044,Akabueze,554,Germany,Male,44.0,9,121823.26,1,1.0,0.0,79577.68,1
24,15626012,Obidimkpa,714,France,Male,26.0,6,149879.66,2,1.0,1.0,50016.17,0
25,15671137,Sazonova,703,Spain,Male,39.0,9,0.0,1,1.0,0.0,131363.57,1
26,15665180,Vasilieva,616,Spain,Male,31.0,3,136789.14,2,0.0,1.0,59346.4,0
27,15765461,Shih,586,France,Female,58.0,2,147262.11,1,1.0,1.0,100835.19,0
28,15794849,Chidubem,785,Spain,Male,41.0,4,0.0,1,1.0,0.0,170968.99,1
29,15573769,Yermolayev,834,France,Male,49.0,6,0.0,2,1.0,0.0,81999.53,0
30,15583026,L?,632,France,Male,32.0,5,0.0,2,1.0,1.0,105817.87,0
31,15704795,Kumm,746,France,Male,33.0,7,0.0,2,1.0,1.0,178067.33,0
32,15678626,Okonkwo,797,Spain,Female,55.0,0,99208.46,2,0.0,1.0,62402.38,1
33,15624993,Ch'ien,753,France,Female,36.0,9,128518.98,1,1.0,0.0,44567.83,0
34,15593973,Chiu,749,Germany,Male,50.0,5,132576.25,1,1.0,0.0,125939.18,1
35,15661591,Panicucci,413,Germany,Male,28.0,3,130969.77,2,1.0,1.0,158891.79,0
36,15635330,Walker,611,Spain,Male,45.0,0,0.0,2,1.0,0.0,82403.08,0
37,15761718,Lucchesi,752,France,Male,37.0,6,0.0,2,0.0,0.0,1187.88,0
38,15756475,Kenniff,551,Germany,Male,31.0,9,82293.82,2,0.0,1.0,91565.25,1
39,15653849,Ting,747,Germany,Male,58.0,9,114514.71,1,1.0,0.0,45414.12,1
40,15799785,Hs?,714,France,Male,52.0,8,0.0,2,1.0,1.0,147815.19,0
41,15723827,Hsia,683,France,Male,30.0,4,114779.35,1,0.0,0.0,183171.47,0
42,15673599,Mamelu,684,Germany,Female,31.0,3,142293.54,3,1.0,0.0,146650.6,1
43,15662494,Ibezimako,696,France,Female,27.0,5,0.0,2,0.0,0.0,181499.77,0
44,15643671,Chiekwugo,773,France,Male,36.0,8,77253.22,2,1.0,1.0,35817.97,0
45,15759537,Ch'iu,591,Germany,Female,35.0,10,101099.9,1,1.0,0.0,195692.3,0
46,15580912,McNeill,488,Germany,Male,34.0,5,154737.88,2,0.0,1.0,172638.13,0
47,15800806,Johnston,685,Spain,Male,31.0,10,122449.31,2,1.0,1.0,180769.55,0
48,15777591,Hs?,579,France,Male,39.0,6,160541.0,2,1.0,1.0,149913.08,0
49,15645353,Chubb,607,France,Male,26.0,1,0.0,2,1.0,0.0,29818.2,0
50,15776824,Aksenov,742,France,Female,29.0,8,92219.41,1,1.0,1.0,132468.76,0
51,15797900,T'ien,611,France,Male,25.0,7,131344.52,1,0.0,1.0,24677.54,0
52,15791342,Onyekachi,677,France,Female,31.0,3,0.0,2,1.0,1.0,182633.63,0
53,15593694,Omeokachie,461,France,Female,40.0,6,122314.64,1,1.0,0.0,172450.19,1
54,15673772,Nkemakolam,753,Spain,Male,37.0,8,0.0,1,1.0,1.0,168816.35,0
55,15775116,Tung,634,France,Female,47.0,1,0.0,1,1.0,0.0,73883.56,1
56,15780088,Porter,647,Spain,Male,34.0,9,132439.99,1,1.0,0.0,177747.72,0
57,15791774,Goliwe,577,France,Male,36.0,3,112668.48,1,1.0,1.0,171344.02,0
58,15637366,Su,809,France,Male,31.0,5,0.0,2,1.0,0.0,122782.5,0
59,15579787,Nkemakonam,686,France,Female,45.0,4,0.0,1,1.0,0.0,155023.93,1
60,15640034,Mazzi,633,France,Female,29.0,6,0.0,2,1.0,0.0,93874.67,0
61,15807335,Hsueh,494,France,Female,36.0,6,0.0,1,1.0,1.0,95583.52,0
62,15720509,Shao,699,France,Male,31.0,7,0.0,2,1.0,0.0,171922.92,0
63,15797733,Macfarlan,668,Germany,Male,38.0,4,131136.97,2,1.0,1.0,93713.83,0
64,15719579,Calabrese,703,France,Male,37.0,1,0.0,2,1.0,1.0,166850.97,0
65,15725882,Nwachukwu,663,France,Female,54.0,6,0.0,1,1.0,1.0,170950.58,1
66,15763612,T'an,756,Germany,Male,41.0,3,124439.49,2,1.0,1.0,47093.11,0
67,15706232,Hs?,648,Spain,Male,56.0,0,110939.3,1,1.0,1.0,92927.42,1
68,15726354,Walker,599,Spain,Male,35.0,8,0.0,2,1.0,1.0,59816.41,0
69,15747541,Maclean,678,Germany,Female,43.0,8,129845.53,1,0.0,0.0,120853.51,1
70,15660301,T'ien,563,France,Male,43.0,7,146425.31,1,1.0,0.0,139435.54,0
71,15796849,Hsiung,682,Germany,Female,34.0,5,126731.71,1,1.0,0.0,153870.58,1
72,15674343,Lettiere,620,France,Male,46.0,8,177799.83,1,1.0,1.0,45414.09,0
73,15593772,Shao,721,Spain,Male,30.0,9,0.0,2,1.0,1.0,177747.05,0
74,15646563,Y?,652,France,Male,40.0,0,0.0,2,0.0,0.0,145593.85,0
75,15791326,Macleod,535,France,Male,34.0,3,123575.51,2,1.0,1.0,121525.48,0
76,15654296,Mazzanti,584,Germany,Male,26.0,1,127539.9,2,0.0,0.0,82712.53,0
77,15660688,King,701,Spain,Female,35.0,2,0.0,2,0.0,0.0,170996.86,0
78,15780038,Ts'ai,577,France,Male,42.0,2,127539.97,1,1.0,1.0,85412.28,0
79,15792818,Blair,663,Germany,Female,34.0,1,131569.63,1,1.0,1.0,158071.69,0
80,15762882,Hsia,640,Spain,Male,50.0,1,0.0,2,0.0,1.0,13906.34,0
81,15692931,Palermo,711,Spain,Male,36.0,1,139422.39,1,1.0,0.0,44965.44,0
82,15603840,Lo Duca,707,Germany,Female,38.0,5,106920.91,1,0.0,1.0,52404.47,1
83,15651581,Bales,631,France,Male,31.0,1,141859.12,1,1.0,1.0,74532.02,0
84,15777797,Nnaemeka,637,Spain,Male,64.0,1,0.0,1,0.0,1.0,181490.42,0
85,15616700,H?,622,France,Male,29.0,9,0.0,2,1.0,1.0,155786.39,0
86,15659234,Chiang,494,France,Male,30.0,3,85704.95,1,1.0,0.0,27886.06,0
87,15673877,Ibeabuchi,775,France,Female,20.0,6,109026.6,1,1.0,1.0,120801.65,0
88,15784700,Chikelu,817,France,Female,31.0,7,117799.28,1,1.0,1.0,182372.35,0
89,15768233,Fanucci,703,France,Male,38.0,10,0.0,2,1.0,1.0,170886.87,0
90,15690175,Fanucci,592,Spain,Male,32.0,7,0.0,2,1.0,1.0,140941.47,0
91,15579526,Niu,743,Germany,Male,37.0,2,132627.51,1,1.0,0.0,183566.87,1
92,15623082,Ndukaku,726,France,Female,26.0,5,0.0,2,1.0,0.0,52449.97,1
93,15641822,Mironova,431,France,Male,37.0,4,0.0,2,1.0,1.0,171344.06,0
94,15756875,Johnston,571,France,Female,50.0,4,0.0,1,1.0,0.0,145567.36,1
95,15791534,Scott,588,Germany,Male,30.0,10,126683.4,1,1.0,1.0,131636.55,0
96,15671139,Shih,659,Spain,Female,39.0,0,107042.74,1,1.0,0.0,102284.2,1
97,15576935,Ampt,743,Spain,Male,43.0,2,161807.18,2,0.0,1.0,93228.86,0
98,15669946,Shih,639,Germany,Female,43.0,7,123873.52,1,1.0,1.0,51113.17,0
99,15673599,Williamson,618,Spain,Male,35.0,5,133476.09,1,0.0,1.0,154843.4,0
100,15624391,T'ang,722,France,Male,40.0,8,0.0,2,1.0,0.0,152843.53,0
101,15629117,Eremenko,712,France,Female,25.0,5,121789.63,2,1.0,1.0,79458.73,0
102,15797760,Ch'iu,672,France,Female,28.0,5,90612.34,1,1.0,1.0,149139.13,0
103,15800434,Ndubuagha,804,France,Male,39.0,0,117468.64,1,0.0,0.0,121206.83,0
104,15798532,Hs?,682,France,Female,46.0,10,0.0,2,0.0,0.0,109184.24,0
105,15808971,Alleyne,730,France,Male,27.0,5,0.0,2,1.0,0.0,133537.53,0
106,15687540,Pagnotto,506,France,Female,32.0,8,0.0,2,1.0,0.0,53534.8,0
107,15687903,Pinto,749,France,Male,38.0,6,0.0,2,1.0,0.0,166468.28,0
108,15629551,Li Fonti,569,France,Male,43.0,3,0.0,1,0.0,0.0,119996.68,1
109,15583597,Ts'ai,553,Germany,Female,21.0,3,137553.29,2,1.0,0.0,52327.57,0
110,15782418,Chiagoziem,681,Germany,Male,58.0,9,130147.98,2,0.0,0.0,118749.58,1
111,15689351,Ritchie,558,France,Male,47.0,0,0.0,1,1.0,1.0,118740.69,1
112,15577064,Onyekaozulu,507,Germany,Female,36.0,8,139979.07,2,1.0,0.0,65567.91,0
113,15690958,Palerma,594,France,Male,35.0,2,185732.59,1,1.0,1.0,155843.48,0
114,15603683,Ofodile,796,Spain,Female,23.0,3,146584.19,2,0.0,0.0,125445.8,1
115,15585599,Dyer,615,France,Female,40.0,10,0.0,1,1.0,0.0,125870.78,1
116,15606887,Hill,619,France,Male,28.0,2,0.0,1,1.0,0.0,193880.6,0
117,15754574,P'eng,471,Spain,Male,28.0,1,0.0,1,1.0,0.0,95890.96,0
118,15658852,Nwankwo,434,Germany,Male,29.0,1,137555.44,2,1.0,1.0,152880.5,0
119,15673342,Ts'ui,706,Spain,Male,30.0,5,0.0,2,1.0,1.0,80425.65,0
120,15668575,Pagnotto,758,France,Female,46.0,2,0.0,1,1.0,0.0,173486.39,1
121,15641640,Kirillova,611,France,Female,48.0,2,0.0,1,0.0,1.0,161435.02,1
122,15606887,Olejuru,762,France,Male,29.0,8,0.0,2,1.0,0.0,43075.7,0
123,15699797,Lucchesi,635,France,Male,36.0,2,0.0,2,1.0,1.0,93835.64,0
124,15741417,Ts'ui,706,France,Female,42.0,8,0.0,2,1.0,0.0,167778.61,0
125,15655298,Calabresi,630,Spain,Female,38.0,8,0.0,2,1.0,0.0,76614.41,0
126,15572777,Nnachetam,709,France,Female,37.0,1,0.0,2,1.0,1.0,170819.17,0
127,15584584,Ejimofor,661,France,Male,34.0,0,0.0,2,1.0,1.0,121299.65,0
128,15660809,Hsing,633,Germany,Female,52.0,3,103421.8,1,0.0,0.0,82298.81,1
129,15674727,Yashina,682,Spain,Male,34.0,5,102025.32,1,0.0,0.0,96542.0,0
130,15711789,T'ien,683,France,Male,32.0,2,0.0,1,0.0,0.0,125518.32,0
131,15652677,Istomin,644,Spain,Male,43.0,9,89800.14,1,0.0,0.0,162699.8,0
132,15720353,Chiu,579,France,Female,59.0,7,0.0,2,1.0,1.0,87067.73,0
133,15791667,Shih,731,France,Female,33.0,6,0.0,2,1.0,0.0,109041.53,0
134,15722004,Uspenskaya,611,France,Male,37.0,6,0.0,2,1.0,0.0,149991.32,0
135,15665760,H?,592,Germany,Female,47.0,5,140700.61,1,0.0,1.0,133501.45,1
136,15641490,Sinnett,571,France,Female,32.0,2,131354.25,1,1.0,0.0,125256.53,0
137,15589204,Iweobiegbulam,748,Germany,Female,28.0,7,133658.24,1,1.0,1.0,77951.84,0
138,15750141,Nwoye,613,France,Male,37.0,3,0.0,2,0.0,1.0,142996.89,0
139,15574296,Genovese,773,France,Male,43.0,10,80673.96,1,1.0,0.0,72678.75,1
140,15663625,Mironov,731,France,Male,23.0,8,0.0,2,0.0,0.0,167723.25,0
141,15705620,Burt,727,France,Male,26.0,8,0.0,2,1.0,1.0,193008.52,0
142,15811970,Chineze,649,Spain,Female,43.0,8,91711.66,1,1.0,1.0,146411.25,1
143,15585892,Uvarova,684,France,Female,26.0,8,0.0,2,1.0,0.0,164074.89,0
144,15631609,Chukwumaobim,681,France,Male,34.0,5,127864.4,1,1.0,1.0,93829.73,0
145,15584518,O'Sullivan,835,France,Female,37.0,4,0.0,1,0.0,0.0,158043.11,1
146,15659428,Y?an,639,France,Male,27.0,2,0.0,2,1.0,1.0,81753.92,0
147,15677586,Romero,587,Germany,Female,32.0,8,125445.04,2,1.0,1.0,130514.78,0
148,15804256,Hale,765,Germany,Female,36.0,8,92310.54,1,1.0,1.0,72924.56,1
149,15783501,Hsia,632,Germany,Female,42.0,7,131345.26,1,0.0,1.0,100101.06,1
150,15622454,Ts'ai,667,Spain,Male,39.0,3,0.0,2,1.0,0.0,143622.31,0
151,15723028,Smith,648,France,Male,33.0,0,170228.59,1,1.0,1.0,15658.99,0
152,15602344,Ch'ang,479,Germany,Female,58.0,2,131644.0,1,1.0,1.0,152733.89,1
153,15685500,Lucchesi,727,France,Male,28.0,5,0.0,2,0.0,0.0,131763.67,0
154,15732704,Okwuadigbo,678,Spain,Female,25.0,3,0.0,2,0.0,1.0,125794.83,0
155,15786859,Genovesi,684,Germany,Male,42.0,1,121240.54,2,1.0,0.0,142514.28,0
156,15572767,Ch'ang,850,Spain,Female,36.0,8,0.0,2,1.0,1.0,71865.31,0
157,15806918,Ireland,674,France,Male,28.0,7,0.0,1,1.0,0.0,151925.25,0
158,15757931,Genovesi,613,France,Male,49.0,2,0.0,1,1.0,0.0,131752.04,1
159,15581261,Hsiung,594,France,Male,51.0,2,0.0,2,1.0,1.0,75860.01,1
160,15763612,Y?an,712,France,Female,43.0,4,0.0,2,0.0,0.0,117038.96,0
161,15576743,P'eng,715,Spain,Female,46.0,2,0.0,1,1.0,0.0,116471.26,1
162,15763773,L?,655,Germany,Female,24.0,3,110581.29,2,0.0,0.0,128528.61,0
163,15572038,Tien,706,France,Female,38.0,7,0.0,2,0.0,0.0,933.38,0
164,15585835,O'Brien,723,France,Female,41.0,6,0.0,2,1.0,1.0,64375.4,0
165,15604551,Nwankwo,590,France,Male,38.0,9,125847.75,1,1.0,0.0,73679.61,0
166,15720353,T'ien,539,France,Female,30.0,1,0.0,2,1.0,0.0,152577.28,0
167,15763515,Trevisani,615,France,Female,38.0,3,141581.08,1,1.0,0.0,177524.19,0
168,15592089,Larsen,788,France,Male,31.0,10,0.0,2,1.0,0.0,116111.51,0
169,15612494,Panicucci,359,France,Female,44.0,6,128747.69,1,0.0,1.0,146955.71,0
170,15660385,P'an,753,France,Female,43.0,1,0.0,2,1.0,0.0,82867.55,0
171,15682489,Palerma,667,France,Male,32.0,9,120108.76,1,1.0,0.0,131803.09,0
172,15612043,Fu,660,France,Female,33.0,0,83036.05,1,0.0,0.0,154990.58,1
173,15771674,Hsia,517,France,Male,44.0,3,80958.36,1,1.0,0.0,98178.57,0
174,15594456,Liao,740,Spain,Female,33.0,4,0.0,2,1.0,1.0,85016.64,0
175,15737408,Nkemakonam,684,France,Male,32.0,8,0.0,1,1.0,0.0,187955.74,0
176,15717191,Teng,663,France,Female,36.0,7,0.0,1,0.0,0.0,113096.55,0
177,15812518,Palerma,694,Spain,Female,37.0,8,0.0,2,0.0,0.0,128918.42,0
178,15650424,Onyemere,696,France,Male,37.0,2,0.0,2,1.0,1.0,114035.72,0
179,15654495,Nock,721,Spain,Female,34.0,1,0.0,2,1.0,1.0,183492.9,0
180,15662901,Teng,578,France,Male,38.0,9,0.0,2,1.0,0.0,61290.99,0
181,15780142,Wang,632,France,Male,43.0,2,100013.51,2,1.0,0.0,24275.32,0
182,15671973,Kesteven,674,Spain,Male,51.0,0,0.0,4,0.0,1.0,145562.4,1
183,15596088,K?,610,France,Female,30.0,2,0.0,2,1.0,1.0,176780.38,0
184,15754072,Yobanna,663,Spain,Female,33.0,2,0.0,2,1.0,0.0,138547.22,0
185,15808846,Maclean,718,France,Male,42.0,8,0.0,1,1.0,0.0,126561.07,1
186,15709604,Chiawuotu,678,Germany,Female,29.0,0,160579.17,2,0.0,1.0,18761.25,0
187,15636731,Ts'ai,765,Germany,Female,32.0,1,118897.1,1,0.0,1.0,62972.13,0
188,15659800,Ebelegbulam,627,France,Male,33.0,1,93580.32,1,1.0,1.0,143881.96,0
189,15606861,T'ien,727,France,Male,32.0,2,0.0,1,1.0,0.0,184514.01,0
190,15603088,Chin,705,France,Male,26.0,3,0.0,1,1.0,1.0,5199.02,0
191,15745417,Knipe,707,France,Male,58.0,9,89685.92,2,0.0,1.0,126471.13,0
192,15587535,Ts'ui,542,Germany,Male,33.0,8,125584.17,1,1.0,0.0,170634.49,0
193,15582841,Iadanza,703,France,Female,56.0,8,0.0,1,1.0,0.0,163558.36,1
194,15693398,Onyekachukwu,558,France,Male,40.0,7,0.0,2,0.0,0.0,52327.57,0
195,15810390,Lombardi,636,Spain,Female,71.0,7,0.0,2,1.0,1.0,73585.18,1
196,15771457,Gannon,635,Spain,Female,37.0,9,0.0,1,1.0,0.0,26389.62,0
197,15575391,Dyer,624,Germany,Male,29.0,4,107839.9,2,1.0,1.0,75578.67,0
198,15624703,Okonkwo,583,Germany,Male,35.0,9,129847.75,2,1.0,1.0,197325.4,0
199,15626414,Russell,703,Germany,Female,50.0,3,98862.54,1,0.0,0.0,151516.7,1
200,15602851,Baresi,590,France,Male,37.0,6,0.0,2,1.0,1.0,72462.25,0
201,15800229,Clements,718,France,Male,37.0,8,0.0,2,1.0,0.0,70810.8,0
202,15806486,Tretyakova,601,France,Female,27.0,0,0.0,2,0.0,1.0,102515.58,0
203,15793049,Li Fonti,625,France,Male,43.0,9,0.0,2,0.0,0.0,56937.43,0
204,15694510,Martin,645,France,Male,40.0,9,124043.0,1,0.0,1.0,187964.55,0
205,15595588,Ugochukwu,731,France,Male,25.0,9,0.0,2,1.0,1.0,183872.88,0
206,15780056,Hs?,660,Spain,Male,33.0,4,0.0,1,1.0,0.0,29664.45,0
207,15572360,Onwumelu,591,Germany,Male,32.0,3,95900.04,2,1.0,0.0,171070.39,0
208,15766741,Mbadiwe,678,France,Male,33.0,2,182888.08,1,1.0,0.0,3061.0,1
209,15583595,T'ien,596,France,Female,40.0,7,0.0,2,1.0,0.0,91830.75,0
210,15671387,Fetherstonhaugh,507,France,Female,29.0,6,89349.47,2,0.0,0.0,180626.68,0
211,15582892,McMillan,770,France,Female,32.0,9,0.0,2,0.0,1.0,32683.88,0
212,15727041,Pirozzi,756,France,Male,20.0,2,0.0,2,1.0,1.0,123450.58,0
213,15716984,Palermo,695,Spain,Female,56.0,5,0.0,3,0.0,0.0,85185.44,1
214,15758025,T'ang,632,France,Female,32.0,9,0.0,2,1.0,1.0,170819.01,0
215,15798200,Manna,644,France,Male,35.0,2,0.0,3,1.0,1.0,94148.3,0
216,15705918,Tien,633,France,Male,30.0,10,0.0,2,1.0,0.0,79503.06,0
217,15595834,Hsia,707,France,Female,31.0,5,0.0,2,0.0,0.0,172601.74,0
218,15598073,T'ang,682,France,Female,41.0,5,0.0,2,0.0,0.0,79577.33,0
219,15703599,Onyekachi,632,France,Male,26.0,10,136924.26,1,1.0,1.0,180598.66,0
220,15778142,Padovano,662,Spain,Male,35.0,2,0.0,2,1.0,1.0,54949.32,0
221,15696569,Shih,682,France,Male,33.0,9,0.0,2,1.0,1.0,149474.97,0
222,15693864,Iheanacho,567,France,Female,38.0,5,0.0,2,1.0,1.0,93953.84,0
223,15589475,Mazzanti,744,Germany,Male,53.0,8,108004.64,4,1.0,0.0,140941.46,1
224,15642291,Hsueh,645,Germany,Male,24.0,1,122532.35,1,1.0,0.0,170968.47,0
225,15776494,Nucci,773,France,Male,26.0,3,129118.5,1,1.0,0.0,64511.44,0
226,15780804,Toscani,593,France,Male,32.0,4,0.0,2,1.0,1.0,131953.94,0
227,15654870,Teng,775,France,Male,31.0,7,0.0,2,1.0,0.0,127433.47,0
228,15723250,Pisano,749,Germany,Female,24.0,4,100735.57,2,1.0,1.0,80190.36,1
229,15779659,Zetticci,625,France,Male,31.0,3,138705.02,1,1.0,0.0,176728.28,0
230,15793328,Zuyeva,706,France,Male,41.0,4,148874.68,1,0.0,1.0,27468.12,0
231,15754861,T'ien,635,Germany,Female,40.0,7,106261.67,2,1.0,1.0,50774.01,0
232,15629787,Mazzi,595,Spain,Female,41.0,3,86973.65,1,1.0,1.0,129955.54,0
233,15803801,Oluchukwu,699,France,Male,47.0,1,0.0,1,1.0,0.0,198817.72,1
234,15658100,Tung,695,France,Female,42.0,0,0.0,2,0.0,1.0,140724.64,0
235,15730076,Udobata,711,Spain,Female,45.0,9,91285.22,1,1.0,0.0,62825.03,0
236,15672955,Macleod,736,France,Male,36.0,6,0.0,2,1.0,1.0,61164.45,0
237,15621072,Y?,724,France,Female,62.0,4,0.0,1,1.0,1.0,179913.54,1
238,15769902,Onyemere,667,Germany,Male,44.0,2,144772.69,3,1.0,1.0,60906.12,1
239,15670172,T'ien,685,France,Male,29.0,0,142703.4,1,1.0,0.0,113926.71,0
240,15705009,Tretiakova,681,Germany,Male,50.0,1,125841.59,2,1.0,1.0,115287.84,1
241,15776929,Nebechi,731,Germany,Female,49.0,10,137494.28,1,1.0,0.0,92824.92,1
242,15720583,T'ien,611,Germany,Female,57.0,5,128264.03,1,1.0,1.0,19150.14,1
243,15623143,Lucchese,683,France,Male,41.0,2,0.0,2,1.0,0.0,119882.86,0
244,15672875,Owen,553,Spain,Male,35.0,3,0.0,2,1.0,1.0,48505.1,0
245,15584785,Hsieh,751,Germany,Male,39.0,8,85982.89,1,1.0,0.0,94499.05,1
246,15636353,McGregor,595,France,Female,32.0,5,0.0,1,0.0,0.0,105476.65,1
247,15777067,Thomas,646,Germany,Female,64.0,8,160858.13,1,1.0,0.0,61936.22,1
248,15647898,Chiazagomekpere,670,France,Female,35.0,5,123873.23,1,1.0,0.0,119759.24,0
249,15757827,Hsueh,741,France,Male,38.0,7,0.0,2,0.0,1.0,176750.81,1
250,15684484,White,543,France,Male,22.0,3,0.0,2,0.0,0.0,127587.22,0
251,15740164,Nwankwo,588,France,Male,44.0,2,0.0,2,0.0,0.0,86410.53,0
252,15772892,Bledsoe,754,Germany,Female,29.0,7,139432.37,1,1.0,1.0,114072.91,0
253,15747591,Naylor,691,France,Female,25.0,3,0.0,2,1.0,1.0,106837.06,0
254,15681274,Y?an,678,Germany,Female,22.0,6,157622.58,2,1.0,0.0,67961.87,0
255,15575428,Mistry,678,Germany,Female,38.0,2,106942.08,1,1.0,1.0,4400.32,0
256,15719090,Osonduagwuike,676,Germany,Female,34.0,5,89437.03,3,1.0,0.0,189540.95,1
257,15730360,Genovesi,641,Spain,Male,41.0,9,0.0,2,1.0,0.0,53311.29,0
258,15597591,Walker,714,France,Male,40.0,4,0.0,2,1.0,1.0,122960.98,0
259,15667521,Obidimkpa,709,France,Male,34.0,8,0.0,1,1.0,1.0,117828.96,0
260,15714689,Chikwado,559,Germany,Female,27.0,7,131244.65,1,1.0,0.0,91763.67,0
261,15702601,Manna,679,France,Male,40.0,10,0.0,2,1.0,1.0,91622.44,0
262,15808831,Milne,663,France,Female,28.0,3,142644.64,1,0.0,1.0,55868.97,0
263,15702571,Tsao,644,France,Male,25.0,10,0.0,1,0.0,1.0,180142.42,0
264,15613216,Cameron,523,Spain,Male,39.0,5,0.0,1,1.0,1.0,92455.96,0
265,15791977,Palerma,754,France,Female,28.0,8,0.0,2,1.0,0.0,194930.3,0
266,15573926,Ponomaryov,621,France,Female,32.0,7,0.0,2,1.0,1.0,126193.54,0
267,15681081,H?,659,Germany,Male,39.0,8,123981.31,1,1.0,1.0,107890.35,1
268,15624592,K'ung,589,France,Male,37.0,7,0.0,2,1.0,0.0,66796.92,0
269,15690182,Kao,683,France,Female,33.0,8,0.0,2,1.0,1.0,171378.77,0
270,15643082,Trevisani,639,France,Female,33.0,3,0.0,2,1.0,1.0,168816.33,0
271,15743709,Palermo,850,Germany,Male,39.0,8,151762.74,2,1.0,0.0,113946.59,0
272,15659710,Gadsdon,582,France,Female,41.0,1,0.0,2,0.0,1.0,126477.41,0
273,15682355,Hsueh,727,Germany,Male,35.0,9,140966.55,1,1.0,1.0,179227.21,0
274,15786170,Tien,579,France,Male,29.0,4,118342.26,2,0.0,1.0,161574.19,0
275,15680767,Okeke,648,Germany,Female,37.0,3,91718.9,1,1.0,1.0,79602.8,0
276,15672434,Maclean,730,France,Male,38.0,6,0.0,2,1.0,1.0,178361.04,0
277,15585892,Mazzi,679,Spain,Female,35.0,8,0.0,1,0.0,0.0,164453.98,1
278,15700752,Chuang,744,France,Female,62.0,7,0.0,3,1.0,1.0,83949.68,1
279,15691952,Fanucci,642,France,Male,37.0,1,160541.36,2,1.0,0.0,142223.94,0
280,15575410,Nwoye,699,Spain,Female,59.0,2,131607.33,1,1.0,1.0,171645.31,1
281,15592387,Shao,600,France,Male,31.0,10,0.0,1,0.0,1.0,1710.89,0
282,15809847,Mancini,732,Spain,Male,37.0,1,0.0,1,0.0,1.0,150784.26,0
283,15672432,Giles,632,France,Male,36.0,2,0.0,2,1.0,1.0,157527.6,0
284,15659364,Yobanna,727,Spain,Male,33.0,10,127822.93,1,1.0,1.0,62703.5,0
285,15577514,Mai,698,France,Female,36.0,8,0.0,2,1.0,1.0,13387.88,0
286,15729019,Chukwumaobim,699,France,Male,37.0,10,88915.85,1,1.0,1.0,77965.44,0
287,15709135,Chien,682,France,Female,38.0,9,123974.69,1,0.0,1.0,106763.58,0
288,15649744,Chidiebere,648,Germany,Male,40.0,8,92436.86,2,1.0,1.0,137963.0,0
289,15690743,Onyemere,469,France,Female,35.0,3,0.0,2,1.0,0.0,164113.04,0
290,15704954,Suffolk,431,France,Female,66.0,1,120764.08,1,0.0,1.0,117023.08,0
291,15708710,Ford,525,France,Female,35.0,0,0.0,2,0.0,0.0,131521.72,0
292,15583576,Yobanna,559,France,Male,48.0,8,0.0,3,1.0,0.0,176778.52,1
293,15643396,Chukwuemeka,756,Spain,Female,28.0,2,109528.14,1,1.0,0.0,157822.94,1
294,15591091,Yermolayev,591,France,Male,40.0,2,166034.04,1,1.0,1.0,130664.82,0
295,15671243,Tsui,652,Spain,Female,40.0,7,100471.34,1,0.0,1.0,107890.69,0
296,15688865,T'ang,762,Germany,Female,49.0,2,120140.59,2,1.0,0.0,161882.81,1
297,15593795,Ch'ien,691,France,Male,32.0,8,89047.61,2,1.0,1.0,58976.8,0
298,15704770,Chin,520,Spain,Male,33.0,3,0.0,2,1.0,1.0,147545.65,0
299,15764170,Pinto,647,Spain,Male,44.0,6,93960.35,1,1.0,0.0,36579.53,0
300,15641662,Enticknap,470,Spain,Male,39.0,5,117468.67,1,0.0,0.0,63705.9,0
301,15660269,Ekechukwu,692,Germany,Female,39.0,1,81710.46,2,1.0,1.0,75969.39,0
302,15668886,Chidubem,532,Spain,Male,24.0,8,142755.25,1,0.0,1.0,34231.48,0
303,15793824,Nkemakolam,714,France,Male,29.0,1,0.0,2,1.0,1.0,86479.49,0
304,15739803,Lucciano,686,Spain,Male,34.0,2,0.0,2,1.0,0.0,127569.8,0
305,15586800,P'eng,543,France,Male,35.0,7,0.0,2,0.0,1.0,56767.91,0
306,15792985,Tuan,641,Spain,Female,55.0,8,0.0,2,1.0,0.0,91285.88,1
307,15657439,Chiemenam,651,France,Male,46.0,1,98899.76,1,1.0,1.0,86190.34,0
308,15656062,Bovee,644,Spain,Male,30.0,8,0.0,2,0.0,1.0,140929.98,0
309,15670584,Yermakova,679,France,Female,47.0,2,114427.86,1,1.0,1.0,198266.57,0
310,15638494,Oguejiofor,634,France,Male,57.0,8,114510.57,1,1.0,0.0,82647.63,1
311,15690733,K'ung,554,Spain,Male,37.0,9,0.0,2,1.0,1.0,160110.65,0
312,15582149,Ts'ui,850,Germany,Female,35.0,3,129668.43,2,1.0,1.0,88743.99,0
313,15732674,Mazzi,605,France,Male,30.0,2,0.0,2,0.0,0.0,84760.32,0
314,15633650,Woods,792,Germany,Male,50.0,9,146720.98,1,0.0,1.0,146875.86,0
315,15810807,Alekseeva,582,Spain,Male,37.0,4,0.0,2,1.0,1.0,152479.64,0
316,15654495,Ch'en,638,France,Male,36.0,4,133889.35,1,1.0,1.0,76611.33,0
317,15700549,P'an,616,France,Male,35.0,10,0.0,1,0.0,1.0,97414.92,0
318,15659501,Ts'ui,593,France,Male,36.0,9,0.0,1,0.0,1.0,177065.24,0
319,15702999,Milne,694,Spain,Female,46.0,7,117070.72,3,1.0,1.0,81753.92,1
320,15578799,Mazzanti,671,France,Female,36.0,6,0.0,1,1.0,1.0,143668.44,0
321,15634359,Moss,569,France,Male,37.0,9,178755.84,1,1.0,0.0,199929.17,0
322,15718406,Marshall,540,France,Male,25.0,3,0.0,2,1.0,1.0,121098.65,0
323,15627844,Iloerika,592,Germany,Male,41.0,6,140197.01,1,1.0,1.0,116471.26,0
324,15595036,McIntyre,685,France,Female,39.0,9,0.0,1,1.0,0.0,93982.15,1
325,15653521,Onuora,613,Germany,Male,40.0,5,97067.69,1,1.0,1.0,74760.32,0
326,15753895,Onwuamaeze,821,France,Female,37.0,4,0.0,2,1.0,0.0,148564.76,0
327,15809837,Onochie,822,France,Male,36.0,8,121359.73,1,1.0,0.0,179964.5,0
328,15715512,Hsia,850,Germany,Female,29.0,1,154640.41,1,1.0,1.0,164039.51,0
329,15603665,Isayev,633,France,Female,37.0,0,0.0,2,0.0,1.0,133692.88,0
330,15605918,Tuan,683,France,Male,31.0,1,122874.55,2,0.0,1.0,131802.44,0
331,15794916,Muravyova,751,Germany,Female,43.0,3,132906.88,1,1.0,0.0,149170.25,1
332,15774936,Y?,639,Spain,Male,43.0,1,103421.44,1,0.0,1.0,126734.84,0
333,15684318,Goliwe,706,France,Male,30.0,8,0.0,2,1.0,0.0,168544.86,0
334,15671534,Onwumelu,543,France,Female,37.0,7,0.0,1,1.0,1.0,56583.88,0
335,15630106,Gibson,685,Spain,Male,40.0,6,0.0,2,1.0,0.0,93091.02,0
336,15794890,Trevisani,584,France,Male,42.0,8,0.0,2,0.0,0.0,177738.93,0
337,15784594,Blesing,762,Spain,Female,34.0,8,0.0,2,1.0,0.0,88890.05,0
338,15777610,Chukwudi,703,France,Male,29.0,6,121647.54,1,1.0,1.0,139946.68,0
339,15671958,Onwumelu,592,France,Male,27.0,6,0.0,2,0.0,0.0,95423.88,0
340,15583692,Zikoranachidimma,679,France,Female,26.0,5,0.0,2,1.0,1.0,81442.6,0
341,15694381,Onyekachi,674,France,Male,37.0,3,132767.67,1,1.0,1.0,121765.9,0
342,15591811,Tung,716,France,Male,52.0,9,0.0,2,1.0,0.0,88866.82,1
343,15771966,Akobundu,557,France,Male,39.0,8,146200.01,2,0.0,0.0,177944.64,0
344,15711314,Kao,689,Spain,Female,45.0,1,0.0,1,0.0,1.0,125939.22,0
345,15608653,Davison,521,Spain,Female,34.0,4,70731.07,1,1.0,1.0,20243.97,0
346,15750602,Onyemachukwu,773,Spain,Male,35.0,10,0.0,2,1.0,0.0,110916.15,0
347,15637993,Chuang,670,Spain,Male,40.0,9,128366.44,1,1.0,1.0,84976.2,0
348,15624188,Ojiofor,678,Germany,Female,32.0,7,148843.56,2,0.0,1.0,129964.94,0
349,15700353,Ainsworth,604,Spain,Male,48.0,0,0.0,2,1.0,1.0,59645.88,0
350,15762715,Ts'ui,577,France,Female,46.0,1,0.0,3,1.0,0.0,6078.31,1
351,15648075,Onyemachukwu,551,France,Male,36.0,7,0.0,2,1.0,1.0,190194.95,0
352,15597914,H?,699,France,Female,33.0,2,0.0,2,1.0,1.0,120511.12,0
353,15588854,Tien,628,France,Female,46.0,0,141749.68,1,1.0,0.0,104889.3,0
354,15783625,Lo Duca,694,France,Male,34.0,3,0.0,2,0.0,1.0,112187.04,0
355,15786680,Hsia,604,France,Male,29.0,5,0.0,1,1.0,0.0,38794.63,0
356,15705639,Liao,581,Germany,Male,56.0,4,140891.46,1,1.0,0.0,86383.82,0
357,15711386,Chinwendu,682,France,Male,38.0,8,152210.41,1,1.0,1.0,140760.31,0
358,15662571,Maclean,583,France,Male,35.0,8,0.0,2,1.0,0.0,170483.9,0
359,15582892,Fomin,593,France,Male,38.0,7,0.0,2,1.0,0.0,121592.5,0
360,15704065,Ting,687,France,Female,26.0,7,0.0,2,1.0,0.0,182591.34,0
361,15638355,Ts'ui,567,France,Female,31.0,2,0.0,2,1.0,0.0,93336.3,0
362,15739997,Lo,568,France,Female,30.0,9,139356.3,1,1.0,1.0,60972.84,0
363,15682372,Mancini,597,France,Female,25.0,2,0.0,2,1.0,0.0,185855.14,0
364,15659305,Hsieh,850,France,Male,36.0,9,89696.84,1,1.0,1.0,126792.69,0
365,15654495,Ts'ao,695,Spain,Female,33.0,10,110928.51,1,1.0,0.0,123906.97,0
366,15609510,McDonald,556,France,Female,36.0,9,0.0,2,1.0,1.0,17163.75,0
367,15801336,Ch'ang,649,France,Female,37.0,8,114737.26,2,1.0,1.0,106655.88,1
368,15779207,Echezonachukwu,671,France,Female,33.0,5,0.0,2,1.0,0.0,91056.46,0
369,15620758,T'ien,449,Germany,Female,28.0,8,139994.55,2,1.0,1.0,132873.56,0
370,15709737,Fennell,633,France,Male,45.0,1,0.0,3,1.0,0.0,141152.08,1
371,15611157,Hsiao,661,France,Female,41.0,2,105229.53,1,1.0,1.0,144874.67,0
372,15751227,Ebelegbulam,717,France,Male,47.0,9,95120.59,1,0.0,0.0,127875.1,0
373,15591736,Y?,599,Spain,Male,44.0,8,0.0,2,1.0,0.0,177619.44,0
374,15777826,Hutchinson,713,Spain,Male,39.0,5,0.0,2,1.0,0.0,167682.37,1
375,15752467,Hsia,536,France,Male,29.0,6,121854.45,1,1.0,0.0,130486.57,0
376,15674573,Ni,684,France,Male,25.0,1,0.0,2,0.0,0.0,90967.77,0
377,15691863,Nworie,657,Germany,Female,39.0,1,124182.22,2,1.0,1.0,132480.75,0
378,15636330,Lockington,583,Spain,Male,45.0,9,0.0,3,0.0,1.0,198182.84,0
379,15731417,Lucciano,712,Spain,Male,40.0,6,0.0,1,1.0,0.0,86022.43,1
380,15603554,Berkeley,452,France,Female,34.0,5,0.0,2,1.0,0.0,49915.52,0
381,15692443,Chukwudi,753,France,Male,41.0,3,79871.02,1,1.0,0.0,138380.11,0
382,15699772,Manners,719,France,Male,37.0,5,154741.49,1,0.0,0.0,51555.88,0
383,15770121,Millar,683,Germany,Male,34.0,4,112290.22,1,1.0,0.0,2465.8,0
384,15600997,Demuth,595,France,Female,32.0,7,67495.04,2,0.0,1.0,77330.35,0
385,15674573,Nwabugwu,681,France,Female,30.0,9,0.0,2,0.0,1.0,47729.33,0
386,15799186,Cremonesi,564,France,Male,33.0,3,0.0,2,1.0,0.0,152054.94,0
387,15637644,Mazzi,484,France,Male,35.0,7,164701.68,1,1.0,1.0,85412.24,0
388,15664521,Obialo,743,France,Male,36.0,7,0.0,2,1.0,1.0,116547.03,0
389,15583548,Iweobiegbunam,644,France,Female,35.0,2,92887.13,1,1.0,1.0,143913.33,0
390,15711378,Willis,589,France,Female,38.0,4,0.0,1,1.0,0.0,187800.63,0
391,15643630,Chiekwugo,816,Germany,Female,49.0,0,97036.22,2,1.0,0.0,152450.84,0
392,15586699,Thomson,825,France,Male,30.0,5,0.0,2,0.0,1.0,9751.03,0
393,15754926,Lucchesi,512,France,Female,34.0,6,0.0,2,1.0,1.0,88827.31,0
394,15658360,Rounsevell,651,Spain,Male,38.0,6,0.0,2,1.0,0.0,120853.83,0
395,15749345,Manna,639,France,Female,48.0,6,133936.15,1,1.0,1.0,125083.53,1
396,15701265,Ngozichukwuka,663,Spain,Male,37.0,2,0.0,2,1.0,0.0,131167.94,0
397,15806570,Y?an,531,France,Female,53.0,4,0.0,1,0.0,0.0,77203.72,1
398,15648069,Hsiung,727,Germany,Female,47.0,10,135869.93,1,1.0,1.0,74898.8,1
399,15583392,Chiu,676,France,Male,38.0,1,116320.88,1,1.0,1.0,130529.13,0
400,15591550,Nwachinemelu,579,Germany,Female,52.0,7,123906.94,1,1.0,0.0,83700.96,1
401,15653776,Tuan,679,France,Male,33.0,7,0.0,2,0.0,1.0,167984.99,0
402,15605741,Onwughara,818,Spain,Female,31.0,10,115557.26,1,1.0,1.0,176713.27,0
403,15709016,L?,692,France,Female,50.0,4,123070.89,2,0.0,1.0,99444.02,0
404,15703682,Yeh,850,Spain,Male,33.0,4,0.0,2,1.0,0.0,145089.64,0
405,15568106,L?,681,France,Male,48.0,6,154409.74,3,1.0,0.0,49324.03,1
406,15745080,Pirozzi,745,France,Male,34.0,9,121063.9,1,1.0,0.0,145560.98,0
407,15592300,Harker,592,France,Female,28.0,9,0.0,2,1.0,0.0,176885.79,0
408,15651802,Bales,594,Spain,Male,39.0,4,0.0,1,0.0,1.0,122433.09,0
409,15568162,Sung,527,France,Male,53.0,8,0.0,1,1.0,1.0,51711.57,0
410,15792102,Yefremova,774,France,Female,42.0,3,137781.65,1,1.0,0.0,199316.19,0
411,15603665,Brothers,742,France,Female,39.0,4,0.0,1,0.0,1.0,180066.59,0
412,15609562,Johnson,738,France,Male,37.0,2,126589.12,1,1.0,1.0,142331.85,0
413,15770420,Trevisani,547,France,Female,42.0,0,0.0,2,1.0,1.0,148750.16,0
414,15790763,Chukwualuka,638,France,Female,56.0,4,0.0,1,1.0,0.0,189414.74,1
415,15743085,Ting,850,Spain,Male,33.0,9,0.0,2,1.0,0.0,181177.9,0
416,15780386,Ferri,648,France,Male,59.0,9,0.0,1,1.0,1.0,173617.09,0
417,15640049,DeRose,708,France,Male,40.0,9,0.0,2,1.0,1.0,152295.62,0
418,15673055,Dyer,731,France,Female,49.0,4,108407.99,1,1.0,0.0,79042.72,0
419,15692926,Yobanna,681,France,Male,42.0,3,0.0,2,1.0,1.0,176495.57,0
420,15771540,Fedorova,603,Spain,Male,38.0,9,0.0,1,1.0,0.0,87412.24,0
421,15598884,Lu,569,Germany,Male,43.0,4,121537.42,2,1.0,1.0,171708.59,0
422,15671055,Tsao,625,France,Female,55.0,1,0.0,2,1.0,1.0,125762.99,0
423,15736126,Nnaife,540,Germany,Male,46.0,4,104449.8,1,1.0,0.0,35179.18,0
424,15595883,Sholes,721,France,Female,38.0,3,140720.93,1,1.0,1.0,62370.67,0
425,15725698,Ch'eng,628,Spain,Female,49.0,8,152926.85,1,1.0,0.0,54865.84,1
426,15783955,Miah,554,France,Female,32.0,4,119278.01,2,0.0,1.0,147635.33,0
427,15733119,Calabresi,725,France,Male,37.0,7,92896.06,1,1.0,1.0,125762.98,0
428,15659937,Yuriev,681,France,Male,35.0,6,0.0,2,1.0,1.0,149535.75,0
429,15749489,Onyemauchechukwu,696,France,Female,39.0,7,104450.94,1,1.0,0.0,94722.66,0
430,15762917,Lettiere,726,France,Male,49.0,5,0.0,2,1.0,0.0,111307.98,0
431,15785519,May,725,France,Male,36.0,1,0.0,2,1.0,0.0,147878.05,0
432,15723153,L?,597,France,Male,31.0,5,168085.93,1,1.0,1.0,127022.83,0
433,15673180,Onyekaozulu,686,France,Female,41.0,8,0.0,2,1.0,1.0,98175.74,0
434,15569222,P'eng,741,France,Female,40.0,1,0.0,1,1.0,0.0,131886.46,0
435,15718773,Pisano,637,France,Female,27.0,2,0.0,1,0.0,1.0,160129.99,0
436,15593470,T'ang,477,France,Male,33.0,3,0.0,2,1.0,0.0,92615.83,0
437,15784923,Okeke,583,France,Male,39.0,6,0.0,2,1.0,1.0,113597.64,0
438,15626385,McGregor,680,France,Male,36.0,7,0.0,1,1.0,1.0,109895.16,1
439,15766826,North,582,France,Male,33.0,5,146266.0,1,0.0,1.0,72970.93,0
440,15598097,Johnstone,678,France,Male,43.0,5,125860.2,1,1.0,0.0,28149.06,0
441,15809837,Chu,596,France,Female,23.0,6,85915.09,1,0.0,0.0,141914.96,0
442,15765650,Fiorentini,721,France,Female,40.0,9,0.0,1,1.0,0.0,166697.01,1
443,15754443,Fadden,443,France,Female,35.0,9,0.0,2,1.0,0.0,129031.19,0
444,15691808,Pinto,687,Spain,Male,27.0,8,0.0,2,1.0,0.0,74850.84,0
445,15581524,O'Loghlin,773,Spain,Male,24.0,5,0.0,1,1.0,1.0,122487.11,0
446,15583480,Toscano,646,Germany,Female,39.0,5,97331.19,2,0.0,0.0,93716.38,1
447,15737782,Brazenor,562,France,Male,29.0,8,0.0,2,1.0,1.0,25858.68,0
448,15714256,Mazzi,663,Spain,Female,27.0,5,0.0,2,1.0,0.0,171763.67,0
449,15641604,Frolova,850,France,Female,55.0,10,98488.08,2,1.0,0.0,155879.57,0
450,15591552,Okonkwo,520,Germany,Male,32.0,6,121016.23,1,1.0,0.0,83335.78,0
451,15696605,Angelo,603,France,Male,49.0,4,180614.04,1,0.0,1.0,523.0,0
452,15629117,Chiemezie,754,France,Male,37.0,0,95858.51,1,1.0,1.0,71754.87,0
453,15593773,Olejuru,683,Spain,Male,30.0,8,0.0,2,1.0,0.0,1557.82,0
454,15784700,Macleod,758,Germany,Male,31.0,3,109166.54,1,1.0,1.0,51364.56,0
455,15740406,Pinto,689,France,Male,37.0,0,0.0,3,0.0,1.0,72778.22,0
456,15673877,Yobachi,678,France,Female,43.0,2,0.0,2,1.0,0.0,126469.09,0
457,15749130,Wan,521,France,Female,34.0,7,0.0,2,1.0,1.0,48505.1,0
458,15634373,Onyemachukwu,611,France,Female,67.0,4,0.0,2,0.0,1.0,177747.03,0
459,15752463,Grant,732,Spain,Male,31.0,4,0.0,2,1.0,0.0,124596.63,0
460,15604020,T'ien,683,Germany,Male,64.0,3,101514.76,2,1.0,0.0,166650.32,1
461,15591130,Ni,683,Spain,Male,40.0,3,0.0,1,1.0,1.0,176768.25,1
462,15635388,Nucci,652,Spain,Male,29.0,7,0.0,1,1.0,0.0,28257.34,0
463,15657747,Lombardi,646,France,Male,45.0,3,134498.54,1,1.0,0.0,162599.51,1
464,15794874,Ting,580,France,Male,37.0,4,149961.11,1,1.0,1.0,53511.94,0
465,15667896,Nwachukwu,731,France,Female,29.0,8,0.0,2,0.0,1.0,82336.73,0
466,15770225,Calabresi,762,Spain,Male,41.0,7,0.0,2,0.0,1.0,93738.54,0
467,15813063,Trevisano,580,France,Female,33.0,4,145061.73,1,1.0,0.0,106070.58,0
468,15809509,Nwokezuike,729,France,Male,38.0,8,0.0,2,0.0,1.0,162865.99,0
469,15582763,Hsueh,637,France,Female,38.0,8,0.0,2,1.0,1.0,141501.66,0
470,15774872,T'ao,684,France,Female,36.0,1,0.0,1,1.0,1.0,136398.9,0
471,15746805,Pagnotto,710,France,Male,31.0,6,0.0,2,1.0,1.0,121525.48,0
472,15770101,Oguejiofor,574,Spain,Male,39.0,1,95128.86,1,1.0,0.0,126812.63,0
473,15759274,Micklem,447,France,Female,40.0,8,0.0,2,1.0,1.0,151815.76,0
474,15698902,Hs?,592,France,Female,36.0,2,116323.73,1,0.0,1.0,92647.72,0
475,15585067,Onyemere,616,France,Female,37.0,8,0.0,2,0.0,1.0,167636.15,0
476,15681990,Palmerston,497,Germany,Male,24.0,6,111769.14,2,1.0,1.0,55859.27,0
477,15781589,Goliwe,685,France,Female,35.0,7,0.0,2,1.0,1.0,38015.65,0
478,15765375,Scott,579,France,Female,30.0,2,0.0,2,1.0,0.0,103560.98,0
479,15567778,Udegbunam,689,France,Male,33.0,9,0.0,2,0.0,0.0,72927.68,0
480,15780128,Onyinyechukwuka,656,France,Female,24.0,2,0.0,2,1.0,0.0,177747.03,0
481,15659325,Shih,758,France,Male,31.0,5,0.0,1,1.0,1.0,153352.19,0
482,15757837,Piazza,638,France,Male,27.0,7,0.0,2,1.0,1.0,109890.69,0
483,15567832,Shih,550,France,Female,40.0,7,0.0,2,1.0,0.0,54018.93,0
484,15783477,Ch'eng,766,Germany,Male,32.0,3,122453.97,2,1.0,0.0,54869.54,0
485,15789379,Zetticci,762,France,Female,26.0,6,130428.78,3,1.0,0.0,173365.89,1
486,15666096,Hsueh,683,Spain,Male,40.0,9,0.0,2,1.0,0.0,125957.76,0
487,15637315,Melvin,601,Spain,Female,41.0,3,0.0,1,1.0,0.0,54342.83,1
488,15674541,Robinson,723,Spain,Male,54.0,6,137260.78,1,1.0,1.0,94415.6,0
489,15700654,Chukwualuka,667,France,Female,21.0,7,0.0,2,1.0,1.0,193009.21,0
490,15586243,Pisani,667,France,Male,31.0,1,122277.87,1,1.0,1.0,33823.5,0
491,15664802,Frolov,728,France,Male,35.0,6,0.0,2,1.0,0.0,60905.51,0
492,15688865,De Luca,651,Spain,Male,38.0,3,0.0,1,1.0,1.0,88840.25,0
493,15740237,Ulyanova,653,Spain,Female,31.0,8,0.0,1,1.0,0.0,27341.77,0
494,15713479,Chuang,537,France,Male,33.0,3,126821.68,1,1.0,0.0,161322.72,0
495,15580487,Anderson,718,France,Female,33.0,9,0.0,2,1.0,1.0,49594.02,0
496,15625632,Carpenter,610,France,Male,42.0,3,113939.36,2,0.0,0.0,127433.47,0
497,15692926,Tikhonov,681,Spain,Male,32.0,3,0.0,1,0.0,1.0,101138.85,0
498,15757897,Y?an,648,France,Male,38.0,4,0.0,1,1.0,1.0,149853.89,0
499,15722765,Owen,580,Spain,Female,57.0,7,136820.99,1,0.0,1.0,108528.74,0
500,15722004,Ting,542,France,Male,34.0,3,0.0,2,1.0,1.0,124777.14,0
501,15602851,Ozioma,609,France,Female,42.0,9,0.0,1,1.0,0.0,106.67,1
502,15713770,Shubin,722,France,Male,28.0,0,0.0,2,1.0,1.0,167909.52,0
503,15607330,Onyemachukwu,741,France,Female,40.0,5,0.0,2,1.0,0.0,126471.19,0
504,15640268,Chukwufumnanya,678,Spain,Male,34.0,10,135096.58,1,1.0,1.0,133653.38,0
505,15672330,Padovano,694,France,Male,39.0,7,0.0,2,1.0,1.0,73334.43,0
506,15631315,Ch'ien,704,France,Male,34.0,4,109472.81,1,1.0,1.0,70532.4,0
507,15625929,Pinto,633,France,Female,38.0,2,111098.85,1,1.0,1.0,52615.62,0
508,15684516,Chukwualuka,705,France,Male,32.0,3,88915.85,1,1.0,1.0,49089.36,0
509,15674000,Cattaneo,645,France,Male,44.0,10,127536.44,2,0.0,1.0,166707.22,0
510,15753579,Kao,619,Spain,Female,37.0,4,0.0,2,0.0,0.0,163423.8,0
511,15726178,T'ang,569,France,Male,33.0,10,0.0,2,1.0,1.0,117431.1,0
512,15638247,Mazzi,535,France,Female,35.0,7,121818.26,1,1.0,1.0,82936.64,0
513,15597957,Chukwudi,663,France,Male,48.0,8,154969.79,1,1.0,0.0,87985.2,0
514,15769955,Ponomaryov,706,Germany,Male,48.0,1,121898.58,1,1.0,1.0,147720.27,1
515,15693731,Chiawuotu,718,France,Female,29.0,9,125385.49,1,0.0,0.0,92916.54,1
516,15781689,Okeke,593,Germany,Male,31.0,8,115095.58,2,1.0,0.0,123982.14,0
517,15767794,Shih,591,France,Male,34.0,9,0.0,2,1.0,0.0,61936.1,0
518,15662456,H?,703,France,Female,38.0,4,0.0,2,0.0,0.0,157517.95,0
519,15605279,Lo,744,France,Male,35.0,1,0.0,1,0.0,1.0,16081.62,0
520,15813303,O'Brien,772,France,Male,28.0,7,0.0,2,1.0,1.0,91881.29,0
521,15591428,Myers,781,France,Male,29.0,9,0.0,1,0.0,0.0,172097.4,0
522,15730394,L?,630,Germany,Male,51.0,4,163894.35,1,0.0,0.0,27330.59,1
523,15593715,Onyemauchechukwu,701,Germany,Female,19.0,6,151675.65,1,1.0,0.0,173784.04,0
524,15661409,Onyemauchechukwu,697,France,Female,38.0,1,161807.18,1,0.0,0.0,123954.15,0
525,15760090,Yefremova,718,France,Female,28.0,8,0.0,2,1.0,0.0,94774.47,0
526,15754569,Y?an,706,France,Male,33.0,1,0.0,2,0.0,1.0,127569.8,0
527,15700549,Alvares,728,France,Male,54.0,5,0.0,2,1.0,1.0,4493.12,0
528,15742404,Calabresi,743,Germany,Male,38.0,5,38848.19,2,1.0,0.0,38308.34,0
529,15699772,Barclay,428,Germany,Female,32.0,3,129248.11,2,1.0,1.0,42862.82,0
530,15588406,Chiemenam,539,Germany,Female,38.0,3,138731.95,2,1.0,1.0,32262.28,0
531,15628963,Tsao,850,France,Male,26.0,10,0.0,1,0.0,1.0,120107.67,0
532,15693771,Ch'iu,757,Spain,Female,30.0,1,160980.03,1,1.0,1.0,123866.43,0
533,15584580,Milani,678,France,Female,32.0,9,0.0,2,0.0,0.0,99836.89,0
534,15696844,Cremonesi,586,Germany,Male,33.0,5,176511.08,1,1.0,0.0,176511.08,0
535,15761102,Trevisani,488,Spain,Female,33.0,6,125845.66,1,0.0,0.0,181204.5,0
536,15768282,T'an,726,France,Male,36.0,4,132057.92,2,1.0,1.0,34743.98,0
537,15576517,Okwudiliolisa,666,France,Male,33.0,3,148887.06,1,1.0,1.0,169871.16,0
538,15722532,Chin,705,Germany,Female,51.0,0,169743.03,1,0.0,1.0,48990.59,0
539,15797595,Moss,535,France,Female,37.0,7,116248.88,1,1.0,1.0,181850.74,0
540,15600357,Hsing,639,Spain,Male,36.0,1,150329.15,1,1.0,0.0,163989.66,0
541,15684865,Nkemdirim,522,Germany,Male,39.0,9,114715.71,1,1.0,0.0,176780.39,1
542,15797733,Eluemuno,453,Germany,Female,32.0,2,117413.95,1,0.0,1.0,182372.35,1
543,15678727,Tan,770,Germany,Male,45.0,4,110765.68,1,1.0,0.0,26163.74,0
544,15585067,Hsia,686,France,Female,40.0,8,0.0,2,1.0,1.0,131501.42,0
545,15656921,Nkemakonam,639,France,Female,39.0,7,160903.2,2,1.0,1.0,160835.3,0
546,15742009,Hsueh,715,Spain,Female,37.0,9,128743.55,1,0.0,1.0,114793.45,0
547,15645103,Onwuamaeze,643,France,Male,44.0,7,98635.77,1,1.0,1.0,126726.33,0
548,15682454,P'eng,695,France,Female,34.0,8,0.0,2,0.0,0.0,198055.94,0
549,15690153,Maclean,631,France,Female,33.0,1,0.0,1,1.0,0.0,58043.02,0
550,15791867,Lucchesi,610,France,Male,34.0,7,0.0,2,1.0,1.0,96981.02,0
551,15771054,Yobanna,656,Germany,Female,46.0,9,114088.2,1,1.0,0.0,183576.01,1
552,15676433,Allan,707,France,Male,36.0,6,0.0,1,0.0,0.0,98810.78,1
553,15780139,Smith,646,France,Male,43.0,5,71063.94,1,1.0,0.0,90905.85,0
554,15736816,Young,531,Spain,Male,23.0,2,136815.64,1,1.0,1.0,170041.95,0
555,15721377,Whitehouse,679,Spain,Male,32.0,10,0.0,2,1.0,0.0,94888.6,0
556,15720713,Chibueze,850,France,Female,29.0,1,0.0,1,1.0,1.0,199775.67,1
557,15578096,T'ao,521,France,Male,37.0,5,0.0,2,1.0,1.0,152740.16,0
558,15718280,Luffman,562,Germany,Male,37.0,4,139822.11,2,1.0,0.0,146219.9,0
559,15598157,Onyeorulu,635,Germany,Female,34.0,9,82498.14,2,1.0,0.0,9241.83,0
560,15769645,Senior,612,France,Female,29.0,5,0.0,1,1.0,1.0,48108.72,0
561,15665861,Avdeev,719,Spain,Male,29.0,3,106070.89,2,0.0,1.0,101617.43,0
562,15572394,Okwudiliolisa,679,France,Male,43.0,4,0.0,1,1.0,0.0,134600.53,1
563,15588839,Mancini,662,France,Male,43.0,1,0.0,2,1.0,1.0,176913.42,0
564,15646942,Meng,618,Spain,Male,33.0,7,0.0,2,1.0,0.0,100929.59,0
565,15666858,Trevisano,635,France,Male,32.0,6,0.0,2,1.0,1.0,53511.28,0
566,15783617,Iadanza,641,France,Female,32.0,5,0.0,2,0.0,0.0,187734.96,0
567,15567422,Creswell,652,France,Male,51.0,7,0.0,2,1.0,0.0,159742.57,1
568,15783526,Moore,714,France,Female,40.0,5,76651.11,2,0.0,1.0,180598.46,0
569,15759872,Iadanza,659,France,Male,38.0,6,0.0,1,1.0,0.0,187980.23,0
570,15633516,Olisaemeka,758,Germany,Male,28.0,6,161274.95,2,1.0,1.0,184524.84,0
571,15691723,Somerville,742,France,Female,40.0,1,109848.6,1,0.0,1.0,42012.55,0
572,15681206,Tseng,677,France,Female,35.0,3,102768.91,1,1.0,0.0,92887.33,0
573,15765650,Chigolum,501,Germany,Male,40.0,8,114634.63,1,0.0,0.0,126535.92,0
574,15752840,Uspensky,602,Spain,Male,42.0,6,0.0,2,1.0,0.0,179655.87,0
575,15662500,Ts'ao,774,France,Male,32.0,5,0.0,2,0.0,0.0,10604.48,0
576,15605872,Felix,707,France,Female,26.0,4,66573.17,1,1.0,1.0,62768.8,0
577,15762977,Chiu,585,France,Male,48.0,3,0.0,2,1.0,0.0,9902.39,0
578,15775307,Trevisano,678,France,Male,29.0,6,0.0,2,0.0,0.0,152290.28,0
579,15674890,Uvarova,735,France,Female,31.0,1,123379.43,1,1.0,1.0,126731.57,0
580,15642545,Nwachinemelu,718,Spain,Female,49.0,1,0.0,1,0.0,0.0,55825.41,1
581,15636520,Milani,692,France,Female,27.0,1,0.0,1,0.0,0.0,7900.46,0
582,15684925,Vicars,704,France,Female,43.0,3,0.0,1,1.0,0.0,2465.8,0
583,15803365,Gresswell,683,France,Female,40.0,8,0.0,1,1.0,0.0,163629.47,1
584,15686957,Ubanwa,527,France,Female,26.0,4,0.0,2,1.0,0.0,187534.71,0
585,15626900,Maclean,641,France,Female,33.0,3,0.0,2,0.0,1.0,100834.82,0
586,15707479,Yobachi,596,Germany,Male,36.0,6,115084.32,1,0.0,1.0,72678.75,0
587,15657535,Pearson,590,France,Male,29.0,5,0.0,1,1.0,1.0,51907.72,0
588,15780056,McLean,616,France,Female,31.0,3,0.0,1,1.0,0.0,136909.87,1
589,15655794,Shao,510,France,Male,27.0,2,132746.2,1,1.0,0.0,105433.53,0
590,15581280,Yefremov,567,France,Male,33.0,5,0.0,2,0.0,1.0,151317.27,0
591,15673333,Kaur,571,France,Male,44.0,7,116622.73,1,1.0,0.0,100835.19,0
592,15644788,Chiazagomekpere,758,Germany,Female,48.0,7,145537.21,1,1.0,0.0,143317.43,1
593,15649536,Calabrese,641,France,Male,26.0,10,0.0,2,0.0,1.0,161857.94,0
594,15614220,Cremonesi,698,Germany,Male,43.0,1,137852.19,2,1.0,0.0,163487.9,0
595,15783026,Onyekachukwu,559,France,Female,35.0,8,0.0,2,1.0,0.0,152417.79,0
596,15581323,Maslova,578,Germany,Male,45.0,1,108883.29,1,1.0,0.0,27914.95,0
597,15661249,Bellucci,699,Germany,Male,53.0,4,117640.39,1,0.0,1.0,111307.98,0
598,15798895,Maclean,544,France,Male,47.0,2,165438.26,1,1.0,1.0,79734.23,1
599,15809837,Nucci,599,Germany,Female,40.0,4,141573.55,1,1.0,1.0,167723.25,0
600,15682463,Uchechukwu,651,France,Female,55.0,4,0.0,1,1.0,0.0,80591.49,1
601,15710164,P'eng,523,France,Female,73.0,7,0.0,1,0.0,0.0,130883.9,1
602,15729954,P'eng,753,France,Female,40.0,5,0.0,2,1.0,0.0,92712.97,0
603,15583580,Hsiung,731,Germany,Female,47.0,2,100252.54,1,1.0,0.0,162860.96,1
604,15782530,P'eng,716,France,Male,35.0,6,0.0,2,1.0,1.0,103557.88,0
605,15730956,Onyeorulu,619,France,Female,26.0,9,0.0,1,1.0,1.0,149583.67,0
606,15776844,Fang,648,France,Female,19.0,5,0.0,2,1.0,1.0,55500.17,0
607,15790282,O'Sullivan,553,France,Female,26.0,4,160549.33,1,1.0,0.0,157871.97,1
608,15788494,Fennell,710,France,Male,37.0,4,0.0,1,1.0,0.0,62454.01,0
609,15672966,Chigozie,619,Spain,Male,20.0,2,135827.33,1,1.0,0.0,121102.9,0
610,15795524,K?,709,Spain,Female,39.0,9,0.0,2,1.0,0.0,180622.02,0
611,15775234,Laurie,646,France,Male,24.0,1,0.0,2,0.0,0.0,92612.88,0
612,15782404,Chien,705,Spain,Female,25.0,5,0.0,2,1.0,1.0,28690.9,0
613,15694859,O'Toole,592,France,Male,44.0,5,0.0,2,1.0,1.0,171049.76,0
614,15704597,Walker,582,Germany,Female,54.0,6,98373.26,1,0.0,1.0,199005.88,1
615,15692430,Trevisani,564,France,Female,44.0,8,0.0,1,1.0,0.0,121485.1,0
616,15671409,Hughes,588,France,Male,47.0,6,0.0,1,1.0,1.0,176904.45,1
617,15781553,Bull,703,Spain,Female,37.0,8,92472.1,2,1.0,1.0,126434.61,0
618,15772786,Milano,565,Spain,Male,32.0,1,0.0,2,0.0,1.0,172665.16,0
619,15714260,Nnaife,704,Spain,Female,38.0,0,0.0,2,0.0,0.0,160523.73,0
620,15708228,Toscani,835,Germany,Female,30.0,9,134366.42,2,1.0,0.0,68343.53,0
621,15707025,Ives,755,France,Female,29.0,4,116536.43,2,0.0,1.0,139494.75,0
622,15810942,Liao,678,France,Male,36.0,9,0.0,2,1.0,0.0,112585.19,0
623,15613787,Chidubem,505,France,Male,35.0,7,116932.59,1,1.0,0.0,91092.84,1
624,15785865,Pagnotto,850,France,Female,38.0,6,0.0,1,1.0,0.0,161064.29,0
625,15751336,Chukwuemeka,659,Germany,Female,35.0,7,91857.52,1,1.0,0.0,132468.92,1
626,15706128,Chiedozie,752,Germany,Male,44.0,9,72664.9,1,1.0,0.0,81602.42,0
627,15742285,Sinclair,633,France,Male,37.0,6,0.0,2,0.0,1.0,71433.88,0
628,15800784,Istomin,850,France,Female,34.0,4,154251.67,2,1.0,1.0,115668.53,0
629,15735837,Hsia,574,France,Male,34.0,3,0.0,2,1.0,0.0,8559.66,0
630,15716781,Nnachetam,736,Germany,Male,37.0,8,170840.08,1,1.0,0.0,103697.57,0
631,15644934,Tuan,684,France,Female,40.0,7,0.0,1,1.0,1.0,173952.5,1
632,15673893,Toscani,619,France,Female,32.0,5,0.0,2,1.0,1.0,65375.41,0
633,15594812,Baresi,646,Germany,Female,48.0,9,110153.27,1,1.0,0.0,187943.6,1
634,15775234,Hsu,838,Germany,Female,40.0,1,108894.07,1,1.0,0.0,93348.74,1
635,15723884,Chikezie,599,Germany,Female,43.0,8,118079.33,1,1.0,1.0,178667.77,0
636,15722090,Tseng,615,Spain,Male,31.0,6,81818.49,1,1.0,1.0,169149.38,0
637,15742632,Napolitani,645,France,Male,28.0,1,0.0,1,0.0,1.0,101693.83,0
638,15694581,L?,724,France,Female,42.0,5,83888.54,1,0.0,0.0,34121.81,0
639,15606901,Chiu,688,Spain,Female,33.0,3,96949.85,1,1.0,0.0,136301.1,0
640,15682454,McFarland,626,France,Female,40.0,3,123401.43,1,1.0,0.0,127825.25,1
641,15629133,Black,578,France,Female,27.0,9,0.0,2,1.0,1.0,126838.7,0
642,15771059,Onyekachukwu,714,Germany,Female,52.0,9,71187.24,1,1.0,1.0,140947.05,1
643,15667938,Genovese,564,France,Female,27.0,2,0.0,2,0.0,0.0,52321.04,0
644,15672056,Trevisani,628,France,Female,41.0,10,0.0,2,1.0,0.0,54530.51,0
645,15594864,Huang,757,Germany,Male,33.0,5,127536.44,1,1.0,0.0,42143.61,0
646,15702277,Onwuamaeze,850,France,Male,48.0,1,127992.75,1,0.0,0.0,59650.11,0
647,15641285,Yusupov,732,France,Female,50.0,9,113980.21,1,1.0,1.0,6985.34,0
648,15769915,Chukwuemeka,542,Germany,Male,37.0,3,122949.14,2,1.0,1.0,160131.58,0
649,15725679,Hsia,685,France,Female,47.0,10,0.0,2,0.0,0.0,194998.34,0
650,15746338,Onyekachukwu,714,France,Female,32.0,2,0.0,2,1.0,1.0,129956.13,0
651,15791769,Gardener,691,Spain,Male,29.0,9,0.0,1,1.0,0.0,51987.99,1
652,15572294,Chukwudi,667,France,Female,37.0,6,127637.65,1,0.0,0.0,172576.92,0
653,15785542,Onyekachi,696,France,Male,32.0,5,0.0,2,0.0,0.0,133686.01,0
654,15605130,Marchesi,548,France,Male,33.0,7,83442.98,1,1.0,1.0,111622.76,0
655,15775490,H?,595,France,Male,40.0,6,0.0,2,0.0,1.0,169921.11,0
656,15762228,Jamieson,748,France,Female,27.0,1,142557.11,1,0.0,1.0,174815.54,1
657,15672945,Parkes,545,France,Female,44.0,6,136425.18,1,1.0,1.0,81102.81,0
658,15777064,K?,714,France,Male,35.0,2,0.0,2,0.0,1.0,74850.97,0
659,15580149,Folliero,613,Spain,Female,30.0,1,0.0,2,1.0,0.0,173495.77,0
660,15767231,Sun,655,France,Male,42.0,3,0.0,2,0.0,0.0,130866.95,0
661,15686917,Page,633,Spain,Female,40.0,10,150507.21,1,0.0,1.0,84699.56,0
662,15606901,Chukwubuikem,599,Germany,Female,35.0,1,114327.67,1,0.0,0.0,124095.69,1
663,15569624,Chinagorom,769,Spain,Male,29.0,6,0.0,2,1.0,1.0,180862.26,0
664,15756820,Golibe,615,France,Male,37.0,4,0.0,2,0.0,0.0,99347.8,0
665,15757912,Genovese,589,Germany,Male,58.0,2,155735.55,1,1.0,0.0,198446.12,1
666,15723481,Aikenhead,715,Spain,Female,38.0,3,0.0,2,1.0,1.0,53843.71,0
667,15662494,Hao,599,France,Female,38.0,7,0.0,2,0.0,1.0,131736.23,0
668,15796790,Nnachetam,434,Spain,Male,22.0,6,0.0,1,1.0,0.0,106981.03,0
669,15593973,Hsu,636,France,Female,44.0,3,0.0,1,1.0,0.0,1375.46,1
670,15636396,Liao,639,France,Male,27.0,6,0.0,2,1.0,0.0,186825.51,0
671,15674932,Genovesi,619,France,Female,37.0,8,0.0,2,1.0,0.0,162858.29,1
672,15785869,Rizzo,744,Germany,Female,27.0,5,123916.67,1,0.0,1.0,140138.95,1
673,15778838,Onwuemelie,544,France,Male,37.0,10,0.0,2,1.0,1.0,149970.59,0
674,15615140,Teng,733,Germany,Female,23.0,8,132436.6,2,1.0,0.0,180598.46,0
675,15641359,Brown,560,France,Female,30.0,6,0.0,2,0.0,0.0,88827.31,0
676,15677049,O'Brien,595,Germany,Female,25.0,0,106570.34,2,0.0,1.0,177025.79,0
677,15702806,Martin,588,Germany,Male,32.0,9,102772.67,1,1.0,0.0,66119.07,1
678,15706799,Cremonesi,587,France,Male,34.0,2,0.0,2,1.0,1.0,77965.67,0
679,15708917,Martin,437,France,Female,41.0,10,0.0,2,1.0,0.0,136886.86,0
680,15721460,Shih,726,Germany,Female,58.0,10,137795.57,1,1.0,1.0,86041.02,1
681,15705676,Wardle,690,France,Female,35.0,9,107944.33,1,1.0,0.0,48478.47,0
682,15573076,Galkin,726,France,Female,40.0,5,0.0,2,1.0,1.0,50485.7,0
683,15765520,Ojiofor,682,France,Male,32.0,8,141252.18,1,1.0,1.0,146715.07,0
684,15621116,Yobachukwu,635,France,Female,38.0,7,118627.85,1,1.0,1.0,127949.95,0
685,15742632,Chinedum,627,France,Female,36.0,3,144851.94,1,1.0,0.0,79555.76,0
686,15756472,Iadanza,556,France,Male,38.0,1,0.0,2,1.0,0.0,127543.81,0
687,15623277,Ts'ui,678,Spain,Female,37.0,7,0.0,1,1.0,1.0,164886.64,0
688,15706734,H?,747,Spain,Female,59.0,6,112070.79,3,1.0,0.0,182364.8,0
689,15795964,Ts'ui,747,France,Female,50.0,8,111096.89,1,1.0,1.0,113557.54,0
690,15678385,Fiorentino,496,France,Female,40.0,8,92476.88,1,0.0,0.0,83247.19,1
691,15595937,Bogdanov,556,France,Male,36.0,3,0.0,2,1.0,0.0,52525.15,0
692,15772896,Chukwudi,754,France,Male,36.0,7,139070.51,1,1.0,0.0,166677.35,0
693,15781505,Giordano,627,France,Female,20.0,1,0.0,2,1.0,0.0,103787.28,1
694,15591766,Rossi,705,France,Male,39.0,3,0.0,2,0.0,0.0,129576.99,0
695,15633840,Ijendu,775,Germany,Male,49.0,7,130142.79,1,1.0,0.0,171070.58,1
696,15598046,Su,633,France,Female,34.0,7,139562.05,1,1.0,1.0,61636.22,0
697,15792631,Kao,652,France,Male,39.0,8,0.0,2,1.0,1.0,66462.23,0
698,15665032,Ts'ai,613,Germany,Male,38.0,9,79871.64,2,0.0,1.0,59354.24,0
699,15753837,Y?,676,Spain,Male,36.0,9,0.0,2,1.0,0.0,125921.19,0
700,15591513,Eluemuno,624,Spain,Female,38.0,9,0.0,2,1.0,1.0,109172.88,0
701,15637138,Maclean,612,France,Male,35.0,9,0.0,2,1.0,1.0,9641.4,0
702,15737169,Fenton,633,France,Male,37.0,5,0.0,2,1.0,0.0,167551.06,0
703,15724150,Harris,651,France,Male,32.0,3,0.0,2,1.0,0.0,83681.97,0
704,15626452,Okwudilichukwu,653,Germany,Male,41.0,2,92350.37,1,1.0,1.0,136435.75,0
705,15597131,Fanucci,415,France,Male,32.0,5,145807.59,2,1.0,0.0,3064.65,0
706,15714397,Greece,758,Germany,Male,29.0,1,155994.15,1,0.0,1.0,60728.89,0
707,15626044,Lettiere,762,France,Male,28.0,8,0.0,2,0.0,0.0,182547.04,0
708,15784318,Toscani,596,Germany,Male,32.0,3,122552.51,1,0.0,0.0,102520.76,0
709,15737571,Ubanwa,587,France,Male,31.0,2,0.0,2,1.0,0.0,165562.92,0
710,15737778,Dickson,782,Spain,Female,41.0,4,0.0,3,0.0,0.0,132943.88,1
711,15781822,Okonkwo,684,France,Male,21.0,4,0.0,2,1.0,1.0,120151.56,0
712,15783097,Shih,613,France,Male,28.0,4,0.0,2,1.0,0.0,141798.98,0
713,15707025,Yefremova,680,France,Male,44.0,5,0.0,2,1.0,0.0,156424.4,0
714,15606472,Lung,786,France,Male,38.0,4,0.0,1,0.0,1.0,87363.56,0
715,15764153,Yobanna,714,France,Female,46.0,3,0.0,1,1.0,1.0,131177.22,0
716,15792151,Hamilton,635,France,Male,37.0,3,0.0,2,0.0,0.0,91086.73,0
717,15723320,Ndubueze,713,France,Female,43.0,1,0.0,2,1.0,1.0,139919.38,0
718,15793856,Ts'ui,769,France,Female,36.0,6,0.0,1,1.0,0.0,71492.28,0
719,15769006,Fiorentini,693,Germany,Female,36.0,5,138178.41,2,1.0,0.0,163666.85,0
720,15694272,Nkemakolam,673,France,Male,30.0,1,64097.75,2,1.0,1.0,77783.35,0
721,15589375,Y?an,737,Germany,Female,33.0,7,142400.28,3,0.0,1.0,110317.73,1
722,15783305,Sun,631,Spain,Female,33.0,3,0.0,2,1.0,1.0,168607.74,0
723,15792649,Patterson,712,Germany,Female,40.0,9,109308.79,1,1.0,1.0,120115.5,0
724,15758081,H?,619,Germany,Male,54.0,3,126444.08,1,1.0,1.0,94738.54,1
725,15740442,May,773,France,Male,41.0,4,0.0,2,1.0,0.0,122925.4,0
726,15777901,Calabrese,679,Germany,Male,46.0,3,133964.3,1,1.0,0.0,52876.41,1
727,15597951,Rahman,614,Spain,Male,66.0,3,0.0,1,1.0,0.0,180082.7,0
728,15586699,Toscani,683,France,Male,45.0,3,178820.91,1,1.0,0.0,177614.17,0
729,15641585,Nwankwo,549,France,Male,27.0,8,0.0,2,1.0,0.0,63846.27,0
730,15715510,Eluemuno,529,France,Male,38.0,1,136815.64,1,1.0,1.0,146388.85,0
731,15801441,Gordon,537,France,Female,31.0,2,112212.14,1,1.0,1.0,91406.62,0
732,15595592,Lai,708,France,Male,59.0,2,0.0,1,1.0,1.0,179673.11,0
733,15665129,Tuan,695,Germany,Female,37.0,6,136825.34,2,0.0,1.0,182750.24,0
734,15692991,K'ung,699,Germany,Male,27.0,9,94684.27,2,1.0,0.0,88783.59,0
735,15809909,Chukwuemeka,631,Spain,Male,36.0,10,0.0,1,0.0,0.0,645.61,0
736,15588090,Ferri,627,Germany,Female,51.0,8,107494.86,2,1.0,0.0,140937.91,1
737,15789865,Nnaife,620,France,Female,28.0,9,71902.52,1,0.0,1.0,190208.23,0
738,15645896,Genovese,731,Germany,Male,48.0,1,122550.03,1,1.0,0.0,82662.98,0
739,15691624,Clark,637,France,Male,36.0,9,132739.26,2,0.0,0.0,174667.65,1
740,15757867,Y?,589,France,Female,40.0,10,163548.07,1,0.0,1.0,114539.67,1
741,15631512,Folliero,679,France,Male,37.0,7,0.0,2,1.0,0.0,88947.62,0
742,15573073,Iadanza,706,France,Female,35.0,4,0.0,2,0.0,0.0,53311.03,0
743,15606841,Hsueh,729,Germany,Female,32.0,3,131344.52,1,1.0,1.0,67830.2,0
744,15682472,Hsia,628,France,Female,38.0,9,0.0,1,1.0,1.0,50390.98,0
745,15597909,K'ung,590,Spain,Male,28.0,5,0.0,2,0.0,1.0,135655.29,0
746,15700650,Ts'ui,697,France,Male,33.0,9,0.0,2,1.0,1.0,57323.0,0
747,15681439,Nkemdilim,575,France,Female,52.0,9,0.0,1,0.0,0.0,154559.28,1
748,15745354,Pagnotto,680,Spain,Female,29.0,4,141234.98,1,1.0,1.0,114749.64,0
749,15775293,Chukwudi,637,France,Female,44.0,3,119794.67,1,0.0,1.0,51387.1,0
750,15696733,Ibeabuchi,615,Germany,Female,60.0,8,123378.2,1,1.0,1.0,188377.21,1
751,15750049,Holden,738,France,Male,54.0,3,130483.95,1,1.0,0.0,120586.32,1
752,15570194,Hsueh,707,France,Female,53.0,5,0.0,2,1.0,0.0,70778.61,1
753,15581388,Y?an,487,Spain,Male,33.0,8,145729.71,1,1.0,1.0,41365.85,0
754,15763874,Chin,675,France,Female,52.0,5,146857.71,1,1.0,0.0,86043.27,1
755,15604536,Hsia,619,Germany,Male,32.0,1,125827.35,1,1.0,1.0,113581.32,0
756,15591577,White,562,France,Female,32.0,8,0.0,2,1.0,0.0,146891.07,0
757,15711589,Chukwukere,699,Spain,Male,40.0,6,115563.71,3,0.0,0.0,83068.28,1
758,15751554,Uwaezuoke,728,France,Male,33.0,2,0.0,2,1.0,1.0,141798.56,0
759,15694854,P'eng,653,Spain,Male,37.0,0,0.0,2,0.0,1.0,173952.5,0
760,15809909,Niu,567,France,Female,36.0,2,0.0,3,1.0,0.0,182266.01,1
761,15752650,Obialo,741,Germany,Female,47.0,7,127924.25,1,0.0,1.0,158419.85,1
762,15576022,Ponomaryov,479,Spain,Female,41.0,6,0.0,2,1.0,1.0,93336.3,0
763,15795519,Fiorentino,492,Spain,Male,39.0,9,0.0,2,1.0,1.0,181879.56,0
764,15612771,Yip,602,Spain,Male,24.0,3,0.0,2,0.0,0.0,48421.3,0
765,15795936,Nweke,677,France,Male,42.0,1,0.0,2,0.0,0.0,162820.6,0
766,15758013,Napolitano,698,France,Male,41.0,2,98400.61,1,1.0,0.0,25017.28,1
767,15665053,Coates,586,France,Male,42.0,3,0.0,2,0.0,1.0,6723.66,0
768,15585300,Chien,636,Germany,Female,47.0,7,118448.15,1,0.0,0.0,53667.08,1
769,15751177,Milne,622,Germany,Female,44.0,2,119657.53,1,1.0,1.0,145387.05,0
770,15627385,Vinogradova,589,France,Female,37.0,7,85146.48,2,1.0,0.0,86490.09,1
771,15678928,Lucchese,687,France,Male,34.0,8,0.0,2,1.0,0.0,139938.57,0
772,15768367,Kuykendall,477,France,Male,63.0,5,111096.97,1,0.0,1.0,71179.4,1
773,15690733,Nwokeocha,619,Spain,Male,36.0,9,0.0,2,1.0,0.0,179614.8,0
774,15665579,Cartwright,741,Spain,Male,29.0,2,0.0,2,1.0,0.0,3025.49,0
775,15748696,Calabresi,678,Spain,Male,30.0,5,0.0,2,1.0,1.0,73686.75,0
776,15714689,Houghton,711,Spain,Male,29.0,1,97541.24,1,1.0,0.0,196356.17,0
777,15762543,Bednall,658,France,Female,27.0,3,0.0,1,0.0,1.0,49775.58,0
778,15710104,Hsia,632,France,Male,47.0,1,0.0,2,1.0,0.0,100995.99,0
779,15718773,Pisano,605,France,Female,37.0,0,0.0,2,1.0,1.0,160129.99,0
780,15798439,Davidson,714,France,Male,25.0,2,0.0,1,1.0,1.0,132979.43,0
781,15791070,Walker,703,Spain,Male,35.0,9,0.0,1,1.0,0.0,86410.79,0
782,15790564,Onuora,641,France,Male,32.0,5,0.0,2,1.0,1.0,91957.39,0
783,15598521,Ch'eng,617,France,Male,25.0,8,0.0,2,1.0,0.0,14073.11,0
784,15626684,Jideofor,539,France,Female,42.0,5,104760.82,1,1.0,1.0,70529.0,0
785,15795519,Ugochukwu,681,Germany,Male,45.0,9,140576.11,1,1.0,0.0,176768.59,1
786,15632125,Pirozzi,670,Germany,Male,48.0,2,81076.8,2,0.0,0.0,153597.24,0
787,15581733,L?,805,France,Female,31.0,3,0.0,1,1.0,0.0,4798.12,0
788,15624644,Chukwualuka,553,Germany,Female,37.0,1,64740.12,2,1.0,1.0,105784.85,0
789,15622017,Genovese,573,France,Female,41.0,4,0.0,2,1.0,0.0,129912.74,0
790,15749693,Ugonnatubelum,658,France,Female,32.0,9,0.0,1,1.0,0.0,156774.75,1
791,15700964,T'ien,561,Spain,Male,40.0,4,0.0,2,0.0,1.0,101168.9,0
792,15719508,Hsing,585,Spain,Female,40.0,3,139825.56,1,1.0,1.0,142917.54,0
793,15732903,Ngozichukwuka,691,France,Female,38.0,9,0.0,2,1.0,0.0,122996.76,0
794,15623346,Hs?,629,France,Female,40.0,1,0.0,1,1.0,1.0,55893.37,1
795,15723004,K?,696,Germany,Male,40.0,9,88827.53,2,1.0,1.0,148611.52,0
796,15622538,O'Donnell,560,France,Female,48.0,3,0.0,1,1.0,1.0,181549.74,0
797,15757831,Teng,634,France,Female,45.0,5,174852.73,1,1.0,0.0,130142.08,0
798,15585867,Ruggiero,691,Spain,Male,37.0,1,0.0,2,0.0,0.0,48228.1,0
799,15769596,Toscani,755,France,Male,42.0,9,111855.04,1,1.0,0.0,899.94,0
800,15729774,Aksenov,712,France,Male,22.0,9,0.0,2,1.0,0.0,164975.01,0
801,15783883,Calabresi,648,Germany,Female,32.0,4,162390.52,2,1.0,1.0,138192.98,0
802,15607560,Chia,571,Germany,Male,39.0,6,142263.45,1,1.0,1.0,75562.47,0
803,15713250,French,502,France,Female,37.0,8,0.0,1,1.0,1.0,112771.95,0
804,15696900,Maclean,741,France,Female,32.0,4,0.0,1,1.0,0.0,160523.87,1
805,15718912,Hsueh,758,Germany,Female,44.0,6,126147.84,1,1.0,1.0,132424.69,0
806,15665064,Fanucci,695,Germany,Female,48.0,3,84315.02,2,1.0,0.0,102665.92,0
807,15795519,T'ien,745,Germany,Female,40.0,5,111871.93,1,1.0,0.0,51820.87,0
808,15592914,Hsieh,826,France,Female,32.0,4,0.0,2,1.0,0.0,149814.68,0
809,15780128,T'ao,612,Spain,Male,35.0,3,0.0,2,0.0,0.0,51117.03,0
810,15746076,Hs?,579,Spain,Male,36.0,1,0.0,2,1.0,1.0,94415.86,0
811,15792368,Wright,516,Spain,Female,42.0,3,0.0,2,1.0,1.0,114514.67,0
812,15583857,Fiorentino,725,Germany,Female,36.0,4,128743.8,1,1.0,1.0,48243.25,1
813,15807481,Peng,615,France,Female,41.0,2,0.0,1,1.0,1.0,158750.53,0
814,15661526,Chuang,636,France,Female,31.0,3,102346.86,1,1.0,0.0,177613.19,0
815,15691170,Vasilyeva,590,France,Male,30.0,10,99250.08,1,0.0,1.0,129629.41,1
816,15572626,Hsieh,619,Spain,Male,36.0,4,0.0,2,1.0,1.0,151924.9,0
817,15803840,Shih,721,Spain,Male,31.0,2,0.0,2,1.0,1.0,151146.67,0
818,15579166,Munro,619,France,Female,30.0,9,70729.17,1,0.0,0.0,160948.87,0
819,15631457,Swift,684,France,Male,34.0,10,128306.7,1,1.0,1.0,14357.0,1
820,15656471,Yashina,744,Germany,Female,54.0,1,74812.84,1,0.0,1.0,167564.82,1
821,15617206,Chidiebere,614,Spain,Male,36.0,4,134583.94,1,1.0,1.0,71333.62,0
822,15790247,Sims,548,Spain,Male,40.0,10,0.0,2,0.0,1.0,11959.03,0
823,15645371,Fanucci,738,Germany,Male,27.0,3,91718.2,2,1.0,0.0,129660.77,0
824,15686963,Ch'in,593,Germany,Male,48.0,10,123070.89,1,1.0,0.0,178747.43,1
825,15659475,Lombardo,660,Germany,Female,36.0,2,152264.81,1,1.0,0.0,110252.53,1
826,15722053,Ts'ao,667,France,Female,36.0,6,0.0,2,0.0,1.0,120115.5,0
827,15781777,Siciliani,484,France,Male,33.0,0,148659.48,1,0.0,1.0,42437.75,0
828,15605286,Yeh,547,France,Female,50.0,1,153546.24,1,1.0,0.0,135961.01,1
829,15714260,Martin,627,France,Female,50.0,4,0.0,1,1.0,1.0,53394.12,1
830,15658768,Ch'eng,713,Germany,Female,45.0,3,114450.58,1,1.0,0.0,26557.55,1
831,15796569,H?,744,France,Female,41.0,3,0.0,1,1.0,1.0,169920.92,1
832,15686936,Mazzanti,689,France,Female,35.0,6,0.0,2,1.0,1.0,151317.27,0
833,15609824,Teng,695,France,Female,38.0,8,0.0,2,1.0,1.0,88890.05,0
834,15641732,Ts'ui,779,Spain,Female,33.0,10,91536.93,1,1.0,0.0,174337.68,1
835,15812497,Chukwufumnanya,794,France,Male,34.0,8,0.0,1,0.0,1.0,79005.95,0
836,15595842,Paramor,748,Germany,Male,37.0,2,119852.01,1,0.0,0.0,73853.94,0
837,15582944,Becker,658,Spain,Female,39.0,7,0.0,2,0.0,0.0,140941.47,0
838,15772996,Chukwufumnanya,629,Germany,Male,34.0,3,134740.24,1,1.0,1.0,177670.57,0
839,15569423,Chinwemma,707,Germany,Male,29.0,1,122265.24,2,1.0,0.0,124908.46,0
840,15575748,Shih,472,France,Male,35.0,9,0.0,1,1.0,0.0,38773.74,0
841,15636673,Graham,627,France,Female,44.0,2,147972.19,1,1.0,0.0,102530.35,1
842,15800434,Hsieh,829,France,Male,23.0,0,81947.76,1,1.0,1.0,74850.5,0
843,15694253,Palerma,717,France,Female,41.0,7,152105.57,2,1.0,0.0,132374.41,0
844,15586976,Hampton,687,Spain,Male,43.0,9,0.0,1,1.0,1.0,104730.52,0
845,15788920,Milani,583,Spain,Male,34.0,3,0.0,2,1.0,1.0,38315.04,0
846,15741181,Nwachinemelu,774,Germany,Male,30.0,0,143903.56,2,0.0,0.0,130624.55,0
847,15796958,Ch'ien,614,Germany,Female,41.0,5,127763.24,1,1.0,0.0,57929.9,1
848,15633274,Tai,718,France,Female,34.0,7,160515.37,1,1.0,0.0,121904.14,1
849,15792360,Nebechukwu,656,France,Male,28.0,8,0.0,2,1.0,1.0,131772.51,0
850,15618401,Genovese,593,Spain,Male,31.0,5,0.0,2,1.0,1.0,152790.92,0
851,15769964,Ts'ui,707,Spain,Female,29.0,4,0.0,1,1.0,0.0,174911.73,0
852,15642099,Gentry,701,Spain,Male,62.0,6,81958.76,1,1.0,1.0,66469.2,1
853,15656613,Yefremova,668,France,Male,38.0,8,0.0,2,1.0,0.0,122267.88,0
854,15791867,Folliero,682,France,Female,48.0,7,0.0,2,1.0,0.0,104719.43,0
855,15691883,Hsu,605,France,Female,25.0,6,0.0,2,1.0,0.0,77519.73,0
856,15781409,Wang,554,France,Female,22.0,4,0.0,1,1.0,1.0,84908.2,1
857,15591433,Onodugoadiegbemma,593,Germany,Female,47.0,10,108235.91,1,0.0,1.0,161465.31,1
858,15656547,Chibugo,630,Germany,Female,29.0,2,81732.46,1,1.0,0.0,134857.54,0
859,15651063,Dyer,631,France,Male,32.0,3,0.0,2,1.0,0.0,176843.32,0
860,15800773,Tuan,686,Spain,Female,57.0,5,99835.47,1,1.0,1.0,91366.42,0
861,15744368,Hao,756,France,Female,36.0,6,98308.51,1,1.0,1.0,132034.13,0
862,15732628,Ugoji,745,France,Male,46.0,9,122220.19,1,1.0,1.0,118024.1,0
863,15730137,Udegbulam,678,France,Male,31.0,6,88421.81,1,0.0,0.0,72350.47,0
864,15680643,Onio,659,France,Male,60.0,9,0.0,1,1.0,1.0,131662.47,0
865,15697901,Nwabugwu,686,Germany,Female,45.0,4,78892.08,1,1.0,0.0,162597.9,1
866,15670039,Rieke,619,Spain,Female,47.0,5,0.0,3,1.0,0.0,100137.2,1
867,15794941,Chibueze,647,Germany,Female,29.0,1,85906.65,1,1.0,0.0,189159.97,0
868,15664555,Baresi,707,France,Female,41.0,2,0.0,2,0.0,1.0,181890.06,0
869,15776629,Linger,641,France,Male,36.0,2,0.0,2,0.0,0.0,4791.8,0
870,15576623,Kuo,812,France,Male,40.0,9,0.0,1,0.0,1.0,83060.98,1
871,15797960,McGregor,589,France,Female,44.0,6,0.0,2,0.0,0.0,82662.73,1
872,15694444,Chiekwugo,640,France,Male,41.0,8,126066.13,2,1.0,0.0,153662.88,0
873,15638806,Manna,646,France,Male,25.0,2,0.0,2,1.0,0.0,119890.86,0
874,15791867,Lucciano,714,France,Female,30.0,0,103895.31,1,0.0,1.0,108645.85,0
875,15673082,Efremov,595,France,Male,32.0,3,0.0,2,0.0,0.0,62733.32,0
876,15591822,Yefremova,609,France,Male,34.0,6,0.0,2,1.0,0.0,35140.24,0
877,15624596,Ozoemena,634,Spain,Female,35.0,4,0.0,1,1.0,0.0,61324.56,1
878,15581440,Christie,710,Germany,Male,42.0,6,110463.25,2,1.0,1.0,80552.11,0
879,15747762,Ewing,756,Germany,Male,24.0,1,76548.6,2,1.0,1.0,159800.16,0
880,15663921,Efremov,659,Germany,Female,24.0,7,103034.56,2,1.0,0.0,103536.38,0
881,15582515,Manna,723,France,Female,61.0,1,127343.28,1,1.0,1.0,142763.83,0
882,15677784,Pagnotto,735,Germany,Female,28.0,6,117300.24,1,1.0,0.0,74850.36,0
883,15589793,Onwuamaeze,604,France,Male,53.0,9,144453.75,1,1.0,0.0,190998.96,1
884,15738662,De Garis,628,Spain,Female,62.0,5,0.0,1,1.0,0.0,199693.84,1
885,15691810,Fanucci,729,Spain,Female,29.0,6,0.0,1,1.0,1.0,57594.69,0
886,15599182,Ch'in,639,Germany,Female,33.0,5,126823.21,2,1.0,0.0,78915.84,1
887,15772341,Hs?eh,533,Germany,Female,51.0,6,75801.74,1,1.0,0.0,45613.75,1
888,15639133,K'ung,706,France,Male,36.0,2,0.0,2,0.0,0.0,88827.67,0
889,15593973,Hsia,557,France,Female,46.0,9,0.0,1,1.0,1.0,187987.01,1
890,15802468,Onyekaozulu,729,Germany,Male,49.0,7,76656.4,2,1.0,1.0,185580.89,0
891,15806945,Chin,584,France,Male,36.0,4,0.0,2,1.0,0.0,9983.88,0
892,15753362,Chukwudi,659,France,Male,32.0,8,121647.54,1,0.0,0.0,129964.94,0
893,15773322,Tu,559,France,Male,37.0,1,122214.0,2,1.0,0.0,88965.46,0
894,15742408,Hs?,679,France,Female,37.0,1,0.0,2,1.0,0.0,159899.97,0
895,15642937,Maclean,656,France,Male,33.0,9,0.0,2,0.0,1.0,137037.51,0
896,15651740,Tien,679,Germany,Male,48.0,1,160903.2,2,1.0,1.0,74850.84,1
897,15761453,Hargraves,653,Spain,Male,39.0,7,0.0,2,0.0,0.0,93544.19,0
898,15628999,Onyekaozulu,669,France,Female,27.0,3,0.0,2,1.0,1.0,93959.96,0
899,15649418,Chukwukere,659,Germany,Female,47.0,4,129832.58,2,1.0,0.0,139947.94,0
900,15754574,P'eng,717,Spain,Female,26.0,2,0.0,2,1.0,0.0,56905.38,0
901,15699467,Ewen,715,France,Male,40.0,6,0.0,1,1.0,1.0,115818.51,0
902,15790846,Onyekachukwu,678,Germany,Female,41.0,4,142296.13,1,0.0,1.0,60416.76,0
903,15585892,Ijendu,757,France,Male,49.0,8,0.0,2,1.0,0.0,55313.51,0
904,15603840,Hsu,729,France,Male,44.0,8,0.0,2,0.0,1.0,148527.78,0
905,15612193,Hsia,762,Spain,Male,38.0,4,115545.33,2,0.0,1.0,148256.43,0
906,15675190,Y?,742,Spain,Female,27.0,7,0.0,2,1.0,1.0,70578.46,0
907,15735388,Chin,622,Spain,Male,32.0,7,106471.56,1,1.0,1.0,64586.39,1
908,15767339,Chiazagomekpere,677,France,Male,33.0,10,0.0,1,1.0,0.0,189992.97,0
909,15595588,Lucciano,653,Spain,Male,35.0,8,0.0,2,1.0,0.0,181461.46,0
910,15629793,Banks,652,Spain,Male,28.0,9,156823.7,1,0.0,0.0,198251.52,1
911,15744041,Abbott,660,France,Female,46.0,3,0.0,2,1.0,1.0,11638.17,0
912,15596022,Titheradge,692,France,Male,33.0,4,0.0,2,1.0,0.0,119565.94,0
913,15731534,Ch'in,638,France,Male,34.0,7,0.0,2,1.0,1.0,26170.04,0
914,15752956,Hopwood,631,France,Male,33.0,4,191523.09,2,1.0,1.0,167058.75,0
915,15640865,Shih,635,France,Female,37.0,6,0.0,2,1.0,0.0,131581.72,0
916,15689955,H?,669,France,Male,28.0,9,0.0,2,0.0,1.0,179446.63,0
917,15758252,T'ao,656,France,Male,43.0,2,155973.88,1,0.0,1.0,101382.86,0
918,15608968,Tung,580,France,Female,41.0,9,171671.9,3,1.0,1.0,123663.63,1
919,15621550,Folliero,652,France,Male,32.0,7,0.0,2,1.0,1.0,138882.7,0
920,15761783,Shah,577,France,Male,41.0,6,0.0,1,1.0,0.0,167621.18,0
921,15623966,Alexander,578,France,Female,35.0,2,0.0,2,1.0,0.0,161428.25,0
922,15770174,Cavenagh,709,Germany,Male,22.0,8,119655.77,1,1.0,1.0,71830.1,0
923,15776844,Hao,762,Spain,Female,19.0,6,0.0,2,0.0,0.0,55500.17,1
924,15720706,Hsing,689,Spain,Female,29.0,6,0.0,2,0.0,0.0,122949.71,0
925,15660809,O'Donnell,843,France,Male,25.0,6,145396.49,1,0.0,0.0,100809.99,0
926,15691908,Mazzi,756,France,Male,44.0,7,0.0,2,1.0,0.0,168038.09,0
927,15764409,Tien,616,France,Male,31.0,5,0.0,2,1.0,0.0,61326.43,0
928,15802486,Chigolum,627,Germany,Male,50.0,9,116494.22,1,1.0,1.0,61961.47,0
929,15792473,Lori,598,Germany,Female,50.0,8,88379.81,3,1.0,0.0,64157.24,1
930,15804486,Brown,653,Germany,Male,31.0,7,116822.21,1,1.0,1.0,108891.2,0
931,15668032,Ku,554,France,Female,28.0,0,116781.7,1,1.0,0.0,96670.2,0
932,15789339,Yen,681,France,Male,59.0,4,122781.51,1,0.0,0.0,140166.95,1
933,15752838,Lucas,644,France,Male,20.0,4,0.0,2,1.0,0.0,94415.6,0
934,15789432,Mazzanti,451,France,Male,33.0,6,0.0,1,1.0,0.0,184954.11,0
935,15744273,Graham,648,Germany,Male,58.0,10,84327.77,2,1.0,0.0,65708.5,0
936,15640409,Onyeorulu,577,Spain,Male,36.0,0,0.0,2,1.0,0.0,152872.95,0
937,15592394,Hsia,711,Spain,Female,38.0,5,0.0,2,1.0,1.0,173852.21,0
938,15801247,Woods,775,Germany,Female,39.0,8,102721.49,2,0.0,0.0,14073.11,1
939,15581871,Lai,588,Germany,Male,28.0,5,115007.08,1,0.0,0.0,176858.5,0
940,15671410,Onyekachi,588,Germany,Male,39.0,6,130969.77,2,1.0,0.0,187926.14,0
941,15747795,Harper,714,France,Male,29.0,6,92887.13,1,1.0,1.0,69578.49,0
942,15600912,Fiorentino,572,France,Male,36.0,2,0.0,3,1.0,0.0,57762.25,0
943,15746805,Tuan,592,France,Male,41.0,7,0.0,2,0.0,1.0,150944.41,0
944,15596914,Chukwuebuka,489,Spain,Male,38.0,3,0.0,1,1.0,1.0,51672.91,0
945,15798429,Hernandez,741,France,Male,38.0,9,0.0,2,1.0,1.0,115994.52,0
946,15651556,Tseng,538,France,Female,31.0,10,0.0,1,1.0,0.0,161054.65,0
947,15794890,Shih,725,France,Female,37.0,5,0.0,2,1.0,1.0,174825.04,0
948,15737408,Nnonso,679,France,Male,34.0,10,0.0,2,1.0,1.0,179963.25,0
949,15631756,Tsao,711,France,Male,26.0,5,100476.42,1,0.0,1.0,171345.02,0
950,15623082,Ch'ang,649,Germany,Female,40.0,2,114737.26,3,1.0,0.0,106655.88,1
951,15618155,Ts'ui,771,Spain,Female,37.0,5,0.0,2,1.0,1.0,51219.8,0
952,15624451,Onwumelu,619,Germany,Female,36.0,8,115557.0,2,1.0,1.0,172618.52,0
953,15583857,Siciliano,672,Spain,Male,43.0,4,0.0,2,0.0,0.0,154908.52,0
954,15775888,White,591,France,Female,35.0,8,85626.6,1,1.0,1.0,125079.65,0
955,15742834,King,693,France,Female,43.0,4,152341.55,1,0.0,0.0,9241.78,1
956,15645847,Yudin,570,France,Male,37.0,8,0.0,2,1.0,1.0,187758.5,0
957,15703394,Smith,588,France,Male,37.0,1,170114.0,1,1.0,1.0,141804.64,0
958,15698246,Gordon,658,France,Female,31.0,2,0.0,2,1.0,1.0,84694.49,0
959,15699450,Thompson,648,Germany,Female,45.0,1,114753.76,2,0.0,0.0,61793.47,0
960,15572467,Chiemela,751,Germany,Male,35.0,5,82547.26,1,0.0,0.0,93959.96,0
961,15759892,Loyau,624,Spain,Male,35.0,1,0.0,2,1.0,1.0,12761.51,0
962,15694532,Macdonald,588,France,Male,39.0,1,0.0,2,1.0,0.0,55725.52,0
963,15691723,Chukwudi,631,France,Male,55.0,9,99685.06,1,1.0,1.0,114474.98,0
964,15579892,K?,678,France,Male,34.0,7,0.0,2,1.0,0.0,120770.5,0
965,15619407,Wallace,516,France,Female,39.0,4,133707.09,1,1.0,0.0,108152.75,0
966,15716347,Chien,665,Germany,Female,45.0,6,123374.46,1,1.0,0.0,172618.52,1
967,15797710,McWilliams,714,France,Male,34.0,1,0.0,1,1.0,0.0,115186.94,0
968,15595731,Hsing,788,Germany,Male,51.0,5,91091.52,2,1.0,0.0,58883.06,1
969,15628059,Smith,598,Spain,Female,39.0,6,61211.01,1,0.0,1.0,40321.63,0
970,15769948,Ugochukwu,684,Germany,Male,44.0,0,127269.75,1,0.0,1.0,79495.01,0
971,15690153,Black,682,France,Male,35.0,7,141787.31,1,1.0,1.0,140723.05,0
972,15790935,Sanders,577,Spain,Female,38.0,4,0.0,2,1.0,1.0,35884.91,0
973,15642619,Savage,731,Spain,Female,33.0,1,0.0,2,1.0,0.0,130726.96,0
974,15801932,Hsiung,582,Germany,Female,27.0,1,117561.06,1,1.0,1.0,126551.25,0
975,15641366,Aksenov,627,France,Female,41.0,3,0.0,2,1.0,0.0,61636.22,0
976,15751175,Hsiung,588,France,Female,46.0,6,0.0,1,1.0,0.0,129964.14,1
977,15740283,Yashina,724,France,Female,36.0,8,0.0,2,0.0,0.0,83681.2,0
978,15662232,Yevdokimova,584,France,Female,29.0,5,0.0,1,0.0,0.0,172601.65,0
979,15793197,Calabresi,724,Spain,Female,40.0,5,142880.28,1,0.0,0.0,185541.2,1
980,15737354,Trevisano,705,France,Male,26.0,8,0.0,2,0.0,1.0,179861.89,0
981,15592877,Chiazagomekpere,757,Spain,Female,37.0,5,106817.49,1,1.0,0.0,124592.84,1
982,15771087,Harrison,597,France,Male,33.0,0,127510.99,1,0.0,1.0,155356.34,0
983,15580213,Kashiwagi,521,France,Female,25.0,9,0.0,1,1.0,1.0,151349.85,1
984,15652048,Chukwumaobim,669,Spain,Male,41.0,4,163764.84,2,1.0,1.0,124592.83,0
985,15686957,Pinto,645,France,Female,38.0,4,0.0,2,1.0,0.0,76637.38,0
986,15575623,Jones,610,France,Female,26.0,8,100762.64,2,0.0,1.0,125222.36,0
987,15793307,Calabresi,724,France,Female,34.0,2,0.0,2,1.0,0.0,185541.2,0
988,15768342,Yobachukwu,578,France,Male,33.0,2,120777.28,1,1.0,0.0,161313.49,0
989,15782226,Ts'ao,734,Germany,Female,39.0,5,121763.66,1,1.0,0.0,91036.93,0
990,15615116,Pinto,601,France,Male,26.0,4,0.0,2,1.0,0.0,146585.29,0
991,15578515,T'ien,652,France,Female,55.0,4,0.0,1,1.0,1.0,179445.28,1
992,15573854,Chikwendu,715,France,Male,47.0,10,0.0,2,0.0,0.0,38652.96,0
993,15652981,Price,678,Spain,Male,30.0,6,0.0,1,0.0,0.0,35113.08,0
994,15593250,Hs?,651,France,Female,29.0,6,0.0,2,1.0,0.0,44904.26,0
995,15654859,Hsiao,635,France,Male,40.0,7,0.0,1,1.0,1.0,171513.87,0
996,15707541,Uvarov,561,France,Male,28.0,6,125889.13,1,1.0,0.0,171922.71,0
997,15593595,Frolova,591,France,Male,39.0,8,0.0,2,1.0,1.0,73949.62,0
998,15573309,Ward,626,Spain,Female,32.0,2,0.0,2,1.0,0.0,95794.98,0
999,15714642,Yermolayeva,553,Spain,Male,35.0,5,0.0,1,1.0,0.0,67879.8,0
1000,15605665,Nwabugwu,559,France,Male,30.0,2,0.0,2,1.0,1.0,57975.8,0
1001,15589754,Chukwufumnanya,516,France,Male,38.0,7,0.0,2,1.0,0.0,70778.63,0
1002,15773890,Fiorentini,598,France,Male,25.0,7,0.0,1,1.0,1.0,146585.57,0
1003,15682269,Yobanna,645,Spain,Female,39.0,3,0.0,2,1.0,1.0,102565.31,0
1004,15664543,H?,632,France,Female,29.0,3,0.0,2,0.0,1.0,73329.08,0
1005,15592999,Nwachinemelu,684,Spain,Male,30.0,9,0.0,2,1.0,0.0,139048.0,0
1006,15744529,Chiekwugo,566,France,Male,63.0,7,99824.45,1,1.0,0.0,115291.86,1
1007,15651868,Ts'ao,731,Spain,Male,24.0,5,0.0,2,1.0,0.0,180598.86,0
1008,15775104,Uspenskaya,586,France,Female,47.0,8,0.0,2,1.0,0.0,73066.72,0
1009,15631603,Ponomaryova,709,France,Male,32.0,1,122889.88,1,1.0,1.0,26476.18,0
1010,15719489,Ting,697,France,Male,41.0,4,0.0,2,1.0,1.0,163983.88,0
1011,15697876,Echezonachukwu,633,Spain,Female,40.0,0,0.0,1,1.0,0.0,121525.19,1
1012,15685869,Watson,575,France,Female,25.0,9,0.0,1,0.0,0.0,12096.17,1
1013,15594936,Tung,706,France,Male,54.0,8,160736.05,2,0.0,1.0,93746.02,1
1014,15686959,Pisano,595,France,Female,43.0,9,0.0,2,0.0,0.0,133020.17,0
1015,15585067,Tung,611,France,Male,38.0,8,0.0,2,1.0,1.0,157553.03,0
1016,15736287,Horsley,639,Spain,Male,44.0,5,92347.37,1,1.0,0.0,103901.48,0
1017,15753248,Martin,591,Spain,Female,30.0,5,0.0,1,1.0,0.0,182726.22,1
1018,15772412,Tretiakov,821,Spain,Female,39.0,4,0.0,2,1.0,1.0,194273.2,0
1019,15577988,Chin,614,France,Female,35.0,1,0.0,2,1.0,1.0,3342.62,0
1020,15672516,Wall,590,Germany,Male,46.0,5,90373.28,1,1.0,0.0,179861.79,0
1021,15663939,P'an,562,France,Male,47.0,9,0.0,1,1.0,0.0,79637.15,1
1022,15685320,Onwuamaeze,613,France,Male,26.0,4,0.0,2,0.0,0.0,145524.36,0
1023,15802570,Nwankwo,613,France,Male,34.0,3,119657.87,1,1.0,1.0,133601.56,0
1024,15784161,Hargreaves,583,Germany,Male,39.0,8,102945.01,2,0.0,0.0,52861.89,0
1025,15574237,Hsueh,526,France,Female,21.0,8,0.0,2,1.0,0.0,110114.19,0
1026,15691326,Nnaife,561,France,Female,33.0,3,0.0,1,1.0,0.0,131281.57,0
1027,15774192,Kentish,517,France,Male,33.0,8,0.0,2,0.0,1.0,123535.05,0
1028,15743478,Pagnotto,450,Spain,Male,37.0,9,74237.2,1,1.0,0.0,195463.35,1
1029,15799186,Maclean,638,France,Male,41.0,9,0.0,2,1.0,0.0,143683.76,0
1030,15679622,Okechukwu,815,France,Male,43.0,4,0.0,4,1.0,1.0,133692.88,1
1031,15771000,Chukwukadibia,684,Germany,Male,39.0,9,123764.96,2,0.0,0.0,153516.35,0
1032,15775234,Manna,571,Germany,Male,32.0,0,114510.85,1,1.0,0.0,126143.23,1
1033,15676433,Allan,707,Spain,Female,36.0,2,0.0,1,1.0,0.0,98810.78,0
1034,15635942,H?,616,France,Male,40.0,3,0.0,2,1.0,1.0,90424.09,0
1035,15617082,Gentry,716,Spain,Female,38.0,2,160566.11,1,1.0,0.0,52337.97,1
1036,15746979,Hsia,594,Germany,Female,46.0,5,141806.0,2,1.0,0.0,93844.94,1
1037,15809991,Ferrari,630,Spain,Male,19.0,9,0.0,2,1.0,1.0,133535.29,0
1038,15651569,Kambinachi,705,France,Male,39.0,10,104719.51,2,1.0,1.0,70553.92,0
1039,15737971,Zetticci,775,Germany,Male,33.0,3,123783.25,1,1.0,1.0,134901.57,0
1040,15601417,T'ien,704,France,Male,24.0,3,148884.47,2,1.0,1.0,173511.72,0
1041,15689294,Onyemaechi,756,Germany,Male,44.0,3,105934.96,2,1.0,0.0,82463.69,0
1042,15752846,Pinto,699,France,Male,28.0,2,0.0,2,1.0,1.0,22684.78,0
1043,15585888,Cremonesi,468,Spain,Male,24.0,3,0.0,2,1.0,1.0,160810.85,0
1044,15808521,Mancini,639,Germany,Female,24.0,1,102882.47,1,1.0,1.0,159584.81,1
1045,15635143,Ibezimako,632,France,Female,38.0,3,0.0,2,1.0,0.0,137028.51,0
1046,15743245,Nkemdilim,642,France,Female,27.0,8,0.0,2,1.0,0.0,182531.74,0
1047,15749004,Tseng,593,France,Male,38.0,7,0.0,2,1.0,0.0,19515.48,0
1048,15743714,Nkemdirim,567,France,Male,46.0,1,0.0,2,1.0,1.0,25843.7,0
1049,15754940,Zikoranachidimma,695,France,Female,46.0,2,0.0,1,1.0,1.0,71047.51,0
1050,15783816,Lori,733,France,Female,33.0,5,0.0,2,1.0,1.0,12761.16,0
1051,15604020,H?,719,Germany,Female,30.0,7,86053.52,2,0.0,1.0,116973.48,0
1052,15722993,K?,576,France,Male,36.0,9,0.0,2,1.0,0.0,172665.17,0
1053,15730137,Ozerova,707,France,Male,34.0,0,0.0,1,1.0,1.0,99818.41,0
1054,15767954,Nwankwo,590,France,Male,43.0,6,0.0,1,1.0,0.0,105837.82,1
1055,15574523,Chin,697,Germany,Female,40.0,1,109786.82,2,1.0,0.0,139712.81,1
1056,15735263,Nnaife,710,Germany,Female,38.0,8,98640.01,1,0.0,1.0,103660.89,0
1057,15677828,Yermakov,837,Germany,Male,44.0,7,135120.56,2,1.0,0.0,156048.64,0
1058,15770225,Padovesi,493,Germany,Male,36.0,9,109062.28,1,1.0,0.0,65816.53,0
1059,15804064,Shillito,667,France,Male,20.0,7,0.0,2,1.0,0.0,183872.88,0
1060,15806913,Fiorentini,714,France,Male,35.0,6,0.0,2,1.0,1.0,135088.58,0
1061,15642785,Chia,557,Germany,Male,36.0,4,153972.96,2,1.0,1.0,56767.38,0
1062,15641629,P'eng,687,Spain,Male,24.0,1,0.0,2,0.0,1.0,41233.97,0
1063,15793723,Ch'iu,709,Germany,Female,49.0,1,130142.79,1,1.0,0.0,62449.07,1
1064,15692726,Dickson,710,France,Male,29.0,3,0.0,2,0.0,1.0,12761.82,0
1065,15753847,Baresi,850,France,Female,39.0,3,0.0,2,1.0,1.0,80420.75,0
1066,15694530,Ifeanyichukwu,785,France,Male,45.0,1,129855.32,1,1.0,0.0,24218.65,1
1067,15638068,Fanucci,521,Germany,Female,34.0,3,73023.18,2,0.0,0.0,53479.15,0
1068,15658532,Onyekaozulu,706,Spain,Male,28.0,6,0.0,2,0.0,1.0,171445.92,0
1069,15624592,Tan,602,France,Male,31.0,8,0.0,1,1.0,1.0,169915.02,0
1070,15765048,Lin,794,France,Male,41.0,3,176845.41,1,1.0,0.0,166526.26,1
1071,15643670,Hsieh,575,France,Female,31.0,6,0.0,2,1.0,1.0,109291.22,0
1072,15743594,O'Donnell,641,France,Male,42.0,6,109346.3,1,1.0,0.0,8982.8,0
1073,15693902,Hunt,558,France,Female,19.0,0,0.0,2,1.0,1.0,91036.74,1
1074,15592846,Riggs,751,France,Female,37.0,3,0.0,2,1.0,1.0,64443.75,0
1075,15658067,Walker,636,Germany,Female,37.0,3,120568.41,1,1.0,1.0,190160.04,0
1076,15776743,Nwachinemelu,657,France,Male,43.0,1,0.0,2,0.0,1.0,75632.56,0
1077,15674880,H?,671,France,Male,31.0,8,0.0,2,1.0,1.0,157097.09,0
1078,15758073,Stevens,686,France,Male,35.0,5,0.0,2,0.0,0.0,192381.21,0
1079,15807008,Milne,591,France,Male,37.0,3,134249.7,1,0.0,0.0,86424.57,0
1080,15805637,Hsing,625,France,Male,36.0,9,108546.16,3,1.0,1.0,133807.77,0
1081,15740345,Yeh,662,France,Female,27.0,4,0.0,2,1.0,0.0,86490.09,0
1082,15789055,Watt,635,Germany,Male,38.0,2,113635.16,2,1.0,0.0,90883.12,0
1083,15803815,Y?an,733,France,Male,35.0,2,0.0,2,1.0,0.0,59679.02,0
1084,15778936,Cremonesi,774,France,Male,38.0,9,113657.41,1,1.0,0.0,113581.85,0
1085,15594651,Milani,733,France,Female,41.0,4,115221.36,1,0.0,1.0,70956.75,0
1086,15641416,Napolitano,663,Germany,Male,48.0,3,108586.86,1,0.0,0.0,163563.07,1
1087,15774857,Chizoba,598,France,Female,34.0,4,125437.95,1,1.0,0.0,133537.05,0
1088,15762929,Pirozzi,691,Germany,Female,50.0,10,108650.74,3,1.0,1.0,52313.94,1
1089,15627203,Hsu,508,Spain,Female,54.0,10,0.0,2,1.0,1.0,175749.36,0
1090,15592570,Marino,576,France,Female,33.0,7,0.0,2,1.0,0.0,56759.79,0
1091,15591179,Skelton,639,Spain,Male,33.0,4,0.0,2,1.0,0.0,145900.89,1
1092,15648075,Onyekachi,637,France,Female,39.0,7,114731.76,1,1.0,1.0,120853.83,0
1093,15630551,Chu,669,France,Male,48.0,8,65971.29,1,0.0,0.0,176660.87,1
1094,15756056,Chiemenam,605,Germany,Female,37.0,9,166594.78,2,0.0,0.0,94815.04,0
1095,15774836,Fitch,645,Spain,Female,36.0,6,0.0,2,1.0,0.0,49361.59,0
1096,15814536,Manna,628,France,Male,37.0,2,0.0,2,1.0,0.0,47432.43,0
1097,15805565,Ubanwa,814,France,Male,32.0,8,0.0,1,1.0,0.0,132861.9,0
1098,15722053,Oguejiofor,576,Spain,Male,33.0,8,0.0,2,0.0,1.0,190112.05,0
1099,15598884,T'an,589,France,Female,42.0,10,0.0,2,1.0,0.0,148087.43,0
1100,15756932,Montemayor,632,Spain,Male,37.0,3,0.0,2,1.0,1.0,80425.65,0
1101,15632264,Tsao,584,Germany,Male,50.0,3,114327.59,1,1.0,0.0,140857.76,1
1102,15659325,Yefimova,535,France,Male,38.0,0,0.0,2,1.0,1.0,145562.4,0
1103,15589924,Ma,646,Germany,Female,45.0,3,132746.2,2,1.0,1.0,26628.88,0
1104,15674928,Hsia,593,Spain,Male,27.0,9,0.0,2,1.0,0.0,164039.3,0
1105,15637169,Dickson,479,France,Male,30.0,1,120599.13,1,1.0,1.0,88920.68,0
1106,15655171,Yermakova,487,France,Male,24.0,3,0.0,1,1.0,1.0,65801.44,0
1107,15658057,Trevisani,571,Spain,Male,35.0,4,138523.01,1,1.0,0.0,151667.33,0
1108,15576550,Nwokeocha,769,Spain,Male,46.0,6,0.0,3,1.0,0.0,177614.17,1
1109,15646095,Onwumelu,648,France,Male,43.0,8,0.0,2,1.0,0.0,103969.63,0
1110,15624451,Obiajulu,755,France,Male,48.0,6,0.0,1,1.0,1.0,74850.77,1
1111,15603830,Palmer,600,Spain,Male,36.0,7,0.0,2,1.0,0.0,143668.58,0
1112,15803633,T'ien,642,France,Female,46.0,1,0.0,2,0.0,0.0,82106.19,0
1113,15781619,Nkemdirim,635,France,Female,36.0,1,0.0,2,1.0,1.0,183598.77,0
1114,15787884,Ikedinachukwu,634,Spain,Male,30.0,9,0.0,2,0.0,0.0,136870.54,0
1115,15744044,Ts'ui,681,France,Male,42.0,7,0.0,2,1.0,0.0,143960.72,0
1116,15791867,H?,769,France,Male,39.0,0,123783.56,1,1.0,0.0,125870.86,0
1117,15723488,T'ang,721,Germany,Male,57.0,4,101675.22,1,1.0,1.0,60921.2,0
1118,15795540,Yuryeva,628,France,Male,21.0,7,0.0,2,0.0,1.0,148811.49,0
1119,15582841,Zetticci,598,France,Male,40.0,0,0.0,2,0.0,0.0,103764.82,1
1120,15773789,Nucci,704,Spain,Female,43.0,5,0.0,2,1.0,0.0,158973.77,1
1121,15760865,Gibson,754,Spain,Male,39.0,5,157691.98,2,1.0,1.0,133600.89,0
1122,15604792,Genovese,595,Spain,Female,37.0,5,0.0,1,1.0,0.0,113931.57,1
1123,15574480,Tuan,652,Spain,Female,31.0,1,132862.59,1,1.0,0.0,158054.49,0
1124,15600626,Milanesi,597,Spain,Male,65.0,1,0.0,2,1.0,0.0,162515.83,1
1125,15598894,O'Loughlin,707,France,Female,42.0,6,53772.02,2,1.0,0.0,80170.3,1
1126,15800229,Thorpe,588,Germany,Male,40.0,7,139022.24,1,1.0,0.0,193383.13,0
1127,15660646,Fanucci,634,France,Male,35.0,3,156687.1,2,1.0,1.0,199320.77,0
1128,15723786,Chukwufumnanya,621,Germany,Female,37.0,1,147137.74,1,0.0,1.0,97939.4,1
1129,15745306,Ts'ai,637,France,Female,40.0,5,148913.78,1,1.0,0.0,101839.79,0
1130,15750497,Fanucci,706,France,Female,37.0,4,0.0,1,1.0,0.0,72989.59,0
1131,15634143,Onyemauchechi,636,France,Male,29.0,0,0.0,2,1.0,0.0,196582.28,0
1132,15694272,Nkemakolam,665,France,Male,38.0,1,0.0,1,1.0,0.0,77783.35,0
1133,15729582,Lettiere,589,Spain,Female,35.0,3,0.0,2,1.0,1.0,146886.16,0
1134,15702642,Iadanza,623,France,Male,22.0,2,0.0,2,0.0,1.0,131778.02,0
1135,15780034,Teng,682,Germany,Male,61.0,2,146605.27,1,1.0,1.0,165038.58,1
1136,15656829,Hughes,579,Spain,Female,33.0,6,0.0,2,1.0,1.0,62868.33,0
1137,15781598,Fanucci,684,France,Male,39.0,1,0.0,2,1.0,0.0,38772.65,0
1138,15609356,Fraser,596,France,Female,27.0,1,0.0,2,0.0,0.0,70774.97,0
1139,15743545,Nworie,647,Spain,Male,29.0,8,0.0,2,1.0,1.0,179032.68,0
1140,15806963,Chikezie,670,Spain,Male,41.0,8,149961.99,2,0.0,1.0,82868.34,0
1141,15651022,Tung,535,France,Female,36.0,4,0.0,2,1.0,1.0,140763.18,0
1142,15775905,Lo Duca,699,Germany,Female,52.0,8,130024.87,1,1.0,1.0,45750.21,1
1143,15676521,Genovesi,678,France,Female,38.0,6,0.0,2,1.0,1.0,137079.86,0
1144,15711015,Erskine,706,Germany,Male,34.0,8,125701.72,1,0.0,1.0,62700.89,1
1145,15728456,Gordon,681,France,Male,34.0,8,0.0,1,1.0,1.0,42171.13,0
1146,15813912,Cribb,850,Germany,Male,41.0,9,178053.5,1,1.0,0.0,136041.43,1
1147,15592222,Kaeppel,677,Germany,Female,30.0,4,137456.07,1,0.0,1.0,88820.49,0
1148,15651490,Smith,608,Germany,Female,34.0,4,96019.33,1,0.0,0.0,116748.06,0
1149,15701364,Chukwualuka,613,France,Male,37.0,5,128173.31,1,1.0,1.0,88820.35,0
1150,15589323,Frewin,627,France,Male,36.0,4,0.0,2,1.0,0.0,172668.39,0
1151,15651052,Tuan,663,Spain,Female,42.0,2,0.0,1,1.0,0.0,63737.19,1
1152,15700654,Chukwudi,521,Germany,Male,34.0,2,103481.47,1,1.0,1.0,153629.97,1
1153,15583394,Zuyev,659,France,Male,38.0,6,0.0,2,1.0,0.0,147075.69,0
1154,15752300,Hsiung,661,France,Female,53.0,10,135851.6,1,1.0,0.0,109733.23,1
1155,15731519,Chiang,624,France,Male,64.0,5,128131.73,1,1.0,1.0,175072.39,0
1156,15770406,Lucchese,530,France,Female,39.0,6,69517.94,1,1.0,1.0,172494.34,0
1157,15698510,Onyemere,690,France,Male,35.0,9,0.0,2,1.0,1.0,82696.09,0
1158,15652885,Toth,535,France,Male,29.0,9,0.0,2,1.0,1.0,52827.51,0
1159,15642709,Frewin,705,Germany,Male,42.0,4,150133.88,2,1.0,0.0,187980.16,0
1160,15703037,Yobanna,582,France,Male,34.0,8,0.0,2,1.0,0.0,96546.57,0
1161,15711396,Henderson,427,Spain,Male,39.0,8,0.0,2,1.0,1.0,82870.75,0
1162,15813140,Shao,643,France,Female,75.0,6,161371.5,1,1.0,1.0,134878.19,0
1163,15672397,Pisani,647,Spain,Male,30.0,6,136491.92,1,0.0,0.0,180150.44,0
1164,15752991,Yefimova,712,Spain,Male,43.0,3,101802.67,1,0.0,1.0,177844.15,0
1165,15738063,Shen,554,France,Male,24.0,2,0.0,2,1.0,0.0,18581.84,0
1166,15785559,De Luca,645,France,Male,43.0,1,133237.21,1,1.0,1.0,111032.79,0
1167,15581589,T'ien,729,France,Male,38.0,7,0.0,1,1.0,1.0,163666.85,0
1168,15694395,Nkemjika,704,Spain,Female,31.0,2,0.0,1,1.0,0.0,183584.12,1
1169,15659568,Su,812,France,Female,25.0,4,54817.55,2,1.0,1.0,131660.31,0
1170,15696812,Lazareva,598,France,Male,29.0,4,0.0,2,1.0,0.0,129933.5,0
1171,15703541,Chinedum,726,France,Male,32.0,9,0.0,2,1.0,0.0,196288.46,0
1172,15653858,Olisanugo,651,Spain,Female,48.0,1,0.0,2,1.0,1.0,136909.88,0
1173,15696028,Ch'in,628,France,Female,36.0,2,0.0,2,0.0,1.0,14073.71,0
1174,15699247,T'ien,815,France,Female,46.0,3,0.0,1,0.0,1.0,159835.45,1
1175,15681554,Hsia,543,France,Male,36.0,4,0.0,2,1.0,0.0,180426.83,0
1176,15800554,Genovesi,594,Germany,Male,32.0,7,180515.83,1,1.0,0.0,115800.2,1
1177,15675896,Hsu,850,France,Male,35.0,1,141763.58,1,1.0,0.0,156515.96,0
1178,15745794,Chukwualuka,706,France,Male,62.0,3,0.0,1,0.0,0.0,47795.03,1
1179,15643496,H?,627,Spain,Female,28.0,9,0.0,2,1.0,0.0,67622.34,0
1180,15610446,Frolov,497,France,Male,34.0,9,0.0,2,0.0,0.0,28698.57,0
1181,15630661,Moss,756,Spain,Male,30.0,2,145127.85,1,0.0,0.0,7554.68,0
1182,15649024,Scott,523,Germany,Male,30.0,5,105229.53,2,1.0,0.0,193008.51,0
1183,15680430,Frolov,592,France,Female,38.0,1,112262.84,1,1.0,1.0,61531.86,0
1184,15807120,Oluchukwu,841,France,Female,29.0,3,112383.03,1,1.0,0.0,85516.37,1
1185,15656726,McNaughtan,771,France,Female,47.0,1,72664.0,2,1.0,1.0,107874.39,0
1186,15664668,Ngozichukwuka,602,France,Male,33.0,0,98775.22,1,1.0,1.0,121209.84,0
1187,15656096,Onyemere,669,France,Male,33.0,7,139994.03,2,1.0,0.0,125962.98,0
1188,15589428,Hsiung,707,Spain,Male,29.0,9,0.0,2,0.0,0.0,160976.85,0
1189,15808228,Tuan,691,France,Female,54.0,8,155739.76,1,0.0,1.0,171575.54,0
1190,15676526,Baresi,709,France,Male,39.0,9,0.0,2,1.0,0.0,49553.38,0
1191,15700937,Romano,767,Spain,Male,68.0,5,0.0,2,1.0,1.0,67445.85,0
1192,15730793,Fielding,536,Germany,Male,34.0,3,111589.33,1,1.0,0.0,27097.82,0
1193,15784323,Uspenskaya,728,Germany,Male,22.0,8,154737.56,2,1.0,1.0,27474.41,0
1194,15711834,Long,650,France,Female,30.0,6,0.0,1,0.0,0.0,67997.13,1
1195,15690743,Padovesi,627,France,Male,37.0,1,0.0,2,1.0,0.0,98949.85,0
1196,15732674,Chukwukere,824,France,Male,47.0,5,114321.27,1,1.0,1.0,174431.01,1
1197,15723006,Wright,669,Germany,Female,44.0,2,84474.62,2,0.0,1.0,124596.63,0
1198,15667751,McEwan,744,Spain,Female,43.0,4,140137.15,1,1.0,0.0,194073.33,1
1199,15592387,Burke,758,France,Male,25.0,5,0.0,2,0.0,1.0,54926.51,0
1200,15654577,Nwagugheuzo,678,Germany,Male,49.0,5,113722.47,1,1.0,1.0,141798.98,1
1201,15658475,Lori,834,France,Male,34.0,8,0.0,2,1.0,0.0,72969.9,0
1202,15750243,Genovese,830,Spain,Male,39.0,2,102721.49,1,0.0,1.0,33114.24,1
1203,15599433,Yashina,712,France,Female,26.0,8,0.0,2,1.0,0.0,119327.45,0
1204,15645316,Hs?,721,France,Male,57.0,3,0.0,2,1.0,1.0,102085.72,0
1205,15723008,Lo Duca,720,Germany,Male,40.0,8,102882.4,2,1.0,1.0,35633.15,1
1206,15807588,Onuchukwu,592,France,Male,30.0,5,115101.5,1,1.0,1.0,56894.08,0
1207,15750104,Chan,707,Germany,Male,43.0,5,132615.73,2,1.0,0.0,32999.1,0
1208,15644878,Farrar,628,France,Male,32.0,7,0.0,2,1.0,0.0,170529.88,0
1209,15657771,Ts'ui,663,France,Female,47.0,3,0.0,1,1.0,0.0,17802.42,0
1210,15796370,Milani,738,France,Female,28.0,0,0.0,2,1.0,1.0,73977.23,0
1211,15702656,T'ien,675,Germany,Female,39.0,2,122446.61,1,1.0,1.0,54448.41,0
1212,15768476,Johnstone,558,Germany,Male,50.0,4,142475.81,1,1.0,0.0,141359.11,1
1213,15605918,Yobanna,710,France,Female,33.0,7,0.0,2,1.0,0.0,134483.07,0
1214,15640407,Chidiegwu,677,Germany,Male,45.0,4,135827.33,2,1.0,1.0,131778.58,0
1215,15783859,McIntyre,611,Spain,Female,50.0,2,0.0,1,0.0,0.0,137985.69,1
1216,15782089,H?,534,Germany,Female,56.0,10,131434.98,1,1.0,0.0,49775.58,1
1217,15670080,Sun,584,Germany,Female,29.0,7,131082.17,2,0.0,0.0,106663.46,0
1218,15604832,Walker,645,Germany,Male,28.0,6,106901.42,3,0.0,0.0,1187.88,1
1219,15690546,Ch'iu,687,France,Male,41.0,1,0.0,1,1.0,1.0,28797.32,0
1220,15750141,Ch'iu,539,Germany,Female,30.0,9,124495.57,1,1.0,0.0,116471.19,0
1221,15626212,Onwuamaeze,687,France,Male,53.0,8,0.0,2,1.0,0.0,74965.44,1
1222,15710365,Ch'in,640,Germany,Female,46.0,3,121581.56,1,1.0,1.0,52327.57,1
1223,15762238,Maughan,589,Germany,Female,35.0,10,124577.23,2,1.0,0.0,823.24,0
1224,15604345,Teng,763,Germany,Male,39.0,9,143903.11,2,1.0,1.0,65801.44,0
1225,15749679,Milanesi,562,Germany,Female,35.0,7,118569.03,1,1.0,1.0,163558.36,0
1226,15577512,Aksyonov,549,France,Female,39.0,1,138053.79,1,1.0,0.0,91026.76,0
1227,15764033,Genovesi,611,France,Female,34.0,9,0.0,2,1.0,1.0,160810.85,0
1228,15641411,Scott,628,Germany,Female,31.0,1,116244.14,2,0.0,1.0,149892.79,0
1229,15754577,Onyemauchechukwu,681,France,Male,25.0,9,0.0,2,1.0,0.0,180800.42,0
1230,15684469,Chia,648,Germany,Male,50.0,5,116622.73,1,1.0,0.0,143681.85,1
1231,15649793,Fanucci,705,Germany,Male,55.0,10,106807.64,1,0.0,0.0,166678.28,1
1232,15727484,Teng,724,France,Male,38.0,1,0.0,2,1.0,0.0,10963.04,0
1233,15582033,Cremonesi,684,Spain,Female,21.0,6,0.0,2,1.0,1.0,113046.81,0
1234,15791373,Ogochukwu,705,France,Female,39.0,1,0.0,1,1.0,0.0,164741.5,1
1235,15803826,Udegbulam,576,France,Male,56.0,2,0.0,2,1.0,1.0,82662.73,0
1236,15683521,Ts'ui,584,France,Female,43.0,1,0.0,2,1.0,1.0,180693.61,0
1237,15691840,Onyemauchechukwu,535,Spain,Male,37.0,6,0.0,2,1.0,1.0,123663.63,0
1238,15635367,Lo,579,France,Female,34.0,1,0.0,1,0.0,1.0,125425.47,0
1239,15768095,Hsiung,554,Spain,Male,36.0,1,0.0,1,1.0,1.0,167979.35,0
1240,15783097,Ch'in,743,France,Female,38.0,1,146798.81,1,1.0,1.0,66580.13,0
1241,15657085,Ferrari,578,France,Male,69.0,4,0.0,2,1.0,1.0,48930.8,0
1242,15631333,Wade,677,Spain,Male,25.0,8,130866.19,1,0.0,0.0,42410.21,1
1243,15791302,McGregor,757,Spain,Female,45.0,10,89837.77,1,0.0,0.0,156598.23,1
1244,15682489,Crumbley,587,France,Female,27.0,9,0.0,2,1.0,0.0,198091.81,0
1245,15657771,Ts'ui,623,Spain,Female,36.0,6,0.0,2,1.0,0.0,17802.42,0
1246,15626385,Chuter,699,France,Female,43.0,7,0.0,1,1.0,1.0,187988.23,1
1247,15802560,Nwokezuike,652,Germany,Male,28.0,9,135650.82,1,1.0,1.0,101382.86,0
1248,15744894,McGregor,649,France,Female,40.0,9,0.0,1,1.0,1.0,155047.77,1
1249,15760662,DeRose,619,France,Female,44.0,3,143350.61,1,0.0,1.0,93873.61,0
1250,15809838,Moore,697,France,Male,33.0,6,0.0,1,0.0,1.0,735.79,0
1251,15607178,Ekechukwu,750,Germany,Female,26.0,10,96553.52,2,1.0,0.0,140075.55,1
1252,15801247,Onio,687,Spain,Male,40.0,7,0.0,2,0.0,1.0,175514.71,0
1253,15577514,Mai,797,Germany,Female,35.0,7,121263.62,2,1.0,0.0,13387.88,0
1254,15693906,Abbott,714,France,Female,48.0,4,0.0,1,1.0,0.0,11638.17,1
1255,15811028,Ch'iu,588,Germany,Female,41.0,6,143966.3,2,1.0,0.0,49713.87,0
1256,15658435,Nnaife,645,France,Female,32.0,3,123067.63,1,0.0,0.0,138700.86,0
1257,15670374,Wright,819,Germany,Female,36.0,1,120656.86,4,0.0,0.0,166164.3,1
1258,15586674,Maclean,663,France,Female,37.0,9,0.0,1,0.0,1.0,131625.14,0
1259,15720305,Shih,592,Spain,Female,55.0,4,141792.61,2,1.0,1.0,112311.15,0
1260,15757797,Hsu,693,France,Female,39.0,1,0.0,2,1.0,1.0,159892.84,0
1261,15684958,Ferrari,591,Spain,Male,28.0,5,0.0,2,1.0,1.0,48382.4,0
1262,15742369,Zikoranachidimma,688,Germany,Male,46.0,3,139914.6,1,1.0,0.0,129964.94,1
1263,15783865,T'ien,649,Spain,Male,40.0,7,0.0,2,1.0,1.0,136535.56,0
1264,15664555,Pape,725,France,Male,26.0,6,0.0,2,1.0,0.0,86099.23,0
1265,15628319,Walker,619,France,Male,28.0,4,130142.79,1,1.0,1.0,38190.78,0
1266,15610930,Kwemto,572,Germany,Female,46.0,4,139979.07,1,1.0,0.0,185662.84,1
1267,15643794,Ch'iu,732,France,Male,40.0,4,129433.34,1,1.0,0.0,158891.79,0
1268,15790497,Eipper,735,France,Female,27.0,5,0.0,2,0.0,1.0,103931.49,0
1269,15705639,Onyemauchechukwu,682,France,Female,28.0,2,95059.02,2,0.0,1.0,44420.18,0
1270,15581550,Kisch,729,Germany,Male,46.0,3,85906.55,1,1.0,0.0,86977.8,0
1271,15731543,Kao,653,France,Female,50.0,7,141203.58,1,0.0,0.0,161323.71,1
1272,15674950,Onwuamaeze,712,France,Female,37.0,2,0.0,2,1.0,0.0,126812.63,0
1273,15632576,Yashina,520,France,Female,36.0,9,93249.4,1,1.0,1.0,77335.75,0
1274,15732774,Burtch,709,France,Female,34.0,5,158623.14,1,1.0,0.0,60429.43,0
1275,15675450,T'ien,718,France,Male,48.0,4,0.0,2,1.0,1.0,72105.63,0
1276,15604355,Shih,488,France,Male,33.0,3,102945.01,1,0.0,0.0,95611.74,1
1277,15583090,Ts'ui,717,France,Male,60.0,7,0.0,1,1.0,1.0,129590.27,1
1278,15751175,Ch'ang,706,Germany,Male,48.0,5,142400.27,1,1.0,0.0,114775.24,1
1279,15695792,Ch'ien,725,France,Male,65.0,8,0.0,2,1.0,1.0,96885.19,0
1280,15626012,Obidimkpa,459,France,Male,48.0,3,0.0,1,1.0,1.0,50016.17,1
1281,15769402,Nwokezuike,653,France,Male,29.0,9,0.0,2,1.0,1.0,62746.36,0
1282,15806918,Yobanna,646,France,Male,34.0,6,162318.61,1,1.0,0.0,55313.44,0
1283,15705001,Napolitani,587,Spain,Female,35.0,3,83286.56,2,1.0,0.0,125553.52,1
1284,15743617,K?,619,France,Male,35.0,3,0.0,2,1.0,0.0,65611.01,0
1285,15807595,Baresi,751,France,Female,30.0,8,0.0,1,1.0,0.0,117023.09,1
1286,15658852,Chukwuemeka,656,France,Female,33.0,2,152367.21,1,1.0,1.0,131662.47,0
1287,15604515,Li Fonti,850,France,Female,32.0,9,0.0,2,0.0,0.0,179360.76,0
1288,15600174,Walton,525,France,Male,35.0,7,165358.77,1,1.0,0.0,94738.54,0
1289,15791767,Milani,634,France,Male,41.0,4,0.0,1,0.0,1.0,143681.83,0
1290,15750765,Sanders,650,France,Male,28.0,0,0.0,1,1.0,1.0,175380.77,0
1291,15724307,Hs?,683,France,Male,57.0,9,0.0,2,1.0,0.0,182025.95,0
1292,15776596,Lai,740,Germany,Male,38.0,8,178787.54,1,1.0,0.0,172490.78,0
1293,15727605,Ives,656,France,Male,38.0,8,132673.52,1,0.0,0.0,119439.42,0
1294,15673888,Onwumelu,684,Spain,Male,37.0,7,107714.49,2,1.0,1.0,55775.25,0
1295,15612505,Trevisano,583,Germany,Female,38.0,5,102238.51,2,1.0,1.0,178144.53,0
1296,15750569,Iweobiegbunam,729,France,Female,38.0,3,0.0,2,1.0,0.0,154137.33,0
1297,15742268,Hsing,558,Spain,Female,39.0,6,131647.01,1,0.0,1.0,180598.86,0
1298,15625494,Chijindum,587,France,Male,29.0,4,108166.88,1,0.0,1.0,156917.04,0
1299,15762573,Onwumelu,573,France,Male,23.0,1,61592.14,1,1.0,1.0,145792.01,0
1300,15583718,Nwachukwu,641,France,Male,44.0,4,0.0,1,1.0,0.0,142513.5,1
1301,15762729,Ndubuagha,678,France,Female,59.0,1,0.0,1,1.0,0.0,138029.95,1
1302,15803413,Chiawuotu,641,Germany,Male,37.0,2,109387.9,1,1.0,0.0,49594.19,0
1303,15740476,Ch'iu,741,France,Male,43.0,5,137780.07,1,1.0,1.0,120530.81,0
1304,15636388,H?,641,France,Male,35.0,6,0.0,2,0.0,1.0,182784.11,0
1305,15644621,Alekseyeva,597,Germany,Female,22.0,7,106756.01,1,1.0,0.0,151169.83,1
1306,15702601,Piazza,553,France,Female,40.0,8,0.0,2,1.0,1.0,161240.17,0
1307,15687955,T'ang,583,Germany,Male,39.0,7,123328.15,1,1.0,0.0,123699.15,0
1308,15707132,Genovesi,585,Spain,Female,28.0,6,127638.35,1,0.0,0.0,131553.74,0
1309,15770091,Nwoye,624,France,Male,41.0,1,0.0,2,1.0,1.0,130553.47,0
1310,15718216,Aksenov,652,France,Male,41.0,8,0.0,2,1.0,1.0,77946.6,0
1311,15798532,Wang,616,France,Male,39.0,5,139562.05,2,1.0,1.0,78879.6,0
1312,15716518,Yuryeva,617,France,Male,27.0,7,0.0,2,1.0,0.0,190269.21,0
1313,15766163,Ponomaryov,642,France,Male,47.0,3,0.0,2,1.0,0.0,155722.66,0
1314,15787196,T'ien,692,France,Female,46.0,8,0.0,2,1.0,1.0,105983.09,0
1315,15631460,Munro,459,Spain,Male,63.0,8,160903.2,1,0.0,1.0,16246.59,1
1316,15803801,Mistry,563,Germany,Female,45.0,10,83765.35,1,1.0,0.0,177614.17,0
1317,15795878,Scott,683,France,Male,40.0,9,0.0,2,1.0,0.0,180197.74,0
1318,15732061,Hsing,756,Germany,Female,45.0,2,121874.89,1,0.0,0.0,6865.41,1
1319,15762762,Onyekachukwu,519,France,Female,36.0,7,0.0,2,1.0,0.0,145560.38,0
1320,15692406,Hsia,703,France,Male,30.0,5,0.0,1,1.0,1.0,60533.96,0
1321,15672756,Ginikanwa,564,Germany,Male,33.0,3,109341.87,1,0.0,1.0,75632.78,0
1322,15695098,Onyemauchechukwu,634,France,Female,38.0,4,0.0,2,0.0,0.0,145537.57,0
1323,15611029,Onyemauchechukwu,582,Germany,Male,28.0,5,115074.02,1,1.0,0.0,124954.56,0
1324,15773776,Hsu,613,France,Male,29.0,0,0.0,2,1.0,0.0,93835.49,0
1325,15796969,Lahti,471,France,Male,33.0,4,0.0,2,1.0,1.0,74945.11,0
1326,15671610,Nnamutaezinwa,663,France,Male,47.0,6,146053.66,1,0.0,0.0,113950.53,1
1327,15637993,Tsao,688,France,Male,61.0,6,89111.63,1,1.0,1.0,105936.09,0
1328,15697497,Cremonesi,496,France,Male,42.0,6,105239.1,1,1.0,0.0,82937.98,0
1329,15660878,T'ien,743,France,Male,76.0,9,126076.24,1,1.0,1.0,34436.83,0
1330,15694860,Ewing,521,Germany,Female,59.0,4,164011.48,2,1.0,1.0,38550.4,0
1331,15602328,Fanucci,641,Spain,Male,67.0,4,0.0,2,1.0,1.0,94978.1,0
1332,15750921,Brown,679,France,Male,44.0,5,0.0,2,1.0,0.0,178038.17,0
1333,15708265,Chibugo,769,Spain,Female,68.0,4,92855.02,1,0.0,1.0,92977.75,0
1334,15648800,Mancini,703,Spain,Male,31.0,8,0.0,1,0.0,0.0,121568.37,1
1335,15621063,Nnaife,727,France,Female,41.0,9,0.0,2,1.0,1.0,37688.31,0
1336,15715160,Khan,759,France,Male,32.0,2,0.0,2,1.0,1.0,123956.83,0
1337,15760456,Yobachukwu,678,France,Male,26.0,5,0.0,2,1.0,0.0,176903.35,0
1338,15602541,Monds,569,Spain,Female,27.0,7,0.0,2,1.0,1.0,180942.8,0
1339,15703851,Onyekachi,617,Spain,Male,46.0,4,0.0,1,1.0,0.0,56793.02,0
1340,15589793,Onwuamaeze,633,France,Male,53.0,1,0.0,2,1.0,1.0,190998.96,0
1341,15804072,Lo Duca,652,Germany,Female,38.0,5,106376.85,1,1.0,1.0,179351.89,1
1342,15585961,Collier,576,Spain,Male,30.0,3,0.0,2,0.0,1.0,179066.58,0
1343,15576676,Nnanna,567,Spain,Female,52.0,3,0.0,2,1.0,1.0,118313.38,1
1344,15699797,Lo,816,Germany,Female,25.0,2,150355.35,2,1.0,1.0,35770.84,0
1345,15619537,Wood,489,Germany,Female,37.0,4,129667.77,2,0.0,0.0,137519.92,0
1346,15685829,McKay,551,France,Male,37.0,1,0.0,2,1.0,1.0,50578.4,0
1347,15576615,Onyemauchechukwu,671,France,Male,42.0,9,0.0,2,0.0,1.0,156853.25,0
1348,15700460,Allnutt,805,Germany,Female,55.0,5,123601.56,1,0.0,1.0,140003.0,0
1349,15581893,Onwuamaeze,655,France,Male,38.0,7,101514.89,1,0.0,0.0,121551.21,0
1350,15656319,Nnamdi,738,France,Female,46.0,3,116561.05,1,1.0,0.0,120219.03,1
1351,15699389,Olisanugo,669,Germany,Female,33.0,7,103033.38,2,1.0,1.0,184524.76,0
1352,15627212,Young,817,France,Female,29.0,2,110414.48,1,0.0,1.0,48984.95,0
1353,15598982,Klein,707,France,Female,49.0,9,0.0,2,0.0,1.0,162682.25,1
1354,15668032,Buchanan,669,France,Male,31.0,7,0.0,1,1.0,1.0,79881.39,0
1355,15756650,K'ung,549,Germany,Male,35.0,7,127561.51,1,0.0,1.0,167969.19,0
1356,15697129,Lettiere,622,Germany,Female,46.0,7,117325.23,2,0.0,1.0,173464.43,0
1357,15725355,Morey,728,France,Female,25.0,8,0.0,1,0.0,1.0,104889.2,0
1358,15586264,Murray,678,France,Male,43.0,2,140431.98,2,1.0,1.0,26450.57,0
1359,15611058,Genovesi,790,Germany,Female,41.0,9,122501.28,2,1.0,1.0,99818.31,0
1360,15805768,Nnachetam,678,Germany,Female,42.0,9,108286.5,1,0.0,0.0,136909.11,1
1361,15652084,Maclean,653,France,Female,38.0,8,0.0,2,1.0,1.0,117946.3,0
1362,15644856,Manna,656,France,Male,33.0,10,0.0,2,0.0,0.0,136051.47,0
1363,15773723,Lucciano,584,Spain,Female,55.0,1,0.0,1,0.0,0.0,91775.51,1
1364,15699467,Galkina,596,France,Male,31.0,7,0.0,2,1.0,0.0,140991.23,0
1365,15761457,T'ien,722,France,Male,36.0,7,0.0,2,1.0,0.0,153059.04,0
1366,15579777,Liu,850,Germany,Male,33.0,4,126674.81,2,1.0,1.0,124118.71,0
1367,15686870,Chiu,594,France,Male,46.0,7,151607.97,1,1.0,1.0,100423.88,0
1368,15617507,Aitken,593,Germany,Female,35.0,1,136855.82,2,0.0,1.0,102975.25,0
1369,15772381,Smith,731,France,Male,36.0,6,86053.52,2,0.0,0.0,179093.26,0
1370,15618243,Chien,633,Germany,Female,28.0,2,104508.58,2,0.0,1.0,161840.96,0
1371,15603883,H?,675,France,Male,43.0,6,0.0,2,1.0,1.0,72849.29,0
1372,15620379,Mazzanti,527,Spain,Female,28.0,4,0.0,2,1.0,1.0,92855.87,0
1373,15591552,Alexandrova,575,Germany,Female,32.0,2,145330.43,1,0.0,0.0,60988.21,1
1374,15731281,Tuan,707,France,Female,32.0,2,137852.21,1,1.0,0.0,171922.91,0
1375,15583840,Mironova,662,Spain,Male,35.0,7,0.0,2,1.0,0.0,100200.4,0
1376,15792373,T'ien,752,Germany,Male,31.0,2,132914.7,1,1.0,1.0,52861.91,0
1377,15589435,Ch'ang,644,France,Male,38.0,2,142360.62,1,1.0,1.0,184524.65,0
1378,15634375,Duncan,594,Spain,Female,31.0,8,0.0,2,0.0,0.0,83206.19,0
1379,15648876,Tung,510,France,Male,45.0,4,0.0,1,1.0,1.0,79270.02,0
1380,15591036,Hsueh,641,France,Male,62.0,6,0.0,1,1.0,1.0,120107.1,1
1381,15626141,Olisaemeka,684,Germany,Male,39.0,7,97720.27,2,0.0,0.0,166471.39,0
1382,15593764,Hsueh,604,France,Male,33.0,4,0.0,2,1.0,1.0,128882.86,0
1383,15585835,Chibugo,594,France,Female,39.0,3,0.0,1,1.0,0.0,45909.62,1
1384,15598097,Nwankwo,794,France,Male,30.0,9,0.0,2,1.0,0.0,59601.06,0
1385,15642394,He,529,France,Male,37.0,5,0.0,2,1.0,0.0,187288.5,0
1386,15756918,Hsu,663,France,Male,45.0,2,0.0,2,1.0,1.0,110421.2,0
1387,15598097,Johnstone,651,France,Male,44.0,9,0.0,2,1.0,0.0,26257.01,0
1388,15791326,Ch'eng,708,Germany,Male,38.0,8,102773.2,1,1.0,1.0,119333.95,0
1389,15749947,Black,665,Spain,Male,47.0,2,0.0,1,1.0,1.0,66548.58,0
1390,15793831,Hs?eh,735,Spain,Female,66.0,2,0.0,2,0.0,1.0,80198.57,0
1391,15739972,Ts'ai,628,Germany,Female,35.0,3,144450.61,1,1.0,0.0,114020.02,0
1392,15797767,Nwora,762,France,Female,50.0,3,0.0,1,0.0,1.0,523.0,0
1393,15601263,Achebe,697,France,Female,39.0,1,0.0,2,0.0,0.0,64593.94,0
1394,15570855,Leonard,670,France,Male,38.0,8,0.0,2,1.0,1.0,147530.06,1
1395,15592761,Tung,710,France,Male,58.0,1,123971.16,2,0.0,1.0,162878.96,0
1396,15726687,Tien,628,Germany,Male,48.0,3,133060.54,1,1.0,0.0,182627.55,1
1397,15792649,Hsueh,597,France,Male,27.0,4,0.0,1,1.0,0.0,133535.29,0
1398,15637411,Tochukwu,684,France,Male,30.0,9,0.0,2,1.0,1.0,159268.67,0
1399,15743293,Shih,630,Spain,Male,30.0,8,0.0,2,1.0,1.0,113926.71,0
1400,15695034,Christie,616,France,Female,44.0,4,123322.15,1,1.0,0.0,137136.29,0
1401,15622985,Lin,585,France,Female,39.0,4,0.0,1,0.0,0.0,172939.3,1
1402,15724863,Teng,542,France,Male,38.0,10,0.0,1,1.0,0.0,170980.86,1
1403,15627830,Onwumelu,655,Germany,Female,22.0,8,132057.92,2,1.0,1.0,172363.42,0
1404,15709737,Hunter,779,France,Male,36.0,7,161064.64,2,0.0,0.0,84294.82,1
1405,15585835,Rowley,675,Spain,Female,44.0,8,179356.28,2,1.0,1.0,2919.21,1
1406,15600710,Hs?,729,Germany,Male,32.0,2,109052.28,1,1.0,1.0,180962.77,0
1407,15694859,Smith,748,Spain,Male,36.0,8,0.0,2,0.0,0.0,111893.09,0
1408,15766064,Trevisano,637,France,Male,29.0,5,0.0,2,1.0,0.0,94415.61,0
1409,15593365,Yeh,712,Germany,Male,43.0,8,116520.24,2,1.0,1.0,67438.93,1
1410,15700801,Eipper,850,Germany,Male,42.0,6,0.0,3,0.0,1.0,60021.34,1
1411,15673619,Nwabugwu,637,France,Male,32.0,2,153610.76,1,1.0,0.0,178331.37,0
1412,15718765,Heath,586,Germany,Male,35.0,6,102143.93,1,1.0,1.0,88837.11,0
1413,15694200,Hsueh,560,Spain,Female,43.0,10,149991.33,1,1.0,1.0,177025.24,0
1414,15689786,Tsou,633,France,Female,49.0,0,0.0,1,0.0,0.0,178709.98,0
1415,15622117,Nkemakolam,715,Spain,Female,31.0,2,0.0,2,1.0,1.0,129562.74,0
1416,15610753,Rizzo,692,France,Female,26.0,4,98590.25,1,1.0,0.0,88689.95,0
1417,15751206,Nnanna,756,Spain,Male,28.0,4,0.0,2,1.0,1.0,164746.05,0
1418,15676521,Y?an,640,Spain,Female,45.0,1,172478.15,1,0.0,1.0,191084.4,0
1419,15671148,Kao,554,France,Male,27.0,3,124043.8,2,1.0,1.0,60775.76,0
1420,15683521,Hsiung,754,Germany,Female,32.0,5,93547.94,1,1.0,1.0,132418.79,0
1421,15683560,Nwankwo,653,France,Male,43.0,6,0.0,2,1.0,1.0,143955.72,0
1422,15754574,Fenton,652,France,Male,36.0,9,0.0,2,1.0,1.0,184843.77,0
1423,15784053,Iheanacho,581,France,Female,37.0,7,0.0,2,0.0,0.0,129964.09,0
1424,15766172,Zikoranachukwudimma,675,France,Female,30.0,4,0.0,2,1.0,1.0,86576.94,0
1425,15757911,Ukaegbunam,707,France,Male,29.0,8,0.0,1,1.0,0.0,71179.31,0
1426,15794468,Nnachetam,633,France,Female,47.0,6,0.0,1,1.0,0.0,140723.05,1
1427,15768455,O'Meara,595,Spain,Male,31.0,0,0.0,2,1.0,0.0,180626.68,0
1428,15653572,Frolov,627,France,Male,41.0,9,0.0,1,0.0,1.0,126281.4,0
1429,15567442,Ibezimako,678,France,Male,40.0,3,129735.3,1,1.0,0.0,109089.04,0
1430,15728005,Gorman,725,France,Female,33.0,8,0.0,1,1.0,1.0,1568.91,0
1431,15778192,Nkemdilim,628,France,Male,28.0,4,0.0,2,1.0,0.0,176750.81,0
1432,15766427,Iheanacho,693,Spain,Female,27.0,9,0.0,2,1.0,1.0,45610.63,0
1433,15772383,Hayes,739,France,Male,37.0,9,0.0,2,1.0,0.0,125979.36,0
1434,15582591,Fanucci,588,France,Male,32.0,6,0.0,2,1.0,1.0,175853.64,0
1435,15653065,Clements,637,Spain,Female,27.0,0,0.0,2,1.0,0.0,157891.86,0
1436,15700540,T'ao,585,France,Male,53.0,4,103399.15,1,1.0,0.0,141049.47,1
1437,15632305,Onyekachukwu,556,Germany,Male,31.0,4,100249.69,2,1.0,0.0,94886.6,0
1438,15772009,Scott,642,France,Female,39.0,5,0.0,2,1.0,1.0,152054.33,0
1439,15758513,H?,850,Spain,Female,30.0,4,131765.65,1,1.0,1.0,126517.91,0
1440,15682686,Palerma,584,Germany,Male,48.0,3,103516.87,1,1.0,1.0,173792.77,1
1441,15802801,Hao,727,France,Male,59.0,9,0.0,1,1.0,0.0,97908.3,1
1442,15777033,Okwudiliolisa,716,Spain,Female,52.0,6,0.0,1,0.0,1.0,179252.31,1
1443,15649086,Patterson,606,Spain,Female,38.0,3,0.0,2,0.0,1.0,90896.04,0
1444,15687421,Taylor,549,Spain,Female,38.0,4,115934.74,2,1.0,0.0,139059.05,0
1445,15682463,Fomin,685,France,Male,31.0,3,0.0,2,1.0,0.0,177738.98,0
1446,15602909,Tsao,671,Spain,Male,27.0,8,0.0,2,1.0,1.0,147963.07,0
1447,15772250,Udegbunam,593,France,Female,46.0,4,0.0,1,1.0,0.0,17268.02,0
1448,15791045,Boni,637,France,Female,35.0,3,132951.92,2,1.0,1.0,124486.28,0
1449,15632272,Teng,631,France,Female,39.0,4,97925.75,1,1.0,1.0,179435.1,0
1450,15690164,Yobanna,599,France,Male,39.0,1,0.0,2,0.0,1.0,86416.09,0
1451,15688563,Marchesi,554,Spain,Male,31.0,4,141989.27,2,1.0,0.0,26116.82,0
1452,15604862,Hao,687,France,Female,34.0,1,0.0,1,1.0,0.0,169286.5,0
1453,15728167,Yocum,686,Spain,Female,36.0,5,152303.8,1,1.0,0.0,53437.1,0
1454,15677599,T'ien,535,Spain,Male,51.0,6,131033.76,1,1.0,1.0,177783.05,0
1455,15650889,Golubev,756,Germany,Male,29.0,10,134944.0,2,1.0,1.0,197444.69,0
1456,15573456,T'ien,659,France,Female,40.0,10,0.0,1,1.0,1.0,878.52,1
1457,15592583,Dickson,753,France,Male,41.0,4,0.0,2,1.0,1.0,199693.84,0
1458,15586629,Campbell,637,France,Male,33.0,6,0.0,2,1.0,0.0,139947.17,0
1459,15606849,Pagnotto,633,Germany,Female,35.0,2,96763.45,1,1.0,0.0,181605.45,1
1460,15577999,McElhone,719,Spain,Male,30.0,4,0.0,2,1.0,1.0,115291.86,0
1461,15708513,Chiazagomekpere,729,France,Female,48.0,1,105721.06,2,1.0,0.0,155782.89,0
1462,15761733,Hsia,694,Germany,Female,51.0,1,113833.74,1,1.0,1.0,161054.65,1
1463,15781802,Nnachetam,674,Spain,Male,35.0,4,0.0,2,1.0,1.0,180142.42,0
1464,15660422,Chung,667,France,Female,28.0,7,0.0,2,1.0,1.0,73963.17,0
1465,15585961,Hsia,598,Germany,Female,68.0,7,133845.01,1,1.0,1.0,183568.01,1
1466,15654878,Ts'ao,745,Germany,Female,48.0,8,122449.37,1,1.0,1.0,93839.75,1
1467,15578738,Tuan,609,France,Female,32.0,7,71872.19,1,1.0,1.0,151924.9,1
1468,15774839,Chinweuba,596,France,Male,30.0,3,125537.21,1,1.0,1.0,137037.96,0
1469,15671220,Shao,790,France,Male,38.0,5,0.0,2,1.0,0.0,108747.03,0
1470,15777892,Calabrese,713,Germany,Male,36.0,7,113882.31,1,1.0,0.0,142033.07,1
1471,15579914,Ugoji,778,Spain,Male,38.0,9,0.0,2,0.0,0.0,47428.73,0
1472,15662955,Pinto,635,Spain,Male,44.0,1,0.0,2,1.0,1.0,166677.35,0
1473,15757895,Nnaife,678,France,Male,30.0,4,0.0,2,1.0,1.0,82351.06,0
1474,15631927,T'ao,634,France,Male,35.0,7,136291.71,1,1.0,0.0,54113.38,0
1475,15617655,Stewart,484,France,Female,55.0,8,0.0,3,0.0,0.0,137519.92,0
1476,15751032,Maclean,756,Spain,Male,31.0,2,131406.78,1,1.0,0.0,174902.12,0
1477,15618750,Trevisani,671,France,Female,39.0,8,0.0,2,1.0,1.0,109659.12,0
1478,15593949,Calabrese,644,France,Female,52.0,4,164951.71,2,1.0,1.0,93844.88,0
1479,15682541,Martin,518,France,Male,31.0,2,0.0,2,0.0,1.0,114083.73,0
1480,15671973,Chukwuemeka,611,Spain,Female,39.0,5,0.0,2,0.0,1.0,7415.96,0
1481,15752637,Onyemere,717,France,Male,28.0,7,108117.75,1,0.0,1.0,64839.36,0
1482,15589324,Pagnotto,742,France,Female,51.0,3,154962.82,1,1.0,0.0,167722.35,1
1483,15584894,Fomin,684,France,Male,46.0,4,0.0,2,1.0,0.0,73069.65,0
1484,15590820,Onyekachukwu,668,France,Male,30.0,7,0.0,2,1.0,1.0,136983.77,0
1485,15804075,Ting,635,France,Female,33.0,4,127471.56,1,0.0,1.0,152916.05,1
1486,15709511,Lo,674,France,Female,57.0,2,0.0,1,1.0,1.0,179488.41,1
1487,15743709,Koehler,643,Spain,Female,37.0,7,0.0,1,1.0,1.0,152884.9,0
1488,15609570,Uren,670,Germany,Female,34.0,7,84906.67,2,0.0,0.0,65829.48,0
1489,15671783,Dickson,554,France,Female,35.0,9,0.0,1,1.0,1.0,176784.04,0
1490,15757588,Ch'eng,539,France,Male,33.0,3,139979.79,1,1.0,1.0,156660.33,0
1491,15708357,Chapman,690,Germany,Female,48.0,7,110463.25,1,1.0,0.0,160532.88,1
1492,15691917,Scott,704,Spain,Male,28.0,6,0.0,2,1.0,1.0,142993.29,0
1493,15809087,White,762,Germany,Female,43.0,6,127132.96,1,1.0,0.0,195635.3,1
1494,15654574,Chidubem,509,France,Male,54.0,2,0.0,2,1.0,1.0,184866.86,0
1495,15627395,Chukwudi,699,Germany,Male,24.0,5,114822.37,2,1.0,1.0,101828.51,0
1496,15657535,Pearson,656,France,Male,29.0,10,0.0,1,1.0,0.0,51907.72,0
1497,15809837,Onyekachi,585,France,Female,47.0,1,0.0,1,1.0,0.0,115333.38,1
1498,15806327,Hsiung,488,France,Female,34.0,8,97588.6,2,0.0,0.0,124210.53,0
1499,15753861,Pankhurst,649,Germany,Female,58.0,6,138333.04,1,1.0,0.0,172450.19,1
1500,15604792,Chukwuemeka,667,France,Male,29.0,4,141786.78,1,1.0,0.0,167032.49,0
1501,15568120,Chien,573,France,Male,25.0,3,141749.86,1,1.0,0.0,162471.05,0
1502,15703639,Ma,683,France,Male,37.0,2,0.0,2,1.0,0.0,172531.01,0
1503,15651868,Nnachetam,678,France,Male,29.0,6,0.0,2,1.0,1.0,61961.57,0
1504,15592089,Genovese,652,Spain,Female,38.0,2,0.0,2,1.0,1.0,138527.15,0
1505,15606836,Obidimkpa,758,Spain,Male,45.0,3,0.0,2,1.0,0.0,136054.45,1
1506,15663410,Piccio,771,France,Male,35.0,3,0.0,2,1.0,0.0,152479.64,0
1507,15682454,Nucci,628,Spain,Female,30.0,7,0.0,2,1.0,0.0,50249.8,0
1508,15722579,Rizzo,596,France,Male,34.0,7,0.0,2,1.0,0.0,59747.31,0
1509,15635116,Tien,691,Spain,Male,34.0,2,0.0,1,1.0,0.0,157822.55,0
1510,15673908,P'eng,645,France,Male,48.0,8,0.0,2,1.0,1.0,181204.5,0
1511,15746743,Echezonachukwu,466,Spain,Male,31.0,3,0.0,1,1.0,1.0,157097.09,0
1512,15669899,Ts'ao,559,Spain,Male,29.0,2,0.0,1,1.0,0.0,112585.19,0
1513,15745375,K?,705,France,Male,24.0,4,0.0,2,1.0,0.0,138880.24,0
1514,15661162,Maclean,715,France,Female,40.0,8,0.0,2,1.0,1.0,158043.09,0
1515,15654457,Cross,685,France,Female,30.0,6,0.0,3,1.0,1.0,172576.43,0
1516,15782941,L?,591,Spain,Male,48.0,6,0.0,1,1.0,0.0,158071.69,1
1517,15622507,Hsieh,794,France,Female,44.0,1,0.0,2,0.0,0.0,105760.01,0
1518,15642870,Ross,677,France,Male,58.0,9,0.0,1,1.0,1.0,168650.4,0
1519,15782311,Hsieh,616,France,Male,29.0,7,115897.73,1,0.0,1.0,97416.34,0
1520,15764021,Ch'en,572,France,Male,25.0,0,96954.36,1,1.0,1.0,141249.94,0
1521,15603319,T'ao,658,Spain,Female,32.0,7,0.0,2,1.0,0.0,102908.91,0
1522,15686959,Milne,584,France,Male,56.0,5,0.0,2,1.0,1.0,122549.96,0
1523,15766166,Yobachi,689,France,Male,28.0,7,0.0,2,1.0,0.0,69052.87,0
1524,15719958,Gibbons,654,Germany,Female,37.0,6,115280.49,2,0.0,1.0,12628.61,0
1525,15770576,Kao,678,France,Female,38.0,3,0.0,1,0.0,0.0,184524.65,1
1526,15615352,Smith,596,France,Male,26.0,3,0.0,2,1.0,1.0,126766.72,0
1527,15676966,Capon,547,France,Male,42.0,4,0.0,1,1.0,1.0,85982.47,0
1528,15680901,Hs?,680,Spain,Male,46.0,8,0.0,2,1.0,1.0,71738.56,0
1529,15651144,Ts'ui,721,Spain,Male,39.0,4,0.0,2,1.0,1.0,149535.85,0
1530,15794870,Pinto,638,Spain,Female,34.0,5,0.0,2,0.0,1.0,72350.18,0
1531,15627305,Gorman,678,France,Male,36.0,5,121092.47,2,1.0,0.0,166984.44,1
1532,15709861,Fitts,485,Spain,Male,41.0,8,0.0,2,0.0,1.0,91561.78,0
1533,15732281,Macleod,577,France,Male,27.0,7,122524.61,1,1.0,1.0,119313.74,0
1534,15793311,T'ao,573,France,Female,30.0,9,0.0,2,1.0,0.0,122998.26,0
1535,15587419,Ch'ang,576,Spain,Female,60.0,8,0.0,1,1.0,1.0,3560.0,1
1536,15608726,Ts'ui,710,Spain,Male,33.0,7,0.0,2,1.0,0.0,54530.51,0
1537,15778838,Calabresi,711,France,Female,39.0,4,0.0,2,1.0,0.0,72350.17,0
1538,15607827,Tung,704,Germany,Male,33.0,2,118064.93,1,1.0,0.0,67734.79,0
1539,15636396,Ku,628,France,Male,45.0,6,0.0,1,1.0,0.0,48963.59,1
1540,15617348,Nworie,684,France,Male,34.0,1,0.0,2,1.0,0.0,90865.91,0
1541,15641442,Trevisani,659,France,Female,26.0,7,0.0,2,1.0,0.0,177622.31,0
1542,15802486,Hayes,559,France,Male,37.0,3,0.0,2,1.0,1.0,125979.36,0
1543,15623053,T'ao,575,Spain,Male,44.0,0,0.0,2,1.0,1.0,144584.29,0
1544,15572408,Mitchell,628,Spain,Female,43.0,8,139663.37,1,1.0,1.0,100995.11,1
1545,15679587,Y?,669,Spain,Female,25.0,9,117265.14,1,1.0,1.0,111868.91,0
1546,15663833,Ojiofor,656,Spain,Female,52.0,5,0.0,2,1.0,1.0,66487.32,0
1547,15658306,Kaeppel,686,France,Male,38.0,2,0.0,1,1.0,1.0,169763.89,0
1548,15754577,Kao,727,Spain,Female,34.0,1,0.0,2,0.0,1.0,34410.55,0
1549,15655389,Nnonso,521,France,Male,34.0,6,125474.28,2,1.0,1.0,151912.63,0
1550,15637678,Y?an,703,France,Male,55.0,5,0.0,1,1.0,0.0,125553.51,1
1551,15577587,Tien,656,France,Male,39.0,4,0.0,1,1.0,1.0,155023.93,0
1552,15641715,Ts'ui,599,France,Male,37.0,8,0.0,2,1.0,1.0,174196.68,0
1553,15759915,Chinomso,775,France,Female,43.0,1,112465.06,1,1.0,0.0,147521.35,0
1554,15796370,Chiazagomekpele,709,Spain,Male,64.0,2,0.0,2,1.0,1.0,4497.55,0
1555,15735246,Smith,733,France,Female,68.0,1,0.0,1,1.0,0.0,85801.68,1
1556,15746662,Mazzi,684,Germany,Male,49.0,7,123428.2,2,1.0,0.0,178256.52,1
1557,15798975,Chukwunonso,624,Germany,Male,41.0,5,142406.43,1,0.0,0.0,28461.29,1
1558,15778089,Onyemauchechukwu,652,France,Male,37.0,7,128398.49,1,1.0,1.0,60778.51,0
1559,15573888,Ponomaryov,712,Germany,Male,41.0,3,107980.37,1,1.0,1.0,26249.86,0
1560,15782659,Yobachukwu,850,France,Male,24.0,9,0.0,2,1.0,0.0,79222.22,0
1561,15782608,Longo,628,Germany,Female,39.0,9,134874.4,2,0.0,0.0,115022.94,1
1562,15730448,Ugochukwu,590,France,Male,41.0,9,0.0,2,1.0,0.0,62933.03,0
1563,15747591,Milani,601,Germany,Female,41.0,2,111363.1,2,1.0,0.0,164935.58,0
1564,15708256,Chapman,549,France,Female,56.0,8,148222.65,1,0.0,0.0,103760.53,1
1565,15586042,H?,719,France,Male,35.0,2,0.0,2,1.0,0.0,152979.03,0
1566,15783029,Piazza,691,Germany,Male,33.0,1,94661.53,2,1.0,0.0,121239.65,0
1567,15606841,Ibbott,823,Spain,Male,38.0,1,0.0,2,1.0,1.0,156603.7,0
1568,15616700,Onyeorulu,662,France,Male,39.0,9,0.0,1,0.0,0.0,141860.62,1
1569,15705281,Burt,800,Spain,Male,38.0,9,0.0,2,1.0,0.0,78744.39,0
1570,15581525,Chiabuotu,648,Germany,Male,34.0,3,102525.11,2,1.0,1.0,174094.4,0
1571,15782939,Hsueh,559,France,Male,35.0,4,0.0,2,0.0,1.0,166475.44,0
1572,15666652,Anayolisa,775,France,Female,19.0,8,88381.21,1,1.0,1.0,124297.32,0
1573,15693637,Ibezimako,556,Germany,Male,43.0,4,110182.54,2,1.0,1.0,87537.32,0
1574,15799480,Scott,554,France,Male,36.0,7,0.0,2,1.0,0.0,95983.39,0
1575,15719348,Milani,526,France,Male,38.0,7,0.0,2,0.0,0.0,126145.08,0
1576,15809772,Pendergrass,758,Spain,Female,31.0,5,0.0,2,0.0,1.0,158531.01,0
1577,15642538,Zetticci,773,France,Male,34.0,3,124349.57,1,1.0,0.0,180968.24,0
1578,15632307,Uwaezuoke,846,Germany,Female,42.0,10,129118.5,1,1.0,0.0,119747.08,1
1579,15732941,Yudina,596,Spain,Male,34.0,8,0.0,2,1.0,1.0,88971.72,0
1580,15582841,Iloerika,703,Spain,Female,35.0,3,95231.91,2,1.0,1.0,182913.95,0
1581,15629985,Pirozzi,635,France,Female,37.0,9,0.0,2,1.0,1.0,27758.43,0
1582,15582325,Ts'ai,669,Germany,Male,38.0,8,129745.3,1,1.0,1.0,110472.12,0
1583,15790658,Iqbal,681,Spain,Male,42.0,8,0.0,3,0.0,0.0,189678.7,1
1584,15771873,L?,784,Germany,Male,54.0,9,125734.2,1,1.0,0.0,134626.3,1
1585,15771299,Nnachetam,707,France,Male,57.0,8,92053.0,1,1.0,0.0,164064.44,0
1586,15657284,Day,674,Germany,Male,43.0,7,106901.42,1,0.0,1.0,184520.0,0
1587,15780088,Porter,595,Germany,Male,34.0,9,132405.52,1,1.0,0.0,177747.03,0
1588,15651532,Ch'in,604,Germany,Male,52.0,1,94435.96,1,1.0,0.0,80450.84,1
1589,15682600,Zuyev,726,Spain,Female,50.0,1,105961.68,1,1.0,0.0,1843.24,1
1590,15682463,Trevisani,706,Germany,Male,46.0,8,133070.11,4,1.0,0.0,79919.99,1
1591,15607988,Kent,695,France,Female,33.0,2,0.0,2,1.0,0.0,102655.31,0
1592,15582351,Folliero,676,France,Female,45.0,7,0.0,1,1.0,0.0,80189.85,1
1593,15739178,Tien,634,France,Female,42.0,6,89013.29,2,0.0,0.0,115724.71,0
1594,15656319,T'ien,682,Spain,Male,33.0,5,0.0,1,1.0,0.0,81431.99,0
1595,15754565,Nucci,711,Spain,Female,37.0,2,0.0,2,1.0,0.0,140139.98,0
1596,15653696,Goliwe,701,Germany,Male,35.0,7,109908.06,2,1.0,0.0,119175.45,1
1597,15581702,Chukwuemeka,667,Spain,Female,49.0,5,98907.91,2,1.0,1.0,86920.0,0
1598,15691705,Ts'ao,595,France,Male,48.0,2,0.0,1,1.0,1.0,173783.78,0
1599,15713267,Zimmer,779,Spain,Female,34.0,5,0.0,2,0.0,0.0,111676.63,0
1600,15760244,Haddon,625,Spain,Male,35.0,9,0.0,2,1.0,0.0,162854.22,0
1601,15604813,Hs?,607,Germany,Male,30.0,7,131778.76,2,1.0,0.0,79577.6,0
1602,15732704,Hsiung,751,Germany,Female,31.0,8,92895.56,1,1.0,1.0,72990.62,0
1603,15679642,Feng,754,France,Male,46.0,8,0.0,2,1.0,1.0,70974.13,0
1604,15701439,Fanucci,539,Spain,Female,38.0,8,0.0,2,0.0,0.0,88566.9,0
1605,15616240,Yeh,811,France,Male,29.0,5,0.0,1,0.0,1.0,168023.6,0
1606,15765266,Nwachinemelu,671,France,Male,26.0,7,121688.32,1,0.0,1.0,17913.49,0
1607,15774262,Ts'ui,762,Spain,Male,30.0,6,129401.87,1,1.0,1.0,121061.89,0
1608,15794947,Yefimova,493,France,Male,31.0,1,0.0,2,0.0,0.0,35321.86,0
1609,15782630,Ch'ang,627,Germany,Female,25.0,4,103522.15,1,1.0,0.0,103399.27,1
1610,15789874,Kao,669,France,Female,45.0,2,87375.78,2,1.0,0.0,16618.76,1
1611,15614827,Sun,642,France,Male,26.0,8,0.0,2,1.0,0.0,147557.71,0
1612,15599552,Conway,639,France,Female,54.0,0,0.0,2,1.0,0.0,53843.71,1
1613,15612043,Chikwendu,678,France,Female,47.0,3,114084.6,3,1.0,0.0,149614.57,1
1614,15754574,Nnaife,663,Spain,Male,30.0,0,0.0,1,1.0,0.0,130661.95,0
1615,15800514,Kenechukwu,477,Germany,Female,24.0,2,95675.62,2,0.0,0.0,162699.7,0
1616,15688858,Walker,738,France,Male,40.0,2,0.0,2,1.0,1.0,102920.14,0
1617,15567147,Repina,716,France,Male,36.0,1,138160.0,1,1.0,1.0,103548.25,0
1618,15672798,Hsiao,559,France,Female,68.0,4,0.0,1,1.0,1.0,66548.58,1
1619,15797709,L?,746,France,Male,32.0,4,0.0,2,1.0,1.0,156791.36,0
1620,15806134,Storey,707,Germany,Male,34.0,1,162691.16,1,1.0,0.0,94912.78,0
1621,15733602,Hsiung,667,France,Male,36.0,2,0.0,2,0.0,1.0,57553.98,0
1622,15741875,Hsing,790,France,Female,37.0,0,0.0,1,0.0,0.0,141872.05,1
1623,15679963,Mazzi,596,Spain,Male,31.0,0,0.0,1,1.0,1.0,182266.01,0
1624,15647800,Chukwuemeka,577,Germany,Female,26.0,6,146774.73,1,1.0,0.0,80612.79,1
1625,15714240,Hsiung,562,France,Female,34.0,5,0.0,2,1.0,0.0,96891.02,0
1626,15762404,Obialo,589,Spain,Female,33.0,2,0.0,2,1.0,1.0,105783.73,0
1627,15785519,Hs?,616,Spain,Female,39.0,6,0.0,2,1.0,0.0,123875.14,0
1628,15626008,Onyemauchechukwu,681,France,Male,32.0,1,0.0,1,1.0,1.0,174917.66,0
1629,15656062,Chikwado,628,France,Male,38.0,5,0.0,2,0.0,1.0,10921.5,0
1630,15640106,Mason,613,France,Male,40.0,7,124339.9,2,0.0,1.0,193309.58,0
1631,15794875,Lai,703,Germany,Male,36.0,6,162691.16,3,1.0,0.0,94912.78,1
1632,15654409,Kharlamova,665,France,Male,34.0,5,67816.72,1,1.0,1.0,29641.58,1
1633,15739123,Hsia,593,France,Male,36.0,7,0.0,2,0.0,1.0,144874.33,0
1634,15795738,Sheppard,687,France,Female,29.0,7,0.0,2,1.0,1.0,171681.86,0
1635,15593736,Chizuoke,655,Germany,Female,31.0,2,141210.99,1,1.0,0.0,86767.68,0
1636,15797900,Milanesi,671,Spain,Male,31.0,9,116980.23,1,1.0,1.0,128815.43,0
1637,15683825,Lucciano,642,Germany,Male,62.0,3,114327.3,1,0.0,1.0,94945.4,1
1638,15736299,Tien,687,France,Male,32.0,2,0.0,1,1.0,0.0,72993.65,0
1639,15813451,Fleetwood-Smith,677,Spain,Male,18.0,5,134796.87,2,1.0,0.0,114858.9,0
1640,15766047,Chidiebere,592,Germany,Male,43.0,1,111962.99,1,1.0,0.0,138777.0,1
1641,15643330,Shih,746,France,Male,25.0,4,0.0,2,0.0,1.0,152742.0,0
1642,15605275,Ofodile,725,Germany,Female,45.0,8,116917.07,1,0.0,1.0,173464.43,1
1643,15780805,Pisani,682,Spain,Male,37.0,9,0.0,1,1.0,1.0,161083.85,0
1644,15793824,O'Callaghan,710,France,Male,34.0,9,160903.2,1,0.0,1.0,165675.01,0
1645,15593550,Martin,681,Germany,Male,46.0,10,105245.21,2,1.0,1.0,49594.02,0
1646,15596074,Lo,685,France,Male,46.0,7,139859.54,1,1.0,0.0,124170.9,0
1647,15698879,Hsieh,707,France,Female,31.0,6,156091.97,2,1.0,1.0,145527.35,0
1648,15809087,Landry,598,Spain,Male,36.0,1,0.0,2,1.0,0.0,195635.3,0
1649,15806918,Ireland,674,France,Male,28.0,3,0.0,1,1.0,1.0,151925.25,0
1650,15687959,Pirozzi,661,France,Male,33.0,4,83844.52,1,1.0,1.0,148087.09,0
1651,15793854,Chin,648,Spain,Male,37.0,2,71481.79,1,1.0,0.0,154870.28,0
1652,15815271,Ritchie,755,Germany,Male,43.0,7,165048.5,3,1.0,0.0,16929.41,0
1653,15632575,Moore,709,France,Female,70.0,9,0.0,1,1.0,0.0,122996.76,0
1654,15771816,Nwora,669,France,Male,31.0,9,0.0,2,1.0,1.0,177738.98,0
1655,15712264,Hao,667,Germany,Female,49.0,9,136678.52,1,0.0,0.0,182612.38,1
1656,15685300,Y?an,684,France,Male,32.0,6,0.0,2,1.0,0.0,176692.87,0
1657,15648005,Russell,584,Spain,Male,33.0,2,0.0,1,1.0,1.0,182738.0,0
1658,15714391,Lai,563,France,Female,35.0,2,0.0,1,1.0,1.0,66006.75,0
1659,15810786,Gresswell,644,France,Female,29.0,3,0.0,2,1.0,1.0,70810.6,0
1660,15762650,Lettiere,562,France,Male,56.0,2,96947.96,1,1.0,0.0,108301.65,1
1661,15621682,Kaeppel,743,France,Male,38.0,10,145739.52,1,1.0,0.0,167035.18,0
1662,15781702,Afamefuna,733,Germany,Male,25.0,4,127760.07,1,1.0,0.0,194867.27,0
1663,15757837,Chikere,599,Germany,Female,60.0,5,106901.44,1,1.0,1.0,118829.06,1
1664,15704483,Palerma,594,France,Male,36.0,1,160376.61,2,0.0,1.0,197984.58,0
1665,15606554,Douglas,797,France,Male,29.0,9,0.0,1,1.0,1.0,149991.32,0
1666,15734886,Chukwuemeka,628,France,Female,34.0,7,0.0,2,1.0,0.0,36249.76,0
1667,15708904,Yermakova,850,Spain,Female,32.0,10,0.0,1,1.0,0.0,100101.06,0
1668,15733888,Sells,668,Spain,Female,36.0,3,0.0,2,1.0,0.0,147759.84,0
1669,15729956,Akabueze,506,France,Female,51.0,1,80780.16,2,1.0,1.0,19225.85,1
1670,15738588,Chuang,653,France,Female,37.0,2,94222.53,1,1.0,0.0,103570.8,0
1671,15703779,Hsiung,730,Germany,Male,29.0,8,106431.94,1,1.0,1.0,140197.2,0
1672,15698522,Onwuamaeze,751,Germany,Male,31.0,3,169831.46,2,1.0,1.0,27758.36,0
1673,15640377,Goloubev,526,France,Female,36.0,0,0.0,2,1.0,1.0,97767.63,0
1674,15644296,Yermolayeva,703,France,Female,43.0,5,0.0,2,1.0,1.0,75732.25,0
1675,15716082,Norris,703,France,Male,40.0,2,0.0,2,1.0,1.0,129956.13,0
1676,15672093,Rizzo,667,France,Female,39.0,3,0.0,2,1.0,1.0,176720.49,0
1677,15699309,Gerasimov,510,France,Female,38.0,4,0.0,1,1.0,1.0,118913.53,0
1678,15792329,Trevisani,644,France,Female,50.0,9,0.0,2,1.0,1.0,110498.1,0
1679,15625126,Duncan,708,France,Male,37.0,4,0.0,2,1.0,1.0,139356.3,0
1680,15672704,Jackson,809,France,Female,24.0,4,112808.18,1,1.0,0.0,193518.76,0
1681,15569678,Scott,489,Germany,Female,37.0,7,121801.72,2,1.0,0.0,171060.01,0
1682,15662494,Bennett,683,Spain,Male,37.0,9,0.0,2,1.0,0.0,82951.12,0
1683,15635285,Black,647,France,Female,28.0,3,0.0,2,0.0,1.0,168544.85,0
1684,15642885,Stewart,629,France,Female,56.0,8,89182.09,1,1.0,1.0,13126.9,1
1685,15595588,Tseng,684,Germany,Female,43.0,6,138032.36,2,1.0,0.0,146700.29,0
1686,15589019,Teng,713,France,Female,37.0,1,0.0,1,0.0,1.0,55313.51,1
1687,15765415,Chidozie,594,France,Male,34.0,8,115897.26,1,1.0,1.0,115767.91,0
1688,15583748,Ch'eng,527,Germany,Female,32.0,9,100238.7,1,1.0,1.0,110887.86,0
1689,15662337,Nnonso,655,Germany,Male,51.0,3,69413.47,2,1.0,0.0,79414.0,1
1690,15761497,Ch'ang,706,France,Male,33.0,2,177799.83,1,1.0,1.0,124095.69,0
1691,15671973,Chukwuemeka,467,France,Male,39.0,6,0.0,2,0.0,1.0,7415.96,0
1692,15682048,Ch'iu,667,Germany,Female,33.0,5,137963.07,1,1.0,0.0,181208.47,1
1693,15576935,Smith,528,Spain,Male,33.0,4,0.0,1,1.0,0.0,125870.78,0
1694,15780220,Pauley,656,France,Male,38.0,9,0.0,1,1.0,1.0,136521.82,1
1695,15595588,Padovano,694,France,Female,36.0,7,0.0,2,1.0,1.0,173835.19,0
1696,15722583,Lucciano,644,Spain,Male,44.0,0,123378.2,1,0.0,0.0,63795.8,0
1697,15745794,Teng,655,France,Female,34.0,1,0.0,2,1.0,0.0,116471.71,0
1698,15784923,Chimezie,729,Germany,Female,37.0,0,109974.22,1,1.0,1.0,36320.87,1
1699,15725429,Tung,745,Spain,Male,33.0,4,0.0,2,1.0,0.0,180932.46,0
1700,15780961,Chukwuemeka,438,France,Male,35.0,1,78939.15,1,0.0,0.0,30252.2,0
1701,15762392,Moss,643,Spain,Female,58.0,1,0.0,1,1.0,1.0,173680.39,1
1702,15764073,Vinogradov,724,France,Female,35.0,9,160652.45,2,1.0,0.0,197933.5,0
1703,15716357,Corran,772,Spain,Male,39.0,4,122486.11,1,1.0,1.0,140709.25,0
1704,15573928,Kaur,613,France,Male,41.0,5,126645.58,1,0.0,0.0,50771.77,0
1705,15643903,Chigozie,705,Germany,Male,26.0,7,142871.11,1,1.0,1.0,133861.56,0
1706,15690664,Obiajulu,608,Germany,Male,30.0,2,142703.4,2,1.0,1.0,172450.04,0
1707,15704746,Scott,508,Germany,Female,47.0,5,121629.42,2,1.0,1.0,57532.16,0
1708,15584288,Fanucci,803,France,Female,41.0,8,64497.94,2,0.0,1.0,59237.72,0
1709,15751175,Martin,597,France,Male,34.0,6,0.0,2,0.0,0.0,50368.58,0
1710,15798975,O'Sullivan,645,France,Female,38.0,5,0.0,2,1.0,0.0,159800.16,0
1711,15814241,Chukwubuikem,666,Germany,Male,26.0,2,124775.33,2,1.0,1.0,115719.71,0
1712,15572022,Han,605,France,Female,36.0,0,0.0,1,1.0,0.0,690.84,0
1713,15621063,Okeke,552,France,Male,41.0,2,0.0,2,0.0,0.0,172501.16,1
1714,15605872,Fyodorov,587,France,Male,38.0,3,0.0,2,1.0,0.0,112585.19,0
1715,15678910,Ts'ao,680,France,Male,30.0,8,0.0,1,1.0,1.0,16278.97,0
1716,15603096,Manna,533,Germany,Female,23.0,9,127289.28,1,1.0,1.0,43852.05,0
1717,15596916,Onyemauchechukwu,718,Spain,Female,33.0,6,0.0,2,1.0,1.0,94898.3,0
1718,15796713,Y?,850,France,Female,48.0,7,0.0,1,1.0,1.0,63795.8,1
1719,15627829,Tung,762,Germany,Male,32.0,1,131240.37,2,1.0,0.0,78858.75,0
1720,15738721,Graham,691,France,Male,26.0,3,0.0,2,0.0,0.0,100809.99,0
1721,15601796,Onyemere,576,Spain,Male,33.0,1,152509.25,1,1.0,0.0,160968.44,0
1722,15799156,Okwuadigbo,574,Germany,Male,36.0,7,76968.12,1,0.0,0.0,79547.39,0
1723,15771668,Henderson,578,France,Male,59.0,10,185966.64,1,0.0,1.0,9445.42,0
1724,15603082,Vincent,690,France,Female,35.0,2,0.0,2,1.0,0.0,61257.83,0
1725,15743076,Niu,584,France,Female,46.0,5,0.0,3,0.0,0.0,1801.88,1
1726,15570970,Han,647,France,Female,35.0,1,0.0,2,1.0,1.0,51362.82,0
1727,15679663,Chubb,749,Germany,Male,49.0,8,110349.47,1,1.0,1.0,157891.83,1
1728,15604832,Nwankwo,661,France,Male,45.0,4,140187.1,1,1.0,1.0,166677.35,0
1729,15611756,Vida,733,Germany,Female,23.0,6,131344.52,1,1.0,0.0,141756.32,1
1730,15741745,DeRose,807,France,Female,33.0,1,0.0,2,1.0,1.0,180702.12,0
1731,15694859,T'ang,565,Spain,Female,38.0,5,0.0,1,1.0,0.0,94820.07,1
1732,15583852,Mazzanti,685,France,Male,36.0,9,103097.24,1,1.0,0.0,161229.99,0
1733,15607112,Chibugo,733,Germany,Male,32.0,1,117578.35,2,0.0,1.0,36540.63,0
1734,15641312,Paterson,615,Spain,Male,50.0,4,0.0,1,1.0,1.0,27011.8,1
1735,15724127,McLean,790,France,Female,26.0,4,141581.08,2,0.0,0.0,98309.27,1
1736,15653958,Hargreaves,738,France,Male,27.0,1,0.0,2,1.0,1.0,130131.89,0
1737,15665088,Koehler,828,France,Female,50.0,9,0.0,2,1.0,0.0,76614.04,0
1738,15629551,Mazzanti,610,Germany,Male,31.0,0,123871.2,1,1.0,0.0,5791.61,1
1739,15622442,Mazzi,763,France,Male,29.0,5,0.0,2,1.0,0.0,194310.1,0
1740,15633897,Owen,725,Germany,Male,39.0,7,50880.98,2,1.0,1.0,184023.54,0
1741,15641490,Lucciano,659,Spain,Male,38.0,1,0.0,2,1.0,0.0,187905.12,0
1742,15615896,Chienezie,663,Germany,Male,37.0,8,100260.88,2,1.0,0.0,79555.08,0
1743,15671534,Hovell,646,Germany,Female,54.0,0,90212.0,1,1.0,0.0,13911.27,1
1744,15804771,H?,681,Spain,Female,48.0,7,0.0,1,1.0,0.0,116969.73,1
1745,15787884,Martin,748,France,Female,39.0,7,0.0,2,1.0,1.0,18826.06,0
1746,15795890,K'ung,725,France,Male,43.0,0,0.0,2,1.0,1.0,179541.15,0
1747,15578865,Genovesi,653,France,Male,37.0,9,121151.05,1,1.0,0.0,24765.53,0
1748,15763218,Akeroyd,671,France,Female,27.0,4,0.0,2,0.0,0.0,131300.68,0
1749,15661708,Ts'ai,721,France,Female,34.0,8,0.0,2,1.0,1.0,125083.67,0
1750,15593280,Buccho,504,France,Male,46.0,4,165686.11,1,1.0,1.0,164975.82,0
1751,15723950,Kruglov,684,Germany,Male,45.0,2,70291.02,1,1.0,0.0,115468.84,1
1752,15756560,Yuriev,646,Spain,Male,37.0,4,0.0,2,1.0,0.0,58907.08,0
1753,15598088,Brown,801,France,Female,39.0,9,0.0,1,0.0,1.0,172939.3,1
1754,15651883,Genovesi,553,Germany,Male,55.0,6,115796.7,1,1.0,0.0,160526.36,0
1755,15734312,Niu,665,France,Female,33.0,1,0.0,1,1.0,1.0,146677.37,1
1756,15647800,Hsu,717,France,Male,51.0,4,135756.96,1,1.0,0.0,137980.58,1
1757,15588923,Chien,686,France,Male,28.0,9,138053.79,1,1.0,0.0,61253.08,0
1758,15583548,Ting,733,Spain,Male,30.0,2,0.0,2,1.0,1.0,108577.37,0
1759,15672432,Yefremova,635,France,Male,49.0,3,0.0,2,1.0,0.0,150694.42,0
1760,15722902,Chizuoke,652,Germany,Male,50.0,8,125437.14,2,0.0,1.0,17160.94,0
1761,15677906,Owens,620,Spain,Female,54.0,6,0.0,2,0.0,1.0,150836.98,0
1762,15767231,Moore,758,Germany,Female,32.0,8,132187.73,2,1.0,0.0,192928.82,0
1763,15682473,Fanucci,673,France,Female,36.0,9,0.0,2,1.0,0.0,91096.76,0
1764,15575955,Lujan,764,France,Female,24.0,0,0.0,2,1.0,1.0,88724.49,0
1765,15692599,Kuo,639,Germany,Female,38.0,1,148897.02,1,1.0,0.0,97782.92,1
1766,15570194,Trevisano,661,France,Female,44.0,7,0.0,1,1.0,0.0,171060.01,0
1767,15627305,Calabrese,637,France,Male,39.0,1,0.0,2,1.0,1.0,94946.67,0
1768,15762855,Udinese,690,Spain,Female,48.0,10,0.0,2,0.0,1.0,117626.9,0
1769,15677908,Chukwuemeka,785,France,Female,46.0,2,161592.76,1,0.0,1.0,102908.91,1
1770,15670587,Aksyonova,717,Spain,Male,40.0,4,0.0,1,1.0,0.0,175082.77,0
1771,15571281,Nnachetam,616,France,Male,33.0,3,142876.32,1,1.0,0.0,176903.0,0
1772,15641310,Lai,709,Spain,Male,36.0,10,0.0,1,1.0,0.0,88890.79,0
1773,15689633,Toomey,536,Spain,Female,31.0,0,0.0,2,1.0,1.0,97767.63,1
1774,15616088,Liao,703,Spain,Female,42.0,2,0.0,2,1.0,1.0,29296.74,0
1775,15803486,Ulyanova,766,Germany,Female,36.0,5,154767.23,2,1.0,1.0,91547.94,0
1776,15658890,Chidozie,606,France,Male,39.0,3,154763.99,1,1.0,1.0,178222.83,0
1777,15641688,Collier,644,Spain,Female,18.0,7,0.0,1,0.0,1.0,74564.41,0
1778,15803337,Ndubueze,741,France,Male,48.0,9,0.0,2,1.0,0.0,62388.52,1
1779,15671766,Hsueh,708,France,Male,29.0,7,95727.05,1,1.0,0.0,92220.12,0
1780,15791030,Mazzi,509,Spain,Male,35.0,5,0.0,2,0.0,1.0,165576.55,0
1781,15783478,Ugochukwu,641,France,Male,28.0,3,0.0,2,1.0,1.0,177655.87,0
1782,15756840,Shih,806,France,Female,56.0,8,0.0,1,1.0,0.0,51454.08,1
1783,15809837,Nwachinemelu,607,France,Female,42.0,6,0.0,2,1.0,1.0,171060.01,0
1784,15591723,Cattaneo,686,France,Female,32.0,7,0.0,2,1.0,1.0,28137.03,0
1785,15742534,Chikwado,473,Germany,Female,45.0,10,80790.97,1,1.0,0.0,51364.59,1
1786,15806822,Chukwueloka,624,Germany,Male,35.0,5,141404.64,2,1.0,1.0,146511.19,0
1787,15595158,Kolesnikova,574,France,Male,32.0,9,0.0,2,1.0,0.0,182691.31,0
1788,15727353,Pavlova,708,Spain,Female,32.0,0,126589.12,2,0.0,1.0,19131.71,1
1789,15691627,P'eng,675,Spain,Female,37.0,7,0.0,1,1.0,1.0,199138.84,0
1790,15658249,Ch'in,714,France,Female,39.0,4,110864.38,1,1.0,1.0,157891.86,0
1791,15765520,Stevenson,674,France,Male,41.0,7,188614.07,1,1.0,0.0,171345.02,1
1792,15665760,Uspensky,773,France,Female,39.0,6,0.0,1,1.0,0.0,94816.56,0
1793,15690670,Kepley,728,France,Male,34.0,4,139859.01,1,1.0,1.0,93835.84,0
1794,15740160,Yefremova,671,Spain,Male,46.0,3,0.0,1,1.0,0.0,180318.6,0
1795,15672574,Uspenskaya,694,Spain,Female,30.0,1,68065.8,1,0.0,1.0,138777.0,0
1796,15592386,Onwumelu,692,France,Male,31.0,7,0.0,2,1.0,0.0,121747.96,0
1797,15689237,Shaw,591,France,Female,27.0,4,0.0,2,1.0,1.0,122642.09,0
1798,15658956,Manna,684,France,Female,34.0,3,0.0,2,1.0,1.0,158973.35,0
1799,15723706,Pinto,652,France,Male,35.0,6,0.0,2,1.0,0.0,171768.28,0
1800,15605067,Nwachinemelu,652,France,Male,50.0,7,0.0,1,1.0,0.0,3453.4,1
1801,15650034,Kudryashova,697,France,Female,57.0,1,0.0,1,0.0,1.0,162428.05,1
1802,15679973,Hs?,697,Spain,Female,37.0,6,0.0,2,0.0,1.0,71094.0,0
1803,15592865,Ugorji,806,Spain,Male,54.0,10,0.0,1,0.0,1.0,106534.88,0
1804,15579583,Fiorentino,593,France,Female,38.0,10,99056.22,1,1.0,0.0,58814.21,0
1805,15767432,Milanesi,550,France,Female,33.0,6,93925.3,1,1.0,1.0,86767.48,0
1806,15622750,Kao,850,Spain,Female,48.0,4,0.0,1,1.0,0.0,141558.04,1
1807,15766734,Norman,712,Germany,Male,60.0,7,133636.16,1,1.0,0.0,90905.26,1
1808,15797389,Hsia,678,France,Female,29.0,4,80922.75,1,1.0,1.0,7820.78,0
1809,15639882,P'eng,556,Spain,Female,31.0,6,128663.81,2,1.0,1.0,125083.29,1
1810,15668521,Jamieson,676,France,Male,37.0,1,0.0,2,1.0,0.0,82867.55,0
1811,15683758,Onyekachukwu,651,France,Male,45.0,7,0.0,1,1.0,0.0,67202.74,0
1812,15642162,Ponce,582,Germany,Male,35.0,1,123407.69,1,1.0,0.0,152541.89,1
1813,15705918,Howarth,725,France,Male,33.0,1,92566.53,1,1.0,1.0,59650.42,0
1814,15661532,P'eng,694,Spain,Male,28.0,6,0.0,1,1.0,1.0,108731.02,0
1815,15732674,Udegbunam,543,Germany,Female,49.0,7,83049.65,1,1.0,0.0,77856.38,1
1816,15665014,Middleton,458,Spain,Male,39.0,5,0.0,1,0.0,0.0,79723.78,0
1817,15805638,Hsiung,593,France,Female,31.0,9,0.0,2,1.0,1.0,93881.75,0
1818,15800890,T'ien,554,France,Male,30.0,1,0.0,2,1.0,1.0,181204.5,0
1819,15595588,Nwankwo,587,France,Male,32.0,6,131647.01,1,1.0,1.0,73464.88,0
1820,15572390,H?,679,France,Female,33.0,10,0.0,1,1.0,0.0,161574.19,0
1821,15760774,Dike,745,France,Female,36.0,9,0.0,2,0.0,0.0,110824.6,0
1822,15789498,Miller,561,France,Female,30.0,4,141099.43,1,1.0,0.0,154843.4,0
1823,15601392,Genovesi,611,Germany,Female,56.0,2,104678.86,1,1.0,0.0,172765.93,1
1824,15724691,Walker,694,France,Male,32.0,2,0.0,2,1.0,1.0,141053.96,0
1825,15574796,D'Albertis,749,Germany,Female,37.0,5,112146.12,1,1.0,0.0,75927.35,1
1826,15589204,Baresi,581,France,Male,36.0,5,0.0,2,1.0,1.0,116971.81,0
1827,15798868,Zuyev,644,Germany,Male,42.0,6,135413.43,2,1.0,0.0,176891.76,0
1828,15665872,Pinto,734,France,Female,33.0,2,91091.32,2,0.0,1.0,83470.87,0
1829,15569438,Rueda,729,Germany,Male,32.0,9,139756.5,2,1.0,1.0,90977.49,0
1830,15572050,Longo,537,Spain,Female,24.0,7,0.0,1,1.0,0.0,138543.57,0
1831,15592025,Nnaemeka,651,France,Male,53.0,5,0.0,2,1.0,1.0,130132.41,0
1832,15666032,Obidimkpa,663,France,Male,42.0,6,0.0,2,0.0,1.0,87412.34,0
1833,15633840,Yeh,642,France,Female,52.0,3,0.0,3,1.0,0.0,105817.53,1
1834,15761141,T'ien,686,France,Male,54.0,9,0.0,1,1.0,1.0,102280.54,1
1835,15674583,T'ien,680,France,Male,25.0,7,140900.97,1,0.0,1.0,83295.09,0
1836,15727919,Chukwuemeka,671,Spain,Female,29.0,6,0.0,2,1.0,0.0,12048.67,0
1837,15593883,Trevisani,655,France,Female,39.0,7,71264.02,2,1.0,0.0,47921.22,0
1838,15705885,H?,850,France,Female,35.0,2,118772.07,1,1.0,0.0,128892.74,0
1839,15578098,Nnamdi,715,France,Female,30.0,5,0.0,2,0.0,0.0,82870.94,0
1840,15593682,Hsiung,543,France,Male,39.0,2,0.0,2,1.0,1.0,102925.15,0
1841,15592300,Ts'ai,687,Germany,Female,31.0,8,138089.97,1,1.0,0.0,162599.51,0
1842,15721719,Onuora,602,Spain,Male,42.0,3,87624.03,1,1.0,1.0,102747.02,0
1843,15742126,Onyinyechukwuka,600,France,Male,43.0,9,110783.28,1,1.0,0.0,142903.44,0
1844,15733387,Maclean,703,Germany,Female,41.0,0,68639.57,2,1.0,1.0,66580.13,0
1845,15672955,Chukwukadibia,741,Spain,Male,38.0,9,116646.76,1,1.0,0.0,158553.1,0
1846,15768451,Thomson,775,France,Male,36.0,1,0.0,2,0.0,0.0,150661.42,0
1847,15709991,Maclean,703,France,Male,37.0,3,0.0,2,1.0,0.0,98820.07,0
1848,15752816,Chiawuotu,653,Germany,Female,40.0,7,97588.6,1,1.0,0.0,127825.25,1
1849,15720371,McLean,668,France,Female,51.0,3,0.0,1,1.0,1.0,173989.47,0
1850,15762588,Ch'iu,574,Germany,Female,27.0,2,117438.74,2,1.0,1.0,114448.76,0
1851,15744983,Kaeppel,647,Germany,Female,29.0,9,139887.01,2,1.0,0.0,197490.39,0
1852,15809263,Donaldson,673,Spain,Male,32.0,5,0.0,2,1.0,1.0,133267.78,0
1853,15606133,Lay,628,Spain,Male,42.0,7,0.0,2,0.0,1.0,172939.3,0
1854,15759290,Coleman,679,France,Male,29.0,9,0.0,2,1.0,0.0,13133.88,1
1855,15618245,Trevisan,704,France,Male,28.0,5,0.0,1,1.0,1.0,91514.62,0
1856,15764444,Pan,580,Germany,Male,58.0,8,125850.53,2,1.0,0.0,87008.17,1
1857,15620343,Aitken,526,France,Female,57.0,3,0.0,2,1.0,0.0,143104.3,0
1858,15613886,Hsieh,686,France,Female,46.0,6,0.0,1,1.0,0.0,93524.19,1
1859,15657829,Tretiakova,751,France,Male,31.0,5,0.0,2,1.0,0.0,47468.56,0
1860,15775116,Harker,621,France,Female,33.0,1,115625.24,1,1.0,0.0,49807.32,0
1861,15689425,Yeh,721,France,Male,37.0,6,95679.29,2,1.0,1.0,120250.58,0
1862,15766172,Bales,542,France,Female,26.0,8,0.0,1,1.0,1.0,54530.51,0
1863,15793688,Brown,632,France,Male,37.0,8,0.0,2,1.0,0.0,133871.83,0
1864,15724223,Folliero,706,France,Male,38.0,10,0.0,2,1.0,1.0,71842.92,0
1865,15796958,Fleming,723,France,Female,55.0,7,0.0,2,1.0,1.0,150694.58,1
1866,15782778,Kambinachi,621,France,Male,43.0,1,0.0,2,1.0,0.0,47578.45,0
1867,15642098,Anayolisa,741,France,Male,19.0,2,0.0,2,1.0,1.0,12429.22,0
1868,15664802,Ko,769,France,Female,42.0,7,0.0,1,1.0,0.0,101905.34,1
1869,15765537,Mazzanti,716,Spain,Male,23.0,4,135756.56,1,1.0,1.0,115429.19,0
1870,15665590,Echezonachukwu,557,France,Female,38.0,1,122641.51,1,1.0,0.0,77830.36,0
1871,15592028,Lo Duca,605,France,Male,30.0,5,0.0,2,1.0,0.0,71672.86,0
1872,15752381,Tretiakov,526,France,Male,38.0,3,0.0,2,1.0,1.0,104889.3,0
1873,15626679,Trevisano,771,France,Female,44.0,7,106807.64,1,1.0,1.0,116097.26,0
1874,15583764,Swayne,656,Spain,Male,39.0,2,0.0,1,1.0,1.0,47166.25,1
1875,15764284,Sagese,559,Germany,Male,50.0,6,119349.69,3,1.0,0.0,176914.89,1
1876,15756056,Tyler,706,Germany,Female,28.0,4,109421.13,1,1.0,1.0,126517.46,1
1877,15632439,Lovely,479,France,Male,20.0,7,0.0,2,1.0,0.0,185543.35,0
1878,15794941,Chibueze,647,Germany,Male,35.0,7,85906.65,2,1.0,0.0,189159.97,0
1879,15585837,T'ang,675,France,Female,35.0,4,0.0,2,1.0,0.0,96660.4,0
1880,15606901,L?,728,Germany,Male,35.0,9,106518.52,2,1.0,1.0,65675.47,0
1881,15672091,Onyinyechukwuka,712,France,Male,31.0,3,0.0,2,1.0,0.0,52795.56,0
1882,15730579,Huggins,602,Germany,Male,37.0,4,118449.66,1,1.0,1.0,83090.35,0
1883,15688963,Chukwudi,811,France,Female,33.0,7,0.0,2,0.0,0.0,168544.84,0
1884,15686696,Rizzo,732,France,Female,23.0,3,134950.19,1,1.0,1.0,62402.38,0
1885,15757837,Yefimova,642,Spain,Female,39.0,1,0.0,2,1.0,0.0,58844.84,0
1886,15802909,Hu,794,Germany,Male,56.0,0,139603.22,1,1.0,0.0,86383.61,1
1887,15737452,Maclean,751,France,Male,32.0,7,0.0,2,0.0,1.0,62810.91,0
1888,15665376,Napolitani,565,Spain,Male,47.0,3,0.0,2,0.0,0.0,163563.07,0
1889,15635939,Fenton,458,France,Female,39.0,9,109799.55,1,1.0,0.0,116343.09,0
1890,15776827,Langdon,770,France,Male,38.0,5,0.0,2,0.0,1.0,180326.83,0
1891,15585835,Onyenachiya,695,France,Male,42.0,5,141804.0,1,1.0,0.0,9086.84,0
1892,15662488,Ch'iu,721,France,Female,57.0,9,123086.39,1,0.0,0.0,66979.58,0
1893,15707189,Marshall,667,Germany,Female,54.0,1,114391.62,1,1.0,0.0,53412.54,1
1894,15646584,Chiemezie,663,France,Female,51.0,1,118994.84,1,0.0,0.0,159416.58,0
1895,15781619,Stevenson,785,France,Female,38.0,5,0.0,1,1.0,0.0,134964.85,1
1896,15719377,Palerma,668,Germany,Female,31.0,1,93817.38,1,1.0,1.0,83700.66,0
1897,15618171,James,669,France,Female,33.0,5,0.0,1,0.0,1.0,107221.03,1
1898,15811236,Akabueze,681,France,Male,35.0,1,106770.82,1,1.0,1.0,146785.44,0
1899,15790247,Zhirov,537,France,Female,57.0,3,0.0,2,0.0,1.0,152290.44,0
1900,15662533,Macdonald,613,Germany,Male,32.0,2,138053.67,2,1.0,1.0,125553.51,0
1901,15704588,Lucchesi,711,Germany,Female,58.0,1,161802.27,1,1.0,0.0,131768.58,1
1902,15718289,Davide,613,France,Female,24.0,1,0.0,2,1.0,0.0,100423.88,0
1903,15726795,Trevisano,569,France,Female,30.0,9,119755.0,2,1.0,0.0,82927.65,0
1904,15594915,Martin,714,Spain,Female,38.0,9,134209.44,1,1.0,1.0,170822.43,0
1905,15666295,Smith,610,Germany,Female,50.0,1,113957.01,2,1.0,0.0,196526.55,1
1906,15651340,Teng,596,France,Male,35.0,7,0.0,2,1.0,1.0,182765.17,0
1907,15689886,Holden,631,Germany,Male,39.0,3,132287.92,2,0.0,1.0,51565.98,0
1908,15605950,Onwuamaeze,530,Germany,Male,23.0,1,137060.88,1,1.0,1.0,165227.23,0
1909,15689351,Onyemachukwu,602,France,Male,36.0,1,0.0,2,1.0,1.0,146785.44,0
1910,15593601,Rizzo,613,Spain,Female,38.0,7,0.0,1,1.0,0.0,90905.26,0
1911,15706232,Tuan,748,France,Male,40.0,1,0.0,2,0.0,1.0,180800.66,0
1912,15679651,Kaeppel,748,Germany,Male,39.0,1,91830.0,2,1.0,0.0,107831.86,0
1913,15809800,O'Sullivan,748,France,Female,42.0,10,0.0,1,1.0,0.0,71830.1,0
1914,15633516,Milani,660,Germany,Female,39.0,3,99282.66,2,1.0,1.0,72856.78,0
1915,15737354,Chuang,704,France,Female,33.0,4,113488.01,1,0.0,0.0,63795.15,1
1916,15757895,Hs?,604,France,Female,35.0,8,0.0,2,1.0,1.0,182841.11,0
1917,15627854,Macleod,711,France,Male,43.0,8,0.0,2,1.0,0.0,6078.46,0
1918,15714586,Genovese,697,Germany,Female,30.0,8,129269.27,1,0.0,1.0,165574.54,1
1919,15575858,T'ien,692,France,Male,40.0,8,0.0,2,0.0,0.0,134281.11,0
1920,15791767,Lucciano,748,France,Female,34.0,9,0.0,2,1.0,1.0,176843.53,0
1921,15775809,Maclean,754,France,Female,34.0,4,0.0,2,1.0,1.0,121568.37,0
1922,15616280,Hsia,536,Spain,Male,46.0,1,65733.41,2,1.0,0.0,61094.53,1
1923,15656322,Fomin,619,Germany,Male,32.0,7,152541.25,2,1.0,1.0,87413.46,0
1924,15771580,Mazzi,594,France,Male,43.0,4,0.0,1,0.0,0.0,64595.25,1
1925,15789955,Hussain,698,France,Male,39.0,8,0.0,2,1.0,0.0,147530.06,0
1926,15667959,Lucchesi,666,Spain,Male,31.0,5,0.0,2,1.0,0.0,150475.13,0
1927,15640268,Genovesi,584,France,Female,26.0,10,0.0,2,1.0,0.0,49374.64,0
1928,15617320,Palermo,637,Germany,Female,36.0,0,131406.56,1,1.0,1.0,172363.41,0
1929,15795747,Ts'ui,559,Germany,Male,32.0,7,114754.08,1,1.0,0.0,182960.46,1
1930,15764708,Onyemachukwu,585,France,Male,38.0,9,0.0,2,1.0,1.0,131764.57,0
1931,15610930,Cook,453,Germany,Female,28.0,4,139986.65,1,0.0,0.0,185662.84,0
1932,15600821,Hardy,719,France,Male,22.0,2,108424.19,1,1.0,1.0,178418.35,0
1933,15685019,Graham,528,France,Male,29.0,3,102787.42,1,1.0,0.0,55972.56,1
1934,15667938,Chikezie,539,France,Female,63.0,3,0.0,2,1.0,1.0,60552.44,0
1935,15669946,Kambinachi,539,France,Male,45.0,1,0.0,2,0.0,0.0,162763.01,0
1936,15591036,Chiemela,712,Spain,Male,35.0,6,116234.03,1,1.0,0.0,71095.41,0
1937,15764916,Rowley,850,Germany,Female,43.0,7,95984.21,4,0.0,1.0,115262.54,1
1938,15735782,MacDonald,593,Germany,Female,37.0,8,120961.5,2,0.0,1.0,27366.77,1
1939,15700476,Yashina,744,Germany,Female,21.0,2,88363.42,1,1.0,0.0,147523.78,0
1940,15752601,Liao,632,France,Female,32.0,1,0.0,2,1.0,0.0,102535.63,0
1941,15589969,Nicholson,663,Spain,Male,36.0,7,0.0,2,1.0,1.0,105152.17,0
1942,15773789,Ebelechukwu,564,France,Female,34.0,8,0.0,2,1.0,1.0,166677.35,0
1943,15646835,Okeke,614,France,Female,47.0,1,0.0,2,1.0,1.0,91053.94,0
1944,15804053,Ugochukwu,590,France,Male,28.0,8,0.0,2,1.0,1.0,162516.33,0
1945,15682655,Li Fonti,728,France,Female,59.0,7,0.0,1,0.0,1.0,52301.38,1
1946,15686974,Chukwukadibia,621,Germany,Female,32.0,1,125920.72,2,1.0,1.0,109291.22,0
1947,15749167,T'ao,619,France,Female,42.0,7,170184.99,1,1.0,1.0,47921.22,0
1948,15638774,Maclean,645,Spain,Male,50.0,8,0.0,1,1.0,0.0,182224.14,1
1949,15773273,Runyon,730,Spain,Female,38.0,5,118866.36,1,1.0,0.0,163317.5,1
1950,15780805,Lu,585,France,Female,35.0,2,0.0,2,1.0,0.0,98621.04,0
1951,15742442,Udegbulam,644,France,Female,46.0,5,0.0,1,0.0,0.0,72849.29,0
1952,15790067,L?,637,Germany,Male,40.0,1,118889.06,2,1.0,1.0,162484.69,0
1953,15715673,Nkemakonam,833,France,Male,47.0,6,96982.57,1,0.0,1.0,84495.78,1
1954,15662294,Bennett,710,France,Male,28.0,8,118327.17,2,1.0,1.0,192928.82,0
1955,15596522,Chukwufumnanya,646,France,Male,29.0,3,131355.59,1,1.0,0.0,129964.67,0
1956,15639576,Chidubem,659,Germany,Female,38.0,3,131927.33,2,1.0,1.0,158590.25,0
1957,15573077,Lo,620,France,Male,39.0,9,159492.79,1,1.0,0.0,80582.34,0
1958,15657535,Udinesi,699,France,Male,35.0,0,0.0,1,1.0,0.0,66561.77,0
1959,15682467,Tuan,598,France,Male,38.0,7,0.0,2,1.0,0.0,166896.01,0
1960,15709919,Dickson,633,France,Male,32.0,6,0.0,2,1.0,1.0,126731.71,0
1961,15593345,Ulyanova,615,France,Male,33.0,0,121277.28,2,1.0,0.0,102076.02,0
1962,15690182,Ch'ien,473,Germany,Female,53.0,3,133618.01,1,0.0,1.0,145071.33,1
1963,15623107,Ma,548,Germany,Male,51.0,1,144755.81,1,0.0,1.0,166516.84,1
1964,15602073,Ts'ui,615,France,Male,23.0,7,77846.9,1,1.0,1.0,152417.79,0
1965,15754574,Pinto,629,France,Female,36.0,2,0.0,2,1.0,1.0,127543.81,0
1966,15605792,Folliero,624,France,Male,41.0,8,0.0,2,1.0,1.0,172450.24,0
1967,15792669,Chien,604,Germany,Male,49.0,7,127761.35,1,1.0,0.0,468.41,1
1968,15652069,T'ao,750,Germany,Male,39.0,8,118815.35,2,0.0,0.0,93736.13,1
1969,15791321,Udegbunam,632,Spain,Male,29.0,2,0.0,2,1.0,1.0,150227.85,0
1970,15650086,Fiorentino,699,France,Male,35.0,7,152341.55,1,0.0,0.0,126419.8,0
1971,15737705,Martin,661,Germany,Female,37.0,3,104414.98,1,1.0,1.0,48571.1,0
1972,15740147,Nucci,684,France,Male,23.0,1,0.0,1,0.0,0.0,125961.48,1
1973,15689514,Chiang,686,Germany,Female,35.0,7,124576.65,2,1.0,0.0,105732.9,0
1974,15791050,Toscani,564,France,Male,32.0,2,0.0,2,1.0,1.0,91094.82,0
1975,15750929,Chidiebere,712,Spain,Female,25.0,9,91592.06,1,1.0,0.0,81602.02,0
1976,15585853,Iloerika,645,France,Male,31.0,6,0.0,2,1.0,0.0,183358.21,0
1977,15717156,T'ien,653,France,Male,37.0,2,0.0,2,1.0,0.0,94415.76,0
1978,15676091,Iloerika,543,France,Male,42.0,7,0.0,1,1.0,1.0,56650.47,1
1979,15571917,P'eng,735,France,Female,42.0,4,0.0,1,1.0,1.0,170518.72,0
1980,15769582,T'ien,718,France,Female,33.0,3,0.0,2,1.0,1.0,92888.52,0
1981,15713853,Ifeajuna,571,Germany,Male,42.0,9,108748.08,1,1.0,1.0,65323.11,0
1982,15594812,Hsueh,699,France,Male,38.0,1,0.0,2,1.0,0.0,71682.5,0
1983,15797190,Hs?,563,France,Female,49.0,0,191808.73,1,1.0,0.0,92920.04,1
1984,15740175,Raynor,602,France,Male,31.0,2,0.0,1,0.0,1.0,87412.74,0
1985,15736990,Milano,590,Germany,Female,40.0,1,76665.71,1,1.0,0.0,87067.73,0
1986,15671334,Hsieh,689,France,Male,31.0,2,0.0,2,1.0,0.0,43982.41,0
1987,15749557,Hsia,750,Germany,Female,51.0,5,63763.23,3,0.0,0.0,55902.55,1
1988,15805627,Zuyev,645,France,Male,32.0,6,0.0,2,1.0,0.0,97959.15,0
1989,15721181,T'ien,582,Germany,Male,43.0,9,152390.21,2,1.0,0.0,90162.35,0
1990,15682048,Nock,632,France,Female,38.0,2,0.0,1,1.0,1.0,100365.51,0
1991,15649414,Hsia,599,France,Male,27.0,5,0.0,2,1.0,1.0,110431.51,0
1992,15617320,Lassetter,783,France,Female,31.0,10,115766.26,1,0.0,0.0,182528.44,0
1993,15736043,Onwuamaeze,662,France,Female,34.0,2,139840.32,1,1.0,0.0,76737.56,0
1994,15601184,Abramovich,581,Spain,Female,26.0,2,0.0,2,1.0,0.0,155248.62,0
1995,15673837,Chukwufumnanya,648,Spain,Male,49.0,3,105239.1,2,1.0,1.0,86764.92,0
1996,15583692,Kao,678,Spain,Male,27.0,1,0.0,1,1.0,0.0,151903.6,0
1997,15633525,Payne,631,France,Male,29.0,7,0.0,1,0.0,1.0,125877.22,1
1998,15605375,Tseng,651,France,Male,35.0,2,0.0,2,1.0,1.0,174094.24,0
1999,15633608,Walker,639,France,Female,38.0,6,137843.8,1,0.0,1.0,172557.77,0
2000,15683553,O'Brien,558,France,Female,47.0,5,0.0,1,0.0,0.0,116978.19,1
2001,15615207,Yeh,444,France,Male,40.0,7,0.0,1,1.0,0.0,161653.5,1
2002,15755138,Chin,591,France,Female,28.0,0,114321.28,2,1.0,1.0,15959.01,1
2003,15778320,Wang,848,Germany,Female,40.0,0,148495.64,2,1.0,0.0,158853.98,1
2004,15756926,Chienezie,653,France,Female,38.0,9,80778.68,1,0.0,0.0,64839.37,0
2005,15783865,Chiu,712,Germany,Male,57.0,6,113522.43,1,0.0,1.0,65763.57,1
2006,15752731,Tung,762,Spain,Male,37.0,7,0.0,2,1.0,0.0,80134.38,0
2007,15643671,Kambinachi,683,Germany,Male,56.0,9,108711.57,1,0.0,1.0,84442.6,1
2008,15692929,Ikechukwu,791,Germany,Male,42.0,0,113657.41,1,0.0,1.0,139946.68,1
2009,15750243,Genovese,830,France,Male,34.0,5,0.0,2,1.0,1.0,81622.52,0
2010,15664881,Norton,702,France,Male,52.0,4,100054.77,1,1.0,0.0,109496.45,1
2011,15758750,Pagnotto,597,Germany,Female,40.0,5,86957.21,1,0.0,0.0,137065.96,1
2012,15586629,Lockington,617,Germany,Male,37.0,3,113865.21,1,1.0,0.0,47675.86,1
2013,15716605,Chukwufumnanya,735,Germany,Female,24.0,7,103099.17,2,1.0,0.0,173276.62,0
2014,15767597,Iweobiegbunam,439,France,Male,38.0,5,99587.43,1,1.0,1.0,172749.4,1
2015,15671522,Efimov,613,France,Male,40.0,5,0.0,1,1.0,0.0,146880.17,0
2016,15588933,Tuan,749,France,Male,30.0,4,0.0,1,1.0,1.0,79910.95,0
2017,15567778,Gilleland,644,Germany,Male,32.0,0,113090.4,2,0.0,0.0,110776.01,0
2018,15813659,Ch'en,546,Spain,Female,22.0,5,0.0,1,1.0,0.0,35418.69,0
2019,15780492,McNeil,783,France,Male,43.0,3,0.0,2,1.0,0.0,198926.36,0
2020,15599004,Tsao,581,France,Male,23.0,6,0.0,1,0.0,1.0,106040.97,0
2021,15665695,Ts'ai,683,France,Male,31.0,8,0.0,1,1.0,1.0,88827.24,0
2022,15635116,Chienezie,628,France,Male,37.0,6,79871.15,1,1.0,0.0,163437.98,0
2023,15689612,Ginn,554,Spain,Female,39.0,7,136555.01,1,1.0,1.0,121525.48,0
2024,15668830,H?,649,France,Female,33.0,3,102800.69,1,1.0,0.0,174913.74,0
2025,15573893,Shih,584,Spain,Male,27.0,3,0.0,2,1.0,1.0,82969.61,0
2026,15672246,Smith,767,France,Male,47.0,6,141816.25,1,1.0,1.0,134875.37,0
2027,15652979,Ugochukwu,641,France,Female,31.0,4,0.0,2,1.0,1.0,163598.28,0
2028,15740223,Walton,479,Germany,Male,51.0,4,107714.74,2,1.0,1.0,86128.21,0
2029,15747014,Pisani,850,France,Female,28.0,5,105245.34,1,0.0,1.0,74780.13,0
2030,15686974,Chiagoziem,644,France,Female,48.0,8,177069.24,2,1.0,1.0,96069.82,0
2031,15628007,Shih,684,Spain,Female,40.0,7,0.0,2,1.0,0.0,62449.21,0
2032,15690772,Chia,464,France,Male,35.0,5,0.0,2,1.0,1.0,125307.87,0
2033,15768887,Dickson,711,France,Female,45.0,5,0.0,1,1.0,1.0,181177.9,0
2034,15647292,Macleod,603,Spain,Female,48.0,7,0.0,1,0.0,1.0,166929.43,1
2035,15595592,Lai,708,France,Female,38.0,2,0.0,2,1.0,1.0,179673.11,0
2036,15769959,Hao,677,France,Male,41.0,5,0.0,2,1.0,0.0,51548.14,0
2037,15791533,Ch'ien,367,Spain,Female,35.0,6,93608.28,2,0.0,1.0,168816.73,0
2038,15754929,Ch'ang,684,Germany,Female,29.0,4,106937.06,1,0.0,0.0,77837.63,0
2039,15704769,Pisani,595,France,Male,38.0,5,0.0,2,0.0,1.0,94487.73,0
2040,15653572,Onwuamaeze,638,France,Female,35.0,4,0.0,1,1.0,0.0,127095.14,0
2041,15592994,Ts'ao,684,France,Male,41.0,1,0.0,2,1.0,1.0,74588.41,0
2042,15741385,Li Fonti,581,Germany,Female,42.0,4,134740.24,1,1.0,0.0,105718.38,1
2043,15632859,Pardey,662,Spain,Male,46.0,3,126772.57,1,1.0,1.0,25183.01,0
2044,15750121,K'ung,525,France,Male,39.0,1,0.0,2,1.0,1.0,105525.72,0
2045,15664504,Fiorentini,561,Spain,Female,38.0,2,0.0,1,0.0,1.0,44719.5,0
2046,15751750,Manna,521,France,Female,40.0,7,0.0,2,1.0,1.0,49865.4,0
2047,15654859,Nkemjika,612,France,Female,45.0,2,142053.63,2,0.0,1.0,102591.9,0
2048,15800326,McLean,567,Germany,Male,36.0,6,131284.66,2,1.0,1.0,183572.08,0
2049,15672920,T'ien,751,France,Male,36.0,3,0.0,2,1.0,1.0,160139.55,0
2050,15636428,Ting,477,Spain,Male,32.0,8,100683.54,1,1.0,1.0,178442.07,0
2051,15794579,Onwuatuegwu,695,Spain,Male,21.0,6,0.0,2,0.0,1.0,146821.42,0
2052,15602844,Milanesi,535,France,Male,37.0,4,0.0,1,1.0,1.0,134526.57,0
2053,15679693,Mazzanti,735,France,Male,40.0,10,0.0,2,1.0,1.0,130883.92,0
2054,15782591,Odili,635,France,Female,36.0,5,0.0,2,1.0,0.0,193099.43,0
2055,15769191,Lucchesi,706,France,Male,35.0,3,92786.66,1,0.0,1.0,160162.42,0
2056,15698510,Ch'eng,628,Germany,Female,40.0,8,127560.54,2,1.0,0.0,80198.53,1
2057,15697574,Scott,631,Germany,Male,52.0,1,139592.98,3,1.0,0.0,64771.61,1
2058,15631170,Ts'ao,638,France,Female,39.0,2,0.0,1,1.0,0.0,136810.46,1
2059,15806929,Lombardo,652,Germany,Female,36.0,4,59893.85,2,1.0,1.0,43999.64,0
2060,15747772,Nnaife,703,Germany,Male,30.0,4,151027.05,2,1.0,1.0,103549.79,0
2061,15656322,Y?an,733,France,Male,41.0,6,0.0,2,1.0,1.0,132424.51,0
2062,15757895,Hsueh,624,Spain,Female,35.0,2,97640.61,1,1.0,1.0,61314.04,0
2063,15722583,Fiorentini,655,France,Male,48.0,2,0.0,1,1.0,1.0,59981.62,0
2064,15642619,Niu,579,Spain,Female,35.0,6,0.0,1,0.0,0.0,108764.69,0
2065,15632789,Maclean,794,France,Male,30.0,10,0.0,2,1.0,1.0,24113.91,0
2066,15705009,Milano,683,Spain,Male,39.0,4,0.0,2,1.0,1.0,59961.88,0
2067,15692761,Ugochukwu,714,France,Female,28.0,6,0.0,2,1.0,0.0,93081.87,0
2068,15569410,Hsieh,579,France,Female,34.0,8,0.0,1,0.0,0.0,181204.74,1
2069,15609913,Hs?,781,France,Male,31.0,7,0.0,2,0.0,0.0,82870.75,0
2070,15691287,Goliwe,652,Germany,Male,39.0,1,164701.68,1,0.0,0.0,82870.75,1
2071,15631603,Shih,721,France,Male,69.0,2,0.0,2,1.0,1.0,143681.97,0
2072,15682927,Pinto,662,France,Male,33.0,8,161889.83,1,1.0,1.0,132310.88,0
2073,15697441,Hsueh,794,France,Male,45.0,8,88656.37,2,1.0,0.0,116547.31,0
2074,15628203,Hsing,715,France,Male,42.0,1,0.0,2,1.0,0.0,54945.53,0
2075,15721282,Trevisano,562,France,Female,31.0,8,0.0,2,1.0,0.0,102762.83,0
2076,15656592,Manna,738,Germany,Male,33.0,7,148042.97,1,1.0,0.0,92647.94,0
2077,15677052,Hsia,579,France,Male,65.0,1,0.0,2,1.0,1.0,15959.01,0
2078,15692631,Dobson,605,Spain,Male,36.0,8,0.0,2,1.0,0.0,169161.46,0
2079,15692926,Chiu,671,France,Male,39.0,3,123888.26,1,1.0,0.0,1408.78,0
2080,15599410,Manna,687,Spain,Male,36.0,6,0.0,1,1.0,1.0,130824.57,0
2081,15768137,Shih,611,France,Male,29.0,9,0.0,2,1.0,0.0,61513.87,0
2082,15719561,Ts'ui,768,France,Male,34.0,1,0.0,1,1.0,0.0,65765.22,0
2083,15790067,Ch'eng,673,France,Female,29.0,8,129729.6,1,1.0,1.0,105383.49,1
2084,15776850,Oguejiofor,679,Germany,Male,54.0,5,147973.33,1,1.0,0.0,177618.06,1
2085,15580366,Nkemdilim,652,Germany,Female,41.0,2,96863.13,1,1.0,1.0,164061.6,1
2086,15615828,Mitchell,550,France,Male,52.0,5,122359.5,1,1.0,0.0,116495.55,1
2087,15782736,Mistry,496,France,Male,50.0,10,0.0,1,1.0,1.0,161076.92,0
2088,15596936,Curnow,642,France,Female,46.0,6,0.0,1,1.0,0.0,72762.25,1
2089,15583548,Ch'iu,850,Germany,Female,33.0,3,129668.43,2,1.0,1.0,80552.11,0
2090,15587174,Kerr,629,France,Male,29.0,4,0.0,2,1.0,0.0,91844.14,0
2091,15779659,Zetticci,833,France,Female,28.0,3,0.0,2,1.0,0.0,183646.41,0
2092,15791369,Bischof,586,Spain,Male,69.0,9,0.0,1,1.0,1.0,63495.41,0
2093,15627195,Lettiere,732,Germany,Male,49.0,8,122388.38,2,1.0,0.0,30020.09,0
2094,15718893,Chibueze,731,France,Female,34.0,2,93925.98,1,1.0,0.0,179515.83,1
2095,15635177,Onyinyechukwuka,540,France,Male,67.0,8,98400.61,1,1.0,1.0,111190.53,0
2096,15793882,Biryukov,584,France,Male,39.0,2,0.0,2,1.0,1.0,91291.62,0
2097,15736069,Iheanacho,595,Spain,Female,50.0,6,0.0,1,1.0,0.0,148087.88,1
2098,15791928,Teng,581,France,Male,34.0,5,0.0,2,1.0,1.0,119110.5,0
2099,15642824,Nwabugwu,699,France,Female,31.0,1,0.0,2,1.0,0.0,143981.99,0
2100,15723400,Pirozzi,678,France,Female,36.0,8,0.0,2,1.0,0.0,88592.84,0
2101,15682462,Maclean,838,Germany,Male,35.0,5,107769.42,1,1.0,0.0,48382.4,1
2102,15692226,Ts'ui,584,France,Female,38.0,6,0.0,2,1.0,1.0,143681.85,0
2103,15646082,Ts'ui,588,France,Female,49.0,4,0.0,1,1.0,0.0,181879.56,1
2104,15662291,Chibugo,801,Spain,Male,26.0,2,0.0,2,1.0,1.0,137835.75,0
2105,15631240,Lu,641,Germany,Female,41.0,8,153590.73,2,1.0,1.0,130910.78,0
2106,15648876,Onwumelu,544,France,Male,31.0,6,73059.38,1,1.0,0.0,157564.75,0
2107,15769948,Palerma,737,Germany,Male,35.0,10,133377.8,2,0.0,1.0,64050.19,0
2108,15591179,Liang,636,France,Female,28.0,3,102097.33,1,1.0,1.0,167723.25,0
2109,15658360,Teng,719,France,Male,35.0,5,0.0,2,0.0,0.0,149593.61,0
2110,15674620,Hsiao,718,France,Male,51.0,2,136623.19,1,1.0,1.0,62700.08,1
2111,15600692,Tsai,633,France,Female,38.0,5,131267.74,1,1.0,1.0,94811.24,0
2112,15702462,Uspenskaya,620,Spain,Male,38.0,4,0.0,2,1.0,1.0,38015.34,0
2113,15740630,Pisano,487,Spain,Female,31.0,1,0.0,1,1.0,0.0,158750.53,0
2114,15740442,Yobanna,628,France,Male,48.0,5,123761.68,1,0.0,0.0,161333.13,0
2115,15706037,Aksenov,624,Spain,Female,40.0,8,0.0,1,1.0,1.0,158610.89,0
2116,15792064,Ts'ui,709,France,Female,25.0,2,0.0,2,1.0,1.0,140941.47,0
2117,15710456,Chia,791,Spain,Male,21.0,8,0.0,2,1.0,1.0,122996.76,0
2118,15614878,Yeh,667,Spain,Female,37.0,4,0.0,2,1.0,1.0,123850.58,0
2119,15757865,H?,686,France,Male,36.0,8,0.0,1,1.0,1.0,181419.29,1
2120,15804075,Clements,683,France,Female,32.0,7,0.0,2,0.0,1.0,166516.84,0
2121,15583680,Echezonachukwu,850,Germany,Female,28.0,6,111827.09,2,1.0,1.0,177616.71,0
2122,15808544,Niehaus,708,France,Female,34.0,4,0.0,2,1.0,1.0,142039.67,0
2123,15648030,Kennedy,649,France,Male,40.0,6,0.0,1,1.0,1.0,2010.98,0
2124,15587562,Ts'ai,719,France,Male,37.0,6,0.0,2,0.0,1.0,74838.64,0
2125,15770101,Houghton,679,Germany,Female,42.0,9,132726.55,3,0.0,0.0,101089.76,1
2126,15794868,Rizzo,667,Spain,Female,34.0,10,0.0,1,1.0,1.0,130189.72,0
2127,15758056,Trevisano,726,France,Female,34.0,3,0.0,1,1.0,0.0,47775.34,0
2128,15613048,Anderson,706,Germany,Female,40.0,4,139973.65,2,1.0,0.0,667.66,1
2129,15756668,Cremonesi,684,France,Male,34.0,5,0.0,1,1.0,1.0,74580.8,0
2130,15646632,Macadam,613,Spain,Female,37.0,9,0.0,3,1.0,0.0,171045.38,1
2131,15752404,Whitehouse,748,Spain,Male,43.0,4,0.0,2,0.0,1.0,173586.91,1
2132,15600739,Galkin,562,Spain,Female,35.0,3,0.0,2,0.0,0.0,119899.52,0
2133,15693902,Onyemere,583,France,Female,31.0,9,137960.55,1,1.0,1.0,104722.47,0
2134,15599660,Cheng,667,Germany,Male,37.0,7,124425.99,1,0.0,0.0,683.37,0
2135,15810227,Martin,744,France,Female,35.0,2,142712.24,1,1.0,1.0,67611.36,0
2136,15634310,Hsia,683,France,Male,40.0,5,0.0,2,1.0,1.0,134794.01,0
2137,15777783,Milne,633,France,Female,34.0,5,125874.3,1,1.0,0.0,63611.01,0
2138,15659557,Okeke,734,Germany,Female,43.0,8,116968.91,1,1.0,0.0,9972.64,1
2139,15582941,Teng,577,France,Female,38.0,2,0.0,2,1.0,0.0,149188.94,0
2140,15650591,T'ao,826,Germany,Female,33.0,1,117183.74,1,1.0,0.0,48673.18,1
2141,15601550,Chidubem,823,France,Female,40.0,6,0.0,1,1.0,0.0,25407.59,0
2142,15656937,Udegbulam,687,France,Male,43.0,5,0.0,2,1.0,0.0,131629.31,0
2143,15633181,Swinton,614,France,Female,31.0,1,71269.89,2,1.0,1.0,125912.77,0
2144,15668289,Tseng,694,France,Female,66.0,4,183552.11,1,1.0,0.0,152643.08,1
2145,15775238,Smith,619,Spain,Male,37.0,10,75801.74,2,0.0,1.0,146411.2,0
2146,15618446,Zikoranachidimma,634,France,Female,63.0,9,0.0,3,1.0,1.0,62733.05,1
2147,15738448,Hsia,718,France,Male,25.0,2,146598.61,1,1.0,0.0,121568.58,0
2148,15594041,Dickson,794,France,Female,33.0,8,0.0,2,1.0,1.0,153955.38,0
2149,15726044,Yefremova,837,France,Male,38.0,2,79857.88,2,1.0,1.0,40321.61,0
2150,15762798,Okechukwu,648,France,Male,51.0,2,0.0,3,0.0,1.0,116471.19,1
2151,15646969,Achebe,624,France,Male,36.0,8,0.0,2,1.0,0.0,120882.2,0
2152,15598883,Lu,705,Spain,Female,36.0,6,0.0,2,1.0,0.0,158338.39,0
2153,15713088,Mazzi,570,France,Female,41.0,7,0.0,2,0.0,0.0,140940.44,0
2154,15743076,Martin,637,Spain,Male,37.0,8,0.0,2,1.0,0.0,143598.7,0
2155,15809320,McElhone,845,Spain,Female,52.0,3,0.0,1,1.0,0.0,31726.76,0
2156,15641366,Uspenskaya,676,France,Male,50.0,7,123544.0,1,0.0,1.0,73371.65,0
2157,15810390,Yermakov,614,France,Male,38.0,10,0.0,1,1.0,1.0,138526.96,0
2158,15750258,Nkemakonam,704,France,Male,40.0,9,0.0,2,1.0,0.0,84469.89,0
2159,15766810,Onyemauchechi,699,France,Male,36.0,1,87140.85,1,0.0,1.0,39351.64,0
2160,15790336,Lucchesi,758,France,Male,27.0,8,104719.17,1,0.0,1.0,79061.68,0
2161,15767954,Okagbue,724,Germany,Male,42.0,1,132403.42,1,1.0,0.0,151911.52,1
2162,15812945,Padovesi,697,Spain,Female,59.0,2,121389.78,1,0.0,1.0,84803.76,0
2163,15587566,Chidozie,564,Germany,Male,61.0,6,117633.63,1,1.0,0.0,175080.46,1
2164,15632575,Manna,659,France,Male,38.0,6,0.0,1,1.0,1.0,161465.31,0
2165,15631312,Hsieh,599,France,Male,38.0,8,118098.22,1,0.0,1.0,162267.94,0
2166,15589775,T'ien,526,Spain,Female,37.0,3,129068.54,1,0.0,1.0,166957.82,0
2167,15734565,Macleod,648,France,Male,29.0,5,0.0,1,1.0,1.0,138700.94,0
2168,15589969,Fiorentino,521,Germany,Female,50.0,3,115290.31,2,1.0,1.0,150836.97,0
2169,15773520,Bazarova,563,France,Female,38.0,6,0.0,2,1.0,1.0,175877.5,0
2170,15793327,H?,660,France,Male,27.0,2,0.0,2,1.0,0.0,79871.35,0
2171,15641640,Nwabugwu,708,France,Female,46.0,4,0.0,1,1.0,1.0,162599.51,1
2172,15661626,Griffin,772,France,Male,37.0,7,143625.83,2,1.0,1.0,176487.05,0
2173,15731555,Ugochukwutubelum,735,France,Male,41.0,7,95153.47,1,1.0,0.0,82452.84,1
2174,15691792,Ritchie,579,France,Male,34.0,0,151709.33,1,1.0,0.0,126475.79,0
2175,15703793,Konovalova,564,Spain,Male,44.0,4,161801.47,1,1.0,1.0,27149.27,0
2176,15681204,Chifley,588,Spain,Female,29.0,1,134796.04,1,1.0,1.0,84584.69,0
2177,15568360,Marcelo,667,Spain,Male,39.0,3,0.0,2,1.0,0.0,142367.72,0
2178,15693322,Shaver,635,Germany,Female,37.0,9,146748.07,2,0.0,1.0,11407.58,0
2179,15799652,Yevseyev,684,Spain,Female,27.0,1,0.0,2,0.0,1.0,75858.95,0
2180,15690153,Sun,673,France,Female,37.0,2,116121.84,2,1.0,0.0,181850.74,0
2181,15594556,Scott,586,France,Male,34.0,5,0.0,1,1.0,1.0,183490.95,0
2182,15658946,Kao,572,France,Male,24.0,2,0.0,2,1.0,1.0,156424.4,0
2183,15626882,Stobie,631,France,Male,37.0,4,94901.09,2,1.0,1.0,48233.75,0
2184,15648876,Ozerova,629,France,Female,47.0,8,0.0,1,1.0,0.0,64448.36,1
2185,15724150,Maclean,577,Spain,Female,33.0,4,0.0,2,1.0,1.0,151905.97,0
2186,15656330,Alexeeva,535,France,Male,38.0,5,67226.37,1,1.0,1.0,149853.89,0
2187,15757912,Nwabugwu,633,Germany,Female,41.0,3,123544.0,1,0.0,0.0,96444.88,1
2188,15704771,Calabresi,710,France,Female,47.0,9,127871.55,1,0.0,0.0,177740.58,1
2189,15807909,Okwudilichukwu,790,France,Male,42.0,1,0.0,1,0.0,1.0,173948.3,0
2190,15716518,Yuryeva,617,France,Female,27.0,8,0.0,2,0.0,0.0,190269.21,0
2191,15771742,Ritchie,593,France,Female,37.0,10,0.0,2,1.0,0.0,121593.39,0
2192,15782454,Tsao,706,France,Female,38.0,8,0.0,2,1.0,0.0,116957.6,0
2193,15677310,Christie,606,Germany,Male,62.0,5,98854.34,1,0.0,1.0,86920.97,0
2194,15736069,Hsing,767,Germany,Female,35.0,7,132253.22,1,1.0,0.0,115566.57,0
2195,15731522,Ts'ui,771,France,Male,67.0,5,0.0,2,1.0,1.0,51219.8,0
2196,15628219,Lu,704,France,Female,54.0,8,137811.75,1,1.0,0.0,158610.89,1
2197,15607312,Ngozichukwuka,646,France,Male,40.0,4,0.0,2,1.0,1.0,64716.08,0
2198,15777896,Chiemezie,652,France,Female,29.0,7,0.0,2,1.0,0.0,26772.02,0
2199,15727384,Chukwuemeka,705,Germany,Female,43.0,4,146547.78,1,0.0,1.0,10072.55,0
2200,15780220,Pauley,654,France,Male,53.0,10,0.0,1,1.0,1.0,136521.82,1
2201,15711742,Mason,708,France,Male,34.0,4,0.0,2,1.0,1.0,62868.33,0
2202,15751491,Harvey,734,France,Male,37.0,3,0.0,2,1.0,0.0,64815.05,0
2203,15804950,Hsiung,596,Germany,Female,38.0,0,115587.52,2,1.0,0.0,126307.74,0
2204,15583857,P'eng,648,Spain,Male,33.0,1,0.0,2,1.0,0.0,74858.3,0
2205,15707242,T'ang,686,France,Female,29.0,9,0.0,1,1.0,0.0,124022.52,0
2206,15703923,Fanucci,594,Germany,Male,32.0,4,144953.31,1,1.0,0.0,79623.28,0
2207,15624695,Dickson,576,France,Female,32.0,5,0.0,2,1.0,1.0,82674.47,0
2208,15788775,Milne,473,Germany,Male,40.0,8,152576.25,2,1.0,1.0,73073.68,0
2209,15642615,Pisano,724,France,Female,31.0,6,0.0,2,0.0,0.0,85574.48,0
2210,15611551,Kashiwagi,705,Spain,Female,29.0,4,76769.68,1,0.0,1.0,37605.9,0
2211,15688880,Cremonesi,666,Germany,Male,36.0,6,129974.79,1,0.0,0.0,136902.01,1
2212,15777896,K'ung,684,Spain,Male,43.0,9,95668.88,1,1.0,0.0,90977.75,0
2213,15753542,Rizzo,608,Germany,Female,35.0,4,96462.59,2,1.0,0.0,92987.34,0
2214,15709941,Hsueh,629,France,Female,36.0,1,0.0,2,1.0,0.0,138700.75,0
2215,15657139,Otutodilinna,632,France,Female,41.0,8,0.0,2,0.0,1.0,6761.84,0
2216,15663888,Hsiung,678,France,Male,43.0,5,0.0,2,0.0,0.0,134949.31,0
2217,15579566,Li Fonti,616,Spain,Female,35.0,3,120867.18,1,1.0,1.0,18761.92,0
2218,15621611,Martin,729,Germany,Male,34.0,4,95167.55,1,1.0,0.0,176925.69,0
2219,15585067,Ritchie,589,France,Female,53.0,2,0.0,1,1.0,0.0,73946.36,1
2220,15739194,Ts'ui,769,France,Male,28.0,8,149960.97,1,0.0,1.0,81290.02,0
2221,15753248,Tao,528,Germany,Male,45.0,2,108924.33,1,0.0,0.0,25395.83,0
2222,15766272,Folliero,677,Germany,Female,61.0,8,109166.37,1,1.0,1.0,92840.67,0
2223,15724563,Mault,741,France,Female,41.0,1,0.0,2,0.0,0.0,166038.52,1
2224,15757541,Jamieson,619,France,Female,37.0,2,0.0,2,1.0,1.0,67926.18,0
2225,15679991,Kennedy,524,France,Female,28.0,5,0.0,1,1.0,0.0,147100.72,0
2226,15718369,Kaodilinakachukwu,795,France,Female,33.0,4,130862.43,1,1.0,1.0,114935.21,1
2227,15638607,Nwabugwu,675,France,Female,27.0,7,0.0,2,1.0,0.0,137332.37,0
2228,15798850,White,466,Germany,Male,38.0,2,141796.52,2,1.0,0.0,56580.9,0
2229,15757931,Scott,628,France,Male,43.0,7,0.0,2,1.0,1.0,93844.82,0
2230,15768455,Manna,675,France,Female,26.0,0,0.0,2,1.0,1.0,105760.01,0
2231,15643372,Martin,578,France,Male,33.0,4,73488.69,1,1.0,0.0,81622.52,0
2232,15573278,Kennedy,557,France,Male,39.0,6,0.0,2,0.0,1.0,44265.28,0
2233,15729201,Chukwuemeka,682,France,Female,42.0,5,138032.08,1,1.0,1.0,157939.38,0
2234,15704763,Tochukwu,850,France,Male,43.0,3,0.0,1,1.0,1.0,159403.68,0
2235,15613886,Onwuamaeze,651,Germany,Male,48.0,0,103711.63,1,1.0,1.0,133894.41,0
2236,15682448,Nwankwo,648,France,Female,38.0,9,0.0,1,1.0,1.0,118959.64,0
2237,15751788,Hs?,581,Germany,Female,33.0,4,119413.62,2,1.0,1.0,96420.58,0
2238,15787151,Liao,581,France,Male,34.0,3,0.0,2,1.0,0.0,198926.36,0
2239,15681180,Nwokike,630,France,Male,32.0,3,0.0,2,0.0,1.0,170528.63,0
2240,15771409,Miller,552,Germany,Female,46.0,6,93616.35,3,1.0,0.0,4554.67,1
2241,15665629,Shih,628,France,Male,38.0,2,91902.56,2,0.0,1.0,107673.35,1
2242,15700325,Onwudiwe,573,Spain,Male,33.0,7,0.0,1,1.0,0.0,131629.17,1
2243,15795586,Li Fonti,598,Germany,Male,40.0,6,109196.66,3,0.0,0.0,93835.64,1
2244,15782210,Tsou,596,France,Male,35.0,10,134726.88,1,1.0,1.0,162321.67,0
2245,15659325,Tsai,577,France,Female,43.0,8,0.0,4,1.0,1.0,143829.54,1
2246,15755978,Tseng,792,France,Male,31.0,10,0.0,2,1.0,0.0,195209.4,0
2247,15655335,DeRose,613,France,Male,41.0,4,0.0,2,0.0,1.0,117848.02,0
2248,15661034,L?,749,Germany,Male,44.0,10,71497.79,2,0.0,0.0,151083.8,0
2249,15771573,Pinto,683,France,Female,37.0,8,0.0,2,1.0,0.0,151316.17,0
2250,15661823,H?,706,Spain,Female,43.0,9,0.0,1,0.0,0.0,162551.02,1
2251,15713819,Pagnotto,473,Germany,Male,41.0,5,121205.09,1,1.0,0.0,147822.14,0
2252,15654878,Yermakova,850,France,Male,34.0,1,87099.13,1,1.0,0.0,141159.9,0
2253,15680167,Yobanna,589,France,Male,36.0,6,0.0,2,1.0,1.0,145937.99,0
2254,15808846,Trevisani,474,France,Female,40.0,4,0.0,2,1.0,0.0,103726.71,0
2255,15794468,Tung,678,France,Female,32.0,6,82696.09,1,1.0,0.0,121138.77,0
2256,15609823,Chin,656,France,Female,24.0,8,131083.76,1,1.0,0.0,150835.21,0
2257,15658532,Manna,712,France,Male,42.0,6,0.0,2,1.0,0.0,93844.89,0
2258,15775233,Fenton,755,France,Male,49.0,2,0.0,1,1.0,0.0,116577.31,0
2259,15632967,Hs?,438,Germany,Male,24.0,3,128914.17,2,0.0,1.0,146573.66,0
2260,15748882,Martin,492,Spain,Female,38.0,4,145471.02,1,0.0,1.0,90829.96,0
2261,15602851,Lo,685,France,Male,40.0,2,0.0,2,1.0,1.0,142956.48,0
2262,15613337,Hixson,675,France,Female,35.0,5,0.0,2,1.0,0.0,93816.71,0
2263,15728012,Everett,698,Spain,Female,40.0,3,128398.38,1,0.0,0.0,168658.3,0
2264,15626900,Kung,678,France,Female,29.0,1,141325.56,1,1.0,0.0,93839.3,1
2265,15673820,Trevisani,682,France,Male,39.0,5,0.0,2,1.0,0.0,92914.47,0
2266,15735549,Lori,810,France,Male,35.0,3,96814.46,2,1.0,1.0,120511.03,0
2267,15759034,Lai,708,Germany,Female,34.0,5,142396.14,2,1.0,0.0,102921.17,0
2268,15687688,Hou,564,Germany,Male,48.0,10,133658.24,1,1.0,0.0,15378.23,1
2269,15762855,Hill,622,Spain,Female,21.0,8,0.0,2,1.0,1.0,131389.39,0
2270,15619514,Bull,507,France,Female,37.0,7,0.0,2,1.0,0.0,92075.01,0
2271,15679991,Nwabugwu,558,France,Male,28.0,9,0.0,2,1.0,0.0,101108.39,0
2272,15657540,Lettiere,686,Spain,Male,39.0,9,0.0,1,1.0,0.0,131173.9,0
2273,15711489,Azikiwe,638,France,Female,37.0,7,0.0,1,1.0,1.0,114565.35,0
2274,15695301,Hsing,575,Spain,Female,41.0,6,0.0,2,1.0,0.0,123475.78,0
2275,15624471,Pisani,606,Germany,Female,43.0,7,115713.84,1,1.0,0.0,26215.85,0
2276,15598886,Yermakova,633,Spain,Male,39.0,9,0.0,2,1.0,0.0,145537.36,0
2277,15783659,Pisani,488,Germany,Male,44.0,6,71460.67,1,0.0,1.0,102297.15,0
2278,15586880,P'eng,594,France,Male,36.0,3,0.0,2,1.0,1.0,14032.62,0
2279,15666095,Kao,539,Germany,Male,41.0,2,152827.99,2,1.0,0.0,71178.09,1
2280,15726490,Tikhonov,663,Germany,Male,32.0,6,179904.0,2,0.0,1.0,116977.42,0
2281,15654901,Nwankwo,556,France,Male,45.0,3,0.0,1,0.0,0.0,131953.23,1
2282,15692926,Ch'eng,714,France,Female,26.0,9,82929.94,1,1.0,0.0,154775.1,0
2283,15757577,Bibi,608,Spain,Male,40.0,7,145260.98,2,0.0,0.0,43932.56,0
2284,15702293,P'eng,605,France,Male,34.0,3,0.0,2,1.0,0.0,63736.17,0
2285,15676571,Bezrukova,850,France,Female,55.0,6,0.0,2,1.0,1.0,944.41,0
2286,15633378,Davidson,832,France,Female,49.0,7,0.0,1,0.0,1.0,178342.63,1
2287,15638806,Smith,731,Germany,Female,52.0,6,139496.35,1,0.0,1.0,166472.81,0
2288,15574073,Hs?,763,Spain,Male,26.0,0,142614.76,1,1.0,0.0,162697.6,0
2289,15664793,Greece,543,France,Female,44.0,4,148571.07,1,1.0,0.0,74858.3,1
2290,15596493,Hill,850,France,Male,41.0,2,166968.28,2,1.0,1.0,135171.6,0
2291,15576680,Stevenson,721,France,Female,40.0,4,0.0,2,0.0,0.0,51705.01,0
2292,15659495,Chidiegwu,686,Spain,Male,26.0,2,123912.78,2,1.0,1.0,146636.44,0
2293,15670668,Scott,632,France,Female,48.0,8,0.0,1,0.0,0.0,176904.34,0
2294,15574748,Nwagugheuzo,578,France,Male,29.0,8,99524.11,2,1.0,0.0,92328.38,0
2295,15620756,Chidiebere,659,Germany,Female,52.0,5,127845.83,1,0.0,0.0,93844.82,1
2296,15646969,T'ang,733,Germany,Male,40.0,8,128653.87,1,1.0,0.0,124411.68,0
2297,15628155,Echezonachukwu,758,France,Female,30.0,4,0.0,2,1.0,1.0,98896.06,0
2298,15588580,K'ung,564,Germany,Male,38.0,4,109342.82,2,0.0,1.0,141778.52,0
2299,15640789,Butler,711,France,Male,38.0,4,123345.85,1,0.0,0.0,119782.89,0
2300,15782591,H?,713,Germany,Male,42.0,6,103769.22,1,1.0,0.0,62402.38,1
2301,15693764,Ch'ang,731,Spain,Female,50.0,0,153962.88,1,0.0,0.0,103570.05,1
2302,15628583,Iweobiegbunam,584,France,Female,30.0,5,0.0,3,0.0,0.0,161388.22,1
2303,15576760,Hsiung,683,France,Male,61.0,1,154863.35,1,1.0,1.0,125818.49,0
2304,15580213,Udegbulam,686,France,Female,29.0,0,0.0,2,0.0,0.0,62370.67,0
2305,15641842,Palerma,524,Spain,Male,25.0,5,121132.26,1,0.0,0.0,27448.33,0
2306,15692226,Bellucci,738,France,Female,38.0,8,0.0,2,1.0,1.0,47764.99,0
2307,15578747,McIntyre,738,Spain,Male,35.0,9,0.0,2,1.0,1.0,161581.79,0
2308,15797760,McClinton,678,Spain,Male,29.0,7,0.0,2,1.0,1.0,100843.82,0
2309,15585835,White,775,France,Male,33.0,4,0.0,2,0.0,1.0,128841.31,0
2310,15672574,Uspenskaya,850,Spain,Male,32.0,5,0.0,2,1.0,0.0,3830.59,0
2311,15633378,McGregor,615,France,Female,39.0,9,0.0,2,0.0,0.0,55868.97,0
2312,15785547,Ch'eng,633,Germany,Male,46.0,7,121063.85,2,1.0,1.0,166586.99,1
2313,15662494,Aiken,749,France,Female,42.0,5,144852.06,2,1.0,1.0,116781.71,0
2314,15764021,Arcuri,613,Spain,Female,34.0,1,137811.75,2,1.0,0.0,184856.89,0
2315,15761132,Martin,671,France,Male,49.0,1,0.0,1,1.0,1.0,130846.79,0
2316,15669664,Pinto,675,France,Female,30.0,4,104016.88,1,1.0,0.0,22068.83,0
2317,15698510,Folliero,639,France,Male,41.0,6,0.0,2,1.0,1.0,92867.28,0
2318,15800793,Onwumelu,602,Germany,Male,28.0,3,164858.18,1,0.0,0.0,52820.13,0
2319,15641830,Calabresi,662,France,Female,45.0,3,0.0,1,1.0,0.0,70984.75,1
2320,15737489,Ramsden,610,Spain,Female,43.0,5,116886.59,2,0.0,0.0,107973.44,0
2321,15756560,Johnston,763,Germany,Female,44.0,4,142703.4,1,1.0,0.0,97932.68,1
2322,15624347,Fokine,691,France,Female,33.0,6,0.0,2,1.0,1.0,147715.83,0
2323,15674573,Y?an,619,France,Male,31.0,2,0.0,2,0.0,0.0,177522.01,0
2324,15577107,Manna,684,Spain,Female,43.0,6,119272.29,2,0.0,1.0,168412.07,1
2325,15720559,Maclean,535,France,Male,32.0,6,0.0,2,1.0,0.0,105965.83,0
2326,15663164,Yefremova,619,Germany,Male,26.0,10,111183.53,2,1.0,0.0,106327.85,0
2327,15627185,Ritchie,705,France,Male,36.0,5,0.0,2,1.0,0.0,120790.02,0
2328,15660211,Fanucci,648,Germany,Male,41.0,5,156687.1,1,0.0,0.0,199320.77,0
2329,15692226,Johnstone,594,Spain,Female,49.0,8,132558.26,2,1.0,0.0,168034.9,1
2330,15672437,Pisano,675,France,Male,29.0,9,0.0,2,1.0,0.0,84927.42,0
2331,15763966,Iweobiegbunam,841,Germany,Male,57.0,2,104091.41,1,0.0,1.0,145537.43,1
2332,15672692,Martin,673,France,Male,33.0,1,154525.7,2,1.0,0.0,9984.4,0
2333,15811032,Mancini,686,Spain,Female,35.0,4,0.0,1,0.0,0.0,82469.03,0
2334,15757931,Fang,804,France,Male,36.0,1,0.0,2,1.0,1.0,173195.33,0
2335,15761670,Hs?,581,France,Male,58.0,10,0.0,2,0.0,1.0,5558.47,0
2336,15641183,Chin,628,Germany,Male,40.0,1,96926.12,2,1.0,0.0,97877.92,0
2337,15604544,P'eng,709,France,Male,38.0,9,0.0,1,1.0,0.0,113046.31,0
2338,15757933,Kline,689,France,Female,50.0,2,0.0,1,1.0,1.0,178268.43,0
2339,15787597,Hsu,420,Germany,Male,41.0,6,108377.75,1,1.0,1.0,9904.63,0
2340,15751710,Chimaijem,753,Germany,Male,33.0,4,119688.81,2,1.0,0.0,127875.1,0
2341,15645103,Su,668,Spain,Male,25.0,5,0.0,2,1.0,0.0,131660.31,0
2342,15644796,Trevisani,651,Germany,Male,35.0,7,108269.2,1,1.0,1.0,149073.88,0
2343,15643826,Ch'eng,645,France,Female,33.0,4,92877.33,1,1.0,1.0,179521.24,0
2344,15697034,Biryukov,648,France,Female,47.0,7,157842.07,1,1.0,1.0,154767.34,0
2345,15579994,H?,684,France,Female,39.0,7,0.0,3,1.0,1.0,147535.24,1
2346,15754531,Onyemere,667,Germany,Male,26.0,1,81811.71,2,1.0,1.0,150661.42,0
2347,15627365,Ikedinachukwu,653,France,Male,31.0,9,135923.79,1,1.0,1.0,100556.98,0
2348,15794849,Hsueh,602,France,Female,60.0,3,0.0,1,1.0,0.0,48849.89,1
2349,15782530,Ch'en,710,Germany,Male,44.0,5,99097.89,1,1.0,0.0,10070.2,1
2350,15578096,Onwuamaeze,605,France,Female,37.0,6,0.0,2,1.0,0.0,124872.66,0
2351,15690934,McElhone,679,Germany,Female,25.0,1,129835.26,1,1.0,0.0,146728.47,0
2352,15651581,Power,661,Germany,Female,35.0,2,117212.18,1,1.0,1.0,83052.03,0
2353,15788448,Watson,490,Spain,Male,31.0,4,145260.23,1,1.0,0.0,114066.77,0
2354,15783629,K'ung,537,Spain,Female,47.0,0,83772.95,1,1.0,0.0,109523.88,0
2355,15627232,Chukwudi,850,Spain,Male,40.0,1,123544.0,1,0.0,1.0,86490.09,0
2356,15801417,Baresi,573,France,Female,46.0,9,0.0,1,0.0,0.0,105291.26,0
2357,15791501,T'ien,731,France,Male,38.0,6,0.0,2,1.0,0.0,163714.92,0
2358,15762123,Davide,738,Spain,Female,34.0,0,0.0,2,1.0,1.0,119313.74,0
2359,15740900,Chukwufumnanya,531,France,Male,38.0,10,0.0,2,1.0,0.0,112585.19,0
2360,15751032,Onwuatuegwu,691,Spain,Male,54.0,0,82374.67,4,1.0,1.0,86022.92,1
2361,15641733,Ch'eng,592,France,Female,39.0,6,0.0,1,1.0,0.0,18082.02,0
2362,15585855,Walker,703,Spain,Female,29.0,5,0.0,2,1.0,1.0,111241.37,0
2363,15592461,Onwuamaeze,697,France,Female,43.0,10,0.0,2,0.0,0.0,92887.06,0
2364,15783523,Ts'ai,712,Germany,Male,41.0,2,132667.77,2,1.0,1.0,93336.89,0
2365,15683523,Hsu,659,France,Male,34.0,4,0.0,2,1.0,1.0,51387.8,0
2366,15798521,Nwachukwu,691,Spain,Male,36.0,6,0.0,2,1.0,0.0,90928.02,0
2367,15673551,Hsieh,706,France,Female,37.0,4,0.0,2,0.0,1.0,64483.52,0
2368,15782469,Hsu,679,Spain,Male,28.0,7,0.0,2,0.0,1.0,172576.6,0
2369,15779915,H?,682,France,Male,33.0,4,0.0,2,1.0,0.0,154491.39,0
2370,15595858,Chinwendu,571,Germany,Female,36.0,4,112957.91,2,0.0,0.0,92868.88,0
2371,15582066,Lettiere,633,France,Female,51.0,1,0.0,2,1.0,1.0,162858.83,1
2372,15685841,Hsu,607,Spain,Female,38.0,6,0.0,2,0.0,1.0,124873.23,0
2373,15809087,Landry,598,France,Male,64.0,5,0.0,1,1.0,0.0,195635.3,0
2374,15593914,Chukwukere,607,Germany,Male,29.0,0,133901.79,1,1.0,1.0,129964.13,0
2375,15811594,Brierly,710,Germany,Female,44.0,2,113865.83,1,1.0,0.0,151733.43,1
2376,15589543,Ts'ui,826,Germany,Female,30.0,3,119948.09,2,1.0,0.0,93955.21,0
2377,15802071,Levi,762,Germany,Male,33.0,1,117458.51,2,0.0,0.0,178361.48,0
2378,15571221,Tuan,714,Germany,Male,38.0,5,124427.96,2,0.0,0.0,148087.62,0
2379,15648455,Grieve,775,Germany,Female,51.0,2,134796.87,2,1.0,1.0,90384.26,0
2380,15603840,Chu,599,France,Female,39.0,6,183569.26,1,0.0,0.0,138380.07,1
2381,15643393,O'Donnell,521,France,Male,36.0,8,117468.85,1,1.0,1.0,46786.72,0
2382,15692002,Skelton,538,Spain,Male,33.0,6,93791.38,2,1.0,1.0,199249.29,0
2383,15772573,Simpson,785,France,Female,31.0,2,0.0,2,1.0,1.0,163516.16,0
2384,15592999,Miah,731,Germany,Male,34.0,2,120596.32,1,1.0,1.0,134910.53,0
2385,15721845,Lucchese,591,Germany,Male,30.0,10,147493.07,1,1.0,0.0,79414.0,1
2386,15782442,Ch'iu,705,France,Female,34.0,7,0.0,2,1.0,0.0,1485.32,0
2387,15601503,Tokaryev,562,Spain,Female,35.0,1,0.0,2,0.0,0.0,60688.38,1
2388,15657778,Jefferson,697,Spain,Male,52.0,1,0.0,2,1.0,0.0,103914.4,0
2389,15682860,Lo,736,France,Female,36.0,9,0.0,2,1.0,0.0,104393.78,1
2390,15590097,Ch'eng,537,Spain,Male,34.0,7,136082.0,1,1.0,0.0,62746.54,0
2391,15782997,Chidiegwu,753,France,Female,35.0,6,128926.55,1,1.0,1.0,120594.59,0
2392,15640258,Nwankwo,683,Spain,Male,27.0,1,0.0,2,1.0,0.0,86786.41,0
2393,15752312,Tsao,564,Germany,Female,23.0,1,138825.07,1,1.0,1.0,70563.9,0
2394,15812356,Doherty,722,Germany,Female,40.0,7,89175.06,1,0.0,1.0,152883.95,0
2395,15773971,Nwokezuike,663,France,Female,35.0,0,148061.89,1,1.0,1.0,187816.59,0
2396,15568088,Jamieson,477,Germany,Male,43.0,3,163714.52,1,0.0,0.0,96123.72,0
2397,15794850,Teng,703,France,Female,35.0,10,0.0,2,0.0,0.0,24400.61,0
2398,15774551,Toscani,569,Germany,Female,43.0,9,127655.22,1,1.0,0.0,168816.03,1
2399,15742269,Hsia,573,Spain,Male,31.0,3,0.0,2,1.0,0.0,62390.54,0
2400,15804937,Mazzi,645,France,Female,45.0,3,121537.71,1,0.0,0.0,111676.63,0
2401,15609913,Yobanna,656,France,Female,48.0,9,127728.24,1,1.0,0.0,143628.31,1
2402,15806318,Niu,651,Germany,Male,46.0,4,89743.05,1,1.0,0.0,156425.57,1
2403,15663888,Tuan,681,France,Male,37.0,3,0.0,2,1.0,0.0,104769.96,0
2404,15780254,Gartrell,654,France,Male,40.0,7,0.0,1,1.0,0.0,183872.88,1
2405,15785869,P'eng,642,Spain,Female,32.0,1,0.0,2,1.0,1.0,162643.15,0
2406,15751177,Lucchese,648,France,Male,38.0,7,0.0,2,0.0,0.0,85982.47,0
2407,15692407,Gannon,690,France,Male,23.0,6,125909.85,1,1.0,1.0,70548.96,0
2408,15585031,Milani,513,France,Male,44.0,8,126473.33,1,1.0,0.0,53394.12,1
2409,15773260,T'ao,744,France,Female,47.0,0,127763.24,2,0.0,1.0,100717.54,0
2410,15672299,Ting,543,Germany,Female,40.0,1,127631.62,2,1.0,1.0,102515.42,0
2411,15624170,Maxwell,541,France,Female,25.0,6,109844.81,1,1.0,0.0,25289.23,0
2412,15779973,Gibbons,684,Germany,Male,35.0,3,99967.76,1,0.0,1.0,176882.08,0
2413,15778861,Mazzanti,535,France,Male,38.0,7,0.0,2,1.0,1.0,26318.73,0
2414,15679642,Okechukwu,754,Germany,Male,40.0,6,124596.95,3,1.0,0.0,179843.33,1
2415,15760216,Pokrovskaya,718,France,Female,49.0,6,0.0,1,1.0,0.0,184474.72,1
2416,15634281,Ting,656,France,Female,39.0,6,0.0,2,1.0,0.0,676.48,0
2417,15671137,Ugochukwu,622,France,Male,46.0,0,0.0,1,1.0,0.0,81861.1,0
2418,15602479,Hsueh,679,France,Female,40.0,7,0.0,2,1.0,1.0,187905.12,0
2419,15637235,Tung,686,Germany,Female,29.0,3,126679.69,1,1.0,0.0,134600.98,0
2420,15756475,Niu,588,France,Male,40.0,7,0.0,3,1.0,0.0,91903.9,1
2421,15680141,Thynne,701,France,Male,41.0,3,0.0,2,1.0,1.0,146257.77,0
2422,15790757,P'eng,589,France,Female,21.0,2,0.0,2,1.0,0.0,183566.74,0
2423,15641690,Hsieh,748,France,Male,30.0,5,0.0,1,0.0,1.0,109626.03,0
2424,15752915,Hsueh,472,France,Male,27.0,5,51522.75,2,0.0,1.0,192131.77,0
2425,15700813,Mazzanti,643,Spain,Female,31.0,7,0.0,1,1.0,0.0,147556.25,0
2426,15572744,Iadanza,715,France,Female,38.0,3,0.0,1,1.0,0.0,72993.65,0
2427,15579526,Nkemdirim,728,France,Female,49.0,5,0.0,1,1.0,0.0,139435.75,1
2428,15695339,Lucchesi,517,France,Male,29.0,1,109172.88,1,1.0,1.0,54676.1,0
2429,15642448,Chukwuebuka,678,Spain,Male,32.0,9,0.0,2,0.0,0.0,19264.33,1
2430,15586880,Chiazagomekpere,776,Germany,Female,45.0,7,98799.13,1,1.0,0.0,79414.0,0
2431,15594556,Yobanna,684,France,Male,30.0,8,161525.96,1,1.0,1.0,121765.0,0
2432,15663964,Rizzo,682,Spain,Male,34.0,9,0.0,2,1.0,0.0,164741.75,0
2433,15782625,Martin,642,France,Male,27.0,6,80780.67,1,1.0,1.0,181890.41,0
2434,15593900,Scott,678,Spain,Male,26.0,3,0.0,2,0.0,1.0,95583.45,0
2435,15725429,Tien,569,Spain,Female,40.0,9,0.0,2,0.0,0.0,116969.39,0
2436,15660840,Hopkins,514,France,Male,39.0,7,124119.54,1,1.0,1.0,136915.15,0
2437,15754940,Mollison,683,France,Male,38.0,2,104887.43,2,1.0,1.0,35342.33,0
2438,15758043,K?,638,Spain,Female,30.0,8,114552.6,1,1.0,1.0,92220.12,0
2439,15800434,Johnson,634,France,Male,39.0,8,119912.57,2,1.0,1.0,173516.71,0
2440,15753372,H?,614,France,Male,31.0,5,0.0,2,1.0,0.0,88659.04,0
2441,15572762,Trevisani,710,France,Female,40.0,8,0.0,2,1.0,1.0,121425.5,0
2442,15732903,Hao,603,France,Male,37.0,8,0.0,1,1.0,1.0,107499.5,0
2443,15613014,Yefremova,610,France,Male,30.0,0,0.0,2,0.0,0.0,139964.38,0
2444,15623668,Johnson,653,Germany,Male,33.0,1,154741.45,2,1.0,0.0,25183.01,0
2445,15652069,Calabrese,538,France,Male,29.0,5,0.0,1,0.0,1.0,141860.62,0
2446,15681026,Hsiung,836,Germany,Female,48.0,3,122453.97,3,1.0,0.0,118059.19,1
2447,15696744,Ch'ien,676,France,Female,31.0,4,0.0,3,0.0,0.0,8982.75,1
2448,15636428,Sutherland,703,Spain,Female,45.0,1,0.0,3,1.0,0.0,182784.11,1
2449,15794468,Shih,627,France,Male,27.0,2,0.0,2,1.0,0.0,130824.57,0
2450,15642655,Ch'iu,516,France,Male,31.0,7,0.0,2,1.0,0.0,123982.14,0
2451,15769254,Tien,749,France,Male,38.0,1,0.0,2,1.0,0.0,62700.15,0
2452,15683841,Hamilton,555,Germany,Male,41.0,2,113270.2,2,1.0,1.0,185366.56,0
2453,15576517,Everingham,597,Germany,Male,34.0,7,131082.17,2,1.0,1.0,70618.0,0
2454,15754072,Nwankwo,712,Spain,Female,50.0,8,0.0,1,0.0,0.0,79618.48,1
2455,15646521,Fanucci,729,Spain,Female,31.0,5,0.0,1,1.0,0.0,101371.72,1
2456,15593795,O'Donnell,681,France,Male,48.0,1,111432.13,1,0.0,0.0,99818.79,0
2457,15763706,Milani,730,Germany,Male,35.0,5,161691.57,1,1.0,0.0,158527.44,1
2458,15765806,Hsia,579,France,Female,26.0,4,0.0,2,1.0,1.0,136902.01,0
2459,15665879,Cheatham,696,Germany,Female,40.0,0,141796.43,1,1.0,0.0,45858.49,1
2460,15808846,Lo,745,France,Female,44.0,3,0.0,2,1.0,0.0,131300.96,0
2461,15806467,Boyle,568,Germany,Male,40.0,1,99282.63,1,0.0,0.0,134600.94,0
2462,15788126,Ugochukwu,561,Spain,Female,35.0,3,131317.88,2,0.0,1.0,93766.92,0
2463,15659962,Kenechi,606,Spain,Female,49.0,9,79954.61,1,1.0,0.0,93524.19,1
2464,15746802,Shih,663,Spain,Female,34.0,6,0.0,2,1.0,1.0,49418.35,0
2465,15794868,Ku,544,France,Female,31.0,3,0.0,2,1.0,0.0,177772.03,1
2466,15744691,Kao,661,France,Male,30.0,3,0.0,2,1.0,0.0,181499.87,0
2467,15657812,Hs?,613,France,Male,34.0,2,0.0,2,0.0,1.0,142223.94,0
2468,15652291,Nwankwo,624,France,Male,32.0,5,0.0,2,1.0,0.0,160589.18,0
2469,15694408,Fang,652,France,Male,34.0,1,0.0,2,1.0,0.0,125909.83,0
2470,15808831,T'ien,461,Spain,Male,31.0,8,129968.67,1,0.0,1.0,138849.06,0
2471,15636444,Craig,663,Germany,Female,53.0,2,141616.55,2,1.0,1.0,75888.65,0
2472,15731555,Dufresne,752,France,Female,36.0,1,102989.83,1,1.0,1.0,180426.4,0
2473,15694039,Jen,760,Germany,Female,38.0,9,162888.73,1,1.0,0.0,91098.76,1
2474,15729117,Zetticci,679,Spain,Male,45.0,9,119540.37,2,0.0,1.0,138527.32,0
2475,15639590,White,605,France,Female,30.0,3,0.0,1,1.0,0.0,177622.38,0
2476,15693347,Gardener,667,France,Female,32.0,3,0.0,2,1.0,1.0,75465.41,0
2477,15678775,Hsueh,624,Spain,Male,45.0,0,0.0,2,1.0,0.0,123875.51,0
2478,15749807,Griffin,642,France,Male,35.0,5,125385.01,1,1.0,0.0,110265.24,0
2479,15806901,Ku,609,Germany,Female,40.0,6,166948.67,1,1.0,1.0,64446.74,1
2480,15616676,Mello,452,Spain,Male,37.0,10,160729.1,1,1.0,0.0,149614.81,1
2481,15737408,Efremova,721,France,Male,37.0,5,0.0,2,0.0,0.0,162922.65,0
2482,15775295,Rizzo,629,France,Female,29.0,6,0.0,2,1.0,0.0,111590.35,0
2483,15711571,Hs?,589,France,Female,38.0,1,0.0,1,1.0,0.0,49418.13,1
2484,15617078,Lucchesi,466,Spain,Female,41.0,7,0.0,1,1.0,1.0,141803.77,0
2485,15693825,Chidiebele,777,Spain,Female,31.0,1,142659.6,1,0.0,0.0,171099.22,0
2486,15734565,Hs?,724,Germany,Male,42.0,7,119496.87,1,1.0,0.0,122022.89,0
2487,15578825,Golubev,632,France,Female,29.0,3,139994.66,1,1.0,0.0,17744.72,0
2488,15697948,Nnamdi,717,France,Male,30.0,3,0.0,2,1.0,0.0,117572.59,0
2489,15688876,Wan,822,Spain,Female,39.0,9,0.0,1,1.0,1.0,18826.06,0
2490,15589380,Fraser,713,Germany,Male,40.0,9,114446.84,2,1.0,1.0,87308.18,1
2491,15656319,K?,678,Spain,Male,52.0,7,121391.68,1,1.0,0.0,134790.74,1
2492,15649414,Ojiofor,754,France,Female,30.0,3,87926.29,2,1.0,0.0,121765.0,0
2493,15657868,Lo Duca,729,France,Male,52.0,6,0.0,1,1.0,0.0,149535.97,1
2494,15665956,Tuan,809,France,Male,28.0,5,0.0,2,1.0,0.0,169802.73,0
2495,15772996,Okwudiliolisa,549,France,Male,32.0,7,0.0,2,1.0,1.0,92647.94,0
2496,15589296,T'ien,720,France,Female,28.0,7,114628.06,2,1.0,0.0,180736.01,0
2497,15602918,Baresi,705,Germany,Male,39.0,5,116324.31,1,1.0,0.0,109733.24,0
2498,15719348,Hsiao,513,France,Male,33.0,8,0.0,1,1.0,0.0,76640.29,0
2499,15711398,Fetherstonhaugh,525,France,Female,27.0,6,0.0,2,1.0,1.0,89566.64,0
2500,15634141,Okwuadigbo,730,France,Female,36.0,5,0.0,2,1.0,1.0,54416.43,0
2501,15599410,Kambinachi,699,France,Female,51.0,10,0.0,2,1.0,1.0,137794.28,0
2502,15776734,T'ang,711,France,Male,40.0,9,133889.0,1,1.0,1.0,62452.01,0
2503,15747960,Eluemuno,702,France,Male,33.0,5,0.0,1,1.0,0.0,7666.73,1
2504,15644297,Hargreaves,731,France,Female,39.0,2,126816.18,1,1.0,1.0,74850.93,0
2505,15706037,Ch'en,667,Germany,Female,43.0,2,106536.54,1,0.0,0.0,121151.1,1
2506,15623502,Morrison,550,Spain,Female,32.0,4,102520.37,1,1.0,1.0,164213.53,0
2507,15583073,Pagnotto,714,France,Female,46.0,1,0.0,1,1.0,1.0,186489.95,1
2508,15593838,Aksyonov,496,France,Male,33.0,3,172448.76,1,1.0,0.0,62700.5,0
2509,15751554,Ts'ui,711,France,Female,46.0,9,0.0,1,1.0,0.0,145700.22,1
2510,15777596,Ts'ui,699,France,Female,38.0,9,0.0,2,0.0,1.0,174027.8,0
2511,15775104,Shao,850,France,Female,34.0,6,0.0,1,0.0,1.0,112333.22,0
2512,15710138,Sun,718,Spain,Male,39.0,6,0.0,1,0.0,1.0,63889.1,0
2513,15801832,Ch'eng,561,Germany,Female,52.0,8,123911.58,1,1.0,0.0,166479.99,1
2514,15627881,Ting,645,France,Male,25.0,1,0.0,2,0.0,1.0,171708.66,0
2515,15789432,Marsden,451,France,Male,25.0,6,0.0,2,1.0,0.0,184954.11,0
2516,15648876,King,501,France,Female,27.0,6,0.0,1,1.0,0.0,28092.77,0
2517,15731543,Mazzanti,705,France,Male,45.0,6,0.0,2,1.0,0.0,120105.85,0
2518,15770984,Fan,752,Spain,Male,24.0,1,75499.24,2,0.0,1.0,69767.14,0
2519,15752801,Nwokeocha,591,France,Female,41.0,1,0.0,2,1.0,1.0,71139.12,0
2520,15659098,Y?an,525,Germany,Female,51.0,7,113599.67,1,0.0,0.0,165879.06,1
2521,15682472,Manna,709,France,Male,35.0,8,0.0,1,1.0,0.0,128882.66,0
2522,15583692,Hsia,597,France,Male,42.0,3,0.0,2,0.0,1.0,175235.99,0
2523,15572051,K?,684,Germany,Female,43.0,8,117034.32,1,0.0,1.0,72993.67,1
2524,15578307,Jamieson,693,France,Female,33.0,8,121685.31,2,1.0,1.0,83681.97,0
2525,15572626,Onio,632,France,Female,46.0,8,0.0,2,1.0,1.0,27886.77,0
2526,15589312,Maclean,607,France,Male,41.0,6,0.0,2,0.0,0.0,166682.57,0
2527,15680150,Pirozzi,682,France,Male,29.0,4,0.0,2,1.0,1.0,111421.71,0
2528,15768342,Gadsdon,586,Germany,Female,58.0,2,127843.24,1,1.0,0.0,127059.02,1
2529,15627665,Frolov,662,Spain,Female,35.0,7,108883.8,1,1.0,1.0,181489.77,0
2530,15605622,Palermo,794,Germany,Female,38.0,6,124616.31,2,0.0,1.0,96517.97,0
2531,15784736,Jamieson,562,France,Male,29.0,6,136855.24,2,1.0,0.0,46864.0,0
2532,15602812,Hsiao,652,Germany,Male,37.0,5,153360.46,2,0.0,0.0,94439.0,0
2533,15643330,Woods,637,France,Female,29.0,4,105239.1,1,1.0,1.0,19700.24,0
2534,15815040,Tsao,751,France,Male,31.0,7,0.0,2,1.0,0.0,180622.02,0
2535,15635177,Hsueh,727,France,Male,36.0,9,0.0,2,0.0,1.0,150661.42,0
2536,15655360,Shih,576,France,Male,39.0,1,0.0,2,0.0,1.0,140764.11,0
2537,15736397,Ts'ui,687,France,Male,33.0,9,0.0,2,1.0,0.0,153895.56,0
2538,15582910,Turnbull,514,France,Male,38.0,1,112230.38,1,1.0,0.0,16717.11,0
2539,15576526,P'eng,752,France,Male,36.0,5,164557.95,1,1.0,0.0,82868.33,0
2540,15744105,Nwokeocha,774,France,Female,54.0,2,0.0,2,1.0,0.0,120830.73,1
2541,15582515,Udegbunam,636,Germany,Male,40.0,8,129964.55,1,1.0,0.0,74965.95,1
2542,15587177,Lloyd,523,Spain,Male,40.0,5,0.0,1,1.0,1.0,175853.64,0
2543,15682839,Genovesi,575,France,Male,57.0,8,137936.94,2,0.0,1.0,84475.13,0
2544,15574554,O'Sullivan,762,Spain,Female,30.0,4,0.0,2,1.0,1.0,179843.53,0
2545,15693764,Onyeorulu,632,France,Female,31.0,0,0.0,2,1.0,0.0,60920.03,0
2546,15663883,Tien,706,France,Male,32.0,8,0.0,2,1.0,1.0,35625.29,0
2547,15744044,Hao,675,Spain,Male,31.0,2,103396.54,1,1.0,0.0,89543.25,0
2548,15694143,Genovese,554,Spain,Female,44.0,6,0.0,1,1.0,1.0,55775.72,0
2549,15725478,McIntyre,667,France,Female,44.0,5,0.0,2,0.0,1.0,176580.46,0
2550,15788025,Shao,564,France,Male,37.0,1,0.0,1,1.0,1.0,153604.44,1
2551,15671383,Onyemauchechukwu,595,France,Male,31.0,5,118307.28,1,1.0,0.0,136675.92,0
2552,15808523,Milne,821,France,Male,33.0,7,148962.13,1,1.0,1.0,109496.64,0
2553,15662908,Cattaneo,556,Germany,Male,28.0,3,151659.52,2,0.0,0.0,166476.95,0
2554,15593365,Hs?eh,678,France,Male,31.0,2,0.0,2,1.0,0.0,92381.01,0
2555,15807923,Alexeeva,534,France,Female,38.0,10,84445.68,1,1.0,1.0,137079.86,0
2556,15771673,Yobanna,583,France,Female,40.0,4,0.0,2,1.0,1.0,174916.35,0
2557,15681327,Shih,579,France,Female,27.0,5,0.0,2,1.0,0.0,162699.7,0
2558,15698839,Ch'ien,588,France,Female,35.0,9,121884.31,1,0.0,1.0,169415.61,0
2559,15672374,L?,635,France,Male,35.0,7,0.0,2,1.0,0.0,61164.6,0
2560,15742613,Hsu,698,France,Female,30.0,10,0.0,1,1.0,0.0,171733.22,1
2561,15679801,Smith,594,Spain,Female,40.0,2,0.0,2,1.0,0.0,134862.94,0
2562,15750121,Chukwueloka,516,France,Male,42.0,6,0.0,2,1.0,0.0,96670.2,0
2563,15673342,K'ung,703,France,Male,36.0,2,0.0,1,1.0,1.0,108790.95,0
2564,15601176,Efimov,581,France,Female,40.0,10,0.0,1,1.0,0.0,85801.72,1
2565,15682355,Tien,744,France,Male,37.0,6,0.0,2,1.0,1.0,137944.16,0
2566,15632365,Booth,542,Germany,Male,33.0,9,142871.27,2,0.0,1.0,77737.86,0
2567,15573330,Mazzi,652,Spain,Female,33.0,10,0.0,1,1.0,1.0,146033.62,0
2568,15798856,H?,641,France,Female,38.0,2,0.0,2,1.0,1.0,5983.4,0
2569,15700946,Nnachetam,551,France,Male,36.0,7,120825.7,1,0.0,1.0,126796.69,0
2570,15693526,Tsao,607,Germany,Male,33.0,1,115350.63,1,1.0,1.0,179032.68,0
2571,15747534,T'ao,710,France,Male,36.0,2,0.0,2,1.0,0.0,166850.56,0
2572,15756848,Duke,714,France,Male,32.0,5,0.0,2,1.0,0.0,92568.07,0
2573,15607884,Wallace,656,France,Female,39.0,8,0.0,1,1.0,1.0,101168.9,0
2574,15656537,Hs?,668,France,Male,36.0,8,0.0,1,1.0,0.0,83700.72,0
2575,15693499,Pai,642,France,Male,29.0,8,0.0,2,1.0,1.0,149369.45,0
2576,15586629,Monds,669,France,Male,34.0,4,0.0,2,1.0,1.0,122580.48,0
2577,15721487,Ritchie,653,France,Female,36.0,5,72664.0,1,1.0,1.0,175082.2,0
2578,15582979,Ch'ien,611,Germany,Male,35.0,2,149961.61,1,1.0,1.0,141400.51,0
2579,15645323,Ritchie,667,France,Female,34.0,1,0.0,2,0.0,1.0,119110.03,0
2580,15658100,Piccio,611,France,Female,38.0,9,0.0,2,0.0,0.0,140724.64,0
2581,15658364,Nwachukwu,686,Spain,Male,37.0,3,0.0,2,1.0,1.0,142903.44,0
2582,15774727,Chukwuebuka,553,France,Male,34.0,8,172390.74,1,1.0,0.0,173365.9,0
2583,15750141,Yermolayeva,590,France,Female,38.0,2,0.0,2,0.0,1.0,138537.1,0
2584,15709861,Onyemauchechukwu,605,France,Male,42.0,10,0.0,2,1.0,0.0,134483.58,0
2585,15585490,Nkemdilim,684,France,Female,28.0,4,0.0,1,0.0,1.0,65166.6,0
2586,15707138,Tung,707,France,Female,44.0,2,137453.21,1,1.0,0.0,149991.29,0
2587,15692235,Bellucci,750,France,Male,31.0,1,0.0,2,1.0,1.0,47764.99,0
2588,15661349,Udegbunam,583,France,Male,28.0,6,0.0,2,1.0,0.0,106655.02,0
2589,15713352,Udinese,648,France,Male,46.0,10,0.0,2,1.0,1.0,166876.55,0
2590,15566139,Ts'ui,526,France,Male,37.0,1,53573.18,1,1.0,0.0,53581.14,0
2591,15757811,K?,687,France,Male,39.0,6,154495.74,1,1.0,0.0,166324.79,0
2592,15682944,Zetticci,693,France,Female,30.0,5,0.0,2,1.0,0.0,142865.84,0
2593,15697997,Mazzanti,693,France,Male,40.0,5,102535.57,2,0.0,1.0,133877.22,0
2594,15653780,White,559,Germany,Male,43.0,8,141243.53,1,1.0,0.0,182355.21,1
2595,15652665,T'ien,696,France,Male,32.0,3,152797.39,2,1.0,0.0,153381.86,0
2596,15629133,Black,651,France,Female,28.0,7,87842.98,1,1.0,0.0,128262.14,0
2597,15636590,Tung,729,Germany,Male,26.0,8,116722.8,1,0.0,1.0,102665.96,0
2598,15603749,Ulyanova,744,Germany,Female,32.0,9,138052.53,1,1.0,0.0,18082.43,0
2599,15791513,Ch'ang,611,Spain,Female,40.0,9,133801.57,1,1.0,0.0,90887.85,0
2600,15752694,Gorman,631,Germany,Female,52.0,8,143966.3,1,1.0,0.0,115146.4,1
2601,15662662,Shih,652,Spain,Female,38.0,2,0.0,1,1.0,0.0,106626.92,0
2602,15756471,Trevisano,588,France,Male,29.0,6,0.0,2,0.0,1.0,57764.88,0
2603,15707602,Macleod,689,Germany,Female,43.0,0,143934.96,2,1.0,1.0,166929.43,1
2604,15741728,Atkins,629,Spain,Male,36.0,7,135216.8,1,1.0,0.0,122022.89,1
2605,15772383,T'ang,743,France,Male,34.0,5,0.0,1,1.0,1.0,172601.62,0
2606,15683342,P'eng,659,France,Female,32.0,1,164584.99,2,0.0,0.0,168882.84,0
2607,15654211,Wei,559,France,Female,33.0,1,121570.31,1,1.0,1.0,101495.0,0
2608,15740356,Palmer,660,France,Male,41.0,5,0.0,2,0.0,1.0,117834.91,0
2609,15693897,Ch'ien,656,Germany,Female,39.0,7,160982.89,1,1.0,0.0,170195.2,1
2610,15781678,Biryukova,673,Spain,Female,31.0,1,0.0,2,1.0,1.0,149536.15,0
2611,15705515,Omeokachie,585,France,Male,38.0,7,0.0,2,1.0,1.0,132562.93,0
2612,15782210,H?,725,France,Male,34.0,4,0.0,2,1.0,1.0,1710.89,0
2613,15789498,Miller,459,France,Female,44.0,3,111099.79,1,1.0,0.0,61531.86,1
2614,15728505,Ts'ao,543,France,Male,44.0,4,100486.18,1,0.0,1.0,62678.53,0
2615,15630106,Hargreaves,710,France,Male,31.0,7,0.0,2,1.0,1.0,115724.78,0
2616,15680278,Ts'ai,661,Spain,Female,39.0,1,0.0,2,1.0,1.0,27608.12,0
2617,15772328,T'ien,602,France,Female,25.0,5,0.0,2,1.0,1.0,185566.44,0
2618,15775293,Lucciano,775,France,Female,35.0,3,0.0,2,1.0,1.0,143598.34,0
2619,15777907,Lu,591,France,Male,32.0,9,141234.98,1,1.0,1.0,166370.81,0
2620,15706464,White,667,Germany,Female,44.0,4,97585.32,2,0.0,0.0,57213.46,0
2621,15677317,H?,679,France,Male,36.0,2,0.0,2,1.0,1.0,140136.1,0
2622,15803801,H?,732,France,Male,37.0,8,0.0,2,1.0,0.0,70810.6,0
2623,15785042,Onwughara,651,France,Male,44.0,8,0.0,2,0.0,1.0,158750.27,0
2624,15603949,Tsou,651,Germany,Male,38.0,8,87541.08,1,1.0,1.0,184474.01,0
2625,15688074,Gregory,802,Spain,Male,31.0,1,0.0,1,1.0,1.0,187658.09,0
2626,15701376,K'ung,668,Germany,Female,41.0,8,152958.29,2,1.0,1.0,159585.61,0
2627,15575492,Parkes,742,France,Male,31.0,7,0.0,2,1.0,1.0,19700.24,0
2628,15737025,L?,685,France,Male,39.0,6,0.0,2,1.0,1.0,138051.19,0
2629,15592222,K'ung,646,Germany,Female,51.0,4,102729.55,1,1.0,1.0,94570.78,1
2630,15592078,Davide,590,Germany,Female,27.0,3,123599.49,1,0.0,1.0,1676.92,0
2631,15725997,Chinweuba,504,Germany,Female,31.0,2,97990.49,2,1.0,1.0,162699.7,0
2632,15725511,Wallace,559,France,Female,31.0,6,127070.73,2,0.0,1.0,160941.78,0
2633,15678058,Onwuamaeze,619,France,Male,25.0,5,0.0,2,0.0,0.0,134492.85,0
2634,15589969,Ts'ai,610,France,Male,40.0,2,0.0,2,1.0,0.0,91578.62,0
2635,15690164,K?,757,Germany,Female,29.0,9,156848.41,1,1.0,1.0,151241.18,1
2636,15761775,Trevisani,659,France,Female,36.0,1,137649.47,1,0.0,0.0,130404.53,0
2637,15720071,Fiorentino,583,Germany,Female,49.0,7,94753.55,2,1.0,1.0,18149.03,0
2638,15742442,Fennell,706,Spain,Male,57.0,3,73314.04,3,1.0,0.0,32174.03,1
2639,15804044,K'ung,627,France,Male,26.0,1,0.0,2,1.0,1.0,90908.73,0
2640,15666945,Lai,682,France,Female,51.0,6,0.0,1,0.0,1.0,104720.58,0
2641,15782899,White,733,France,Male,32.0,6,0.0,2,1.0,0.0,181461.46,0
2642,15576680,Stevenson,736,France,Male,29.0,4,0.0,1,1.0,0.0,51705.01,0
2643,15636089,Hsia,707,France,Male,54.0,0,161613.94,2,1.0,1.0,148256.43,1
2644,15681227,Tretyakova,573,France,Female,32.0,1,0.0,2,1.0,1.0,48226.6,0
2645,15690169,Uwakwe,683,France,Male,41.0,1,0.0,2,1.0,0.0,167742.08,0
2646,15572792,Saunders,637,France,Male,48.0,7,0.0,1,1.0,0.0,158323.81,0
2647,15600813,Tretiakov,629,France,Female,34.0,8,0.0,2,1.0,0.0,62830.07,0
2648,15625941,Zetticci,586,Germany,Female,30.0,3,120731.39,2,1.0,0.0,117031.2,0
2649,15585961,Kao,577,France,Male,37.0,2,141040.01,1,1.0,1.0,179227.66,0
2650,15709541,T'ao,596,France,Male,27.0,1,0.0,2,1.0,1.0,86330.64,0
2651,15807245,Genovesi,607,France,Female,38.0,6,137464.04,1,0.0,1.0,171463.83,0
2652,15667938,Udegbulam,676,Germany,Male,45.0,1,107135.04,2,1.0,1.0,88592.8,0
2653,15698932,Genovese,594,Spain,Female,33.0,8,0.0,2,1.0,0.0,173683.0,0
2654,15635277,Okwuadigbo,744,Spain,Female,68.0,5,0.0,1,1.0,0.0,59601.01,1
2655,15576760,Eluemuno,659,France,Female,50.0,1,0.0,1,1.0,0.0,131043.8,1
2656,15596962,K?,646,France,Female,34.0,6,133800.98,1,1.0,0.0,82709.8,0
2657,15576623,Outlaw,584,France,Female,39.0,6,0.0,1,1.0,0.0,31474.27,1
2658,15623649,Chukwujekwu,619,Spain,Female,34.0,9,141252.18,1,1.0,0.0,145518.31,0
2659,15571843,Lawrence,482,Spain,Male,44.0,1,0.0,1,0.0,1.0,60920.03,1
2660,15636624,Nwabugwu,591,Spain,Female,39.0,7,165272.13,2,1.0,1.0,14109.85,0
2661,15721251,Ikedinachukwu,726,Germany,Male,29.0,3,113923.81,2,1.0,0.0,177028.0,0
2662,15678497,Lederer,850,Spain,Male,28.0,2,0.0,2,1.0,0.0,169425.3,0
2663,15809309,White,583,France,Female,29.0,4,0.0,2,1.0,1.0,162922.65,0
2664,15571912,Fang,582,Germany,Male,43.0,1,121890.43,1,1.0,0.0,143980.43,1
2665,15593736,Tuan,559,France,Male,42.0,7,0.0,2,1.0,1.0,167969.18,0
2666,15740164,Hao,692,Germany,Female,35.0,6,128760.32,1,0.0,0.0,174434.06,0
2667,15608886,Okwudiliolisa,629,France,Female,33.0,1,0.0,2,1.0,0.0,69608.48,0
2668,15653620,Gordon,546,France,Female,27.0,8,0.0,1,1.0,1.0,14858.1,0
2669,15655123,Dumetolisa,750,Spain,Female,45.0,9,131355.3,3,1.0,0.0,195395.33,1
2670,15752488,Bazarova,697,Spain,Female,28.0,7,0.0,2,1.0,1.0,136491.72,0
2671,15627212,White,681,France,Female,41.0,7,0.0,2,1.0,1.0,168516.72,0
2672,15660403,Chu,697,Spain,Female,35.0,0,165686.11,2,1.0,1.0,15467.98,0
2673,15809248,Cole,524,France,Female,36.0,10,0.0,1,0.0,0.0,109614.57,1
2674,15739578,Ives,699,France,Male,37.0,5,0.0,2,1.0,0.0,153392.24,0
2675,15611961,Ch'ien,516,France,Female,37.0,1,0.0,2,1.0,1.0,99866.77,0
2676,15594039,Chukwukere,652,Germany,Male,35.0,3,102238.01,1,1.0,1.0,183490.99,0
2677,15761720,Nnanna,673,Germany,Male,42.0,10,94464.81,2,0.0,0.0,70954.41,1
2678,15614778,Chiazagomekpele,613,France,Female,32.0,4,149950.19,1,1.0,0.0,124592.84,0
2679,15752344,She,714,Spain,Male,34.0,5,0.0,2,1.0,1.0,193040.32,0
2680,15603378,Cremonesi,584,France,Male,30.0,1,0.0,2,1.0,1.0,155711.64,0
2681,15676835,McLean,731,France,Male,46.0,2,0.0,1,1.0,1.0,54926.57,0
2682,15675794,Hsing,645,Germany,Male,22.0,2,152076.93,1,1.0,1.0,121840.2,0
2683,15684469,Fanucci,727,Spain,Male,33.0,5,0.0,2,1.0,0.0,119059.13,0
2684,15698028,Uwaezuoke,748,Germany,Female,37.0,3,141546.68,1,1.0,0.0,138021.36,0
2685,15782736,Ts'ao,661,France,Female,41.0,3,118327.64,2,1.0,1.0,86044.98,1
2686,15746461,Taylor,709,Spain,Male,46.0,2,0.0,2,0.0,1.0,104982.39,1
2687,15627251,Vincent,681,France,Male,30.0,4,106138.33,2,0.0,0.0,171668.2,0
2688,15576111,Reagan,734,Spain,Male,33.0,5,121898.58,1,1.0,0.0,61829.89,0
2689,15685839,Zetticci,489,France,Male,36.0,6,0.0,2,1.0,1.0,122547.72,0
2690,15662232,T'ien,599,France,Male,37.0,1,0.0,2,1.0,0.0,48559.19,0
2691,15631460,Swift,671,France,Male,27.0,4,0.0,2,1.0,0.0,128449.33,0
2692,15792934,Eluemuno,683,Spain,Male,28.0,1,0.0,2,1.0,1.0,177747.03,0
2693,15733303,Hs?,694,France,Female,35.0,10,0.0,2,1.0,0.0,62810.27,0
2694,15588446,Udinesi,736,Spain,Male,34.0,10,0.0,2,0.0,1.0,131281.28,0
2695,15791366,Gell,716,France,Male,35.0,2,0.0,2,0.0,0.0,149575.88,0
2696,15706844,Genovese,587,Germany,Male,41.0,8,103599.86,2,1.0,0.0,108528.15,0
2697,15582616,Y?an,763,France,Female,38.0,8,0.0,1,1.0,0.0,56388.63,0
2698,15791216,Mann,757,Germany,Female,43.0,5,133379.41,1,1.0,0.0,177378.66,0
2699,15652218,Kao,773,France,Male,33.0,8,0.0,1,1.0,0.0,173572.38,0
2700,15762091,Chidumaga,705,Germany,Male,43.0,4,93833.86,1,1.0,0.0,89891.4,1
2701,15690958,Lombardo,667,France,Female,42.0,10,0.0,1,1.0,0.0,138878.75,1
2702,15592999,Uspenskaya,710,France,Male,39.0,8,0.0,2,1.0,1.0,139946.68,0
2703,15644833,Jamieson,633,France,Male,40.0,1,0.0,2,1.0,1.0,94977.3,0
2704,15791533,Porter,616,France,Male,36.0,8,93608.28,1,1.0,0.0,168816.22,1
2705,15793046,Tsao,659,France,Male,33.0,5,0.0,1,1.0,1.0,57929.9,0
2706,15766181,Ch'ien,699,France,Male,38.0,5,111574.41,1,1.0,0.0,178393.68,0
2707,15644765,Fyodorova,731,Germany,Male,36.0,7,139246.22,2,1.0,0.0,106024.02,1
2708,15719017,Davis,635,France,Male,34.0,6,0.0,2,1.0,1.0,168053.4,0
2709,15678497,Lederer,850,France,Male,28.0,2,0.0,1,1.0,0.0,169425.3,0
2710,15692912,Maclean,710,Spain,Male,32.0,3,0.0,2,0.0,0.0,26261.42,0
2711,15624695,Iadanza,834,Spain,Female,22.0,9,168964.77,1,0.0,1.0,2151.17,0
2712,15687130,Nkemjika,616,France,Female,43.0,0,0.0,1,1.0,1.0,170072.9,1
2713,15751524,Tseng,636,Germany,Female,38.0,7,144287.6,2,1.0,0.0,29552.7,0
2714,15809515,Iqbal,592,France,Male,37.0,2,0.0,1,1.0,1.0,158887.09,0
2715,15788291,Yobanna,663,France,Female,54.0,7,0.0,1,1.0,0.0,187597.54,1
2716,15669922,Zikoranachidimma,611,Spain,Male,45.0,2,0.0,1,1.0,1.0,102799.14,1
2717,15567442,Ibezimako,656,France,Male,75.0,8,0.0,2,1.0,1.0,89099.18,0
2718,15728480,Iloerika,452,France,Female,35.0,6,0.0,2,1.0,0.0,149614.81,0
2719,15575935,Dickson,683,France,Male,28.0,2,171601.27,1,0.0,0.0,152883.95,0
2720,15787151,Liao,639,France,Female,36.0,7,0.0,2,1.0,1.0,198969.78,0
2721,15687959,Ch'iu,739,Germany,Male,28.0,8,86915.41,1,1.0,1.0,173425.43,0
2722,15799156,Okwuadigbo,574,Spain,Female,36.0,7,0.0,2,0.0,1.0,79618.79,0
2723,15697567,Babbage,652,Spain,Male,32.0,2,131283.11,1,0.0,0.0,83087.28,0
2724,15644856,Crawford,682,France,Female,29.0,7,0.0,2,1.0,1.0,131097.9,0
2725,15655952,Yobachukwu,641,France,Male,41.0,4,0.0,2,1.0,1.0,129562.74,0
2726,15735330,Sung,667,France,Male,43.0,1,0.0,1,1.0,0.0,30461.55,0
2727,15807008,Hsiung,718,Germany,Male,33.0,5,150900.29,2,1.0,1.0,162858.29,0
2728,15782475,Hancock,686,France,Female,49.0,2,0.0,1,0.0,1.0,190296.76,1
2729,15807560,Yermakova,592,France,Male,66.0,1,0.0,2,1.0,1.0,73371.38,0
2730,15722548,Ritchie,712,Spain,Male,38.0,8,145166.09,1,1.0,0.0,147261.58,0
2731,15595588,Chukwunonso,773,Spain,Male,39.0,8,0.0,1,0.0,1.0,182081.45,0
2732,15753055,Ts'ui,656,France,Male,65.0,6,0.0,1,1.0,1.0,82697.79,1
2733,15729668,Elizabeth,819,Spain,Male,29.0,3,60280.62,1,1.0,0.0,154271.41,0
2734,15774794,Y?an,554,France,Female,51.0,5,0.0,1,1.0,0.0,134794.02,1
2735,15605263,Hao,638,France,Female,43.0,9,0.0,1,1.0,0.0,184980.23,1
2736,15673599,Williamson,618,Spain,Male,32.0,5,0.0,2,0.0,1.0,154843.4,0
2737,15587584,Nebeuwa,503,Spain,Male,29.0,4,0.0,2,1.0,1.0,21646.2,0
2738,15636089,Maclean,719,France,Male,35.0,6,0.0,2,1.0,1.0,93844.89,0
2739,15617482,Onyemauchechukwu,718,Spain,Male,28.0,8,165610.88,1,1.0,1.0,167032.92,0
2740,15643908,Fyodorov,554,France,Male,32.0,6,0.0,2,0.0,0.0,133535.29,0
2741,15570194,Hsia,554,France,Male,38.0,10,0.0,2,1.0,0.0,139435.44,0
2742,15771286,Martin,678,France,Male,36.0,10,96847.74,1,0.0,0.0,131877.97,0
2743,15585865,Nwankwo,586,France,Male,39.0,8,104267.7,1,1.0,1.0,144593.98,0
2744,15595162,Tao,708,Spain,Female,35.0,8,122570.69,1,0.0,0.0,199005.88,0
2745,15782210,H?,699,France,Male,36.0,2,0.0,2,0.0,0.0,176902.83,0
2746,15581551,Walker,682,France,Male,40.0,8,82596.8,1,1.0,1.0,90876.95,0
2747,15746986,Teng,597,France,Male,33.0,4,165526.71,1,0.0,1.0,133535.75,0
2748,15757478,Genovese,689,Spain,Male,48.0,4,95039.12,1,0.0,1.0,147055.87,1
2749,15704586,Milani,539,France,Female,57.0,2,0.0,1,1.0,0.0,9679.28,1
2750,15640038,Nwachinemelu,850,France,Female,29.0,4,0.0,2,1.0,0.0,93736.37,0
2751,15714057,Windradyne,428,France,Male,43.0,2,0.0,2,1.0,0.0,25399.7,0
2752,15608886,Okwudiliolisa,634,France,Male,41.0,1,0.0,2,1.0,0.0,74267.35,0
2753,15794580,Ch'iu,599,Spain,Male,58.0,4,0.0,2,0.0,1.0,176407.15,0
2754,15573769,Lombardi,749,France,Male,32.0,5,151766.72,1,0.0,1.0,162022.68,0
2755,15777046,Moss,668,France,Male,25.0,8,127728.24,2,1.0,1.0,105279.74,0
2756,15785920,Black,603,France,Male,45.0,0,0.0,1,1.0,1.0,148516.79,0
2757,15689781,Ts'ai,771,Germany,Male,29.0,1,161591.11,1,0.0,1.0,7278.57,0
2758,15732763,Walker,589,Germany,Male,35.0,8,132647.66,2,0.0,0.0,111180.2,0
2759,15761168,Yermakov,753,France,Male,35.0,4,0.0,2,1.0,0.0,151903.5,0
2760,15575024,Ch'eng,708,Germany,Female,62.0,3,80780.16,1,1.0,0.0,167564.82,1
2761,15599004,Tsao,655,Spain,Male,40.0,7,0.0,1,1.0,1.0,106040.97,0
2762,15677377,Iloerika,683,France,Male,36.0,3,123063.82,2,1.0,1.0,79259.67,0
2763,15588928,Aitken,548,France,Male,36.0,8,0.0,2,1.0,1.0,84972.9,0
2764,15755239,Maughan,477,Germany,Male,32.0,4,162657.64,2,1.0,1.0,115525.13,0
2765,15750803,Donaldson,695,Spain,Female,39.0,4,0.0,2,0.0,0.0,102763.69,0
2766,15591711,P'eng,675,France,Male,31.0,3,0.0,2,1.0,1.0,64345.4,0
2767,15791854,Lu,673,France,Female,38.0,7,102800.06,1,1.0,0.0,116471.43,1
2768,15701096,De Garis,778,France,Male,44.0,6,123863.64,1,1.0,0.0,144494.94,0
2769,15670205,Aksenova,573,France,Female,54.0,9,132934.89,1,1.0,1.0,108398.63,0
2770,15752708,T'an,850,Germany,Male,44.0,9,106804.26,2,1.0,1.0,114083.73,0
2771,15611371,Biryukova,721,France,Male,44.0,5,61811.71,1,1.0,0.0,125083.67,0
2772,15765694,Bage,584,Spain,Female,59.0,1,0.0,1,1.0,0.0,130260.11,1
2773,15660475,Ndubueze,411,France,Male,38.0,7,0.0,2,1.0,1.0,75969.19,0
2774,15667460,Chien,671,Germany,Male,51.0,4,107959.39,1,1.0,0.0,56768.28,1
2775,15574206,Shillito,678,France,Female,37.0,7,0.0,2,1.0,1.0,55100.09,0
2776,15678916,Chukwukadibia,762,France,Female,49.0,9,131354.25,1,1.0,0.0,58965.04,1
2777,15636330,Onuchukwu,698,France,Female,39.0,8,0.0,1,1.0,1.0,179269.79,0
2778,15615477,Ndubuagha,629,France,Male,28.0,5,118560.0,1,0.0,0.0,111243.5,0
2779,15722533,Hsiung,543,Germany,Female,26.0,5,148055.63,1,0.0,1.0,143387.34,1
2780,15657825,Hs?,545,France,Male,35.0,9,0.0,2,1.0,0.0,62647.41,0
2781,15605059,Nwachinemelu,681,Germany,Male,32.0,4,148884.47,2,1.0,1.0,83611.45,0
2782,15652981,Onyekachi,619,Spain,Female,42.0,3,0.0,1,1.0,0.0,127429.56,1
2783,15632069,Kazantsev,778,France,Male,30.0,8,125211.55,2,1.0,1.0,144496.07,0
2784,15673020,Sung,711,Spain,Male,49.0,7,0.0,2,1.0,1.0,6203.66,0
2785,15775124,Nkemdilim,841,France,Male,39.0,9,0.0,2,0.0,0.0,103557.88,0
2786,15806901,Hs?,712,France,Female,32.0,7,0.0,1,1.0,1.0,170563.51,0
2787,15570192,Mamelu,758,Germany,Male,34.0,0,121626.9,1,1.0,1.0,55701.62,0
2788,15697310,Tien,715,France,Male,31.0,3,0.0,2,1.0,1.0,57581.47,0
2789,15674929,K?,681,France,Female,29.0,7,87866.84,1,1.0,1.0,57858.25,0
2790,15766163,Chukwujamuike,733,Germany,Male,45.0,3,131156.76,2,0.0,1.0,10074.05,0
2791,15582361,Hs?,775,Spain,Male,37.0,5,0.0,1,1.0,1.0,142989.35,0
2792,15620443,Fiorentino,711,France,Female,81.0,3,0.0,1,1.0,1.0,72276.24,1
2793,15657535,Ch'eng,656,France,Male,28.0,7,0.0,2,1.0,1.0,188516.45,0
2794,15799217,Kornilova,627,France,Male,44.0,6,0.0,1,1.0,1.0,171344.88,0
2795,15677522,P'an,581,Spain,Female,58.0,9,162278.32,1,0.0,1.0,5791.85,1
2796,15651740,Genovese,584,France,Female,43.0,9,0.0,1,0.0,0.0,94499.06,1
2797,15576671,Nnachetam,699,France,Male,31.0,8,91216.0,1,1.0,1.0,164079.71,0
2798,15638882,O'Loghlen,850,France,Male,52.0,8,106045.92,1,1.0,0.0,26257.01,0
2799,15632210,Aksenov,628,Spain,Male,41.0,9,0.0,2,1.0,0.0,113931.57,0
2800,15628883,Lucciano,550,Spain,Female,25.0,5,0.0,2,1.0,1.0,189429.87,0
2801,15791321,Okwudiliolisa,679,Germany,Male,44.0,3,152039.6,1,1.0,0.0,77866.91,1
2802,15725882,Feng,618,Germany,Female,32.0,1,133245.52,2,1.0,1.0,54495.82,0
2803,15569572,K'ung,472,France,Male,36.0,3,0.0,2,1.0,0.0,56593.11,0
2804,15621457,Sabbatini,678,France,Male,32.0,5,96674.55,2,0.0,0.0,198208.0,0
2805,15642530,Distefano,698,France,Female,44.0,1,0.0,2,1.0,0.0,180712.52,0
2806,15626608,Ritchie,655,Germany,Female,45.0,4,115587.49,3,1.0,0.0,162223.67,1
2807,15801559,Chimezie,581,France,Female,32.0,8,152038.72,2,0.0,0.0,115287.59,0
2808,15590078,Chukwueloka,678,Spain,Male,30.0,5,0.0,2,1.0,1.0,46675.56,0
2809,15682563,Larionova,618,Spain,Male,38.0,5,126473.33,1,1.0,1.0,91972.49,0
2810,15663386,Tuan,778,Spain,Female,26.0,6,0.0,2,1.0,1.0,110253.2,1
2811,15652937,Yudina,696,France,Male,50.0,6,0.0,2,1.0,0.0,129890.91,1
2812,15790810,Y?an,689,France,Female,35.0,5,0.0,2,1.0,1.0,125830.51,0
2813,15688563,Marchesi,694,France,Male,32.0,7,0.0,2,1.0,0.0,26116.82,0
2814,15670755,Ts'ui,686,France,Female,43.0,8,0.0,2,1.0,0.0,61538.43,0
2815,15697574,K'ung,754,France,Female,42.0,2,0.0,2,1.0,1.0,93881.75,0
2816,15574523,Cheng,850,France,Male,39.0,8,136416.82,2,1.0,1.0,78899.22,0
2817,15582944,Nwabugwu,641,France,Male,29.0,1,145974.79,1,1.0,0.0,172749.4,0
2818,15782760,Uwaezuoke,695,France,Male,38.0,1,0.0,2,1.0,1.0,140889.32,0
2819,15746341,Walker,727,Germany,Female,37.0,2,116968.91,1,0.0,1.0,27802.0,0
2820,15615797,Ts'ui,652,France,Male,26.0,9,115062.61,1,1.0,1.0,134964.88,0
2821,15594305,Rizzo,712,France,Female,32.0,10,0.0,2,1.0,0.0,1703.58,0
2822,15683521,Fanucci,662,France,Female,40.0,7,0.0,2,1.0,1.0,106826.92,0
2823,15589666,Shao,588,France,Female,46.0,2,0.0,1,1.0,1.0,80618.47,1
2824,15649033,Ch'ien,694,France,Male,58.0,2,0.0,2,1.0,1.0,937.15,0
2825,15624595,Olisaemeka,624,France,Male,44.0,4,64843.45,1,1.0,0.0,138881.35,0
2826,15663710,Nwankwo,637,France,Male,43.0,4,123598.46,1,1.0,1.0,83073.46,0
2827,15663625,Udinese,706,France,Male,30.0,3,0.0,2,1.0,1.0,180598.66,0
2828,15589380,Ch'ien,758,France,Male,35.0,9,81829.42,1,1.0,1.0,199390.01,0
2829,15607330,H?,691,France,Female,41.0,10,0.0,1,1.0,1.0,118974.85,0
2830,15726289,Matveyev,622,Spain,Male,25.0,9,0.0,2,1.0,0.0,8282.22,0
2831,15682533,Hughes,706,France,Male,38.0,6,0.0,2,1.0,0.0,191166.09,0
2832,15654733,Ch'en,603,France,Female,31.0,5,0.0,2,1.0,1.0,9607.1,0
2833,15672610,Lettiere,712,France,Male,41.0,4,0.0,2,1.0,0.0,180622.03,0
2834,15804946,Linton,556,France,Female,43.0,2,111081.57,1,1.0,0.0,47964.44,0
2835,15594577,Ts'ao,710,Spain,Male,63.0,2,139959.55,1,1.0,1.0,153662.88,0
2836,15605968,Hughes,531,Germany,Female,43.0,9,131078.52,2,1.0,1.0,182536.57,1
2837,15788025,Tseng,685,France,Female,38.0,0,0.0,2,1.0,1.0,332.81,0
2838,15656592,Ch'ang,677,Germany,Female,43.0,3,102989.83,1,1.0,1.0,28778.98,1
2839,15689955,Lettiere,539,Germany,Female,47.0,1,115545.62,1,1.0,0.0,104720.41,1
2840,15635371,Manna,714,France,Female,45.0,6,137781.65,2,1.0,0.0,186489.95,0
2841,15802823,Maclean,773,Spain,Female,29.0,4,0.0,2,1.0,1.0,194230.82,0
2842,15781550,Li,643,France,Female,31.0,10,0.0,2,1.0,0.0,28370.95,0
2843,15638003,Tien,585,France,Female,46.0,8,0.0,1,0.0,0.0,55775.84,1
2844,15570002,Burlingame,578,Germany,Male,40.0,2,118772.71,1,1.0,0.0,135853.62,0
2845,15723484,Chidubem,678,Germany,Male,29.0,4,121151.06,2,0.0,1.0,121513.67,0
2846,15585835,De Luca,704,France,Female,39.0,1,126589.99,1,1.0,0.0,172450.19,1
2847,15596228,Walton,775,France,Female,46.0,2,0.0,1,1.0,0.0,57461.13,1
2848,15783029,Genovese,653,Germany,Male,35.0,9,147545.72,1,1.0,0.0,26327.94,0
2849,15791767,Fanucci,569,France,Male,28.0,1,0.0,2,1.0,0.0,176925.69,0
2850,15589949,Maclean,747,France,Male,34.0,9,152806.74,1,0.0,0.0,19687.99,1
2851,15661053,Y?an,813,Germany,Male,27.0,3,139959.01,2,1.0,0.0,155830.53,0
2852,15649112,Macleod,705,Spain,Male,23.0,2,137761.55,1,1.0,1.0,51695.41,0
2853,15679963,Chiang,633,Germany,Female,33.0,6,139914.17,2,1.0,0.0,142838.64,0
2854,15733768,Hou,600,France,Female,32.0,9,0.0,2,1.0,0.0,199493.38,0
2855,15809279,Wallace,709,France,Male,35.0,9,0.0,2,1.0,1.0,164768.82,0
2856,15742229,Mackay,615,Germany,Male,58.0,2,72309.3,2,1.0,1.0,85687.09,0
2857,15746035,Hs?,651,France,Male,38.0,5,148061.89,1,1.0,0.0,71179.31,0
2858,15658969,Maclean,726,France,Female,46.0,2,0.0,1,1.0,0.0,135906.33,1
2859,15723654,Otoole,647,France,Male,36.0,7,0.0,2,1.0,1.0,94740.73,0
2860,15653253,Pagnotto,704,Spain,Male,48.0,5,167997.6,1,1.0,1.0,173498.45,0
2861,15648766,Robertson,569,Spain,Male,35.0,4,116969.35,1,0.0,0.0,94488.82,0
2862,15728474,Hs?,697,Spain,Male,49.0,1,0.0,2,1.0,1.0,161431.5,0
2863,15605034,Iweobiegbunam,633,Spain,Female,36.0,1,0.0,2,1.0,0.0,132573.56,0
2864,15772479,Liao,712,France,Female,46.0,6,0.0,4,1.0,0.0,126033.9,1
2865,15590177,Temple,701,Spain,Male,29.0,1,103421.32,1,1.0,1.0,76304.73,0
2866,15783883,Li Fonti,711,France,Female,38.0,9,0.0,1,1.0,1.0,179360.76,0
2867,15593496,Yudina,678,Germany,Male,38.0,6,125552.63,1,0.0,0.0,126565.21,0
2868,15750181,Bancroft,603,Spain,Male,36.0,4,160777.9,1,1.0,1.0,149536.15,0
2869,15752694,Taylor,734,France,Female,32.0,7,0.0,2,1.0,1.0,23920.65,0
2870,15699550,Ch'iu,676,France,Male,32.0,7,115341.49,1,1.0,1.0,143981.99,0
2871,15630661,Maclean,590,Spain,Male,33.0,3,0.0,2,0.0,0.0,126253.31,0
2872,15774882,Tseng,652,Spain,Female,41.0,5,125977.81,2,1.0,0.0,152298.28,1
2873,15662397,Chiang,628,Germany,Male,29.0,7,111092.85,2,1.0,1.0,161074.01,0
2874,15630363,Graham,545,France,Male,39.0,5,102721.49,1,0.0,1.0,22191.82,0
2875,15670066,Biryukov,681,France,Female,42.0,3,0.0,2,1.0,0.0,103932.58,0
2876,15651674,Kao,652,France,Male,37.0,5,0.0,2,1.0,0.0,43921.36,0
2877,15670492,Gordon,737,France,Male,29.0,2,0.0,2,1.0,1.0,106390.01,0
2878,15603465,Fisk,705,France,Male,32.0,1,0.0,2,1.0,1.0,81898.31,0
2879,15804763,Grosse,777,France,Male,48.0,5,0.0,1,1.0,0.0,166084.99,1
2880,15763111,Niu,808,Spain,Male,67.0,10,124577.15,1,1.0,0.0,169894.4,0
2881,15756569,Onyemere,653,France,Female,33.0,4,129730.3,1,1.0,1.0,27017.41,0
2882,15697307,Nnachetam,588,France,Male,32.0,4,0.0,1,0.0,1.0,79078.91,0
2883,15789563,Dyer,589,France,Male,47.0,4,0.0,2,1.0,0.0,180344.74,0
2884,15589537,Hsieh,537,Germany,Male,48.0,8,144677.09,1,0.0,1.0,112649.66,1
2885,15663917,Y?an,661,France,Female,48.0,2,0.0,2,1.0,1.0,176713.21,0
2886,15660147,Dore,493,Spain,Male,32.0,8,46161.18,2,1.0,1.0,79577.4,0
2887,15659364,Liao,627,Spain,Male,35.0,9,0.0,2,0.0,0.0,146723.72,0
2888,15664506,Kambinachi,633,Germany,Female,32.0,5,92466.21,1,0.0,0.0,79577.5,0
2889,15648735,McGregor,559,Spain,Female,52.0,3,0.0,1,1.0,0.0,83073.05,1
2890,15702789,Aksenov,548,Germany,Male,25.0,5,175214.71,1,1.0,1.0,155165.61,0
2891,15649862,Ch'eng,682,Germany,Female,32.0,1,141431.76,1,1.0,1.0,121365.07,0
2892,15587535,Nucci,633,Spain,Female,44.0,2,138023.79,1,1.0,0.0,138051.19,0
2893,15569178,Lo,636,France,Female,36.0,4,136018.58,1,0.0,1.0,74898.8,1
2894,15628303,Onochie,642,Spain,Male,41.0,3,0.0,2,1.0,1.0,166876.1,0
2895,15690898,Lu,727,Germany,Male,35.0,6,113948.57,1,1.0,1.0,175544.02,0
2896,15741091,Chukwuemeka,814,Spain,Female,33.0,4,147900.29,1,1.0,1.0,166515.76,0
2897,15750492,Onyemachukwu,700,Germany,Female,30.0,9,71481.79,1,1.0,0.0,125718.95,0
2898,15737047,Marchesi,510,Spain,Female,32.0,1,0.0,2,0.0,1.0,28515.17,0
2899,15597951,Ts'ai,683,Germany,Male,29.0,2,81637.16,1,0.0,0.0,51565.92,0
2900,15753831,Liao,567,France,Female,37.0,9,0.0,1,1.0,0.0,70563.9,0
2901,15733114,Chu,456,Germany,Female,43.0,7,132876.55,2,1.0,0.0,168834.37,0
2902,15772601,Walker,850,France,Male,33.0,9,157780.75,1,0.0,1.0,134878.62,0
2903,15771223,Lo Duca,731,France,Female,40.0,9,0.0,2,1.0,0.0,87413.16,0
2904,15752838,Lucas,739,Spain,Male,38.0,6,0.0,1,1.0,0.0,94415.6,0
2905,15772073,Onyemauchechukwu,710,France,Male,38.0,8,0.0,1,1.0,1.0,177747.03,0
2906,15573077,Mazzanti,574,Spain,Male,51.0,6,0.0,2,1.0,1.0,140800.66,0
2907,15712198,Pisano,651,France,Female,27.0,7,0.0,2,0.0,1.0,137959.55,0
2908,15717138,Watson,850,Spain,Male,31.0,6,82613.56,2,1.0,0.0,149170.25,0
2909,15642636,Nnonso,687,Germany,Male,46.0,5,120198.42,1,1.0,0.0,161571.79,1
2910,15761148,Walker,653,France,Female,35.0,2,0.0,1,0.0,0.0,86423.56,0
2911,15692664,H?,556,France,Male,29.0,1,141234.98,1,0.0,0.0,69052.87,0
2912,15638044,Ndubuisi,515,France,Female,44.0,5,0.0,2,1.0,0.0,74564.32,0
2913,15793896,Ch'ien,732,Germany,Female,33.0,4,108908.73,2,1.0,1.0,163516.16,0
2914,15815271,Ritchie,808,France,Male,47.0,6,95478.17,1,0.0,1.0,169286.74,1
2915,15598521,Baresi,695,Spain,Male,40.0,5,0.0,2,1.0,1.0,147913.56,0
2916,15777784,Rizzo,703,Germany,Male,44.0,9,113923.32,1,0.0,1.0,94573.8,1
2917,15705865,Hsing,587,France,Male,37.0,1,0.0,2,0.0,0.0,26500.65,0
2918,15739803,Lucciano,686,Spain,Male,34.0,9,0.0,1,1.0,0.0,127569.8,1
2919,15783816,Hsia,733,France,Female,58.0,1,0.0,2,0.0,0.0,131372.38,0
2920,15778884,Jamieson,559,France,Male,37.0,8,0.0,2,1.0,1.0,174873.09,0
2921,15759690,Ting,705,Spain,Male,47.0,4,71786.9,1,0.0,0.0,170819.01,0
2922,15591179,Obijiaku,656,France,Female,34.0,3,0.0,1,1.0,1.0,141927.27,0
2923,15695499,Chinwemma,510,France,Female,45.0,10,103821.47,1,1.0,0.0,77878.62,0
2924,15620836,Sun,703,France,Female,34.0,2,0.0,2,1.0,0.0,66602.7,0
2925,15794413,Milne,682,France,Male,37.0,4,0.0,2,1.0,1.0,177519.06,0
2926,15772337,Nwachinemelu,629,France,Male,28.0,7,0.0,2,0.0,0.0,158344.04,0
2927,15744614,Chin,541,France,Male,37.0,9,118636.92,1,1.0,1.0,73551.44,0
2928,15799156,Okwuadigbo,569,Spain,Female,66.0,8,0.0,2,1.0,1.0,79618.79,0
2929,15657284,Pai,656,France,Male,51.0,4,0.0,1,0.0,0.0,140168.36,1
2930,15682618,Jamieson,591,France,Female,23.0,7,0.0,2,1.0,0.0,86786.41,0
2931,15706552,Odinakachukwu,660,France,Female,32.0,7,85311.7,2,1.0,1.0,156731.91,0
2932,15772363,O'Sullivan,728,France,Male,25.0,9,0.0,2,1.0,1.0,66795.78,0
2933,15602551,McLean,718,France,Female,33.0,0,0.0,2,1.0,1.0,175844.71,0
2934,15665811,Y?an,696,France,Male,43.0,4,0.0,2,1.0,0.0,131283.6,0
2935,15736154,Gallo,823,Spain,Male,32.0,8,0.0,2,1.0,1.0,182495.7,0
2936,15793691,Buchi,751,France,Female,34.0,6,0.0,2,1.0,1.0,168816.26,0
2937,15746127,De Luca,683,Germany,Male,40.0,8,136622.55,1,1.0,0.0,105565.9,1
2938,15569410,Tang,601,Germany,Female,53.0,7,114430.18,2,1.0,1.0,153012.13,0
2939,15589915,Okoli,697,France,Male,43.0,4,165969.26,1,1.0,1.0,78899.23,1
2940,15772337,Tuan,749,France,Male,45.0,6,87894.26,1,1.0,1.0,102076.03,0
2941,15681075,Biryukov,679,France,Female,37.0,8,0.0,1,1.0,1.0,163583.2,0
2942,15585842,Hsieh,709,Spain,Female,29.0,9,0.0,2,1.0,0.0,82527.8,0
2943,15740411,Molle,704,Germany,Male,30.0,7,141787.31,2,1.0,1.0,109685.61,0
2944,15657957,Y?,602,Germany,Male,44.0,8,113674.2,2,1.0,0.0,197861.16,0
2945,15798053,Nnachetam,588,Spain,Male,26.0,7,0.0,2,1.0,0.0,126475.79,0
2946,15740147,Cremonesi,725,France,Female,37.0,10,0.0,2,0.0,0.0,93777.61,0
2947,15648898,Walker,710,France,Male,32.0,0,0.0,2,1.0,0.0,171045.85,0
2948,15604515,Yefremov,777,Germany,Female,32.0,7,111543.26,2,1.0,0.0,106327.85,0
2949,15728480,Chiang,667,Spain,Male,35.0,9,0.0,2,1.0,1.0,35770.83,0
2950,15689268,Tretiakova,756,France,Male,28.0,2,0.0,1,1.0,0.0,62700.08,1
2951,15756850,Chidiegwu,728,Spain,Male,37.0,9,132412.79,1,1.0,1.0,72945.84,0
2952,15782159,Ndubuagha,850,France,Female,28.0,8,67639.56,1,1.0,1.0,194245.29,0
2953,15815628,Niu,614,Spain,Male,45.0,1,0.0,2,1.0,1.0,163723.79,1
2954,15726557,Cameron,724,France,Male,27.0,7,124788.18,2,0.0,1.0,65612.12,0
2955,15697035,Chukwualuka,467,Spain,Female,57.0,9,0.0,1,1.0,0.0,173680.23,1
2956,15746199,Ndubueze,713,France,Female,38.0,8,132730.17,2,0.0,1.0,154460.98,0
2957,15775108,Lo Duca,590,Spain,Male,37.0,7,0.0,2,1.0,1.0,186071.14,0
2958,15691723,Ts'ui,694,France,Male,38.0,2,0.0,1,1.0,1.0,86460.77,0
2959,15809901,Nwachinemelu,652,France,Male,36.0,0,0.0,2,1.0,1.0,100835.17,0
2960,15614834,Bellucci,624,France,Female,41.0,3,142876.98,1,0.0,1.0,163666.85,0
2961,15592028,Udinese,711,France,Female,32.0,4,0.0,2,1.0,1.0,92820.07,0
2962,15665088,Chinedum,599,Germany,Male,38.0,9,135157.05,1,1.0,0.0,156476.42,0
2963,15653595,Ch'in,687,Spain,Male,57.0,2,0.0,1,1.0,0.0,39297.48,1
2964,15648800,Hsieh,588,France,Female,51.0,7,0.0,2,1.0,1.0,146651.99,0
2965,15766649,L?,638,France,Male,33.0,7,0.0,2,1.0,0.0,129975.54,0
2966,15737265,Nwokeocha,622,Germany,Female,39.0,6,152182.83,3,1.0,0.0,161203.6,1
2967,15741181,Monaldo,757,Spain,Female,41.0,2,0.0,1,1.0,0.0,44965.44,0
2968,15683472,Fanucci,718,Germany,Male,35.0,10,121240.09,2,1.0,0.0,171091.89,0
2969,15671730,White,579,Spain,Female,32.0,6,0.0,2,1.0,1.0,107876.03,0
2970,15723720,Oluchi,597,France,Male,35.0,3,110112.52,1,0.0,0.0,63726.15,0
2971,15752801,Hs?,651,France,Male,46.0,9,0.0,1,0.0,1.0,129107.99,0
2972,15793324,Tsao,568,France,Female,38.0,0,0.0,2,1.0,0.0,159800.16,0
2973,15743211,Zaytseva,686,France,Male,41.0,8,0.0,2,0.0,1.0,148516.79,0
2974,15790067,Mazzi,637,France,Male,21.0,1,0.0,2,1.0,1.0,182865.04,0
2975,15757877,Rishel,584,Spain,Male,34.0,7,0.0,2,1.0,0.0,155879.57,0
2976,15806964,Kable,746,Spain,Male,36.0,3,116227.28,1,0.0,1.0,131662.46,0
2977,15632185,Chidubem,644,France,Male,41.0,6,0.0,1,1.0,1.0,46824.08,0
2978,15758831,Nwebube,795,Germany,Male,43.0,4,90218.9,1,1.0,1.0,79577.4,1
2979,15783718,Okeke,678,Germany,Female,46.0,2,146566.01,2,0.0,0.0,179631.85,0
2980,15588248,Hs?,617,France,Female,46.0,10,0.0,2,1.0,1.0,7597.83,0
2981,15741775,Tsai,684,France,Male,27.0,3,103764.56,1,0.0,1.0,173682.08,0
2982,15661629,Skelton,683,Germany,Male,37.0,10,106301.85,2,1.0,0.0,141872.05,0
2983,15664523,Shih,585,Germany,Female,46.0,2,136444.25,2,1.0,0.0,129451.02,1
2984,15568104,Rizzo,592,France,Male,33.0,6,107467.19,1,1.0,0.0,110421.26,0
2985,15807239,Lung,664,France,Female,34.0,9,93920.47,1,0.0,0.0,179913.98,0
2986,15566894,Ch'en,744,Germany,Male,47.0,5,138076.47,1,1.0,0.0,166677.54,0
2987,15576720,Sagese,758,Spain,Female,45.0,3,0.0,1,0.0,0.0,131300.24,1
2988,15594514,Kao,710,France,Male,32.0,9,0.0,2,1.0,0.0,127059.4,0
2989,15738166,Hsu,596,France,Female,46.0,10,86546.29,1,0.0,1.0,131778.58,0
2990,15736126,Chiganu,659,Spain,Male,49.0,9,121021.05,1,1.0,0.0,110776.01,1
2991,15630053,T'ien,677,Germany,Female,40.0,2,137933.09,2,0.0,0.0,8128.32,0
2992,15729377,McIntosh,727,France,Male,55.0,4,0.0,1,1.0,1.0,102631.49,1
2993,15802486,Ejikemeifeuwa,737,Germany,Female,56.0,7,154737.96,1,0.0,0.0,4441.54,1
2994,15583073,Y?,636,France,Male,40.0,9,155619.58,1,1.0,0.0,62733.05,0
2995,15742566,Aksyonova,676,Spain,Male,40.0,9,0.0,2,1.0,1.0,102515.53,1
2996,15663826,Hsu,718,Spain,Male,40.0,1,0.0,2,1.0,1.0,166678.28,0
2997,15662758,Nnaife,678,Germany,Female,49.0,8,124043.8,1,1.0,1.0,119059.13,1
2998,15594404,Lucchese,619,France,Male,33.0,6,0.0,2,1.0,1.0,141501.33,0
2999,15576680,Stevenson,721,France,Female,40.0,4,0.0,2,1.0,0.0,62112.7,0
3000,15772328,Okwudiliolisa,598,France,Male,41.0,3,0.0,2,1.0,0.0,114957.22,0
3001,15675518,Charlton,735,Spain,Male,53.0,4,0.0,2,0.0,1.0,144849.1,0
3002,15766649,Vincent,670,France,Male,40.0,2,89416.99,1,0.0,0.0,144275.39,0
3003,15639662,Lin,539,France,Male,38.0,2,0.0,2,0.0,0.0,48382.4,1
3004,15772383,Bales,554,France,Female,38.0,2,132876.23,2,0.0,1.0,167087.33,0
3005,15662533,Nkemdilim,679,France,Female,47.0,10,0.0,3,1.0,0.0,79919.13,1
3006,15799600,Ch'iu,733,Germany,Female,60.0,5,102500.34,1,1.0,0.0,121525.48,1
3007,15641675,Hsu,693,Spain,Male,38.0,8,0.0,2,1.0,0.0,92984.84,0
3008,15627360,Fetherstonhaugh,765,France,Female,35.0,5,0.0,2,1.0,0.0,147963.17,0
3009,15580487,Martin,627,Germany,Male,38.0,6,106922.92,2,0.0,1.0,84270.09,0
3010,15735358,Hsiung,697,France,Male,30.0,5,138340.06,1,0.0,0.0,64771.61,0
3011,15650096,Cremonesi,573,France,Male,37.0,9,0.0,2,1.0,1.0,152821.13,0
3012,15747808,Ch'in,589,Spain,Male,29.0,3,171335.96,2,1.0,1.0,121804.39,0
3013,15583725,Chiebuka,616,Germany,Female,37.0,5,76665.71,2,0.0,1.0,164040.94,0
3014,15604832,Hsia,633,France,Male,29.0,7,0.0,1,1.0,1.0,130224.73,1
3015,15633666,Efremov,701,Spain,Female,33.0,6,123870.07,1,1.0,0.0,97794.71,0
3016,15807900,Hsueh,627,France,Female,33.0,9,0.0,2,0.0,0.0,100637.07,0
3017,15794413,Harris,584,France,Male,49.0,6,0.0,1,1.0,0.0,159800.16,1
3018,15711378,Zaytseva,638,France,Male,50.0,6,0.0,1,0.0,0.0,126812.84,1
3019,15652214,Frolova,587,Spain,Male,31.0,9,0.0,2,1.0,1.0,64460.06,0
3020,15787619,Hsueh,489,France,Male,37.0,7,160980.03,1,0.0,0.0,145936.28,0
3021,15592089,Nebechi,577,Germany,Male,54.0,1,124577.33,2,1.0,0.0,143393.24,1
3022,15646936,Chukwudi,584,Germany,Male,36.0,3,142905.51,1,0.0,0.0,67972.45,1
3023,15793856,Lai,567,Spain,Male,37.0,7,136801.53,1,1.0,1.0,181794.74,0
3024,15576077,Kelly,614,France,Female,27.0,3,159561.93,1,0.0,1.0,103381.47,1
3025,15721483,Nnachetam,651,France,Male,31.0,3,0.0,2,1.0,1.0,199661.41,0
3026,15718780,Cox,650,Germany,Female,32.0,2,79450.09,1,0.0,1.0,118324.75,0
3027,15725762,Christian,844,Germany,Female,35.0,4,111827.27,2,1.0,0.0,161051.75,1
3028,15793949,T'ien,516,France,Female,32.0,5,0.0,1,1.0,1.0,43421.14,1
3029,15623202,Lucciano,749,Spain,Male,34.0,6,131354.43,1,1.0,1.0,151903.6,0
3030,15758775,Vasilyeva,642,Germany,Female,30.0,6,109941.51,1,1.0,0.0,75837.58,0
3031,15576723,Pirozzi,608,Germany,Male,36.0,4,62400.29,2,1.0,1.0,174032.64,0
3032,15800856,Tsui,586,Spain,Female,34.0,3,74309.81,1,0.0,1.0,15034.93,0
3033,15661830,Lucciano,750,France,Male,36.0,6,0.0,2,1.0,1.0,59816.41,0
3034,15729083,Gorman,535,France,Male,26.0,2,154525.7,1,0.0,0.0,27468.72,0
3035,15734008,Bartlett,727,Germany,Female,59.0,5,152581.06,2,1.0,1.0,71830.1,0
3036,15583364,Onyemauchechukwu,697,Germany,Male,41.0,6,98173.02,2,1.0,0.0,140941.47,0
3037,15689955,Yobanna,604,France,Male,44.0,1,108711.57,2,1.0,0.0,176902.32,0
3038,15651548,Narelle,658,France,Male,39.0,8,0.0,1,1.0,0.0,49734.94,0
3039,15771580,Ndubueze,686,France,Male,57.0,7,0.0,1,1.0,0.0,106977.8,1
3040,15615016,Istomin,695,France,Female,39.0,10,100374.58,1,1.0,1.0,4888.91,0
3041,15809558,Douglas,634,Spain,Male,31.0,1,0.0,1,1.0,0.0,149970.59,1
3042,15569364,Tao,619,Germany,Male,33.0,3,131899.0,2,1.0,0.0,145567.34,0
3043,15722037,Alvarez,610,Spain,Male,36.0,7,115462.02,1,1.0,1.0,42581.04,0
3044,15777046,Milano,594,Spain,Male,39.0,5,0.0,2,0.0,0.0,1375.66,0
3045,15723873,Ponomarev,657,France,Male,31.0,3,125167.02,1,0.0,0.0,98820.39,0
3046,15742618,Genovesi,543,France,Male,55.0,9,0.0,1,1.0,0.0,1375.47,1
3047,15748995,Onyemere,585,France,Male,32.0,0,0.0,2,1.0,1.0,145578.28,0
3048,15804919,Onyemauchechukwu,661,France,Female,44.0,9,0.0,2,1.0,0.0,118029.09,0
3049,15586479,Toscani,685,France,Male,44.0,6,110540.43,1,0.0,0.0,196395.25,1
3050,15638607,Nwabugwu,546,Spain,Female,52.0,2,0.0,1,1.0,1.0,137332.37,0
3051,15800890,T'ien,554,France,Female,29.0,6,0.0,2,1.0,1.0,181204.5,0
3052,15702486,Oluchukwu,749,Spain,Male,45.0,0,131778.81,1,1.0,1.0,54865.92,0
3053,15778290,Tretyakova,554,France,Female,40.0,3,0.0,2,1.0,0.0,127557.02,0
3054,15713621,Johnson,671,Spain,Female,36.0,8,95679.29,2,1.0,0.0,173386.95,0
3055,15716324,K?,840,France,Male,34.0,8,0.0,1,1.0,0.0,51587.04,1
3056,15773876,Ugochukwutubelum,619,Germany,Male,24.0,9,81682.57,1,1.0,0.0,103381.47,0
3057,15659937,Otutodilichukwu,697,Spain,Female,25.0,7,0.0,2,0.0,1.0,122518.5,0
3058,15632275,Y?,633,France,Male,36.0,8,0.0,2,1.0,1.0,57961.9,0
3059,15686870,Mazzanti,743,France,Male,43.0,6,0.0,1,1.0,0.0,107841.08,1
3060,15620111,Fan,659,France,Male,40.0,8,165298.12,1,1.0,0.0,60954.45,1
3061,15724150,Shao,704,Spain,Male,34.0,5,0.0,2,1.0,0.0,145789.71,0
3062,15713505,Liao,646,France,Male,33.0,4,0.0,2,0.0,1.0,126511.94,0
3063,15746341,Kudryashova,559,Germany,Male,35.0,8,102749.54,1,1.0,1.0,88947.95,0
3064,15676645,Parry,523,France,Female,45.0,10,0.0,2,0.0,1.0,121428.2,1
3065,15738166,Chibugo,653,Germany,Male,34.0,1,151709.33,2,0.0,0.0,102280.29,0
3066,15589320,Sagese,699,France,Male,29.0,8,0.0,1,1.0,1.0,76510.46,0
3067,15756928,Fanucci,752,Germany,Female,64.0,1,121063.85,1,1.0,0.0,52856.27,1
3068,15676571,Chiu,652,Germany,Female,46.0,1,109166.56,1,1.0,1.0,170980.86,1
3069,15772381,Pirozzi,757,France,Male,37.0,4,0.0,2,1.0,0.0,170819.01,0
3070,15705521,Grigoryeva,677,France,Female,33.0,0,0.0,2,1.0,1.0,78858.07,0
3071,15802885,Hsieh,554,Spain,Male,37.0,3,0.0,1,1.0,0.0,87542.91,0
3072,15702190,Fomin,710,France,Female,32.0,4,0.0,2,1.0,0.0,186775.25,0
3073,15603135,Boni,634,Germany,Female,59.0,3,95727.05,1,0.0,0.0,97939.4,0
3074,15806958,Chia,746,Germany,Male,43.0,9,104469.43,2,1.0,0.0,52345.88,1
3075,15686670,Wan,588,France,Male,36.0,1,0.0,2,1.0,0.0,86945.0,0
3076,15778190,McIntosh,575,Germany,Female,44.0,8,119496.22,1,1.0,0.0,72929.8,1
3077,15758750,Hsia,663,France,Female,30.0,4,0.0,2,0.0,1.0,123934.19,0
3078,15795964,Milanesi,652,France,Female,41.0,5,130929.53,1,1.0,0.0,95518.36,1
3079,15718780,Cox,650,Spain,Female,32.0,3,79450.09,1,1.0,1.0,118324.75,0
3080,15788224,P'eng,583,France,Male,37.0,7,112291.34,1,1.0,0.0,122547.58,0
3081,15773731,Onuora,535,Germany,Female,33.0,9,81231.85,2,1.0,1.0,131177.22,0
3082,15645571,T'ao,611,France,Male,34.0,3,0.0,2,0.0,0.0,92647.94,0
3083,15692671,Fiorentini,742,Germany,Male,45.0,9,128743.55,2,0.0,0.0,102930.46,0
3084,15567855,Chukwufumnanya,735,Spain,Female,24.0,1,0.0,1,0.0,0.0,39382.06,0
3085,15626114,Lin,429,France,Male,45.0,1,0.0,1,1.0,0.0,46163.44,1
3086,15758081,Repina,694,Spain,Male,39.0,1,138160.0,1,1.0,1.0,110468.51,0
3087,15742442,Y?an,850,France,Male,45.0,6,111213.64,1,1.0,1.0,142838.64,0
3088,15768574,Hargreaves,696,Spain,Male,42.0,1,0.0,2,1.0,0.0,122950.87,0
3089,15742269,Chukwuebuka,775,France,Male,30.0,8,123981.31,1,1.0,0.0,72930.47,0
3090,15771750,Kao,604,France,Female,28.0,5,135470.9,1,1.0,0.0,187900.12,0
3091,15807593,Tseng,684,France,Male,36.0,4,0.0,1,1.0,0.0,152992.04,0
3092,15595592,Lai,708,France,Female,59.0,2,0.0,1,0.0,0.0,179673.11,0
3093,15625942,Nkemjika,627,Spain,Male,29.0,9,109172.78,1,1.0,0.0,76637.12,0
3094,15708650,Costa,592,France,Male,38.0,6,0.0,2,0.0,1.0,35338.96,0
3095,15609977,Walker,738,France,Female,27.0,1,0.0,2,0.0,0.0,73881.68,0
3096,15686236,Trevisani,525,Germany,Female,47.0,2,118087.68,1,1.0,0.0,88120.78,1
3097,15589739,McMillan,547,France,Female,36.0,3,0.0,2,1.0,1.0,177423.02,1
3098,15623494,Gartrell,747,Germany,Male,39.0,6,99564.22,2,1.0,0.0,126469.8,1
3099,15578886,Kao,606,France,Female,36.0,9,0.0,2,1.0,1.0,145557.66,0
3100,15679663,Ch'ien,731,Germany,Male,38.0,4,118520.92,1,1.0,0.0,74858.2,1
3101,15691624,Chidiebere,820,France,Female,44.0,5,132150.26,4,1.0,0.0,23067.97,1
3102,15651352,Chin,731,France,Female,42.0,0,106723.28,1,0.0,0.0,70810.6,0
3103,15673837,Hsiung,640,Spain,Male,21.0,3,117561.49,1,1.0,1.0,97577.14,0
3104,15657737,Martin,579,Spain,Male,40.0,5,0.0,1,1.0,0.0,93716.94,1
3105,15702541,Y?an,564,Spain,Female,56.0,2,0.0,1,0.0,1.0,113870.51,0
3106,15658768,Ponomarev,648,France,Female,26.0,5,0.0,2,1.0,0.0,84300.4,0
3107,15678727,Hsiao,739,Germany,Male,27.0,1,105417.43,2,0.0,1.0,146585.78,0
3108,15720774,Yefimova,646,France,Male,33.0,2,0.0,2,1.0,1.0,53437.89,0
3109,15721460,Tsai,588,Germany,Male,32.0,8,114737.43,2,1.0,0.0,82298.59,1
3110,15666032,Ndubueze,756,Spain,Female,32.0,5,0.0,1,1.0,0.0,93777.15,0
3111,15744529,Tien,678,France,Male,36.0,1,0.0,2,1.0,0.0,153747.73,0
3112,15780386,Ferri,654,Spain,Male,40.0,9,105683.63,1,1.0,0.0,173617.09,0
3113,15635388,Trevisano,706,Spain,Male,30.0,1,0.0,2,1.0,1.0,176943.38,0
3114,15661290,Kolesnikova,544,France,Male,27.0,0,0.0,2,0.0,0.0,50695.93,0
3115,15680449,Nnaife,569,France,Female,37.0,8,0.0,2,1.0,1.0,61687.13,0
3116,15631756,Colombo,648,France,Female,51.0,4,120165.4,2,1.0,1.0,33828.64,0
3117,15674880,Trevisani,673,Spain,Male,46.0,6,122034.4,1,1.0,0.0,70400.86,0
3118,15770039,Ugochukwu,705,France,Male,33.0,9,0.0,2,1.0,1.0,81634.46,0
3119,15684461,K?,716,France,Male,30.0,10,0.0,2,1.0,1.0,62845.64,0
3120,15641389,Tobeolisa,549,Germany,Female,36.0,5,121250.04,1,0.0,0.0,26767.85,0
3121,15782330,Kolesnikov,598,France,Female,33.0,7,166801.53,1,0.0,1.0,158842.39,0
3122,15698932,K?,749,Spain,Female,34.0,3,0.0,2,1.0,1.0,181429.87,0
3123,15784597,Lai,721,France,Male,35.0,8,0.0,2,1.0,1.0,144874.67,0
3124,15765258,O'Loghlin,549,France,Female,29.0,4,168078.83,1,1.0,1.0,171099.22,0
3125,15772073,Onyemauchechi,554,France,Male,43.0,2,0.0,2,1.0,1.0,175893.53,0
3126,15736124,Burt,622,France,Male,29.0,3,0.0,1,1.0,0.0,136812.02,0
3127,15706464,Iweobiegbunam,705,Spain,Male,43.0,5,0.0,2,1.0,0.0,86791.9,0
3128,15782454,Toscani,732,Spain,Female,27.0,5,0.0,2,1.0,0.0,74850.77,0
3129,15650068,Lettiere,653,France,Male,34.0,6,0.0,2,1.0,1.0,79618.64,0
3130,15751177,Maclean,749,France,Male,29.0,9,0.0,2,1.0,1.0,131702.78,0
3131,15589919,White,743,Spain,Female,39.0,2,140856.81,1,1.0,0.0,104469.02,1
3132,15794916,Tuan,712,France,Male,51.0,3,0.0,1,1.0,0.0,117323.31,1
3133,15590327,Yeh,753,Germany,Female,36.0,9,108019.27,1,1.0,0.0,133535.29,1
3134,15688059,Pagnotto,715,France,Male,21.0,10,0.0,2,1.0,1.0,168035.72,0
3135,15642885,Gray,582,Spain,Male,30.0,10,0.0,2,0.0,1.0,199644.2,0
3136,15618239,Chu,686,Germany,Female,35.0,0,72535.45,1,1.0,0.0,179351.89,0
3137,15689237,Genovese,593,Germany,Female,36.0,7,100727.5,1,1.0,0.0,178779.49,0
3138,15573798,Y?an,679,France,Male,27.0,1,132623.76,1,1.0,0.0,147913.56,0
3139,15791501,Carroll,590,Spain,Male,43.0,8,0.0,2,1.0,1.0,143628.31,0
3140,15773639,Kambinachi,705,France,Male,20.0,8,0.0,2,1.0,1.0,123300.38,0
3141,15624893,P'eng,682,France,Male,36.0,5,98488.18,1,1.0,0.0,171045.65,0
3142,15645200,Tseng,589,Germany,Male,34.0,8,132944.52,1,1.0,1.0,162756.29,0
3143,15721787,Lu,824,Spain,Male,48.0,7,0.0,2,1.0,0.0,86732.49,0
3144,15671139,Onyemachukwu,683,France,Male,27.0,8,0.0,2,1.0,0.0,91340.02,0
3145,15717231,Genovese,538,Spain,Female,29.0,5,141434.04,1,0.0,1.0,93982.02,0
3146,15698732,Hs?,809,Spain,Male,35.0,0,0.0,2,1.0,0.0,177670.57,0
3147,15724444,Wall,773,France,Female,38.0,1,103818.43,1,0.0,1.0,107841.77,0
3148,15778135,O'Donnell,597,France,Male,71.0,2,0.0,2,1.0,1.0,171364.41,0
3149,15799186,Sabbatini,524,Germany,Male,49.0,10,62482.95,1,1.0,1.0,192434.11,1
3150,15603088,Hsueh,583,Germany,Male,41.0,5,108965.8,1,1.0,0.0,77965.44,0
3151,15803685,Black,701,France,Male,27.0,9,0.0,2,1.0,0.0,158750.53,0
3152,15737735,Grant,754,Spain,Male,40.0,4,95053.1,1,1.0,1.0,116816.54,1
3153,15657535,Hsia,584,France,Female,41.0,1,0.0,2,1.0,1.0,55868.97,0
3154,15756901,Shih,516,France,Male,41.0,4,0.0,2,1.0,0.0,131768.23,0
3155,15599440,McGregor,603,France,Male,34.0,4,0.0,2,1.0,0.0,53584.03,0
3156,15589017,Maclean,639,France,Female,52.0,4,0.0,1,1.0,0.0,67979.35,1
3157,15672977,H?,681,France,Male,34.0,9,113697.57,1,1.0,0.0,141175.44,0
3158,15583480,Trevisano,601,Germany,Male,44.0,6,161460.43,1,1.0,0.0,82995.65,0
3159,15654975,Pirozzi,607,France,Male,49.0,6,102523.88,1,0.0,1.0,173511.72,0
3160,15754849,Tyler,776,France,Female,32.0,10,0.0,2,1.0,1.0,126517.46,0
3161,15720508,Hsing,735,France,Female,34.0,3,119558.35,2,0.0,0.0,72927.68,0
3162,15605324,Yefimov,683,France,Male,49.0,1,136624.6,1,1.0,1.0,48314.0,0
3163,15576615,H?,539,France,Female,30.0,4,0.0,2,1.0,0.0,123663.63,0
3164,15752488,Gentry,613,France,Male,26.0,9,102289.85,1,1.0,0.0,107825.08,0
3165,15693764,Cremonesi,554,Spain,Female,30.0,8,0.0,2,1.0,0.0,131315.4,0
3166,15586517,P'eng,661,France,Female,50.0,5,0.0,1,1.0,1.0,140937.91,1
3167,15731586,Ts'ui,566,France,Male,44.0,8,138740.24,2,1.0,1.0,154700.61,0
3168,15643896,H?,632,Spain,Male,39.0,3,138106.36,1,1.0,1.0,157573.52,0
3169,15682928,Chiazagomekpere,681,Spain,Male,33.0,4,65521.2,1,1.0,0.0,1243.97,0
3170,15718789,She,506,France,Female,37.0,5,0.0,2,1.0,1.0,94105.0,0
3171,15682472,H?,756,France,Female,47.0,10,0.0,1,1.0,1.0,161051.75,1
3172,15602551,Tien,586,France,Male,34.0,5,99812.88,2,1.0,0.0,65601.47,0
3173,15778975,Hsia,745,Germany,Female,39.0,3,134593.23,2,1.0,1.0,187921.3,0
3174,15756901,Hsu,639,France,Male,20.0,6,0.0,2,0.0,0.0,133086.58,0
3175,15621205,Olisaemeka,578,France,Female,34.0,5,175111.11,1,0.0,1.0,74858.3,0
3176,15685500,Ch'ang,735,Germany,Male,40.0,6,133845.36,1,1.0,1.0,176868.89,0
3177,15774931,Lucchesi,714,Germany,Male,42.0,4,165312.72,2,1.0,0.0,177747.03,0
3178,15586569,Yermakov,645,France,Male,39.0,3,142373.19,1,1.0,0.0,168032.48,0
3179,15621685,Mackay,710,France,Male,31.0,1,0.0,2,1.0,1.0,82938.99,0
3180,15692929,Zikoranachidimma,749,France,Female,40.0,2,0.0,2,1.0,0.0,49653.37,0
3181,15654495,T'ien,721,France,Male,32.0,3,0.0,2,1.0,0.0,155870.82,0
3182,15721715,Fane,769,France,Female,40.0,9,133871.05,1,1.0,0.0,50568.02,1
3183,15662884,Genovesi,572,France,Female,24.0,10,0.0,2,1.0,0.0,90968.75,0
3184,15725509,Creswell,841,Germany,Male,37.0,7,122528.68,2,1.0,0.0,106663.71,0
3185,15791114,Ts'ui,645,Germany,Male,36.0,8,141827.33,2,1.0,0.0,149139.13,0
3186,15641490,Tseng,725,France,Male,32.0,8,0.0,2,1.0,0.0,101834.39,0
3187,15649430,White,723,France,Male,38.0,3,152390.26,1,1.0,1.0,123885.88,0
3188,15568104,Zubarev,665,France,Male,41.0,6,0.0,1,0.0,0.0,72993.67,0
3189,15773934,Fang,670,France,Male,36.0,4,0.0,2,0.0,0.0,148305.82,0
3190,15715510,Eluemuno,768,France,Female,29.0,7,95984.69,1,1.0,1.0,73686.75,0
3191,15605872,Felix,567,France,Male,44.0,10,0.0,1,0.0,0.0,60739.16,1
3192,15806941,Nnonso,585,France,Male,48.0,6,97792.81,1,1.0,0.0,123682.42,0
3193,15667932,Hs?,678,Germany,Male,33.0,7,143870.28,1,0.0,1.0,97416.34,0
3194,15751137,Yobachukwu,609,France,Female,40.0,2,152264.81,1,1.0,1.0,77866.91,0
3195,15576723,Iloerika,731,France,Male,33.0,8,0.0,2,1.0,1.0,142911.99,0
3196,15658675,Nwachukwu,682,Spain,Male,37.0,9,0.0,1,1.0,1.0,72873.33,0
3197,15645847,P'eng,569,Germany,Male,30.0,2,109196.66,3,1.0,0.0,109393.19,0
3198,15801934,Su,777,France,Female,66.0,8,0.0,2,0.0,1.0,47117.03,0
3199,15805627,Onwuamaeze,756,Spain,Male,47.0,6,0.0,1,1.0,1.0,70954.47,0
3200,15782875,Burt,667,France,Female,29.0,5,0.0,2,1.0,1.0,5791.85,0
3201,15656009,McIntyre,525,France,Male,35.0,6,0.0,1,1.0,0.0,70496.66,0
3202,15751628,Onyemachukwu,697,France,Male,25.0,7,78391.17,1,0.0,1.0,49424.6,0
3203,15674950,Ebelechukwu,544,Germany,Male,39.0,10,142406.43,1,0.0,0.0,146637.45,1
3204,15626452,Beatham,616,Spain,Male,32.0,5,113641.49,4,1.0,0.0,147720.27,1
3205,15641312,Mazzi,549,Germany,Male,26.0,10,113348.58,1,1.0,1.0,111242.09,0
3206,15583577,Chuang,711,Germany,Male,56.0,4,97925.02,2,1.0,0.0,106699.08,1
3207,15789548,Moore,749,France,Female,34.0,9,0.0,2,1.0,1.0,82709.8,0
3208,15736228,Chin,753,Germany,Male,54.0,3,125023.1,1,1.0,1.0,131173.9,1
3209,15662232,Ukaegbunam,730,France,Female,34.0,3,0.0,2,1.0,1.0,140931.02,0
3210,15589793,Aksyonova,493,France,Male,35.0,6,0.0,2,1.0,0.0,46772.37,0
3211,15756901,Ch'ang,641,France,Female,26.0,4,91547.84,2,1.0,1.0,28157.34,0
3212,15798398,Tien,710,Spain,Female,46.0,7,0.0,1,1.0,0.0,180595.02,0
3213,15704581,P'an,637,Germany,Male,34.0,1,125961.74,1,1.0,1.0,158043.11,0
3214,15626457,Zetticci,671,France,Male,31.0,0,116234.61,1,0.0,0.0,172096.08,0
3215,15571550,Dore,724,France,Male,39.0,9,0.0,1,1.0,0.0,80963.92,0
3216,15681554,Bailey,657,Germany,Female,40.0,8,99165.84,1,1.0,0.0,119333.95,0
3217,15678058,Hsiung,711,Spain,Male,31.0,8,0.0,2,0.0,1.0,113656.77,0
3218,15692575,Yeh,599,Spain,Male,49.0,8,0.0,1,1.0,1.0,66526.01,1
3219,15639882,She,528,Spain,Male,30.0,2,128262.72,2,1.0,1.0,50771.16,0
3220,15614827,Sun,503,France,Male,42.0,8,104430.08,1,1.0,0.0,147557.71,1
3221,15599660,Bennett,604,France,Male,36.0,7,116229.85,2,1.0,0.0,79633.38,0
3222,15701166,Milanesi,678,France,Male,41.0,7,0.0,2,1.0,0.0,134794.02,0
3223,15572428,Tuan,678,Spain,Female,31.0,3,0.0,2,1.0,0.0,142923.69,0
3224,15566251,Grieve,691,Germany,Male,35.0,8,138875.31,2,1.0,1.0,153879.56,0
3225,15644833,Onyemauchechi,689,France,Male,67.0,5,93249.4,1,0.0,1.0,77335.75,0
3226,15693665,K?,850,France,Female,32.0,4,0.0,2,0.0,0.0,51452.07,0
3227,15768451,Ch'ang,632,Germany,Male,22.0,4,137510.41,1,0.0,0.0,109623.36,0
3228,15725002,Smith,680,France,Male,35.0,4,0.0,2,1.0,1.0,64771.61,0
3229,15774556,Fyodorova,682,France,Female,42.0,3,120782.7,1,1.0,1.0,126469.09,0
3230,15777075,Lupton,675,France,Male,34.0,2,140197.43,1,1.0,1.0,168523.78,0
3231,15740406,P'eng,521,Germany,Female,33.0,8,125167.05,2,1.0,0.0,131363.57,1
3232,15603665,Lin,850,France,Male,34.0,2,0.0,2,1.0,0.0,176843.53,0
3233,15729083,Chukwufumnanya,741,France,Female,31.0,4,125582.89,1,0.0,0.0,139607.61,1
3234,15725141,Milne,775,France,Female,35.0,5,115285.85,1,1.0,0.0,147533.09,0
3235,15651022,Onyemere,554,France,Male,35.0,0,0.0,2,1.0,1.0,107981.4,0
3236,15662955,Maclean,678,France,Female,35.0,8,0.0,2,1.0,1.0,170483.9,0
3237,15762416,Nwachinemelu,553,Germany,Female,33.0,9,96734.71,2,1.0,1.0,166678.02,0
3238,15654489,P'eng,628,France,Male,26.0,8,118858.27,1,1.0,1.0,72995.15,0
3239,15726103,Cameron,577,Germany,Female,27.0,1,152086.15,1,1.0,1.0,44719.5,0
3240,15754068,O'Sullivan,749,France,Female,41.0,5,68345.86,1,1.0,0.0,132801.57,0
3241,15641675,Hsueh,615,Germany,Male,33.0,3,125847.71,2,1.0,1.0,120108.56,0
3242,15802351,Wood,708,France,Female,50.0,0,0.0,3,0.0,0.0,61290.99,1
3243,15617078,Ritchie,619,Spain,Female,32.0,7,114421.55,1,0.0,1.0,138536.09,0
3244,15578878,Walsh,523,France,Male,48.0,8,92347.96,1,1.0,1.0,163116.75,0
3245,15760550,Duncan,744,France,Male,39.0,7,143637.58,2,1.0,1.0,174227.66,0
3246,15751175,Onyekachukwu,573,France,Female,39.0,1,0.0,2,1.0,1.0,94811.85,0
3247,15570051,Lynch,663,Spain,Female,39.0,6,0.0,1,1.0,0.0,76884.05,0
3248,15590888,Calabresi,678,Germany,Male,30.0,7,119695.75,1,1.0,1.0,144290.97,0
3249,15656726,Ch'ien,748,France,Male,32.0,5,0.0,1,1.0,0.0,40920.59,0
3250,15611409,Sun,651,Spain,Male,35.0,7,0.0,1,0.0,0.0,139911.58,0
3251,15771573,McGregor,709,France,Male,46.0,9,0.0,1,1.0,0.0,172363.63,1
3252,15651674,Liao,484,France,Male,33.0,1,152265.23,1,1.0,0.0,109496.31,0
3253,15785865,Baresi,592,France,Male,45.0,4,0.0,1,1.0,0.0,56583.88,1
3254,15757829,Milano,617,France,Female,36.0,7,0.0,2,1.0,0.0,132498.39,0
3255,15631868,Robertson,632,Spain,Male,36.0,2,153804.44,1,1.0,1.0,87213.33,1
3256,15671173,Lo,662,France,Female,62.0,9,137933.03,1,0.0,1.0,117505.53,0
3257,15586811,Iloerika,696,France,Female,40.0,3,0.0,2,0.0,1.0,143566.31,0
3258,15707962,Hsiao,731,France,Male,38.0,2,0.0,2,0.0,1.0,103787.28,0
3259,15609823,Chieloka,710,Spain,Male,47.0,6,71083.98,1,1.0,0.0,57962.41,0
3260,15631162,Kao,634,Spain,Male,45.0,4,0.0,2,1.0,0.0,34121.81,0
3261,15723604,Hsia,775,France,Male,45.0,4,0.0,2,1.0,0.0,88858.26,0
3262,15720713,Chibueze,850,Germany,Female,34.0,5,103821.47,3,1.0,0.0,199775.67,1
3263,15736327,Hsiao,616,France,Male,39.0,7,0.0,1,1.0,0.0,145562.36,0
3264,15631359,Zetticci,748,France,Male,30.0,9,0.0,2,0.0,0.0,146844.81,0
3265,15641411,Liao,695,France,Female,30.0,5,0.0,2,1.0,0.0,155711.64,0
3266,15609913,Jamieson,710,France,Male,47.0,7,158623.14,1,0.0,0.0,83499.89,1
3267,15571586,DeRose,605,France,Male,48.0,6,0.0,2,1.0,0.0,136837.53,0
3268,15567855,Chukwufumnanya,623,France,Female,56.0,1,0.0,2,1.0,0.0,39382.06,1
3269,15697510,Ndubueze,850,France,Female,71.0,4,0.0,2,0.0,1.0,70810.6,0
3270,15713144,Ingrassia,588,Spain,Male,26.0,8,0.0,1,1.0,0.0,61931.21,0
3271,15617320,Palermo,638,France,Male,38.0,0,0.0,2,1.0,1.0,180736.24,0
3272,15802220,T'ien,633,France,Male,40.0,3,0.0,2,1.0,0.0,62746.54,0
3273,15796071,Nnachetam,706,France,Male,38.0,1,118907.6,1,1.0,1.0,84972.9,0
3274,15636551,Martin,683,Germany,Male,30.0,5,131647.01,2,1.0,0.0,138370.75,0
3275,15803817,Milanesi,669,France,Female,28.0,3,0.0,2,1.0,0.0,129964.1,0
3276,15665590,Nworie,775,France,Female,22.0,2,112687.69,1,1.0,1.0,116466.19,0
3277,15736399,Tseng,570,France,Male,36.0,7,0.0,2,1.0,0.0,167036.81,0
3278,15766183,Paterson,652,France,Female,36.0,6,145512.84,2,1.0,0.0,176791.27,0
3279,15771758,Okeke,659,France,Female,41.0,7,0.0,2,1.0,1.0,140780.44,0
3280,15694404,Genovese,667,France,Female,47.0,4,0.0,1,1.0,0.0,123475.01,1
3281,15595738,Manna,567,France,Male,43.0,6,117412.19,1,0.0,1.0,113926.71,0
3282,15635388,Brown,638,Germany,Female,39.0,7,122552.34,2,1.0,0.0,82351.06,0
3283,15701265,Kegley,590,France,Female,32.0,1,0.0,1,1.0,0.0,106851.7,1
3284,15745012,Bellucci,774,France,Male,46.0,6,125903.82,2,1.0,0.0,70763.61,0
3285,15733883,Yeh,713,France,Male,33.0,3,157848.53,1,1.0,1.0,180626.36,0
3286,15794495,Ch'eng,637,France,Female,34.0,10,111906.92,1,1.0,1.0,53510.19,0
3287,15633112,Madukaego,677,Germany,Female,35.0,6,118199.97,2,0.0,1.0,9452.88,0
3288,15631070,Maclean,663,Spain,Female,40.0,9,84430.08,2,0.0,0.0,40257.82,0
3289,15805303,Olisanugo,763,Germany,Male,44.0,1,141136.79,1,1.0,1.0,189742.78,0
3290,15768120,Milano,539,France,Male,32.0,2,0.0,2,1.0,1.0,125783.66,0
3291,15748381,Uspenskaya,624,France,Female,34.0,1,88772.73,1,1.0,1.0,133681.58,0
3292,15799357,Lo,622,France,Male,37.0,7,130461.02,1,1.0,1.0,123475.88,0
3293,15587177,Lloyd,639,France,Male,36.0,6,124445.52,3,1.0,0.0,88481.32,1
3294,15589589,Chikezie,673,France,Male,28.0,5,0.0,1,1.0,1.0,28690.8,0
3295,15699839,P'eng,774,France,Male,35.0,4,93934.63,1,0.0,0.0,122518.5,0
3296,15770567,L?,613,Spain,Male,41.0,8,0.0,2,1.0,0.0,141364.41,0
3297,15644796,Chijindum,718,France,Male,35.0,1,136526.26,1,1.0,1.0,133814.28,0
3298,15665088,Gordon,531,Germany,Female,42.0,4,118636.92,1,1.0,0.0,90537.47,1
3299,15607112,Chiawuotu,606,Germany,Female,62.0,0,121874.89,1,0.0,1.0,36540.63,1
3300,15792350,Gant,705,France,Female,63.0,10,0.0,2,1.0,1.0,26500.65,1
3301,15709621,Lucchese,757,France,Male,37.0,4,0.0,2,0.0,0.0,86073.33,0
3302,15688865,Ruse,699,France,Male,31.0,6,0.0,2,1.0,1.0,9087.5,0
3303,15667521,Macadam,625,France,Female,37.0,2,0.0,2,1.0,1.0,198674.08,0
3304,15789563,Fiorentini,471,Germany,Female,44.0,6,161798.53,1,0.0,0.0,184980.23,0
3305,15779914,Dike,684,France,Female,33.0,5,0.0,2,1.0,0.0,157959.83,0
3306,15660636,Carpenter,540,France,Male,38.0,0,0.0,2,1.0,0.0,3560.0,0
3307,15773804,Pirozzi,744,France,Female,38.0,9,0.0,2,1.0,0.0,157871.55,0
3308,15634281,Pugh,720,Germany,Female,43.0,10,110822.9,1,0.0,0.0,72861.94,1
3309,15761775,Myers,779,Spain,Male,40.0,4,0.0,2,1.0,0.0,30984.59,1
3310,15576368,Fanucci,773,France,Female,36.0,3,137755.76,1,1.0,0.0,126281.83,1
3311,15750104,Chan,597,Germany,Female,43.0,5,132615.73,1,1.0,0.0,32999.1,0
3312,15767793,Hsu,679,Germany,Female,41.0,2,132571.67,1,1.0,1.0,30583.95,0
3313,15788776,Hsing,578,France,Male,42.0,6,0.0,2,0.0,1.0,187915.4,0
3314,15769356,Lo,562,Germany,Male,43.0,3,103391.54,1,1.0,1.0,173365.89,1
3315,15791842,K'ung,583,France,Male,39.0,2,0.0,1,1.0,0.0,62762.12,0
3316,15592098,Chinedum,516,Germany,Male,40.0,2,132436.6,1,1.0,0.0,163497.8,0
3317,15740147,Cremonesi,725,France,Female,44.0,5,113599.42,1,0.0,1.0,93777.61,0
3318,15623219,Smith,596,France,Male,33.0,8,0.0,1,1.0,0.0,121189.3,0
3319,15744691,Lira,659,France,Female,50.0,2,0.0,1,1.0,0.0,173830.58,1
3320,15694530,Kodilinyechukwu,684,Spain,Female,36.0,0,0.0,2,1.0,1.0,111605.9,0
3321,15812210,Yashina,497,Germany,Female,42.0,8,111537.23,4,1.0,0.0,9497.99,0
3322,15809800,Toscani,718,France,Male,53.0,3,0.0,1,0.0,0.0,59636.42,1
3323,15806569,Trevisani,751,Germany,Male,37.0,9,142911.55,2,1.0,1.0,125870.93,0
3324,15682540,Hsiung,594,France,Female,40.0,9,0.0,2,1.0,1.0,113581.85,0
3325,15623369,Scott,597,Spain,Male,37.0,5,0.0,1,1.0,0.0,66586.56,0
3326,15593795,Chukwueloka,792,Spain,Male,27.0,2,0.0,2,1.0,1.0,179453.66,0
3327,15686538,Ulyanova,750,France,Female,39.0,9,0.0,1,0.0,0.0,182076.97,1
3328,15717700,K'ung,715,France,Male,34.0,9,99518.17,1,0.0,1.0,93556.3,0
3329,15648858,Nkemdirim,730,France,Male,34.0,1,0.0,2,1.0,1.0,102665.63,0
3330,15776785,Mazzanti,632,France,Male,32.0,7,0.0,2,1.0,0.0,105852.42,0
3331,15752574,Ndubueze,699,France,Male,38.0,6,0.0,2,1.0,0.0,163674.01,0
3332,15751392,H?,656,France,Male,43.0,10,0.0,2,1.0,1.0,94774.12,0
3333,15691624,Chidiebere,758,France,Male,33.0,2,132150.26,2,0.0,1.0,23067.97,0
3334,15769353,Jenkins,550,Germany,Female,40.0,8,150490.32,2,0.0,0.0,166468.21,0
3335,15797748,Okwudilichukwu,703,France,Female,38.0,5,0.0,2,1.0,0.0,131906.44,0
3336,15660608,K'ung,685,France,Male,35.0,2,0.0,1,1.0,0.0,177614.17,0
3337,15596028,Clements,718,France,Male,51.0,6,0.0,2,1.0,1.0,57962.81,0
3338,15727556,O'Donnell,680,Spain,Female,26.0,5,166297.89,2,1.0,1.0,181694.44,0
3339,15661658,Fomin,755,Germany,Female,34.0,2,83492.74,1,1.0,0.0,105558.9,0
3340,15741988,Cremonesi,589,France,Female,33.0,7,0.0,2,1.0,1.0,110593.62,0
3341,15666975,Nwachinemelu,595,France,Male,25.0,4,0.0,2,1.0,0.0,141533.19,0
3342,15594816,Hsia,773,France,Female,30.0,4,0.0,2,1.0,0.0,142872.68,0
3343,15589320,Wu,612,France,Female,32.0,2,126473.33,1,1.0,1.0,147545.65,0
3344,15709928,Niu,567,Spain,Female,41.0,9,0.0,1,1.0,0.0,3414.72,1
3345,15576368,Bledsoe,624,Germany,Male,48.0,3,122388.38,2,1.0,0.0,30020.09,0
3346,15604044,Iadanza,717,France,Male,33.0,3,104774.72,1,1.0,1.0,73434.19,0
3347,15672640,Ubanwa,684,Spain,Male,40.0,1,0.0,2,1.0,1.0,89801.9,0
3348,15705953,Nnaife,775,Germany,Male,35.0,2,96834.78,1,1.0,1.0,94620.0,0
3349,15765520,Onwuka,486,France,Female,26.0,7,0.0,3,1.0,1.0,152845.99,1
3350,15615456,Nwankwo,667,France,Male,47.0,0,108117.5,1,1.0,1.0,126469.9,1
3351,15721635,Chiu,803,Spain,Male,39.0,8,92616.61,1,1.0,0.0,110114.5,0
3352,15652981,Onodugoadiegbemma,717,France,Male,60.0,8,69413.44,2,1.0,0.0,131281.28,0
3353,15683677,Shih,705,France,Female,37.0,2,0.0,1,1.0,0.0,6761.48,1
3354,15682638,Ma,598,Germany,Female,37.0,6,121063.9,1,0.0,0.0,38772.65,1
3355,15625623,Onyeorulu,718,Germany,Female,29.0,5,139246.98,1,1.0,1.0,133589.11,1
3356,15809830,Ejimofor,584,France,Male,36.0,7,0.0,2,1.0,0.0,178028.96,0
3357,15742534,Yermolayev,752,Spain,Female,27.0,4,117691.61,1,1.0,1.0,96875.52,0
3358,15694566,Vachon,850,Germany,Female,31.0,1,164672.66,1,0.0,0.0,61936.1,0
3359,15677521,T'ien,743,France,Male,41.0,7,0.0,2,1.0,1.0,134901.72,0
3360,15578865,Ts'ui,699,Spain,Male,36.0,9,0.0,2,1.0,1.0,176750.81,0
3361,15762331,Chidozie,651,Germany,Female,46.0,1,133866.22,1,1.0,0.0,186574.68,1
3362,15569423,P'an,567,Spain,Female,41.0,3,0.0,2,1.0,0.0,35450.53,0
3363,15728705,Nnamutaezinwa,714,France,Male,32.0,9,0.0,2,0.0,0.0,93429.95,0
3364,15785865,Ts'ui,633,Spain,Male,39.0,5,0.0,2,1.0,1.0,125937.98,0
3365,15620676,Chiang,634,Spain,Male,37.0,3,108867.0,1,1.0,1.0,92568.07,0
3366,15630195,Genovese,710,Germany,Male,29.0,6,113328.93,1,0.0,0.0,122218.28,0
3367,15588854,King,763,France,Female,31.0,1,0.0,2,1.0,1.0,143538.51,0
3368,15757577,Toscani,602,France,Female,54.0,5,0.0,1,1.0,1.0,180934.67,1
3369,15665181,Fiorentini,613,Germany,Female,56.0,8,126589.99,1,0.0,0.0,92930.51,1
3370,15722004,Hsiung,543,France,Female,30.0,4,0.0,2,1.0,0.0,61843.73,0
3371,15623346,Horsley,763,France,Male,35.0,4,0.0,2,1.0,0.0,60728.89,0
3372,15698031,Udegbunam,639,Spain,Male,38.0,8,0.0,2,1.0,1.0,27231.26,0
3373,15753895,Okwukwe,748,France,Male,48.0,7,141359.04,1,0.0,0.0,137791.33,0
3374,15807312,Onyemauchechukwu,714,Spain,Male,33.0,2,0.0,2,0.0,1.0,120892.65,0
3375,15791549,Gadsdon,756,France,Male,38.0,3,169988.35,2,1.0,0.0,57589.29,0
3376,15602844,Hsiao,685,France,Male,35.0,4,0.0,1,1.0,1.0,152843.53,0
3377,15645316,Maclean,622,Germany,Male,41.0,2,127843.48,2,0.0,0.0,180829.98,0
3378,15776844,Hao,762,Spain,Female,19.0,3,0.0,2,1.0,0.0,55500.17,0
3379,15621550,Zikoranachidimma,556,France,Female,26.0,8,0.0,2,1.0,1.0,146677.78,0
3380,15791172,Ts'ai,651,France,Female,35.0,1,116467.18,1,1.0,0.0,86722.74,1
3381,15593959,Iloerika,735,France,Male,32.0,8,0.0,2,1.0,1.0,53311.15,0
3382,15616168,Nwokike,593,Spain,Female,62.0,0,0.0,1,1.0,1.0,103832.58,1
3383,15732650,Chukwuemeka,562,France,Male,49.0,7,141605.85,1,1.0,0.0,166476.95,1
3384,15795739,T'ien,637,Germany,Female,56.0,4,93816.26,1,1.0,1.0,76640.27,1
3385,15645059,Liao,634,France,Male,46.0,0,0.0,2,1.0,1.0,179913.92,0
3386,15631693,Pinto,705,France,Male,39.0,1,127570.93,1,1.0,1.0,180962.32,0
3387,15641091,Hsia,684,Spain,Female,32.0,6,0.0,2,1.0,1.0,823.84,0
3388,15760446,Ch'ang,790,France,Male,25.0,3,99713.87,1,1.0,0.0,177747.72,0
3389,15672357,Chibugo,619,Germany,Male,24.0,4,109472.39,2,1.0,1.0,92351.01,0
3390,15796074,L?,634,France,Male,36.0,1,0.0,1,1.0,1.0,125422.66,0
3391,15663438,Hsieh,693,Germany,Male,37.0,9,160132.75,2,1.0,0.0,174815.54,0
3392,15609187,Cox,455,France,Female,34.0,5,155879.09,2,0.0,0.0,70774.97,0
3393,15632324,Pisani,602,France,Male,59.0,7,0.0,2,1.0,0.0,162347.05,0
3394,15574608,Chibuzo,669,France,Male,47.0,8,93871.95,2,1.0,1.0,158840.99,0
3395,15592715,T'ao,679,France,Male,41.0,4,0.0,1,1.0,0.0,162697.9,0
3396,15594812,Nwachinemelu,629,France,Female,25.0,9,0.0,2,1.0,1.0,143983.99,0
3397,15677908,Hsing,648,Germany,Female,50.0,8,113657.83,1,1.0,0.0,173495.77,1
3398,15631481,Ch'ien,716,Spain,Female,40.0,2,122552.34,2,1.0,1.0,38131.77,0
3399,15807245,T'ien,713,Spain,Male,26.0,6,0.0,2,1.0,0.0,94790.61,0
3400,15679983,T'ien,584,France,Female,59.0,9,0.0,1,1.0,0.0,57929.8,1
3401,15768111,Hsia,696,France,Male,34.0,9,0.0,2,0.0,0.0,84902.36,0
3402,15758025,Chien,576,Germany,Male,35.0,5,143139.87,2,1.0,0.0,102628.98,0
3403,15761783,Shah,577,France,Male,41.0,6,0.0,2,1.0,1.0,158531.01,0
3404,15691624,Chidiebere,769,France,Female,33.0,8,0.0,2,0.0,1.0,23067.97,0
3405,15733234,Kaur,575,France,Male,36.0,7,0.0,2,0.0,1.0,145748.74,0
3406,15774696,Colebatch,640,France,Male,25.0,7,106307.91,2,1.0,1.0,113428.77,0
3407,15641640,O'Donnell,669,France,Male,30.0,5,0.0,2,1.0,0.0,171575.54,0
3408,15740072,Lai,644,Spain,Female,59.0,8,122449.31,2,1.0,1.0,156787.34,0
3409,15680141,Yuan,759,Spain,Female,41.0,7,147936.42,1,1.0,1.0,106785.7,0
3410,15724127,McLean,642,France,Female,26.0,4,141581.08,2,0.0,0.0,98309.27,0
3411,15736008,Lo Duca,744,France,Female,52.0,8,102882.4,2,1.0,0.0,32421.32,1
3412,15576094,Ch'iu,653,France,Male,35.0,4,0.0,2,1.0,1.0,7861.68,0
3413,15658929,Taverner,683,Spain,Male,29.0,0,133702.89,1,1.0,0.0,55582.54,0
3414,15574876,Okwuoma,564,France,Male,36.0,7,110189.69,1,0.0,0.0,147700.27,0
3415,15706031,Aksenov,704,France,Female,27.0,7,0.0,2,1.0,1.0,166472.31,0
3416,15814004,Kistler,711,France,Male,29.0,1,68598.56,2,1.0,1.0,194686.78,0
3417,15673971,Kao,695,France,Female,38.0,1,0.0,2,1.0,1.0,3830.59,0
3418,15743293,Chukwualuka,498,Germany,Male,35.0,4,105473.74,1,0.0,1.0,193008.51,0
3419,15736327,Chukwubuikem,656,Spain,Female,40.0,8,147910.3,1,1.0,1.0,125909.87,0
3420,15793901,Capon,739,France,Female,26.0,2,0.0,1,0.0,0.0,125244.18,0
3421,15617136,Hsiao,701,Spain,Male,40.0,9,0.0,2,0.0,0.0,167032.49,0
3422,15813590,Chukwufumnanya,645,Germany,Male,28.0,4,151855.33,1,1.0,0.0,109733.73,0
3423,15683522,Chukwujamuike,646,Germany,Female,41.0,5,107879.04,1,0.0,0.0,122268.75,1
3424,15660403,K'ung,741,France,Male,34.0,6,0.0,1,1.0,0.0,131281.28,0
3425,15797748,Parkin,628,France,Male,44.0,5,71996.09,1,1.0,0.0,171681.86,0
3426,15608114,Manfrin,705,Spain,Male,62.0,7,121286.27,1,0.0,1.0,6776.92,0
3427,15621209,Macleod,637,France,Male,38.0,5,0.0,2,1.0,1.0,162961.98,0
3428,15617166,Genovesi,645,France,Male,31.0,4,132351.29,1,1.0,0.0,151887.16,0
3429,15787772,Iweobiegbulam,760,France,Male,28.0,2,96399.31,1,1.0,1.0,82484.33,0
3430,15789941,Pisano,646,Spain,Male,37.0,8,0.0,2,1.0,0.0,40889.14,0
3431,15639357,Ts'ui,694,France,Female,31.0,9,0.0,2,1.0,1.0,178587.36,0
3432,15573456,Onyemere,655,France,Male,42.0,9,0.0,2,1.0,0.0,171378.77,0
3433,15576615,Nwachukwu,585,Germany,Female,51.0,8,93522.15,1,1.0,1.0,103557.82,1
3434,15641640,Trevisani,586,France,Male,41.0,4,0.0,2,1.0,0.0,51703.09,0
3435,15773897,H?,569,France,Female,43.0,8,0.0,1,1.0,0.0,161446.01,1
3436,15775293,Chibueze,597,Spain,Female,36.0,6,139912.74,1,0.0,1.0,72946.81,0
3437,15758510,Ritchie,656,France,Female,33.0,5,0.0,2,1.0,1.0,136935.22,0
3438,15746076,Saunders,506,Spain,Male,50.0,3,0.0,2,1.0,1.0,12016.79,0
3439,15812628,Dodd,453,Germany,Female,38.0,8,120623.21,1,1.0,0.0,129697.99,1
3440,15807961,Tung,687,Germany,Female,38.0,4,133377.8,1,1.0,1.0,93568.77,0
3441,15793693,Brown,675,Spain,Male,36.0,3,0.0,2,0.0,0.0,57553.62,0
3442,15597940,Niu,686,France,Male,52.0,1,0.0,1,1.0,0.0,110112.35,1
3443,15711961,Ugochukwutubelum,709,France,Female,40.0,8,0.0,2,1.0,0.0,79618.46,0
3444,15797910,Chinedum,812,Spain,Female,42.0,8,131394.56,1,1.0,1.0,171762.87,1
3445,15659920,Chidiegwu,676,Spain,Male,32.0,1,128100.29,1,1.0,0.0,119259.34,0
3446,15766272,Omeokachie,646,France,Male,33.0,7,0.0,2,1.0,1.0,171706.66,0
3447,15795275,Lamb,521,Spain,Female,35.0,4,82940.25,2,1.0,0.0,62424.46,0
3448,15750055,H?,599,France,Male,26.0,9,0.0,2,1.0,1.0,156593.09,0
3449,15806420,K'ung,673,Spain,Female,56.0,7,99097.33,1,1.0,1.0,85016.64,0
3450,15788676,DeRose,651,Spain,Male,59.0,7,0.0,1,1.0,0.0,134592.28,1
3451,15681075,Chukwualuka,682,France,Female,32.0,1,0.0,1,1.0,1.0,706.5,0
3452,15605534,Hsueh,584,France,Female,40.0,2,111090.05,1,1.0,1.0,68701.73,0
3453,15614215,Hs?,742,France,Male,34.0,5,0.0,2,1.0,0.0,121592.5,0
3454,15759537,Onyeoruru,695,Spain,Male,40.0,3,0.0,1,1.0,0.0,1173.31,0
3455,15777076,Clark,651,France,Female,39.0,3,150685.79,1,1.0,0.0,83700.66,0
3456,15657284,Day,674,Germany,Male,47.0,8,106901.94,2,0.0,1.0,2079.2,0
3457,15575883,Milani,516,France,Female,34.0,1,0.0,2,1.0,0.0,152665.85,0
3458,15809836,Obidimkpa,663,France,Female,41.0,2,0.0,1,1.0,1.0,177655.68,0
3459,15791316,Chijindum,744,Spain,Male,29.0,6,128914.97,1,1.0,0.0,191746.23,0
3460,15684548,Chiazagomekpere,596,Germany,Male,48.0,8,100946.71,1,0.0,1.0,1243.97,1
3461,15593974,Chiazagomekpere,528,Germany,Male,57.0,2,102708.91,1,1.0,0.0,140889.15,1
3462,15705899,Nwoye,648,France,Female,34.0,3,0.0,1,1.0,1.0,158545.24,0
3463,15716501,Moon,659,France,Male,32.0,9,95377.13,1,1.0,0.0,187551.24,1
3464,15591589,Chidumaga,850,Germany,Female,48.0,1,76779.58,1,0.0,1.0,174811.71,0
3465,15737133,Nworie,678,Germany,Male,34.0,10,128718.92,1,1.0,1.0,131283.6,0
3466,15760865,Fan,638,Germany,Female,48.0,7,141819.02,1,1.0,0.0,93524.22,1
3467,15605375,Namatjira,607,France,Male,63.0,2,0.0,2,1.0,1.0,114190.3,1
3468,15605067,MacDonnell,648,France,Male,46.0,5,0.0,2,1.0,0.0,96615.23,0
3469,15590320,Cattaneo,556,France,Male,42.0,9,0.0,2,0.0,1.0,28667.56,0
3470,15807595,L?,485,Germany,Male,52.0,7,144244.59,1,1.0,0.0,51113.14,1
3471,15807961,Udegbulam,717,France,Male,40.0,6,0.0,2,1.0,0.0,158027.57,0
3472,15582910,White,656,Germany,Female,46.0,4,100315.1,2,1.0,0.0,78770.86,0
3473,15763171,Hamilton,650,Germany,Female,25.0,2,114330.95,1,1.0,0.0,25325.07,1
3474,15673074,Obidimkpa,466,Germany,Female,30.0,1,126663.51,1,1.0,0.0,162267.91,0
3475,15795580,Yefremova,646,Spain,Female,59.0,6,0.0,1,1.0,0.0,161079.4,1
3476,15703713,Onyekachi,635,Germany,Male,48.0,4,137494.67,2,1.0,1.0,178642.44,0
3477,15757577,Calabresi,684,France,Male,34.0,2,0.0,2,1.0,1.0,5791.85,0
3478,15605327,Ts'ao,709,Spain,Female,29.0,9,0.0,2,1.0,1.0,62634.94,0
3479,15761053,Hao,628,France,Female,48.0,5,0.0,1,1.0,0.0,168894.99,1
3480,15714750,Clements,739,France,Male,47.0,5,0.0,2,1.0,0.0,122960.98,0
3481,15740404,Lori,727,France,Male,29.0,1,122689.51,2,1.0,1.0,116977.89,0
3482,15764841,Vidler,754,France,Female,35.0,0,130557.24,1,1.0,1.0,47880.71,1
3483,15689598,Zuyeva,809,France,Female,42.0,8,0.0,1,1.0,0.0,173870.22,0
3484,15726103,Tsou,689,Germany,Female,55.0,4,0.0,2,1.0,1.0,42364.75,0
3485,15806901,Onyemauchechukwu,678,France,Female,34.0,4,0.0,2,1.0,0.0,121865.87,0
3486,15616221,Ndubueze,673,France,Female,55.0,2,0.0,1,1.0,0.0,154775.7,1
3487,15773890,Okechukwu,733,France,Female,22.0,2,0.0,2,1.0,0.0,117202.19,1
3488,15752342,H?,521,France,Male,46.0,1,121211.19,2,0.0,1.0,142510.5,0
3489,15663625,Ch'in,576,France,Female,37.0,2,99812.74,1,1.0,1.0,181778.56,0
3490,15589563,Purdy,646,Germany,Male,31.0,2,118899.45,3,0.0,0.0,41409.36,1
3491,15749472,Tretiakova,603,Germany,Male,39.0,4,121217.11,2,1.0,1.0,103717.95,0
3492,15777060,Olszewski,770,France,Female,33.0,4,0.0,1,1.0,0.0,26080.54,0
3493,15592797,Zhirov,729,France,Male,33.0,10,0.0,2,1.0,0.0,54532.53,0
3494,15590713,Macleod,704,Spain,Female,33.0,1,85906.65,1,1.0,0.0,152210.83,0
3495,15647898,Boni,748,France,Male,30.0,7,0.0,2,1.0,1.0,187839.9,0
3496,15794849,O'Connor,683,Germany,Male,33.0,9,122447.42,1,1.0,0.0,164064.4,0
3497,15676937,Biryukov,717,France,Female,22.0,1,0.0,2,1.0,1.0,103557.85,0
3498,15754574,Tomlinson,738,France,Male,36.0,1,0.0,2,1.0,1.0,96881.32,0
3499,15808223,Ch'eng,743,France,Female,26.0,7,0.0,2,1.0,0.0,193995.37,0
3500,15688082,Onyinyechukwuka,657,Germany,Female,41.0,4,125553.52,2,0.0,1.0,179843.33,0
3501,15572073,Pinto,709,France,Male,40.0,2,102562.25,1,1.0,0.0,141894.32,0
3502,15694641,Wright,621,Spain,Female,59.0,2,0.0,2,1.0,1.0,171364.18,1
3503,15591577,Moran,429,Spain,Male,24.0,4,95741.75,1,1.0,1.0,46170.75,0
3504,15596088,Layh,628,France,Female,32.0,9,0.0,2,0.0,1.0,147930.46,0
3505,15751185,Tuan,656,Spain,Female,37.0,8,0.0,2,0.0,1.0,155711.64,0
3506,15734524,Wieck,683,France,Female,24.0,1,0.0,2,1.0,1.0,162511.55,0
3507,15583580,Hsiao,663,Germany,Female,33.0,9,133973.27,2,1.0,0.0,131083.5,0
3508,15742009,Hsueh,489,France,Male,39.0,7,0.0,2,1.0,1.0,191419.32,0
3509,15656322,Moore,559,Spain,Female,29.0,9,63609.92,1,1.0,0.0,141053.85,1
3510,15680767,Ross,696,Spain,Female,60.0,8,0.0,2,1.0,1.0,156774.75,0
3511,15683544,Buccho,628,France,Male,62.0,7,0.0,1,1.0,1.0,65010.74,0
3512,15791029,Dyson,570,Germany,Male,24.0,3,114027.6,2,0.0,1.0,147720.69,0
3513,15776936,Tuan,668,France,Male,52.0,8,0.0,3,1.0,1.0,162478.01,1
3514,15808557,Onyekachukwu,781,France,Female,35.0,0,93716.72,1,1.0,1.0,172448.77,0
3515,15785542,Fiorentino,640,France,Female,69.0,4,0.0,2,1.0,1.0,131390.34,1
3516,15737452,Chiang,761,Germany,Male,42.0,8,80926.02,2,0.0,0.0,178342.63,0
3517,15741875,T'ang,663,France,Female,50.0,8,0.0,1,1.0,0.0,62349.64,1
3518,15775797,Esposito,607,France,Male,29.0,7,128398.38,2,1.0,0.0,10674.62,0
3519,15793247,Hancock,498,Spain,Male,34.0,5,0.0,1,1.0,1.0,91711.66,0
3520,15791387,Zetticci,516,Spain,Female,32.0,7,0.0,2,1.0,1.0,82222.86,0
3521,15678916,Hsing,753,France,Male,43.0,9,0.0,2,1.0,0.0,106864.62,0
3522,15801630,Chiu,651,France,Male,46.0,2,92599.55,1,1.0,1.0,126996.67,0
3523,15576022,Cremonesi,691,Germany,Female,36.0,8,98710.89,2,1.0,1.0,88866.92,0
3524,15782919,Hsieh,621,Germany,Female,36.0,4,109733.2,1,0.0,0.0,127522.15,1
3525,15679963,Chigolum,804,Spain,Male,43.0,4,0.0,1,1.0,1.0,82567.74,0
3526,15629985,Okeke,546,Spain,Female,48.0,8,106074.89,1,1.0,0.0,187921.3,1
3527,15737647,Trevisano,712,Germany,Male,34.0,8,98640.4,1,1.0,1.0,174088.67,0
3528,15751032,Ch'en,669,Spain,Male,36.0,1,93796.42,1,1.0,1.0,169469.3,0
3529,15758769,Macleod,682,France,Male,32.0,4,0.0,2,0.0,0.0,143463.28,0
3530,15676433,Allan,707,France,Female,36.0,6,0.0,2,1.0,1.0,98810.78,0
3531,15670587,Tsao,616,France,Female,40.0,0,0.0,2,1.0,1.0,170512.52,0
3532,15790247,Mitchell,535,France,Male,38.0,2,119272.29,1,0.0,1.0,105887.04,0
3533,15807340,Lettiere,495,Germany,Female,44.0,4,137555.34,1,1.0,0.0,124872.43,0
3534,15757533,Olisaemeka,594,Spain,Male,45.0,4,134169.55,1,0.0,1.0,182025.65,0
3535,15680970,Lombardi,691,Germany,Male,34.0,9,139859.54,1,1.0,0.0,164074.89,1
3536,15581551,Oluchi,581,Spain,Female,51.0,5,134168.7,1,0.0,1.0,153012.18,1
3537,15591980,Hill,753,Germany,Male,34.0,2,122325.58,2,1.0,0.0,162820.6,0
3538,15651958,Chinweike,573,France,Female,36.0,7,104784.66,2,1.0,0.0,67830.02,0
3539,15783526,Le Hunte,680,France,Male,36.0,5,100895.54,1,1.0,1.0,68075.14,1
3540,15757628,Savage,571,France,Male,40.0,10,112896.86,1,1.0,0.0,121402.53,0
3541,15746674,Dickson,673,France,Male,23.0,9,138089.97,1,1.0,0.0,56767.67,0
3542,15713347,Trevisano,521,France,Female,56.0,7,0.0,1,1.0,0.0,142963.29,1
3543,15702571,Wright,742,Germany,Female,35.0,1,151958.19,2,1.0,1.0,131238.37,0
3544,15768449,Chukwudi,694,France,Female,43.0,2,160858.13,1,1.0,1.0,107415.02,0
3545,15673392,Teng,583,France,Male,31.0,0,0.0,2,1.0,0.0,189429.74,0
3546,15802570,Ts'ao,646,Germany,Male,21.0,2,117866.92,2,0.0,0.0,151581.79,0
3547,15706185,Hsing,597,France,Male,34.0,9,0.0,2,1.0,0.0,56793.02,0
3548,15789815,Omeokachie,714,Germany,Male,35.0,6,117301.61,1,1.0,1.0,64815.05,0
3549,15656901,Kennedy,717,Spain,Female,46.0,4,0.0,2,1.0,0.0,74846.67,0
3550,15782404,Martin,663,Germany,Female,36.0,1,96652.86,2,1.0,0.0,101485.72,0
3551,15587311,Ludowici,726,France,Female,42.0,0,109471.79,1,0.0,1.0,175161.05,0
3552,15643683,Chukwujamuike,850,Spain,Female,37.0,3,0.0,2,0.0,0.0,73549.24,0
3553,15791958,Kao,682,France,Male,42.0,10,0.0,2,1.0,0.0,82367.47,0
3554,15718773,Pisano,638,France,Female,32.0,0,0.0,2,1.0,1.0,160129.99,0
3555,15761606,Onyemere,705,Spain,Male,37.0,6,0.0,2,1.0,1.0,93524.19,0
3556,15803526,Ts'ai,775,Spain,Female,37.0,9,0.0,2,1.0,1.0,64421.02,0
3557,15680597,Shao,708,France,Female,47.0,3,0.0,2,1.0,0.0,199390.45,0
3558,15682639,Maclean,653,France,Female,47.0,7,0.0,1,0.0,0.0,143049.72,1
3559,15810995,Walker,850,France,Male,28.0,8,133314.4,2,1.0,0.0,187925.4,0
3560,15784890,Onyemauchechukwu,632,France,Male,33.0,2,0.0,2,1.0,1.0,53667.08,0
3561,15597951,Genovese,683,France,Male,27.0,2,0.0,2,1.0,0.0,54474.48,0
3562,15750396,Mazzanti,680,Spain,Female,44.0,5,0.0,1,1.0,1.0,132578.26,1
3563,15770041,Mazzanti,596,Spain,Male,39.0,4,0.0,1,1.0,0.0,138350.74,0
3564,15568982,Hao,666,France,Female,39.0,6,0.0,2,1.0,0.0,54724.03,0
3565,15673739,Onyekachukwu,571,France,Male,33.0,9,0.0,2,1.0,0.0,146937.41,0
3566,15661532,Hsueh,651,France,Male,38.0,7,118886.54,1,1.0,0.0,143939.4,0
3567,15671915,Bowen,707,Spain,Female,46.0,7,0.0,2,1.0,1.0,74945.11,0
3568,15647572,Greece,504,Spain,Male,34.0,2,54980.81,1,0.0,1.0,136909.88,0
3569,15670416,Ferri,684,France,Female,43.0,0,0.0,1,1.0,0.0,15705.27,0
3570,15581229,K?,622,France,Female,39.0,5,0.0,2,1.0,1.0,142331.85,0
3571,15606944,Graham,745,France,Male,43.0,7,0.0,1,1.0,0.0,40023.7,0
3572,15737194,Tu,635,France,Female,33.0,5,0.0,2,0.0,1.0,122949.71,0
3573,15575002,Yefremova,567,France,Female,22.0,7,0.0,1,1.0,1.0,130910.78,0
3574,15642882,Maclean,633,France,Female,45.0,8,0.0,1,0.0,0.0,72846.58,1
3575,15795737,Ts'ao,731,Spain,Male,36.0,6,0.0,2,1.0,0.0,49653.83,0
3576,15674928,Hargreaves,758,France,Female,30.0,7,135962.4,1,1.0,0.0,106977.6,0
3577,15725024,Chukwudi,712,Germany,Male,52.0,8,117094.02,1,1.0,0.0,176680.16,1
3578,15669783,Martin,661,France,Male,26.0,4,110463.15,2,0.0,1.0,130827.35,0
3579,15776047,Nnonso,591,France,Female,39.0,3,0.0,1,1.0,1.0,122221.71,0
3580,15621435,Maclean,675,France,Female,32.0,6,0.0,1,1.0,1.0,72849.29,0
3581,15659557,McElhone,716,France,Male,31.0,9,0.0,2,1.0,1.0,48170.64,0
3582,15805523,Nnaife,669,France,Male,37.0,4,0.0,1,1.0,1.0,132540.33,0
3583,15788025,H?,526,France,Male,38.0,8,97665.79,1,1.0,0.0,177519.16,0
3584,15656613,Bibi,704,Germany,Female,35.0,10,155782.92,2,0.0,1.0,187985.64,0
3585,15632125,Horsley,681,Spain,Female,35.0,4,0.0,2,1.0,0.0,47749.56,0
3586,15720713,Chibueze,850,Germany,Female,29.0,1,75681.52,1,1.0,0.0,199775.67,0
3587,15588839,Okwuadigbo,813,France,Male,33.0,10,0.0,2,1.0,1.0,180622.04,0
3588,15579616,Giles,632,France,Male,60.0,8,0.0,2,1.0,1.0,1474.79,0
3589,15614778,Lombardi,621,France,Male,39.0,8,0.0,1,1.0,0.0,53379.52,0
3590,15728333,Onyekaozulu,670,Spain,Female,33.0,3,0.0,2,1.0,0.0,92878.73,0
3591,15727353,Chukwueloka,476,France,Male,28.0,8,64808.32,2,0.0,1.0,78591.15,0
3592,15624863,DeRose,663,France,Male,25.0,7,0.0,2,1.0,1.0,77965.64,0
3593,15664539,Bruce,683,Spain,Male,35.0,9,61172.04,2,0.0,0.0,82951.12,0
3594,15784700,Buchi,632,France,Female,48.0,1,0.0,1,1.0,0.0,153587.85,1
3595,15660541,Chiu,694,France,Female,34.0,5,127900.03,1,1.0,0.0,101737.8,0
3596,15722004,Lucchesi,544,Spain,Male,34.0,1,162261.01,1,0.0,0.0,156048.64,0
3597,15602731,Li Fonti,712,France,Female,31.0,4,0.0,2,0.0,1.0,144584.29,0
3598,15688865,Lombardo,735,France,Female,36.0,3,0.0,3,1.0,1.0,143535.36,1
3599,15777614,Webb,545,Spain,Female,44.0,4,0.0,1,1.0,1.0,82614.89,1
3600,15640407,Erskine,683,France,Male,38.0,5,0.0,2,0.0,0.0,57896.54,0
3601,15768359,T'ien,655,Germany,Female,38.0,2,139290.08,1,1.0,1.0,108301.68,0
3602,15705735,Kaeppel,581,Germany,Female,40.0,1,131402.21,1,0.0,0.0,109496.69,1
3603,15594577,Hs?,616,France,Female,37.0,1,0.0,2,1.0,0.0,183490.99,0
3604,15624343,Calabrese,662,France,Male,35.0,7,0.0,2,1.0,1.0,1375.36,0
3605,15642812,Kuo,682,Germany,Male,39.0,7,116674.3,1,1.0,1.0,111904.16,0
3606,15688868,Birdsall,684,France,Male,26.0,1,87098.91,2,0.0,0.0,106095.82,0
3607,15746812,Toscani,553,Spain,Female,49.0,0,138032.42,1,1.0,0.0,111242.09,0
3608,15747168,O'Brien,633,France,Female,31.0,4,0.0,2,1.0,0.0,92888.06,0
3609,15791342,Johnston,697,Spain,Male,34.0,4,0.0,2,1.0,1.0,85891.02,0
3610,15756901,P'an,709,France,Female,41.0,9,0.0,1,1.0,0.0,114448.76,1
3611,15590327,Liao,604,Germany,Male,43.0,5,166031.45,1,0.0,0.0,98293.14,0
3612,15668767,H?,652,France,Female,39.0,5,170932.85,1,1.0,0.0,160968.74,0
3613,15792229,Chukwukere,613,Germany,Female,27.0,0,139964.24,1,1.0,0.0,172574.85,0
3614,15757632,Chuang,628,Germany,Male,71.0,5,134593.35,1,1.0,1.0,166957.2,1
3615,15802585,Zetticci,550,Germany,Male,32.0,4,111009.64,1,0.0,0.0,101834.95,0
3616,15744582,Randall,680,Spain,Female,24.0,10,0.0,1,1.0,0.0,154971.63,0
3617,15651144,Yao,632,Germany,Female,46.0,2,150561.03,1,0.0,0.0,64722.61,1
3618,15750055,Iloerika,710,France,Female,45.0,1,0.0,2,0.0,1.0,71154.75,0
3619,15642041,Pitts,685,Germany,Male,41.0,1,157622.58,1,1.0,1.0,43956.83,0
3620,15707042,Onyekaozulu,539,France,Male,22.0,4,0.0,2,1.0,1.0,177622.38,0
3621,15801462,H?,693,Germany,Female,51.0,2,108204.52,1,1.0,1.0,177528.92,1
3622,15701301,Goliwe,611,Spain,Male,31.0,2,0.0,1,0.0,0.0,108887.44,0
3623,15644400,Liao,592,France,Male,38.0,2,122501.58,1,1.0,1.0,151887.08,1
3624,15601410,Tien,695,Spain,Male,46.0,1,0.0,2,1.0,1.0,177431.59,0
3625,15705735,Chidiebele,749,Germany,Female,46.0,3,122570.86,1,1.0,0.0,167087.34,1
3626,15724428,Abel,544,France,Male,40.0,8,0.0,2,1.0,1.0,61581.2,0
3627,15588622,Rizzo,626,France,Male,37.0,6,0.0,1,1.0,1.0,83295.09,0
3628,15699005,Martin,710,France,Female,32.0,2,156067.05,2,1.0,1.0,9983.88,0
3629,15657214,Hsia,602,France,Female,74.0,2,0.0,2,0.0,1.0,51554.58,0
3630,15658432,Hingston,781,France,Female,34.0,5,0.0,2,1.0,1.0,72969.9,0
3631,15573851,Zhirov,850,France,Male,39.0,9,0.0,2,0.0,1.0,4035.46,0
3632,15600626,Fries,671,Germany,Male,31.0,2,125920.98,1,1.0,1.0,103557.85,0
3633,15604762,Yobachi,703,France,Male,37.0,6,0.0,2,1.0,0.0,53954.24,0
3634,15772383,Toscani,672,France,Male,42.0,9,0.0,1,1.0,1.0,81310.1,1
3635,15607537,Ts'ui,584,Germany,Female,38.0,5,102540.61,1,0.0,0.0,82222.86,1
3636,15706199,White,636,France,Male,36.0,5,0.0,1,0.0,0.0,182059.28,0
3637,15690169,Meng,753,France,Male,50.0,6,161171.7,2,0.0,1.0,12599.94,1
3638,15781689,Read,669,France,Male,32.0,7,0.0,2,1.0,0.0,93982.02,0
3639,15666332,Donaldson,690,Spain,Female,57.0,2,0.0,1,1.0,1.0,3149.1,0
3640,15657779,O'Donnell,646,France,Female,33.0,0,0.0,2,1.0,1.0,102350.17,0
3641,15585222,Nnaife,637,Germany,Female,48.0,3,158742.84,1,1.0,0.0,95985.88,1
3642,15776849,Gordon,554,France,Female,35.0,8,135470.9,1,1.0,1.0,97468.44,0
3643,15788131,Gadsden,637,France,Female,40.0,3,149542.52,1,0.0,1.0,14081.64,1
3644,15605424,Oluchukwu,516,France,Male,44.0,6,104947.72,1,1.0,0.0,115789.25,1
3645,15645136,Chijindum,557,Spain,Male,35.0,2,0.0,2,1.0,1.0,198256.54,0
3646,15792916,Smith,577,France,Male,36.0,6,60515.13,1,1.0,0.0,104982.39,0
3647,15717231,Lu,704,France,Female,31.0,7,0.0,2,1.0,0.0,126517.46,0
3648,15681068,Chinagorom,591,Germany,Male,35.0,2,109730.22,1,1.0,0.0,123882.73,0
3649,15633840,White,786,France,Male,55.0,8,0.0,2,1.0,1.0,133112.41,0
3650,15764339,Milano,708,France,Female,46.0,1,133659.46,1,0.0,1.0,90591.32,0
3651,15792473,Reilly,578,France,Male,32.0,2,0.0,1,0.0,1.0,64139.1,0
3652,15784099,Clark,725,France,Female,36.0,7,0.0,1,1.0,0.0,128052.29,0
3653,15813850,Christian,720,France,Male,52.0,6,0.0,1,1.0,1.0,14781.12,0
3654,15593969,Okwuadigbo,571,Spain,Male,40.0,1,0.0,2,1.0,1.0,123570.24,0
3655,15713378,Chizuoke,662,Germany,Male,39.0,2,133476.04,2,1.0,1.0,96463.99,0
3656,15771728,Nnamutaezinwa,600,France,Male,34.0,6,0.0,2,1.0,1.0,146613.43,0
3657,15775709,Nucci,832,France,Female,27.0,8,98590.25,1,1.0,1.0,30912.89,0
3658,15771855,Yu,682,France,Male,37.0,5,112572.39,1,1.0,0.0,93568.77,0
3659,15723907,Han,710,Germany,Female,29.0,9,102741.15,2,1.0,1.0,154181.41,0
3660,15571692,Ritchie,598,France,Male,35.0,6,0.0,2,1.0,1.0,156891.08,0
3661,15681550,H?,554,Spain,Male,37.0,9,121092.47,2,1.0,1.0,142626.49,0
3662,15711157,Baresi,633,France,Male,29.0,7,0.0,2,1.0,0.0,71363.94,0
3663,15687556,Tien,678,Spain,Male,36.0,5,0.0,1,1.0,1.0,180598.59,0
3664,15697559,Nnamdi,667,Spain,Male,33.0,6,0.0,2,0.0,1.0,185280.24,0
3665,15791268,Kao,643,France,Male,35.0,2,0.0,2,1.0,0.0,47318.75,0
3666,15781563,Chukwumaobim,476,France,Male,57.0,5,0.0,1,1.0,1.0,106655.87,1
3667,15643683,T'ao,516,Germany,Female,43.0,8,131371.36,2,1.0,1.0,73858.89,0
3668,15578738,Tuan,592,France,Male,31.0,7,71872.19,1,1.0,0.0,151924.9,1
3669,15778089,Nwankwo,747,Germany,Male,30.0,9,112930.06,1,1.0,1.0,51364.57,0
3670,15761654,Fomin,563,Germany,Male,37.0,4,136914.88,2,0.0,0.0,74800.62,0
3671,15713637,Fu,594,France,Male,38.0,2,0.0,2,0.0,1.0,103480.69,0
3672,15776051,Iweobiegbunam,738,France,Male,36.0,3,0.0,1,1.0,1.0,71333.44,1
3673,15660211,Tuan,484,France,Female,43.0,2,0.0,1,1.0,1.0,70534.0,0
3674,15723720,Oluchukwu,850,Germany,Female,59.0,6,138778.15,2,1.0,1.0,131834.79,0
3675,15587066,Chiazagomekpere,662,France,Male,22.0,7,137841.76,1,1.0,1.0,123669.57,0
3676,15717286,Chien,675,Spain,Female,40.0,7,79035.95,1,1.0,0.0,142783.98,1
3677,15603082,Onwubiko,729,France,Male,41.0,2,0.0,2,1.0,0.0,124874.23,0
3678,15796764,Bruno,684,Germany,Male,52.0,5,127585.98,1,1.0,0.0,80593.49,1
3679,15628715,Rees,803,Spain,Male,33.0,9,0.0,2,1.0,0.0,113677.53,0
3680,15689953,Ubanwa,663,France,Male,39.0,4,0.0,2,0.0,0.0,35770.84,0
3681,15752588,De Garis,613,France,Female,47.0,4,166909.2,1,1.0,0.0,50488.91,1
3682,15745324,Chidimma,586,Germany,Female,43.0,4,145081.06,1,1.0,0.0,74850.88,1
3683,15799468,Uspensky,756,France,Female,31.0,0,102050.47,1,1.0,1.0,131710.59,0
3684,15756539,Tuan,584,France,Male,31.0,8,0.0,2,0.0,0.0,89891.4,0
3685,15708713,Ch'ang,663,Germany,Female,39.0,10,121263.63,1,1.0,0.0,103604.73,1
3686,15756481,Zuyev,558,France,Male,22.0,1,118342.26,1,1.0,0.0,183540.24,0
3687,15693721,Chiang,637,France,Male,31.0,7,104450.94,1,0.0,1.0,163714.58,0
3688,15814331,Lung,537,Germany,Female,54.0,2,115462.02,2,0.0,0.0,55337.79,0
3689,15677796,Pinto,651,France,Female,28.0,9,79857.64,1,1.0,0.0,156495.39,0
3690,15689237,Uwakwe,614,Spain,Female,31.0,3,165798.76,1,0.0,1.0,47322.25,1
3691,15745030,Trevisano,689,Spain,Female,37.0,1,0.0,2,1.0,0.0,98949.85,0
3692,15645029,Ikedinachukwu,479,Germany,Male,35.0,5,130933.74,2,1.0,0.0,126551.65,0
3693,15705879,Okwukwe,646,France,Male,38.0,2,109153.04,2,1.0,1.0,94875.84,0
3694,15692782,McLean,686,France,Female,32.0,3,0.0,1,0.0,1.0,115779.47,0
3695,15658946,Fanucci,596,France,Female,32.0,10,118886.55,1,1.0,0.0,72993.67,0
3696,15715888,Liao,687,Spain,Female,39.0,4,0.0,2,0.0,1.0,76640.29,0
3697,15810167,P'eng,721,France,Female,50.0,9,0.0,2,1.0,1.0,57589.29,0
3698,15745794,Cocci,781,France,Male,32.0,6,161887.81,1,1.0,1.0,84870.23,0
3699,15703541,Smeaton,682,France,Female,31.0,10,0.0,1,1.0,0.0,131778.58,1
3700,15687828,Uspenskaya,775,France,Female,25.0,1,0.0,1,1.0,1.0,142516.35,0
3701,15737267,Li Fonti,687,France,Female,36.0,2,0.0,1,1.0,0.0,49809.88,0
3702,15632848,Tretiakova,658,France,Female,31.0,3,133003.03,1,1.0,0.0,146192.4,0
3703,15634310,Y?,509,France,Male,30.0,6,0.0,2,0.0,0.0,180598.86,0
3704,15680141,Okwudiliolisa,739,Germany,Male,43.0,4,123894.43,1,1.0,0.0,160546.58,1
3705,15743279,Zikoranachidimma,666,Germany,Female,36.0,10,138668.47,1,1.0,0.0,138578.71,1
3706,15699257,Maslova,517,Spain,Male,39.0,5,0.0,2,0.0,1.0,155492.87,1
3707,15596797,Tipton,652,Spain,Female,47.0,3,131284.78,1,1.0,0.0,119100.05,1
3708,15785798,Pisani,631,Spain,Male,31.0,6,0.0,2,1.0,1.0,102640.52,0
3709,15774551,Zetticci,763,France,Female,45.0,7,0.0,1,1.0,1.0,135067.97,0
3710,15794865,Tien,716,France,Male,44.0,4,0.0,2,1.0,0.0,158313.87,0
3711,15593497,Kaur,595,France,Female,28.0,4,0.0,2,1.0,0.0,149535.84,1
3712,15771570,Tsou,718,France,Male,41.0,5,94486.08,1,1.0,0.0,82517.19,0
3713,15651740,Lucciano,708,Germany,Male,28.0,10,152522.47,1,1.0,0.0,124071.71,0
3714,15642063,Iadanza,745,France,Male,33.0,9,0.0,2,0.0,0.0,172674.36,0
3715,15690673,K'ung,714,France,Male,48.0,6,0.0,1,1.0,1.0,152956.33,0
3716,15653347,Nwachukwu,689,France,Male,38.0,3,0.0,2,0.0,0.0,100564.37,0
3717,15693337,Obielumani,604,Spain,Male,34.0,5,0.0,2,1.0,1.0,16081.36,0
3718,15663888,Connor,549,Spain,Male,42.0,2,0.0,2,1.0,0.0,109538.35,0
3719,15764661,De Bernales,595,Spain,Female,71.0,5,61688.61,2,1.0,1.0,132404.64,0
3720,15780212,Okwudilichukwu,604,France,Male,35.0,2,0.0,2,1.0,1.0,114514.96,0
3721,15586029,Efremova,622,France,Male,35.0,1,131324.72,1,0.0,1.0,91094.46,0
3722,15631821,Pirozzi,743,France,Male,37.0,7,0.0,1,1.0,0.0,161457.66,0
3723,15678034,Grosse,811,France,Male,38.0,9,0.0,2,1.0,0.0,164241.67,0
3724,15624229,Noble,694,France,Female,37.0,7,0.0,2,1.0,1.0,11525.72,0
3725,15797772,Mazzanti,826,France,Female,29.0,7,0.0,2,1.0,0.0,137772.23,0
3726,15628144,Milani,627,France,Female,45.0,7,0.0,1,1.0,1.0,147536.08,1
3727,15668575,Okwudilichukwu,645,France,Male,24.0,4,0.0,1,1.0,1.0,162683.06,0
3728,15790750,Ritchie,516,France,Male,31.0,3,0.0,2,1.0,1.0,148516.79,0
3729,15757588,Y?,679,Spain,Female,36.0,3,169832.57,1,1.0,1.0,126223.84,0
3730,15791851,Lucciano,769,Germany,Female,35.0,0,109026.8,2,1.0,1.0,43999.64,0
3731,15801062,Matthews,557,Spain,Female,40.0,4,0.0,2,0.0,0.0,105433.53,1
3732,15748649,Tien,757,France,Female,34.0,6,0.0,2,1.0,0.0,167773.55,0
3733,15752342,Bradley,687,Spain,Male,54.0,6,0.0,2,1.0,1.0,60587.27,0
3734,15699257,Shih,669,Germany,Male,28.0,4,115915.53,2,1.0,1.0,158815.09,0
3735,15702337,Sinclair,649,France,Male,37.0,7,0.0,2,1.0,1.0,74580.8,0
3736,15780492,Chiazagomekpele,682,Germany,Male,35.0,4,139707.18,1,1.0,0.0,125870.5,0
3737,15657771,Tien,645,France,Male,40.0,4,0.0,2,1.0,1.0,140889.32,0
3738,15794550,Chia,629,Germany,Male,33.0,9,133050.41,2,1.0,0.0,61164.6,0
3739,15729956,Sung,659,Spain,Male,28.0,1,98710.89,1,1.0,1.0,83617.17,0
3740,15732969,Ts'ui,629,France,Male,38.0,0,0.0,1,1.0,1.0,133537.08,1
3741,15787026,Maccallum,646,France,Male,71.0,2,0.0,2,0.0,1.0,53793.1,1
3742,15773421,Chiu,521,France,Female,54.0,9,0.0,1,1.0,0.0,75578.67,1
3743,15656062,Palermo,643,Spain,Male,30.0,7,0.0,2,0.0,0.0,175544.02,0
3744,15784526,Nkemdirim,554,France,Female,25.0,1,0.0,1,1.0,0.0,5983.8,0
3745,15712483,Chidi,549,Spain,Male,52.0,4,0.0,1,1.0,0.0,10899.63,1
3746,15658852,Lettiere,632,France,Female,31.0,4,0.0,2,1.0,0.0,61531.86,0
3747,15672640,Lai,601,France,Male,43.0,2,0.0,1,1.0,0.0,25571.37,0
3748,15743312,Calabrese,652,France,Male,29.0,6,0.0,2,1.0,0.0,164061.6,0
3749,15607312,Tseng,602,Germany,Male,34.0,5,140197.18,1,1.0,1.0,144727.45,0
3750,15792151,Lucchese,720,France,Female,32.0,2,0.0,2,0.0,1.0,141031.08,0
3751,15663939,K'ung,567,France,Female,37.0,1,0.0,2,1.0,1.0,35230.61,0
3752,15781220,Ndukaku,731,Spain,Male,39.0,7,111973.97,1,1.0,1.0,81564.96,0
3753,15634295,Ch'iu,523,France,Male,41.0,6,0.0,2,1.0,0.0,138526.96,0
3754,15764444,Hsia,727,Spain,Male,38.0,9,0.0,2,1.0,1.0,80553.84,0
3755,15694160,Sagese,671,France,Male,37.0,2,0.0,2,1.0,0.0,112104.55,0
3756,15584776,Nwachukwu,697,Germany,Female,49.0,7,137648.41,1,1.0,0.0,171056.65,1
3757,15691446,Kao,732,Germany,Male,28.0,4,161766.87,1,1.0,1.0,166677.35,0
3758,15694859,Kao,695,Germany,Female,43.0,2,106089.3,1,1.0,1.0,167984.72,1
3759,15617136,Mazzanti,722,Germany,Female,38.0,3,61482.47,2,1.0,0.0,167538.66,0
3760,15662751,Pinto,683,France,Male,35.0,5,0.0,2,0.0,1.0,90878.13,0
3761,15724336,Yates,513,Germany,Female,25.0,9,171601.27,1,1.0,0.0,126223.84,0
3762,15642885,Gray,792,France,Male,49.0,8,0.0,1,1.0,0.0,199644.2,1
3763,15738224,Ts'ai,673,France,Female,50.0,9,0.0,1,1.0,1.0,142763.28,1
3764,15589754,Manna,565,France,Male,31.0,4,0.0,2,1.0,1.0,111421.77,0
3765,15778929,Hsia,667,France,Female,50.0,4,0.0,1,1.0,0.0,95733.89,1
3766,15662494,Hsia,632,Spain,Male,50.0,3,0.0,1,1.0,0.0,140134.43,1
3767,15746662,Uvarov,667,France,Male,38.0,6,0.0,2,1.0,1.0,66963.15,0
3768,15764409,Nwabugwu,651,France,Female,46.0,7,0.0,1,1.0,0.0,137079.86,1
3769,15670668,Pinto,567,France,Male,28.0,4,102955.14,2,1.0,0.0,171770.58,0
3770,15637138,Onio,663,Spain,Female,30.0,10,0.0,2,0.0,0.0,163587.9,0
3771,15775238,Chijindum,691,Germany,Male,30.0,2,101016.53,2,0.0,0.0,156529.44,0
3772,15811343,Hsia,775,Germany,Female,57.0,5,137936.94,1,1.0,1.0,171768.59,1
3773,15752601,Okwudiliolisa,710,Germany,Female,38.0,3,126825.85,1,1.0,0.0,84790.61,0
3774,15618647,Ch'iu,600,France,Male,35.0,2,143744.77,1,1.0,0.0,104076.51,0
3775,15763111,McIntosh,654,France,Female,53.0,1,123783.25,1,1.0,1.0,169894.4,0
3776,15806901,Henderson,584,France,Female,39.0,3,112687.69,1,1.0,1.0,127749.61,0
3777,15783865,Palerma,695,Germany,Male,36.0,7,145303.52,2,1.0,0.0,82868.34,0
3778,15784700,Chukwumaobim,711,France,Male,37.0,8,0.0,2,1.0,1.0,12905.89,0
3779,15748691,Ts'ao,798,France,Female,29.0,6,0.0,2,1.0,1.0,70223.22,0
3780,15779904,Yobanna,597,France,Female,29.0,5,170935.94,1,1.0,1.0,174825.57,0
3781,15776596,Hsu,591,Spain,Male,34.0,6,0.0,1,0.0,1.0,125646.57,0
3782,15806918,Ireland,674,France,Male,27.0,9,0.0,2,1.0,1.0,151925.25,0
3783,15707918,Nnamdi,685,France,Female,31.0,9,0.0,1,1.0,0.0,101677.46,1
3784,15693904,Chiang,604,Germany,Female,30.0,4,84958.6,2,1.0,1.0,194343.72,0
3785,15736274,Prokhorova,751,France,Male,31.0,8,0.0,2,0.0,0.0,17550.49,1
3786,15693379,Chukwuebuka,684,Spain,Male,37.0,1,137948.92,1,1.0,1.0,88724.96,0
3787,15585256,Iloerika,569,Spain,Female,26.0,2,0.0,2,1.0,1.0,25042.1,0
3788,15655238,Manna,683,France,Female,55.0,1,0.0,1,1.0,0.0,187987.04,0
3789,15722578,Cattaneo,681,France,Male,39.0,2,61211.18,1,1.0,1.0,70665.16,0
3790,15669946,Jackson,492,France,Female,46.0,2,0.0,2,1.0,0.0,39519.53,0
3791,15751227,Ebelegbulam,807,France,Male,38.0,1,95120.59,1,0.0,1.0,127875.1,0
3792,15644551,Scott,599,France,Male,37.0,1,0.0,2,1.0,1.0,126828.33,0
3793,15773792,Evans,662,France,Male,32.0,3,133950.37,1,1.0,1.0,48725.68,0
3794,15591428,Myers,781,France,Male,29.0,5,109471.79,1,0.0,0.0,172097.4,1
3795,15687477,Chiemenam,622,France,Female,32.0,9,135422.31,1,1.0,0.0,186418.85,0
3796,15600882,Kao,752,France,Male,40.0,0,0.0,2,1.0,0.0,88669.89,0
3797,15580623,Yefremova,748,Spain,Male,39.0,8,0.0,2,0.0,1.0,77965.67,0
3798,15571550,Milne,746,Spain,Male,39.0,9,115462.07,1,1.0,0.0,93716.35,0
3799,15756920,H?,719,France,Male,38.0,8,0.0,2,1.0,0.0,86077.23,0
3800,15582116,Ma,712,Germany,Female,45.0,7,132746.2,1,1.0,0.0,26628.88,0
3801,15809585,H?,738,France,Male,38.0,7,0.0,2,0.0,1.0,1528.4,0
3802,15602479,Biryukov,679,France,Male,32.0,9,0.0,2,1.0,0.0,168034.9,0
3803,15757385,Milne,578,Spain,Female,28.0,5,161592.76,1,1.0,1.0,177834.79,1
3804,15682540,Cremonesi,731,France,Female,32.0,8,0.0,1,1.0,1.0,112928.74,0
3805,15605967,Hsiung,707,France,Male,29.0,2,121898.59,1,0.0,1.0,54440.28,0
3806,15641114,Nixon,698,Germany,Female,51.0,0,126145.54,2,0.0,0.0,138051.19,1
3807,15595135,Solomon,778,Germany,Female,29.0,4,123229.46,2,1.0,0.0,181221.09,0
3808,15585362,Simmons,661,France,Female,37.0,4,0.0,2,0.0,1.0,17978.68,0
3809,15596968,Hsu,670,Germany,Female,43.0,1,98862.54,1,1.0,0.0,136902.01,1
3810,15663917,Palerma,553,Spain,Female,29.0,3,0.0,1,0.0,1.0,126675.46,1
3811,15777051,Udegbunam,724,Spain,Male,42.0,3,0.0,1,1.0,1.0,63611.12,0
3812,15594947,Y?an,594,France,Female,27.0,2,0.0,2,1.0,1.0,187985.12,0
3813,15578905,Lai,622,France,Male,33.0,8,0.0,2,0.0,0.0,182295.65,0
3814,15638607,Lucchesi,512,France,Male,30.0,2,0.0,2,1.0,0.0,88827.67,0
3815,15588859,Yefremova,699,France,Female,50.0,5,0.0,1,1.0,0.0,184312.66,1
3816,15600781,Hs?,521,Germany,Female,63.0,9,120515.39,1,1.0,0.0,80552.36,1
3817,15746569,T'ao,652,France,Male,37.0,9,0.0,2,1.0,1.0,141211.5,0
3818,15619626,Wade,637,France,Male,21.0,3,137492.35,2,0.0,1.0,170142.09,0
3819,15646817,Scott,583,France,Male,34.0,3,0.0,2,1.0,0.0,67944.09,0
3820,15781459,Onwuamaeze,639,Spain,Male,31.0,5,0.0,1,1.0,0.0,103565.96,0
3821,15640866,Peng,718,France,Female,29.0,3,0.0,2,0.0,1.0,134462.29,0
3822,15660144,Sun,732,Germany,Male,42.0,3,108393.35,2,1.0,1.0,121894.31,0
3823,15587596,Chieloka,651,Spain,Female,34.0,8,127095.14,2,0.0,0.0,4195.84,1
3824,15693379,Hsing,684,Germany,Female,33.0,2,132022.66,1,0.0,0.0,54474.84,1
3825,15727489,Chidimma,656,France,Male,34.0,2,125534.46,1,1.0,1.0,74850.97,0
3826,15665760,T'ien,569,France,Male,26.0,9,0.0,2,1.0,0.0,44251.33,0
3827,15574119,Chu,717,Spain,Male,39.0,8,0.0,2,1.0,1.0,27472.07,0
3828,15804516,Mazzi,556,France,Male,34.0,1,165350.61,1,1.0,0.0,126812.63,0
3829,15702377,L?,656,France,Female,30.0,6,116085.06,1,1.0,1.0,121299.14,0
3830,15794849,Shih,637,Spain,Male,35.0,9,0.0,2,1.0,0.0,90876.93,0
3831,15669414,Pisano,486,Germany,Female,62.0,9,118356.89,2,1.0,0.0,168034.9,1
3832,15601550,Nnaife,589,Spain,Male,39.0,2,0.0,1,1.0,1.0,60920.03,0
3833,15661036,Manna,739,Germany,Female,33.0,4,128137.42,1,1.0,0.0,113666.48,1
3834,15771299,Lucciano,633,Spain,Male,27.0,5,0.0,2,0.0,1.0,75927.35,0
3835,15626212,Bibi,678,France,Male,38.0,4,0.0,2,1.0,1.0,109153.04,0
3836,15789247,Palerma,623,France,Female,56.0,9,108437.89,1,1.0,1.0,155876.06,0
3837,15640825,Loyau,695,France,Male,46.0,1,0.0,3,1.0,1.0,56297.85,0
3838,15732343,Ejimofor,684,Spain,Male,37.0,1,118520.41,1,1.0,1.0,102874.22,0
3839,15753591,He,468,Spain,Male,31.0,2,0.0,2,1.0,0.0,136859.55,0
3840,15690526,Li,644,France,Male,34.0,9,0.0,1,1.0,1.0,149536.16,0
3841,15803352,Hsu,746,Spain,Male,42.0,3,0.0,2,1.0,0.0,131736.23,0
3842,15804953,K?,698,Germany,Female,39.0,7,124545.65,1,0.0,1.0,120586.18,0
3843,15726466,Esposito,751,Spain,Female,49.0,4,114974.24,1,1.0,0.0,125920.54,1
3844,15585853,T'ien,703,France,Female,31.0,8,0.0,2,1.0,1.0,180712.28,0
3845,15572022,Ch'iu,631,Spain,Female,29.0,0,133040.32,1,1.0,1.0,151304.68,0
3846,15658670,Ts'ui,565,Germany,Female,38.0,1,135795.63,2,1.0,1.0,46510.65,0
3847,15654870,Teng,703,France,Female,44.0,8,0.0,1,1.0,0.0,93844.82,0
3848,15630661,Olszewski,600,Spain,Male,39.0,0,0.0,1,1.0,0.0,167033.93,1
3849,15584928,Ts'ui,705,France,Female,28.0,9,104508.1,2,0.0,0.0,11384.45,0
3850,15698031,Romano,667,France,Male,39.0,6,0.0,2,1.0,0.0,79888.78,0
3851,15691119,P'eng,654,France,Male,30.0,4,0.0,2,0.0,1.0,90591.15,0
3852,15585067,Scott,673,France,Male,31.0,7,0.0,2,1.0,1.0,164741.5,0
3853,15679283,Owen,651,France,Female,28.0,0,139064.06,1,0.0,1.0,44965.44,0
3854,15812945,Hs?,716,France,Female,32.0,4,185714.28,1,1.0,1.0,60552.44,0
3855,15791871,Nkemakolam,585,France,Female,39.0,5,0.0,2,1.0,1.0,123410.98,0
3856,15758031,Milanesi,691,France,Male,44.0,7,0.0,2,1.0,0.0,125010.24,0
3857,15673971,Houghton,703,Germany,Female,44.0,6,146498.76,1,1.0,0.0,64853.51,1
3858,15683375,Compton,541,France,Male,38.0,6,0.0,1,0.0,1.0,114951.42,1
3859,15792668,Hamilton,661,Germany,Male,37.0,9,109908.06,2,1.0,0.0,115037.67,0
3860,15576623,Hs?,712,France,Male,37.0,8,0.0,1,1.0,0.0,120219.14,0
3861,15744606,Ch'eng,553,Germany,Female,40.0,5,152265.43,1,1.0,1.0,77951.84,1
3862,15602373,White,577,France,Female,44.0,7,115049.15,1,1.0,0.0,165038.41,1
3863,15682728,Nnamdi,684,France,Male,32.0,1,0.0,2,1.0,0.0,103570.75,0
3864,15776051,Kao,551,France,Female,45.0,2,0.0,3,1.0,1.0,51143.43,0
3865,15810829,Hsia,705,France,Male,48.0,5,0.0,2,1.0,0.0,13921.82,0
3866,15612073,Fyodorov,829,France,Female,57.0,4,98630.13,2,1.0,1.0,152097.02,1
3867,15587535,Galkin,646,France,Female,39.0,6,0.0,1,1.0,0.0,126423.5,0
3868,15779904,Lo Duca,756,France,Female,37.0,0,112957.26,1,1.0,1.0,174027.3,0
3869,15714080,Goliwe,566,Germany,Female,40.0,6,97001.36,2,1.0,0.0,154486.01,0
3870,15612187,Manna,535,France,Male,32.0,1,0.0,2,1.0,1.0,142404.34,0
3871,15782454,Hancock,552,Spain,Male,49.0,8,0.0,1,1.0,0.0,190296.76,1
3872,15690731,Iheatu,461,Spain,Male,41.0,2,90218.9,1,1.0,1.0,134790.74,0
3873,15592583,Ts'ui,757,Spain,Male,44.0,4,0.0,2,1.0,0.0,172495.81,0
3874,15724161,Mazzi,577,Spain,Male,27.0,8,0.0,1,1.0,0.0,173486.39,0
3875,15724444,Pagnotto,648,Spain,Male,26.0,6,0.0,2,1.0,1.0,64613.51,0
3876,15617052,Palerma,717,France,Female,50.0,2,0.0,2,1.0,1.0,79866.73,0
3877,15723793,Zaytseva,850,France,Male,30.0,9,102948.92,2,1.0,0.0,107971.15,0
3878,15763922,Alexandrov,608,France,Male,32.0,7,79962.92,1,1.0,0.0,60901.72,0
3879,15591932,Hs?eh,751,France,Female,47.0,6,91622.42,1,1.0,0.0,168834.15,1
3880,15621818,Onyekachi,635,Germany,Male,39.0,7,123936.38,2,0.0,1.0,60954.48,0
3881,15793854,Onwughara,705,Germany,Female,35.0,2,144272.07,1,1.0,0.0,121299.14,1
3882,15590476,Onochie,574,France,Male,34.0,1,150842.93,1,1.0,0.0,151645.96,0
3883,15636982,Reed,581,Spain,Female,43.0,4,170172.9,1,1.0,1.0,100236.02,0
3884,15809124,Y?an,674,Spain,Male,35.0,7,0.0,2,0.0,0.0,57553.02,0
3885,15761047,Hsing,651,France,Female,58.0,4,0.0,2,1.0,1.0,125940.27,0
3886,15610446,Onio,591,Spain,Female,33.0,1,132446.08,1,1.0,1.0,156858.2,0
3887,15661827,Y?an,648,France,Female,46.0,1,0.0,1,1.0,1.0,54919.51,1
3888,15790744,McIntyre,543,Germany,Female,44.0,3,153366.13,1,1.0,0.0,165562.84,1
3889,15639004,Chukwufumnanya,644,Germany,Male,58.0,4,131834.76,1,0.0,1.0,72993.65,0
3890,15689616,Onwumelu,702,Germany,Female,47.0,9,113381.72,1,1.0,0.0,54478.41,1
3891,15697574,Teng,704,France,Male,43.0,2,0.0,2,0.0,1.0,148887.44,0
3892,15581551,Gboliwe,703,France,Male,34.0,7,0.0,1,1.0,0.0,137985.61,0
3893,15691926,Mazzi,711,France,Male,29.0,5,0.0,2,1.0,1.0,115525.64,0
3894,15775108,Napolitano,564,France,Male,42.0,10,200724.96,1,1.0,0.0,82872.64,1
3895,15754954,White,628,France,Female,42.0,4,0.0,2,1.0,1.0,182784.04,0
3896,15646969,Ch'ien,611,Germany,Female,33.0,8,96402.11,2,1.0,1.0,187930.23,0
3897,15791270,Ritchie,646,Spain,Female,32.0,3,0.0,1,1.0,0.0,27509.8,0
3898,15676812,Nwabugwu,599,Spain,Male,34.0,8,127772.18,1,0.0,0.0,74850.97,0
3899,15574761,Laidley,618,France,Female,28.0,3,0.0,2,1.0,1.0,96546.55,0
3900,15789432,Mazzanti,451,France,Male,33.0,6,0.0,2,0.0,1.0,184954.11,0
3901,15597914,Hsueh,624,Germany,Male,35.0,3,133040.32,2,1.0,1.0,87906.52,0
3902,15637138,Murray,688,France,Male,34.0,9,0.0,2,1.0,1.0,9692.58,0
3903,15642725,Watson,593,Spain,Female,45.0,4,0.0,2,1.0,0.0,144423.05,0
3904,15571065,White,628,Spain,Female,33.0,2,0.0,1,0.0,0.0,81405.0,0
3905,15754574,Pinto,656,France,Male,52.0,4,0.0,2,1.0,0.0,66586.56,1
3906,15697574,Chidimma,741,France,Male,38.0,1,99516.7,1,1.0,1.0,129813.13,0
3907,15650034,Nucci,691,France,Female,39.0,8,0.0,2,1.0,0.0,83700.79,0
3908,15569264,Mancini,661,France,Male,30.0,1,153394.14,1,1.0,0.0,130910.78,0
3909,15723886,Hao,708,France,Male,26.0,2,0.0,2,1.0,0.0,162719.69,0
3910,15775886,Su,670,France,Female,40.0,3,0.0,1,0.0,1.0,140754.19,1
3911,15677173,Li Fonti,711,France,Male,55.0,6,0.0,1,1.0,1.0,115525.13,0
3912,15641110,Goliwe,627,France,Female,40.0,5,109013.63,1,1.0,0.0,173434.74,0
3913,15646615,Iloerika,786,Spain,Male,37.0,6,152341.99,1,1.0,1.0,141756.13,0
3914,15580146,Hung,691,France,Male,31.0,9,82674.15,1,1.0,0.0,41970.72,0
3915,15697318,Mancini,682,France,Female,49.0,2,132378.54,1,1.0,1.0,127932.4,1
3916,15727350,Ponomaryov,598,France,Female,39.0,3,0.0,1,1.0,1.0,125023.21,0
3917,15764444,Pan,679,Germany,Male,32.0,8,125850.53,2,1.0,1.0,87008.17,0
3918,15618401,T'ang,540,France,Female,35.0,2,0.0,3,1.0,1.0,73857.15,0
3919,15682318,Onyemere,684,Spain,Male,37.0,5,120915.04,1,1.0,0.0,123981.02,0
3920,15680243,Chuang,686,Germany,Male,35.0,3,155973.79,2,1.0,0.0,88814.34,0
3921,15684319,White,651,Spain,Female,53.0,4,0.0,2,1.0,1.0,120108.56,0
3922,15808971,Y?an,463,France,Female,41.0,5,0.0,2,1.0,0.0,176858.5,0
3923,15666061,Onio,649,France,Male,43.0,3,0.0,2,1.0,0.0,132783.8,0
3924,15722061,Hsing,628,France,Male,27.0,8,0.0,2,1.0,0.0,94822.45,0
3925,15747647,Genovese,619,France,Male,46.0,6,0.0,1,1.0,1.0,162501.49,1
3926,15671530,H?,728,Germany,Female,39.0,5,127723.23,1,0.0,1.0,173486.04,0
3927,15682369,Wright,758,France,Female,32.0,2,84378.9,1,1.0,1.0,75396.43,0
3928,15772216,Tien,699,France,Male,33.0,2,0.0,1,1.0,1.0,84760.32,0
3929,15780056,Hsiung,590,Germany,Female,39.0,7,116800.25,2,1.0,0.0,70785.27,0
3930,15703264,Chukwufumnanya,735,France,Male,44.0,9,120681.63,1,1.0,0.0,94823.95,0
3931,15661821,Echezonachukwu,639,France,Male,31.0,6,161889.91,1,1.0,0.0,149812.88,0
3932,15765311,Genovese,607,Spain,Male,40.0,5,0.0,2,1.0,1.0,87817.35,0
3933,15641390,Trevisani,677,France,Female,28.0,9,0.0,1,1.0,0.0,93832.93,0
3934,15705521,Nwachinemelu,665,France,Female,22.0,9,0.0,2,1.0,1.0,57896.09,0
3935,15569670,Nwachukwu,608,France,Male,27.0,3,151637.73,1,1.0,1.0,40774.01,0
3936,15591248,Chukwumaobim,628,Germany,Male,29.0,9,71996.29,1,1.0,1.0,34857.46,0
3937,15604345,Palerma,678,France,Male,34.0,2,0.0,1,1.0,0.0,174032.0,0
3938,15671634,O'Sullivan,795,France,Male,55.0,1,0.0,1,1.0,0.0,159123.82,1
3939,15784849,Mazzanti,810,Germany,Female,54.0,0,101116.66,2,1.0,1.0,136776.75,1
3940,15765328,Chinwenma,505,France,Male,28.0,9,0.0,2,1.0,0.0,144725.14,0
3941,15585928,Ch'ien,645,Germany,Female,45.0,1,154483.98,1,1.0,0.0,176712.59,1
3942,15708904,Martin,850,France,Male,37.0,1,0.0,2,1.0,0.0,100101.06,0
3943,15658067,Onyekaozulu,714,France,Male,41.0,7,0.0,2,1.0,1.0,162865.63,0
3944,15782650,Mancini,682,Spain,Female,41.0,0,0.0,2,1.0,0.0,51721.52,0
3945,15647782,Ch'in,651,Germany,Female,42.0,2,130700.92,2,0.0,0.0,137577.54,0
3946,15671249,Lucchesi,686,France,Male,34.0,5,0.0,2,1.0,1.0,164549.74,0
3947,15652400,Ch'in,678,Germany,Female,46.0,9,92474.05,1,1.0,0.0,107876.2,1
3948,15810891,Flynn,620,France,Male,33.0,9,0.0,1,1.0,0.0,59659.53,0
3949,15695872,Fiorentini,712,France,Female,47.0,1,89571.59,1,1.0,1.0,177613.19,1
3950,15630353,T'an,670,France,Male,27.0,10,104486.11,2,1.0,0.0,126013.58,0
3951,15740900,Chukwuraenye,731,Germany,Male,47.0,6,91287.97,1,1.0,0.0,115037.93,1
3952,15641794,Ijendu,684,Spain,Male,35.0,1,133674.24,1,0.0,0.0,147558.47,0
3953,15644796,Chigozie,667,Germany,Female,35.0,7,122570.64,2,1.0,1.0,110457.99,0
3954,15626114,Tsao,595,Spain,Female,38.0,2,171646.76,1,1.0,1.0,176728.28,0
3955,15676571,Onwuemelie,792,France,Female,42.0,7,91621.69,1,0.0,1.0,81898.81,0
3956,15723063,Udegbulam,521,Spain,Male,31.0,6,175070.72,1,1.0,1.0,175025.74,0
3957,15803541,Chiemezie,809,France,Female,28.0,7,96863.13,1,1.0,1.0,140937.97,0
3958,15689614,Nnanna,614,Spain,Male,28.0,7,0.0,1,1.0,0.0,180622.02,0
3959,15614778,Chia,663,France,Female,34.0,5,71460.67,2,1.0,1.0,116912.45,0
3960,15718406,Smith,686,Germany,Male,34.0,2,109958.15,1,1.0,1.0,163484.8,0
3961,15729018,Alexander,666,France,Female,36.0,10,0.0,2,0.0,1.0,62627.55,0
3962,15642709,Tsao,630,France,Female,39.0,8,0.0,2,1.0,1.0,63158.22,0
3963,15772618,Pendergrass,705,France,Female,21.0,5,0.0,2,0.0,1.0,80619.09,0
3964,15775750,Ch'ien,755,France,Male,30.0,3,105795.9,1,0.0,1.0,57320.92,0
3965,15658675,DeRose,696,Germany,Male,42.0,9,123917.2,2,1.0,0.0,180800.32,0
3966,15803888,Ch'iu,738,Germany,Female,27.0,2,90145.04,2,1.0,0.0,137720.58,0
3967,15653347,K?,722,France,Female,45.0,2,0.0,1,1.0,0.0,88866.92,1
3968,15768451,Nott,681,France,Female,40.0,8,222267.63,1,1.0,0.0,186281.0,1
3969,15585837,Kao,790,France,Male,32.0,5,0.0,2,1.0,1.0,141054.01,0
3970,15663917,Pagnotto,598,France,Male,31.0,5,89558.39,1,1.0,0.0,4441.54,0
3971,15750441,Lavarack,782,France,Male,29.0,5,81210.72,2,0.0,1.0,108003.38,0
3972,15737735,Grant,683,France,Male,40.0,4,95053.1,2,1.0,1.0,116816.54,0
3973,15600912,Uspenskaya,743,France,Male,34.0,2,99843.95,1,1.0,1.0,66976.6,0
3974,15697035,L?,648,France,Male,35.0,2,0.0,2,0.0,0.0,57553.08,0
3975,15753866,Lo Duca,803,France,Female,35.0,9,89696.48,1,1.0,0.0,62403.05,0
3976,15652069,Okwuadigbo,656,Spain,Male,37.0,5,0.0,2,1.0,0.0,78955.87,0
3977,15759991,H?,591,France,Female,36.0,4,0.0,2,1.0,0.0,47799.15,0
3978,15654296,Maclean,569,France,Female,31.0,5,0.0,1,1.0,0.0,183487.98,0
3979,15748625,Hsia,726,France,Male,42.0,9,0.0,1,0.0,0.0,152665.85,1
3980,15569451,Nnonso,705,France,Male,31.0,4,0.0,2,1.0,0.0,122273.35,0
3981,15687094,Bage,575,France,Female,43.0,4,0.0,2,1.0,0.0,40318.33,0
3982,15662532,O'Donnell,627,France,Female,52.0,6,0.0,2,0.0,1.0,150475.15,0
3983,15651272,Reyes,709,France,Male,38.0,5,0.0,1,1.0,0.0,81452.29,1
3984,15605036,Nwankwo,749,France,Female,29.0,3,0.0,2,1.0,1.0,105969.05,0
3985,15781689,Crawford,758,Spain,Female,52.0,9,123681.32,1,1.0,0.0,139410.08,1
3986,15701392,Fiorentino,648,Spain,Female,39.0,9,0.0,2,1.0,0.0,87978.54,0
3987,15705994,Udinese,584,Spain,Male,33.0,8,0.0,2,1.0,0.0,141075.51,0
3988,15721469,Mach,492,Germany,Male,45.0,9,170295.04,2,0.0,0.0,164741.81,1
3989,15777315,Dickson,675,Germany,Male,40.0,8,122378.61,1,1.0,1.0,131629.71,0
3990,15796334,Chukwuebuka,786,Spain,Male,58.0,6,0.0,1,1.0,1.0,117034.32,0
3991,15730272,Calabresi,652,Spain,Male,42.0,2,121542.39,1,1.0,1.0,172448.08,0
3992,15758546,Tuan,613,Spain,Female,34.0,5,0.0,2,1.0,1.0,109843.16,0
3993,15715673,Mazzanti,633,France,Female,29.0,7,0.0,2,1.0,1.0,104784.65,0
3994,15687558,Mault,640,Germany,Male,38.0,10,118613.34,1,1.0,1.0,168469.65,0
3995,15798895,Macleod,559,France,Male,30.0,10,0.0,2,1.0,1.0,83087.14,0
3996,15568878,Li Fonti,663,Spain,Female,36.0,4,102723.35,1,1.0,1.0,41263.69,0
3997,15756021,Baresi,678,France,Female,33.0,7,129735.3,1,1.0,0.0,86925.09,0
3998,15585835,Clements,692,France,Male,26.0,2,0.0,1,1.0,1.0,47729.33,0
3999,15574760,Chiemela,699,France,Female,41.0,2,134870.79,1,1.0,1.0,105961.48,0
4000,15791342,P'eng,727,Spain,Male,33.0,1,0.0,2,1.0,1.0,56767.67,0
4001,15721779,Liao,539,Spain,Male,51.0,8,140549.77,1,1.0,0.0,140937.57,1
4002,15683553,O'Brien,788,France,Female,33.0,1,0.0,1,0.0,0.0,116978.19,0
4003,15696564,Nweke,726,France,Female,38.0,0,145974.79,2,1.0,1.0,137694.23,0
4004,15614687,T'ao,680,France,Female,34.0,4,0.0,1,1.0,0.0,167035.07,1
4005,15650391,Palerma,733,Germany,Female,40.0,5,133667.97,2,1.0,1.0,182729.34,0
4006,15572294,Kelly,623,France,Male,36.0,7,0.0,1,0.0,0.0,129526.57,0
4007,15626012,Obidimkpa,658,France,Female,41.0,6,0.0,1,1.0,1.0,147530.06,0
4008,15780677,Jackson,707,France,Female,59.0,4,119960.29,2,1.0,1.0,170528.63,0
4009,15583576,Onyekachi,729,France,Female,21.0,1,109681.61,1,0.0,1.0,173783.38,0
4010,15583857,Doyne,613,France,Female,41.0,3,107569.89,1,1.0,0.0,139911.58,0
4011,15724336,Hs?eh,632,Germany,Male,49.0,1,131694.97,1,1.0,0.0,132673.23,1
4012,15573969,Frolov,576,Germany,Female,23.0,4,117306.35,2,1.0,1.0,153711.2,0
4013,15694890,Chukwuemeka,643,Spain,Female,39.0,2,141788.63,1,1.0,0.0,166677.54,0
4014,15777895,P'eng,730,Germany,Male,53.0,5,147733.64,2,1.0,0.0,122518.5,0
4015,15655574,Hoolan,561,France,Male,32.0,3,120145.05,1,1.0,1.0,50560.43,0
4016,15581102,P'eng,565,France,Female,43.0,6,0.0,2,1.0,1.0,103372.79,0
4017,15596060,Chiemenam,677,Spain,Male,37.0,2,151226.98,1,1.0,1.0,179206.92,0
4018,15696564,Smith,521,France,Female,45.0,10,103760.88,1,1.0,0.0,169303.71,1
4019,15776936,Sun,709,France,Male,36.0,9,0.0,2,1.0,0.0,131647.31,0
4020,15645896,Yevseyev,645,France,Female,29.0,1,0.0,2,1.0,1.0,67939.83,0
4021,15774551,K?,678,Spain,Male,36.0,3,112029.83,1,1.0,1.0,186948.35,1
4022,15800515,Lo,692,Spain,Female,36.0,4,0.0,2,1.0,0.0,161667.33,0
4023,15698462,Chiu,532,France,Male,36.0,1,0.0,1,0.0,1.0,132798.78,1
4024,15677550,Ebelechukwu,705,France,Female,23.0,4,0.0,2,1.0,0.0,128528.83,0
4025,15591512,Udegbulam,712,France,Male,40.0,6,0.0,2,1.0,1.0,95009.6,0
4026,15682890,Onyemauchechukwu,792,Germany,Male,30.0,1,118547.96,2,1.0,0.0,140130.22,0
4027,15754084,Palazzi,850,France,Male,24.0,1,106518.52,1,1.0,1.0,127951.81,0
4028,15793307,Calabresi,724,Spain,Female,41.0,4,142880.28,3,0.0,0.0,155850.4,1
4029,15781129,Chidimma,613,France,Female,45.0,7,105864.6,1,1.0,1.0,58961.49,0
4030,15724200,Cheng,734,France,Male,38.0,6,115341.55,1,0.0,1.0,173632.92,0
4031,15788183,Longo,554,Germany,Male,45.0,8,103741.14,1,1.0,0.0,47428.73,0
4032,15603594,Nwankwo,635,Spain,Male,24.0,8,0.0,1,1.0,1.0,70668.77,0
4033,15701177,Onwumelu,679,Germany,Male,36.0,3,126551.65,1,1.0,0.0,126551.65,0
4034,15758901,Henderson,713,Spain,Female,47.0,1,0.0,1,1.0,1.0,107825.08,0
4035,15802823,Zetticci,567,France,Male,32.0,4,0.0,1,1.0,1.0,160941.78,0
4036,15735203,Yobachi,521,Germany,Female,46.0,8,132002.7,1,1.0,1.0,142911.99,1
4037,15634632,Napolitano,682,France,Male,31.0,7,0.0,2,1.0,0.0,168152.76,0
4038,15806939,Ch'iu,775,France,Male,40.0,7,136623.19,1,1.0,0.0,179861.79,0
4039,15679429,Hsiung,850,Spain,Male,28.0,4,0.0,2,1.0,1.0,183570.25,0
4040,15703354,Aksenov,808,Germany,Female,33.0,3,103516.87,1,1.0,1.0,113907.8,1
4041,15684999,Ch'eng,461,Spain,Female,26.0,8,0.0,1,1.0,1.0,124641.42,0
4042,15806837,Cremonesi,639,France,Female,45.0,7,82231.51,1,1.0,1.0,174738.2,1
4043,15702656,Yobachi,651,France,Female,33.0,1,0.0,2,0.0,0.0,108764.69,0
4044,15734762,Nickson,614,France,Female,50.0,7,0.0,3,1.0,1.0,149474.69,0
4045,15581286,Folliero,667,Germany,Female,34.0,5,132657.55,1,1.0,1.0,122960.98,1
4046,15661528,Anderson,592,Spain,Male,33.0,4,0.0,2,1.0,0.0,65986.48,0
4047,15664204,Golovanov,588,France,Male,36.0,1,0.0,2,1.0,1.0,87959.83,0
4048,15762799,Alexander,850,Germany,Male,23.0,0,187861.18,1,1.0,1.0,104120.17,1
4049,15586425,Lo Duca,619,France,Female,41.0,3,0.0,2,1.0,0.0,176925.69,0
4050,15583090,Milano,715,France,Male,40.0,8,0.0,1,1.0,1.0,50560.37,1
4051,15593345,Smith,692,France,Female,37.0,3,0.0,1,0.0,1.0,81452.02,1
4052,15654733,Hsieh,592,France,Male,57.0,4,117056.46,1,0.0,1.0,93336.93,0
4053,15603554,Teng,678,Germany,Male,52.0,3,121325.84,1,1.0,0.0,142838.64,1
4054,15679760,Slattery,721,France,Male,46.0,2,0.0,2,1.0,0.0,102950.79,0
4055,15768367,Chukwukere,687,France,Male,28.0,6,127801.88,1,1.0,1.0,173586.63,0
4056,15742879,Trevisano,535,France,Male,60.0,2,0.0,2,1.0,1.0,170621.55,0
4057,15777076,Lucchesi,748,France,Male,27.0,3,0.0,2,1.0,1.0,93843.94,0
4058,15610147,Onuchukwu,516,France,Female,40.0,2,0.0,2,1.0,1.0,172097.96,0
4059,15791744,Chizuoke,649,France,Male,35.0,0,123617.57,1,0.0,0.0,97944.0,1
4060,15671172,Ting,567,Spain,Female,25.0,5,115115.32,2,1.0,1.0,180344.66,0
4061,15571305,L?,508,France,Female,28.0,7,0.0,2,0.0,0.0,59650.42,0
4062,15586931,Hargreaves,521,Germany,Male,51.0,7,120170.07,1,0.0,0.0,125240.8,1
4063,15759021,Cameron,591,France,Male,33.0,8,0.0,2,0.0,1.0,141031.08,0
4064,15682070,Chien,544,Spain,Male,37.0,2,104485.24,2,0.0,0.0,129964.85,0
4065,15643825,Y?an,651,France,Male,38.0,5,0.0,2,1.0,0.0,107964.36,0
4066,15595599,Nwebube,543,Germany,Male,33.0,1,82447.94,1,1.0,0.0,93549.74,1
4067,15807305,McKay,689,Spain,Male,39.0,1,0.0,1,1.0,1.0,193021.49,1
4068,15725429,Shih,707,France,Female,47.0,3,0.0,1,1.0,0.0,167564.82,1
4069,15713774,Cremonesi,633,Germany,Female,30.0,0,88815.56,1,0.0,1.0,176692.65,0
4070,15656901,Ma,583,Germany,Female,59.0,8,153360.02,1,0.0,1.0,192146.63,1
4071,15660446,Obiajulu,727,Spain,Male,36.0,3,0.0,2,1.0,1.0,73960.32,0
4072,15658057,Hsing,586,Spain,Female,42.0,9,0.0,1,1.0,0.0,93881.75,1
4073,15675328,Palermo,494,Spain,Male,21.0,9,98495.61,1,1.0,1.0,88146.86,0
4074,15772415,T'ien,748,France,Female,31.0,7,0.0,2,0.0,0.0,141798.35,0
4075,15772798,Ts'ao,748,Germany,Male,65.0,6,102277.71,1,1.0,1.0,84790.41,1
4076,15809263,Y?,748,Germany,Male,29.0,5,109676.52,2,1.0,1.0,25548.47,0
4077,15652999,Tsao,603,Spain,Male,34.0,2,153195.59,1,1.0,0.0,165562.84,0
4078,15763093,Martin,653,Germany,Male,25.0,3,109958.11,2,0.0,1.0,136028.99,0
4079,15575060,Hs?,758,Germany,Female,49.0,6,131647.01,1,1.0,1.0,119348.28,1
4080,15650545,Chuang,712,Spain,Female,29.0,8,147035.97,1,0.0,1.0,141053.85,0
4081,15806771,Tsou,671,France,Female,23.0,1,0.0,2,0.0,1.0,182728.8,0
4082,15803837,Shih,741,Spain,Male,31.0,2,0.0,2,1.0,1.0,152996.05,0
4083,15662291,Hay,605,Germany,Male,37.0,6,90560.3,2,1.0,1.0,42607.69,0
4084,15809509,Echezonachukwu,521,France,Female,25.0,4,0.0,2,1.0,1.0,112124.98,0
4085,15814004,Aparicio,571,France,Male,62.0,0,0.0,2,1.0,1.0,138360.74,0
4086,15660403,Hsia,850,Germany,Male,42.0,0,105770.7,2,1.0,0.0,82662.73,1
4087,15602554,Lucchese,724,Germany,Female,44.0,7,115095.72,1,1.0,1.0,120893.85,0
4088,15684518,T'ang,627,France,Male,34.0,9,0.0,2,0.0,1.0,103716.06,0
4089,15635597,T'ien,605,France,Male,38.0,5,0.0,2,0.0,1.0,91903.9,0
4090,15659800,McGregor,625,Spain,Female,53.0,6,96763.89,1,0.0,0.0,86786.41,1
4091,15678882,Pirozzi,842,Spain,Male,34.0,7,0.0,1,1.0,0.0,91574.92,0
4092,15795742,Smith,610,France,Male,37.0,8,0.0,1,1.0,1.0,179913.74,0
4093,15603942,Findlay,529,Germany,Male,30.0,4,152212.88,2,0.0,0.0,120219.14,0
4094,15665088,Gordon,531,France,Female,42.0,1,0.0,2,0.0,0.0,90537.47,1
4095,15635502,Mazzi,613,France,Male,33.0,8,0.0,2,1.0,1.0,87938.38,0
4096,15713379,Nwachukwu,635,France,Male,34.0,2,0.0,1,1.0,1.0,76637.38,0
4097,15658670,Y?an,704,France,Female,54.0,5,0.0,1,1.0,0.0,89938.72,1
4098,15633930,Yobachukwu,638,France,Female,56.0,7,157559.59,2,1.0,0.0,140991.23,0
4099,15669987,Kao,683,France,Male,35.0,2,0.0,2,1.0,0.0,89566.64,0
4100,15739042,Bogolyubov,699,France,Male,31.0,9,0.0,2,1.0,0.0,39511.61,0
4101,15644964,Lo Duca,769,Germany,Female,40.0,1,116034.85,3,1.0,1.0,105939.68,1
4102,15765266,Fitts,744,France,Male,34.0,0,139290.41,1,0.0,0.0,169921.11,0
4103,15597951,Toscani,616,Spain,Male,37.0,9,0.0,2,1.0,0.0,99792.64,0
4104,15641715,Ts'ui,789,France,Male,47.0,7,0.0,1,1.0,0.0,174196.68,1
4105,15682069,Aitken,472,France,Male,35.0,6,0.0,2,0.0,0.0,153570.58,0
4106,15750671,Egobudike,512,France,Male,31.0,4,0.0,2,0.0,1.0,168462.26,0
4107,15762543,H?,668,Spain,Male,43.0,8,0.0,2,1.0,0.0,143628.31,0
4108,15772361,Mazzi,694,France,Female,39.0,2,0.0,2,1.0,0.0,90877.35,0
4109,15761347,De Luca,696,France,Male,32.0,7,99165.55,1,1.0,0.0,140130.42,0
4110,15664772,Nwora,733,Spain,Male,32.0,3,92316.32,1,1.0,1.0,88566.9,0
4111,15617476,Trevisano,595,France,Male,33.0,1,0.0,1,1.0,0.0,40889.15,0
4112,15765287,Grant,850,France,Male,39.0,2,0.0,2,1.0,0.0,9015.07,0
4113,15683359,Hs?,680,Spain,Male,28.0,6,0.0,2,1.0,0.0,136534.49,0
4114,15648876,Sandover,501,Germany,Female,27.0,2,132351.29,1,1.0,1.0,27654.44,0
4115,15646577,Onyemere,663,France,Male,36.0,5,0.0,2,1.0,0.0,105760.01,0
4116,15591711,Tsao,807,France,Male,46.0,8,0.0,1,1.0,1.0,53311.02,1
4117,15813132,King,610,Spain,Female,38.0,7,0.0,2,1.0,1.0,143739.29,0
4118,15725076,Hsia,589,France,Male,25.0,4,0.0,2,1.0,1.0,68600.36,0
4119,15645271,Radcliffe-Brown,615,Germany,Male,32.0,8,108528.07,2,1.0,0.0,179488.41,1
4120,15586975,Onyekachi,693,France,Male,35.0,7,0.0,2,0.0,1.0,48201.92,0
4121,15765537,Chiu,599,Germany,Female,37.0,8,120847.11,2,1.0,0.0,141210.18,0
4122,15585865,Nwabugwu,569,Germany,Female,32.0,8,145330.43,1,1.0,0.0,132038.65,0
4123,15633648,Clements,636,Germany,Female,33.0,9,99811.72,2,1.0,1.0,126587.27,0
4124,15686978,Nucci,616,France,Female,35.0,4,0.0,1,1.0,0.0,161801.82,1
4125,15656835,P'eng,676,France,Male,38.0,2,0.0,2,1.0,0.0,135083.53,0
4126,15719265,Chukwukadibia,593,Germany,Male,45.0,6,89588.35,1,1.0,0.0,145552.45,1
4127,15806461,Cremonesi,671,Spain,Male,28.0,2,0.0,2,1.0,1.0,101455.07,0
4128,15776936,Nkemakonam,592,France,Male,33.0,7,0.0,2,1.0,0.0,167984.61,0
4129,15643630,Ch'in,721,Spain,Male,38.0,1,97630.02,2,1.0,0.0,141446.01,0
4130,15684868,Uchenna,727,Germany,Male,34.0,7,165896.0,2,0.0,1.0,130795.52,0
4131,15634896,Nwachinemelu,559,France,Female,33.0,3,0.0,1,1.0,1.0,120818.38,0
4132,15588854,Wang,715,France,Female,25.0,3,0.0,2,1.0,0.0,30380.12,0
4133,15651802,Ikedinachukwu,669,France,Female,37.0,3,0.0,2,1.0,0.0,143795.64,0
4134,15674932,K'ung,667,France,Female,43.0,9,0.0,2,1.0,1.0,119882.7,0
4135,15761141,Palerma,604,Spain,Male,40.0,0,0.0,2,1.0,0.0,129984.2,0
4136,15752588,Lettiere,709,France,Female,40.0,8,0.0,1,1.0,1.0,131177.22,1
4137,15783770,Tsao,608,France,Male,32.0,5,0.0,1,1.0,1.0,152499.8,0
4138,15771742,Obialo,781,France,Female,35.0,7,94493.03,1,1.0,0.0,97983.44,0
4139,15809227,Chukwudi,611,Germany,Male,35.0,2,102708.77,2,1.0,1.0,177092.16,0
4140,15771519,Nwachukwu,635,France,Male,36.0,3,0.0,2,0.0,1.0,120829.88,0
4141,15776712,Fiorentino,639,France,Male,48.0,9,0.0,1,1.0,0.0,157791.38,1
4142,15583392,Chinweike,506,Spain,Male,40.0,5,0.0,2,1.0,1.0,52454.05,0
4143,15577515,Maitland,803,France,Male,39.0,7,0.0,2,1.0,1.0,187636.06,0
4144,15595426,Hsing,732,France,Female,29.0,8,0.0,2,0.0,0.0,128815.33,0
4145,15690079,Ifeatu,615,France,Female,66.0,1,0.0,2,1.0,1.0,130784.2,0
4146,15582944,Houghton,706,Germany,Male,57.0,4,137936.94,1,1.0,0.0,143668.58,1
4147,15576676,Hsieh,611,Spain,Female,33.0,8,0.0,2,0.0,0.0,126792.28,0
4148,15674872,Maclean,597,Spain,Male,33.0,5,0.0,2,1.0,1.0,115611.45,0
4149,15804862,Tsai,461,France,Male,26.0,6,0.0,2,0.0,0.0,107876.84,0
4150,15729557,Nnachetam,627,France,Female,29.0,3,0.0,1,1.0,1.0,91482.5,1
4151,15617603,Macleod,760,Spain,Male,38.0,1,103377.81,2,0.0,0.0,174918.46,1
4152,15592762,Nnonso,803,France,Female,41.0,3,0.0,2,1.0,0.0,110252.53,0
4153,15699772,Fanucci,663,Germany,Male,39.0,1,132730.17,1,1.0,0.0,109394.62,0
4154,15717935,McDonald,489,Spain,Female,21.0,4,0.0,2,0.0,1.0,55601.44,0
4155,15651052,Onyekaozulu,673,France,Female,56.0,1,147187.84,1,0.0,1.0,116766.79,1
4156,15788189,Ibezimako,582,Spain,Male,36.0,9,0.0,1,1.0,0.0,142782.15,0
4157,15603743,McIntyre,652,France,Female,41.0,3,85801.61,1,1.0,1.0,164822.18,0
4158,15750141,Oluchukwu,596,Spain,Female,49.0,1,122394.63,1,1.0,1.0,141575.25,0
4159,15674849,Lai,644,France,Male,27.0,7,0.0,2,1.0,1.0,174830.52,0
4160,15756091,Kao,714,Spain,Male,40.0,4,0.0,2,1.0,1.0,137898.75,0
4161,15731553,Carslaw,692,France,Male,32.0,2,0.0,2,0.0,1.0,130486.57,0
4162,15751084,Lucchese,695,France,Male,50.0,3,0.0,1,1.0,1.0,118059.19,0
4163,15637593,P'eng,634,Spain,Male,33.0,9,0.0,2,1.0,1.0,161064.29,0
4164,15598485,Pinto,637,France,Male,51.0,6,0.0,2,1.0,1.0,95277.15,0
4165,15671274,Ts'ui,758,France,Male,36.0,9,0.0,2,1.0,0.0,75574.48,0
4166,15735246,Onyemauchechukwu,669,Spain,Male,33.0,9,143350.02,1,1.0,0.0,54926.31,0
4167,15672432,H?,748,France,Female,51.0,6,0.0,2,1.0,0.0,169920.92,1
4168,15752892,Cremonesi,606,France,Female,26.0,5,0.0,2,1.0,0.0,100727.68,0
4169,15688713,McCall,627,Spain,Female,35.0,7,0.0,1,1.0,1.0,114469.55,0
4170,15804862,Toscani,505,France,Male,43.0,5,127146.68,1,0.0,0.0,137565.87,1
4171,15641715,Ts'ui,463,France,Male,34.0,9,0.0,2,1.0,0.0,174196.68,0
4172,15600510,Pirozzi,516,France,Male,40.0,9,183555.36,1,1.0,1.0,120106.67,0
4173,15631721,P'eng,651,Germany,Male,35.0,7,163965.69,1,1.0,0.0,103511.26,0
4174,15587735,Chukwuebuka,850,France,Male,31.0,2,96863.13,2,1.0,0.0,121681.19,0
4175,15603328,Efremov,638,France,Female,33.0,7,123863.64,2,1.0,0.0,160387.98,0
4176,15661734,Manna,628,Germany,Female,32.0,7,152827.99,1,1.0,1.0,142911.99,0
4177,15806909,Pinto,641,France,Male,38.0,9,0.0,2,1.0,1.0,123866.89,0
4178,15621210,Baresi,651,France,Male,33.0,9,132623.11,2,1.0,0.0,46772.46,0
4179,15806327,Gartrell,743,France,Female,29.0,8,0.0,2,1.0,1.0,62351.97,0
4180,15693526,Bellucci,678,France,Female,35.0,7,0.0,2,1.0,1.0,167984.64,0
4181,15568487,Gorshkov,668,France,Male,35.0,7,124616.23,1,1.0,0.0,69320.97,0
4182,15651022,Ritchie,633,Spain,Male,32.0,5,0.0,2,1.0,1.0,52319.19,0
4183,15757931,Fang,597,France,Male,41.0,5,0.0,2,1.0,1.0,93825.78,0
4184,15690670,Fanucci,640,Spain,Male,28.0,9,160599.06,2,0.0,1.0,133692.88,0
4185,15662488,Yobachukwu,633,France,Male,37.0,4,0.0,2,1.0,1.0,67976.48,0
4186,15721569,Chialuka,558,Germany,Female,55.0,8,119327.93,1,1.0,0.0,119439.66,1
4187,15761132,Tsai,679,Germany,Female,45.0,1,124037.32,1,0.0,0.0,167183.07,1
4188,15694129,Onyemauchechukwu,676,France,Male,29.0,5,0.0,2,1.0,0.0,125860.93,0
4189,15654878,Clements,648,Spain,Male,32.0,2,0.0,1,1.0,1.0,99503.02,0
4190,15796336,Parkhill,786,France,Male,33.0,9,0.0,1,0.0,0.0,117034.32,0
4191,15718773,Pisano,638,Spain,Female,32.0,0,0.0,2,1.0,0.0,160129.99,0
4192,15583857,Cremonesi,512,France,Female,37.0,2,0.0,2,1.0,0.0,85890.75,0
4193,15645095,White,656,France,Male,34.0,4,0.0,2,0.0,1.0,84760.32,0
4194,15726676,Liao,587,France,Female,29.0,5,0.0,1,1.0,0.0,74850.84,0
4195,15626243,Chijioke,639,France,Female,54.0,7,0.0,1,1.0,1.0,38020.05,0
4196,15807553,T'ao,727,France,Female,42.0,1,128747.69,1,1.0,0.0,77951.8,1
4197,15713673,T'ien,494,France,Female,33.0,1,137853.0,2,0.0,1.0,90273.85,0
4198,15632736,Liang,850,Germany,Female,30.0,3,104911.35,2,1.0,1.0,42933.26,1
4199,15690546,Howells,699,France,Female,37.0,0,0.0,1,0.0,1.0,171039.56,0
4200,15569438,Hao,661,Spain,Male,27.0,9,0.0,2,1.0,0.0,177737.05,0
4201,15800268,Palerma,565,France,Male,27.0,7,0.0,2,1.0,0.0,70783.61,0
4202,15793337,P'eng,561,Spain,Female,46.0,3,0.0,1,1.0,0.0,80190.03,1
4203,15591942,Frolov,644,France,Female,41.0,6,61687.33,1,1.0,0.0,105965.25,0
4204,15575024,Ch'ien,773,Germany,Male,32.0,7,137755.68,2,1.0,0.0,143829.69,0
4205,15609676,Nkemakonam,686,France,Female,35.0,7,167924.95,1,1.0,0.0,43024.64,0
4206,15719649,Sharp,697,France,Female,38.0,9,87347.7,1,1.0,0.0,172524.51,0
4207,15641276,Yermakov,628,France,Female,33.0,5,0.0,2,0.0,0.0,92896.54,0
4208,15798960,Obiajulu,729,France,Male,36.0,0,0.0,2,0.0,1.0,173365.85,0
4209,15586645,Ibezimako,657,France,Male,34.0,2,152532.6,1,1.0,1.0,183599.71,0
4210,15592222,Nwebube,581,Spain,Male,58.0,3,121233.51,1,1.0,1.0,161251.29,0
4211,15761487,Hsueh,633,France,Male,26.0,5,0.0,2,1.0,1.0,51387.1,0
4212,15751175,Okwudiliolisa,746,France,Male,30.0,5,0.0,3,1.0,0.0,106035.47,1
4213,15661380,Walker,682,France,Male,69.0,6,0.0,2,1.0,0.0,149604.18,0
4214,15737832,Robertson,771,Spain,Male,45.0,5,139825.56,1,0.0,0.0,170984.97,1
4215,15790744,Bancks,682,Spain,Female,32.0,4,0.0,2,1.0,1.0,132436.71,0
4216,15678727,Sagese,553,France,Male,24.0,9,0.0,1,1.0,1.0,117626.9,1
4217,15782404,Hughes,603,France,Male,35.0,2,0.0,2,0.0,0.0,9085.0,0
4218,15697424,Ku,850,Spain,Female,38.0,2,0.0,2,1.0,0.0,119969.99,0
4219,15585892,Tretiakova,684,Germany,Male,34.0,7,149349.58,1,1.0,1.0,132673.23,0
4220,15692137,Jen,596,France,Female,46.0,2,0.0,1,1.0,1.0,138380.11,1
4221,15627190,Maclean,661,France,Male,51.0,6,146606.6,1,1.0,0.0,68021.9,0
4222,15754599,K'ung,648,Spain,Male,41.0,4,0.0,1,1.0,0.0,152167.79,1
4223,15734058,T'ien,628,France,Male,35.0,5,0.0,2,0.0,1.0,162688.63,0
4224,15793813,Seleznev,471,France,Female,42.0,7,114715.71,2,1.0,1.0,36315.03,0
4225,15781574,Chukwufumnanya,559,Spain,Male,42.0,3,0.0,1,1.0,0.0,1408.68,1
4226,15681327,Yewen,617,France,Female,51.0,7,0.0,1,0.0,0.0,51548.14,1
4227,15809800,Chiedozie,684,Germany,Male,39.0,4,139986.15,1,1.0,0.0,159823.17,1
4228,15733271,Tuan,705,Spain,Female,28.0,7,170856.76,1,1.0,0.0,51919.27,0
4229,15716800,Lu,463,France,Male,31.0,5,0.0,2,0.0,1.0,33747.03,0
4230,15735837,Hsueh,597,Spain,Female,36.0,3,0.0,2,1.0,0.0,8559.66,0
4231,15604832,Onyemauchechukwu,567,Spain,Male,37.0,4,85889.39,1,0.0,1.0,46415.09,0
4232,15670668,Webb,658,Germany,Male,29.0,5,75395.53,2,0.0,1.0,54947.51,0
4233,15705443,Onyeoruru,655,France,Female,39.0,9,0.0,2,1.0,1.0,93535.36,0
4234,15713483,Yevseyev,710,France,Female,38.0,5,88772.09,1,1.0,1.0,100478.8,0
4235,15656726,Ch'ien,771,France,Male,32.0,5,0.0,1,1.0,1.0,40920.59,0
4236,15671655,White,576,Spain,Male,29.0,8,71996.09,1,1.0,1.0,121562.33,0
4237,15700212,Shih,475,France,Female,46.0,10,0.0,2,0.0,1.0,122953.0,0
4238,15756650,Pirozzi,645,France,Female,33.0,4,89047.75,1,1.0,1.0,53311.01,0
4239,15671930,Yobanna,535,Spain,Male,36.0,7,0.0,2,1.0,0.0,176883.04,0
4240,15692977,Hsing,707,Germany,Female,33.0,10,139875.2,1,1.0,0.0,136877.24,1
4241,15806918,Loggia,740,France,Female,54.0,1,129574.98,1,1.0,1.0,123300.38,0
4242,15681206,Young,711,France,Male,49.0,3,0.0,2,1.0,1.0,142917.54,0
4243,15791958,Hs?eh,539,France,Female,53.0,1,154872.08,1,0.0,0.0,51561.57,1
4244,15661442,Kao,581,Germany,Female,20.0,6,147531.82,2,1.0,1.0,116747.62,0
4245,15751203,Cattaneo,683,Germany,Female,35.0,5,56738.47,2,1.0,1.0,100442.22,0
4246,15794868,Iadanza,682,France,Female,30.0,6,0.0,2,1.0,0.0,158527.56,0
4247,15644727,Chibugo,769,France,Male,36.0,6,0.0,1,0.0,1.0,36145.53,0
4248,15702541,Mironov,724,Germany,Female,29.0,7,13898.3,1,0.0,0.0,189678.7,0
4249,15801627,Chiu,623,Spain,Male,36.0,5,0.0,1,1.0,0.0,26019.74,1
4250,15663168,MacDonald,665,France,Male,35.0,6,110934.54,1,1.0,0.0,169287.99,0
4251,15653937,Hsieh,757,Spain,Female,42.0,5,0.0,2,0.0,0.0,55840.97,0
4252,15807595,P'eng,599,France,Male,32.0,7,0.0,2,0.0,1.0,126962.41,0
4253,15711309,Lucchesi,724,France,Male,38.0,4,0.0,2,0.0,1.0,88724.49,0
4254,15603988,Pisano,706,Germany,Female,50.0,9,186942.41,2,1.0,0.0,93717.55,0
4255,15693732,Ferri,674,Germany,Male,56.0,4,94231.13,1,0.0,1.0,121175.86,0
4256,15602994,Gorbunov,452,France,Female,28.0,2,0.0,2,1.0,0.0,151645.96,0
4257,15578799,Ts'ao,614,France,Male,43.0,8,71379.53,1,0.0,1.0,152210.81,0
4258,15646513,Tsao,696,Spain,Female,31.0,5,0.0,2,1.0,0.0,63795.8,0
4259,15750243,Hsiung,741,Germany,Female,39.0,2,106506.84,2,1.0,0.0,180800.27,0
4260,15682628,Chia,615,Germany,Female,40.0,2,127523.06,2,1.0,1.0,136797.15,0
4261,15723053,T'ang,656,France,Male,38.0,2,0.0,2,1.0,1.0,15658.99,0
4262,15615020,Nnaife,652,France,Female,38.0,7,0.0,2,0.0,1.0,190998.96,0
4263,15622442,Mazzi,619,France,Female,39.0,8,0.0,2,1.0,0.0,194310.1,0
4264,15793690,Hsueh,564,France,Female,64.0,9,85906.75,1,0.0,1.0,93336.89,1
4265,15726695,Hsia,705,Spain,Female,59.0,9,122446.61,1,1.0,1.0,86791.9,0
4266,15752342,Yermakov,646,Spain,Male,36.0,6,156687.1,1,1.0,1.0,143393.24,0
4267,15591036,Lo Duca,614,France,Male,31.0,9,0.0,2,1.0,0.0,93777.62,0
4268,15777576,Frost,559,Spain,Female,40.0,5,139129.44,1,0.0,1.0,32635.54,1
4269,15685500,Nwabugwu,648,France,Male,37.0,5,0.0,2,1.0,1.0,152855.96,0
4270,15730076,Osborne,651,France,Male,45.0,1,0.0,2,1.0,0.0,67740.08,0
4271,15705657,Hewitt,527,Germany,Female,29.0,3,131344.52,1,1.0,0.0,54949.73,1
4272,15641285,Yusupova,621,Spain,Male,50.0,3,163085.79,1,1.0,0.0,131048.36,1
4273,15718779,Clark,780,France,Male,34.0,1,0.0,1,1.0,0.0,64804.04,1
4274,15747323,Udinese,678,France,Male,46.0,10,0.0,1,1.0,1.0,187597.53,0
4275,15669290,Fan,536,Germany,Female,37.0,2,127862.93,1,1.0,0.0,104253.56,0
4276,15593601,Nwachinemelu,619,France,Male,47.0,3,137946.39,1,1.0,1.0,72467.99,0
4277,15694666,Ts'ai,583,France,Female,31.0,6,0.0,2,1.0,1.0,705.46,0
4278,15729574,Brown,723,France,Male,41.0,4,0.0,2,1.0,1.0,173599.38,0
4279,15597945,Hsu,707,France,Female,36.0,10,0.0,2,1.0,1.0,130824.57,0
4280,15720649,Ferdinand,652,Spain,Female,28.0,4,0.0,1,0.0,0.0,166682.57,0
4281,15648876,Lucchese,638,France,Male,37.0,5,0.0,2,1.0,0.0,183963.34,0
4282,15630363,Kung,594,France,Female,25.0,3,0.0,2,1.0,1.0,28391.52,0
4283,15757897,Nwachinemelu,633,Spain,Female,41.0,2,0.0,2,1.0,1.0,89566.64,0
4284,15809837,Palermo,637,France,Male,27.0,0,146050.68,1,1.0,1.0,156518.48,0
4285,15615050,Hs?,634,France,Male,36.0,3,0.0,2,1.0,0.0,29583.95,0
4286,15723654,Smith,529,Spain,Female,35.0,5,0.0,2,1.0,0.0,77959.25,0
4287,15599272,Eluemuno,664,France,Female,53.0,7,187602.18,1,1.0,1.0,186392.99,0
4288,15682538,Onyemauchechukwu,653,France,Female,38.0,2,0.0,1,1.0,0.0,55701.62,1
4289,15663421,Chineze,756,France,Male,63.0,3,80793.58,1,1.0,1.0,144890.79,0
4290,15605827,Kao,554,France,Female,36.0,1,0.0,2,1.0,0.0,149991.96,0
4291,15656592,Milanesi,696,France,Male,26.0,5,0.0,2,1.0,0.0,86701.4,0
4292,15654870,Ch'en,584,Germany,Male,33.0,4,99786.07,2,1.0,0.0,138542.87,0
4293,15712199,Ijendu,749,Germany,Male,61.0,1,183997.7,3,1.0,0.0,161217.18,1
4294,15759021,Chiemenam,710,Germany,Male,35.0,7,129855.32,2,0.0,0.0,1528.4,0
4295,15624667,Wallace,684,France,Male,35.0,5,0.0,2,1.0,1.0,87219.41,0
4296,15583681,Tretiakova,645,Germany,Female,49.0,4,107786.47,1,1.0,0.0,173683.0,1
4297,15683593,H?,632,Germany,Female,41.0,2,151848.76,2,1.0,0.0,145795.86,1
4298,15766887,Istomin,775,Spain,Male,39.0,8,117438.92,1,0.0,1.0,52710.7,0
4299,15632575,Moore,485,France,Male,42.0,6,0.0,2,1.0,1.0,12706.67,0
4300,15651020,T'ao,479,France,Female,25.0,7,110666.42,2,0.0,1.0,46758.42,0
4301,15796612,Ch'ang,606,Spain,Male,37.0,1,111179.83,2,1.0,1.0,57029.66,0
4302,15576044,K'ung,727,Germany,Female,42.0,8,122717.9,2,1.0,1.0,110114.19,0
4303,15759874,H?,730,France,Male,34.0,9,103560.74,1,1.0,0.0,130835.92,0
4304,15803032,Yen,634,France,Male,33.0,8,0.0,1,0.0,0.0,109179.89,0
4305,15770039,Eluemuno,718,France,Female,46.0,7,0.0,2,1.0,0.0,94738.13,0
4306,15635396,Pokrovsky,711,France,Male,36.0,9,137688.71,1,1.0,0.0,46884.1,0
4307,15628292,Aikenhead,651,Germany,Male,43.0,6,92716.96,2,1.0,0.0,105125.65,0
4308,15696674,Caffyn,554,Spain,Female,32.0,2,0.0,2,1.0,1.0,91055.31,0
4309,15754849,Tuan,683,France,Female,51.0,6,0.0,1,1.0,1.0,140765.57,1
4310,15771087,Ch'iu,710,France,Male,34.0,9,145553.07,1,1.0,0.0,96541.13,0
4311,15799186,Maclean,554,France,Male,54.0,6,133656.59,1,1.0,1.0,171096.46,0
4312,15766378,Wan,707,Spain,Male,45.0,9,0.0,2,0.0,1.0,196395.25,0
4313,15723721,Tinline,543,France,Male,30.0,3,140916.81,1,1.0,0.0,157711.18,1
4314,15748473,Zito,696,France,Female,49.0,3,124349.34,1,0.0,1.0,78700.03,0
4315,15591357,Udinesi,724,France,Male,37.0,4,0.0,2,0.0,1.0,163504.33,0
4316,15796956,Onio,521,Germany,Female,52.0,8,119545.48,2,1.0,0.0,163714.92,0
4317,15642491,Onochie,645,Germany,Male,34.0,3,141827.17,2,1.0,1.0,129892.78,0
4318,15760294,Tien,682,France,Female,39.0,3,0.0,2,1.0,0.0,68701.73,0
4319,15572467,Hs?eh,809,Germany,Male,39.0,8,134740.58,2,0.0,0.0,71862.81,0
4320,15760851,Gratton,629,Spain,Male,31.0,6,0.0,2,0.0,0.0,93881.75,0
4321,15742638,Warner,778,Germany,Female,42.0,8,152324.66,1,1.0,0.0,171733.22,0
4322,15618363,Ch'ien,714,Spain,Male,46.0,6,103399.87,1,1.0,0.0,183581.85,0
4323,15803457,Fanucci,806,France,Female,32.0,1,0.0,2,1.0,1.0,28805.09,0
4324,15815095,Palerma,546,Germany,Female,37.0,1,106074.89,2,1.0,1.0,26389.92,0
4325,15680197,White,762,France,Female,33.0,4,0.0,2,1.0,1.0,60905.51,0
4326,15661830,Tsou,591,France,Female,33.0,5,0.0,2,1.0,0.0,74850.97,0
4327,15664681,Chukwufumnanya,636,France,Male,44.0,7,61297.53,1,0.0,0.0,63795.79,1
4328,15643487,Sal,784,Spain,Female,38.0,5,0.0,2,0.0,0.0,72496.05,0
4329,15751445,Milanesi,759,France,Female,40.0,4,0.0,2,1.0,0.0,162858.29,0
4330,15683584,Onyemauchechukwu,592,France,Male,49.0,4,0.0,2,0.0,1.0,161845.81,0
4331,15731555,Oguejiofor,753,France,Female,54.0,6,0.0,2,1.0,1.0,97614.87,0
4332,15658445,Yobachi,773,France,Female,36.0,1,0.0,2,0.0,1.0,62349.54,0
4333,15652320,Woronoff,725,Germany,Male,40.0,5,122185.53,1,0.0,0.0,100727.68,1
4334,15772467,Chiang,661,Germany,Female,40.0,3,118627.07,1,1.0,0.0,172363.66,1
4335,15662294,Manna,562,France,Female,34.0,7,141074.59,1,1.0,0.0,52319.26,0
4336,15764294,Nwokeocha,758,France,Male,49.0,9,0.0,2,1.0,1.0,79577.8,0
4337,15681316,Akhtar,681,France,Female,41.0,9,0.0,2,1.0,1.0,2053.42,0
4338,15762277,Hill,628,France,Male,30.0,4,0.0,2,1.0,1.0,34180.33,0
4339,15744109,Hartung,850,Spain,Female,32.0,4,0.0,1,1.0,1.0,180622.02,0
4340,15636396,Onyemere,565,Germany,Male,42.0,9,98612.1,1,1.0,0.0,177670.57,1
4341,15804009,Amechi,806,Germany,Male,50.0,9,168085.38,1,1.0,0.0,115146.4,1
4342,15768881,Saunders,599,France,Male,29.0,2,0.0,2,1.0,1.0,170421.13,0
4343,15740147,Cremonesi,721,Germany,Male,35.0,5,135020.21,2,0.0,1.0,93777.61,0
4344,15657535,Okeke,648,France,Male,40.0,7,0.0,2,1.0,0.0,121061.41,0
4345,15578977,Miah,559,France,Female,50.0,7,0.0,2,1.0,0.0,152992.04,1
4346,15798975,T'ien,652,Germany,Male,28.0,7,137948.47,2,1.0,1.0,135875.51,0
4347,15667521,Tsou,588,France,Female,41.0,8,0.0,2,1.0,1.0,91406.62,0
4348,15726487,Chukwudi,713,France,Female,37.0,7,79871.07,1,1.0,1.0,149457.84,0
4349,15756655,Madukaife,632,Spain,Female,39.0,2,0.0,2,0.0,0.0,165385.55,0
4350,15794414,Forbes,507,Spain,Male,38.0,6,92783.68,2,1.0,1.0,51424.29,0
4351,15645593,Teng,681,Germany,Female,53.0,6,118627.36,1,1.0,0.0,78915.3,1
4352,15742838,Tuan,583,France,Male,40.0,2,0.0,2,0.0,0.0,150242.44,0
4353,15757895,Dickson,690,France,Female,38.0,7,0.0,2,1.0,0.0,123875.07,0
4354,15706647,Jordan,761,Spain,Male,31.0,7,0.0,3,1.0,1.0,166698.18,1
4355,15580068,Buccho,526,France,Male,34.0,5,0.0,1,1.0,1.0,105618.14,1
4356,15722578,Young,724,France,Male,30.0,3,83161.65,1,1.0,1.0,116885.59,0
4357,15692631,Milanesi,753,France,Male,41.0,7,0.0,1,1.0,0.0,71843.75,1
4358,15670823,Ch'ang,512,France,Male,39.0,9,0.0,2,1.0,0.0,151645.96,0
4359,15672610,Y?an,578,France,Male,47.0,4,0.0,2,1.0,1.0,62388.59,0
4360,15637993,Dickson,850,France,Female,36.0,1,122447.56,2,1.0,0.0,117913.35,0
4361,15796569,Shih,664,France,Male,39.0,9,0.0,2,1.0,1.0,58965.08,0
4362,15781276,Lattimore,682,France,Male,34.0,2,0.0,2,1.0,0.0,102284.2,0
4363,15674724,L?,578,Germany,Female,55.0,8,116953.27,1,1.0,1.0,175072.47,1
4364,15679963,Zikoranachidimma,545,France,Female,23.0,4,128378.31,1,1.0,0.0,82463.69,0
4365,15661349,Chukwueloka,516,France,Female,37.0,3,0.0,2,1.0,1.0,180622.02,0
4366,15808544,Y?,717,France,Female,36.0,3,0.0,1,0.0,1.0,105997.25,0
4367,15777893,Ting,683,Spain,Male,34.0,3,0.0,2,1.0,1.0,152883.95,0
4368,15588908,Mironova,806,Spain,Male,33.0,4,0.0,2,1.0,0.0,120894.85,0
4369,15667944,Onio,675,France,Male,22.0,1,0.0,1,1.0,1.0,126796.69,0
4370,15773044,White,684,France,Female,32.0,1,121681.29,1,1.0,1.0,131710.59,0
4371,15627360,Ch'iu,705,France,Male,38.0,3,113858.95,1,1.0,1.0,86701.4,0
4372,15773868,Belov,653,Germany,Male,41.0,5,125734.2,2,1.0,1.0,134626.3,0
4373,15813659,Chimezie,494,France,Male,25.0,6,0.0,2,0.0,1.0,109988.09,0
4374,15583480,Hsiung,688,France,Female,48.0,6,0.0,1,1.0,0.0,173498.45,1
4375,15714981,Sabbatini,476,France,Male,33.0,4,0.0,1,1.0,1.0,55775.84,0
4376,15613180,Y?,697,France,Female,36.0,1,125977.81,1,1.0,0.0,122996.73,0
4377,15573851,Oluchukwu,683,France,Male,30.0,3,146622.35,1,1.0,0.0,65618.01,0
4378,15737605,Nnachetam,586,France,Male,39.0,9,0.0,2,1.0,0.0,148848.67,0
4379,15675316,Avdeeva,619,France,Female,30.0,3,0.0,2,0.0,0.0,116467.35,0
4380,15732674,Chinweike,569,Germany,Male,27.0,3,135853.83,2,0.0,0.0,84564.4,1
4381,15709447,Yobanna,757,Spain,Male,38.0,7,0.0,2,1.0,1.0,102908.49,0
4382,15606841,Ch'ien,687,Germany,Male,35.0,9,93688.61,2,1.0,1.0,76764.47,0
4383,15797919,T'ang,748,Spain,Female,40.0,3,0.0,1,0.0,0.0,122423.78,1
4384,15767794,Hsia,714,France,Male,32.0,7,114510.65,1,0.0,1.0,86779.8,1
4385,15597914,O'Donnell,648,France,Male,39.0,8,126679.69,1,1.0,0.0,153917.54,0
4386,15806370,McIntyre,710,France,Male,39.0,1,0.0,1,1.0,0.0,93844.83,0
4387,15718289,Manna,799,France,Male,35.0,7,87619.29,1,1.0,0.0,143.34,0
4388,15667554,Cameron,605,France,Male,35.0,8,0.0,2,1.0,1.0,45206.57,0
4389,15741336,Ejimofor,637,France,Female,34.0,8,0.0,2,1.0,0.0,106799.49,0
4390,15573452,Genovese,744,France,Male,57.0,0,0.0,2,1.0,1.0,164064.4,0
4391,15663921,Ch'eng,585,Spain,Male,32.0,3,0.0,1,1.0,1.0,28806.72,0
4392,15572801,Ch'eng,676,Germany,Male,35.0,6,102773.15,1,1.0,0.0,179908.71,1
4393,15788025,Tseng,850,France,Female,38.0,0,0.0,2,0.0,1.0,332.81,0
4394,15636023,O'Donnell,842,France,Female,40.0,1,0.0,1,0.0,0.0,174478.54,0
4395,15631512,Ting,538,Spain,Female,36.0,8,0.0,2,1.0,0.0,177834.79,0
4396,15782591,Hu,698,Germany,Male,41.0,1,112414.81,2,0.0,0.0,93982.02,0
4397,15740072,Manna,642,France,Male,38.0,9,152264.81,1,1.0,1.0,67840.81,0
4398,15744398,Bennett,814,France,Female,36.0,6,0.0,2,1.0,1.0,126434.61,0
4399,15643361,P'eng,681,France,Female,38.0,3,0.0,1,1.0,1.0,180326.83,0
4400,15627197,Okwudilichukwu,642,Spain,Male,33.0,3,0.0,2,1.0,0.0,169802.73,0
4401,15669782,Hsia,641,France,Male,24.0,9,0.0,1,1.0,0.0,68860.3,0
4402,15592029,Hsing,678,Spain,Male,33.0,7,0.0,2,1.0,1.0,182728.8,0
4403,15653521,Onuora,709,Germany,Female,40.0,7,104449.8,1,1.0,1.0,747.88,1
4404,15597951,T'ien,683,France,Male,35.0,4,0.0,2,1.0,1.0,135925.72,0
4405,15669411,Muse,750,France,Male,52.0,3,107467.56,1,1.0,0.0,126233.18,0
4406,15752626,Hsing,647,France,Male,50.0,3,0.0,1,1.0,1.0,170518.83,1
4407,15615457,Burns,678,Spain,Female,44.0,2,0.0,2,1.0,0.0,126644.98,0
4408,15742574,Smith,569,Germany,Female,38.0,2,153893.07,2,1.0,0.0,126471.5,1
4409,15709780,Azuka,683,Spain,Female,37.0,9,0.0,1,1.0,0.0,75848.22,0
4410,15787322,Yeh,788,France,Female,41.0,6,0.0,2,0.0,1.0,25571.37,0
4411,15726484,Zetticci,538,France,Female,34.0,7,125826.13,1,0.0,0.0,176511.71,0
4412,15685500,Walker,632,France,Female,36.0,6,0.0,2,1.0,1.0,158580.05,0
4413,15754919,Lucchesi,695,France,Female,47.0,6,0.0,2,1.0,0.0,50213.81,0
4414,15573086,Rossi,681,France,Male,37.0,2,99824.45,2,1.0,0.0,36721.4,0
4415,15739476,Nwankwo,754,France,Male,44.0,2,127795.24,1,1.0,1.0,104908.54,1
4416,15588892,T'ang,667,Spain,Male,35.0,2,0.0,2,1.0,0.0,67622.33,0
4417,15600106,Wei,631,France,Male,36.0,6,0.0,2,0.0,1.0,133141.34,0
4418,15671610,Hooper,687,France,Male,36.0,7,0.0,1,1.0,0.0,13177.4,1
4419,15594556,Chuter,684,Spain,Male,35.0,7,0.0,2,1.0,1.0,123242.11,0
4420,15624781,Chukwukere,668,Spain,Male,35.0,1,118851.05,3,1.0,0.0,172601.62,1
4421,15751445,Chikwado,606,France,Male,56.0,5,0.0,1,1.0,0.0,40721.24,1
4422,15805885,Mazzanti,822,France,Male,28.0,2,0.0,2,1.0,0.0,49707.85,0
4423,15793856,Uchechukwu,630,France,Male,29.0,9,0.0,2,1.0,0.0,62746.54,1
4424,15672640,H?,586,France,Male,29.0,7,0.0,1,0.0,1.0,179863.58,1
4425,15644572,Turnbull,501,France,Male,40.0,7,125832.2,1,1.0,1.0,100433.83,0
4426,15727041,Chukwujamuike,559,France,Male,28.0,7,117704.74,1,1.0,0.0,171045.4,0
4427,15705521,Hsia,648,Germany,Female,46.0,8,132405.52,1,1.0,0.0,92865.04,0
4428,15605082,Trevisano,822,France,Male,31.0,5,0.0,1,1.0,0.0,92865.84,0
4429,15673883,Onyekachi,668,France,Male,28.0,2,0.0,2,1.0,1.0,113908.71,0
4430,15772995,T'ien,621,France,Male,31.0,2,0.0,2,0.0,0.0,163830.64,0
4431,15662758,Toscani,756,Germany,Male,35.0,3,131390.75,2,1.0,1.0,35786.76,0
4432,15676521,Hsing,825,Spain,Male,31.0,3,0.0,2,1.0,0.0,54473.56,0
4433,15698932,Liao,619,Spain,Male,37.0,9,0.0,2,1.0,1.0,47316.19,0
4434,15693199,Shao,739,Germany,Female,37.0,8,90218.11,1,1.0,1.0,191557.1,1
4435,15732281,White,479,France,Male,39.0,2,166023.66,1,1.0,1.0,125961.48,0
4436,15683973,Teng,689,France,Male,29.0,5,99713.87,1,1.0,0.0,124592.84,0
4437,15663630,Nnachetam,649,France,Male,38.0,3,0.0,2,1.0,0.0,162452.01,0
4438,15598838,Olisaemeka,753,Germany,Female,51.0,6,122314.5,1,1.0,0.0,124615.59,1
4439,15671630,Ibezimako,634,France,Male,68.0,5,0.0,1,0.0,1.0,27597.59,1
4440,15675650,Duncan,486,France,Female,35.0,8,97819.36,1,0.0,1.0,120586.32,0
4441,15787318,Onwuka,645,France,Male,37.0,4,0.0,2,1.0,1.0,94862.93,0
4442,15614137,Hsia,824,France,Male,30.0,9,0.0,2,1.0,1.0,175072.47,0
4443,15744789,Chukwukadibia,691,France,Male,39.0,6,148043.59,1,1.0,0.0,175749.36,0
4444,15793331,Nucci,699,France,Female,32.0,2,0.0,2,1.0,1.0,129964.94,0
4445,15595071,Ting,594,France,Male,20.0,3,0.0,2,1.0,0.0,105886.77,0
4446,15585892,Zakharov,663,France,Female,35.0,8,0.0,1,0.0,0.0,164453.98,0
4447,15768574,Kao,531,France,Male,31.0,0,0.0,2,0.0,0.0,51549.76,0
4448,15614818,Russell,557,France,Male,33.0,5,146445.24,2,1.0,1.0,182738.0,0
4449,15641575,Iweobiegbunam,748,Germany,Male,41.0,2,131844.6,1,1.0,0.0,51871.25,0
4450,15667046,Onio,667,France,Female,35.0,2,122806.95,1,0.0,0.0,15120.86,0
4451,15768124,Ts'ui,628,France,Female,34.0,2,0.0,2,1.0,0.0,91844.29,0
4452,15609623,Okonkwo,537,Germany,Male,66.0,10,101952.97,1,1.0,1.0,61936.1,0
4453,15690958,Udinesi,527,France,Female,39.0,5,0.0,2,1.0,0.0,53353.36,1
4454,15662500,Zetticci,677,France,Male,37.0,8,0.0,2,1.0,0.0,151902.78,0
4455,15636977,Trevisan,722,France,Female,37.0,9,0.0,3,1.0,0.0,119110.03,1
4456,15602934,Chidimma,592,France,Male,29.0,3,0.0,2,1.0,1.0,26170.43,0
4457,15597901,Udinese,695,France,Female,60.0,2,116932.58,1,1.0,0.0,181490.42,1
4458,15767793,Bock,830,Germany,Male,28.0,9,121537.71,4,1.0,0.0,131300.68,1
4459,15679048,Hsueh,607,France,Female,27.0,8,0.0,2,1.0,1.0,109179.89,0
4460,15588933,Hao,577,France,Female,29.0,8,0.0,2,1.0,1.0,91406.62,0
4461,15641278,Onwubiko,731,France,Male,41.0,8,0.0,1,1.0,0.0,116547.31,0
4462,15663942,Hsieh,639,France,Female,40.0,5,0.0,1,0.0,0.0,93716.38,0
4463,15613017,Fokina,743,Spain,Male,28.0,0,0.0,2,1.0,0.0,140941.47,0
4464,15802368,Yeh,613,Spain,Female,55.0,6,0.0,1,1.0,0.0,94767.77,1
4465,15702571,Hsiung,554,France,Male,42.0,5,117561.49,1,1.0,0.0,70954.41,0
4466,15673591,T'ien,635,France,Male,41.0,5,0.0,1,1.0,1.0,180591.32,0
4467,15737173,Trevisani,616,Germany,Male,34.0,6,123971.16,1,1.0,1.0,159508.53,0
4468,15702806,Martin,696,France,Male,40.0,9,0.0,1,0.0,0.0,10883.52,0
4469,15588540,Ijendu,730,Spain,Female,34.0,3,0.0,2,1.0,1.0,51390.24,0
4470,15665096,Hsia,605,France,Female,54.0,0,0.0,1,0.0,0.0,100995.53,1
4471,15586029,Chidi,608,Spain,Male,30.0,4,106920.91,1,0.0,1.0,79304.38,0
4472,15784599,Hsueh,726,France,Female,29.0,2,0.0,2,1.0,1.0,1276.84,0
4473,15687913,Mai,591,France,Female,34.0,1,0.0,1,1.0,0.0,44653.5,0
4474,15692235,Bellucci,681,France,Female,38.0,9,0.0,2,1.0,0.0,47764.99,0
4475,15737735,Grant,683,Germany,Male,40.0,3,95022.57,1,1.0,1.0,116816.54,0
4476,15777892,Ch'eng,602,France,Male,39.0,9,0.0,2,1.0,1.0,193014.26,0
4477,15658360,Gregory,543,Spain,Male,28.0,4,122929.42,2,0.0,0.0,149822.04,0
4478,15691792,Hsing,653,France,Female,38.0,10,0.0,3,1.0,0.0,181224.56,1
4479,15702561,Loane,683,Spain,Female,32.0,1,133616.39,1,1.0,0.0,119346.88,0
4480,15632816,Walker,777,France,Male,50.0,3,101744.84,1,0.0,1.0,143357.03,0
4481,15729279,Northey,721,France,Female,36.0,8,0.0,2,1.0,0.0,70810.8,0
4482,15789874,Genovese,645,France,Male,36.0,8,0.0,2,1.0,0.0,119882.7,0
4483,15715519,Romani,658,France,Female,32.0,1,109330.06,1,1.0,1.0,56191.99,0
4484,15623107,Chukwumaobim,706,Germany,Female,38.0,1,117020.08,2,0.0,1.0,54439.53,0
4485,15617252,Sullivan,716,France,Male,37.0,1,70657.61,2,1.0,1.0,76476.05,0
4486,15590993,Cheng,579,Spain,Male,37.0,5,152212.88,2,0.0,0.0,120219.14,0
4487,15603683,Ch'ien,588,France,Male,37.0,5,114510.93,1,1.0,1.0,160548.58,0
4488,15752409,Hsia,712,France,Female,37.0,2,0.0,2,0.0,1.0,95794.98,0
4489,15784320,He,613,France,Female,47.0,3,0.0,2,0.0,1.0,196062.01,0
4490,15809515,Liao,797,Germany,Male,36.0,1,151922.94,1,1.0,1.0,8877.06,0
4491,15573741,Teng,638,France,Female,43.0,3,0.0,2,1.0,0.0,105570.39,0
4492,15777907,Manna,682,Spain,Male,37.0,7,96939.06,1,1.0,0.0,164061.6,0
4493,15578045,Hill,687,Spain,Female,23.0,6,0.0,2,1.0,1.0,151335.24,0
4494,15595599,Martin,821,France,Female,38.0,2,0.0,1,0.0,1.0,180598.66,0
4495,15583393,Ts'ui,651,France,Female,36.0,2,0.0,2,1.0,1.0,119127.71,0
4496,15642379,Chidozie,740,Germany,Male,38.0,2,123823.35,2,0.0,0.0,158435.45,1
4497,15575694,Yobachukwu,638,Spain,Female,35.0,7,0.0,2,1.0,1.0,51637.67,0
4498,15804853,McVey,781,France,Female,48.0,2,57098.96,2,1.0,0.0,85644.06,0
4499,15657771,Ts'ui,717,France,Male,37.0,6,0.0,1,1.0,1.0,17802.42,0
4500,15776096,Dike,555,Spain,Male,37.0,6,115725.24,1,1.0,1.0,157549.6,0
4501,15587627,Liao,635,France,Female,43.0,7,0.0,1,1.0,0.0,79503.04,1
4502,15713596,McIntyre,685,France,Male,39.0,8,0.0,2,1.0,0.0,173793.53,0
4503,15733229,Milne,699,France,Female,36.0,7,0.0,2,1.0,0.0,167984.72,0
4504,15619116,McIntyre,756,France,Male,31.0,5,0.0,2,1.0,1.0,123300.38,0
4505,15785815,Tien,745,Spain,Female,28.0,8,0.0,2,1.0,0.0,58855.85,0
4506,15585888,Walker,543,France,Female,38.0,4,0.0,1,0.0,1.0,71830.1,0
4507,15596493,Wisdom,754,France,Female,50.0,6,0.0,1,1.0,1.0,177624.01,1
4508,15665440,Milanesi,714,Spain,Male,27.0,9,108914.85,1,0.0,0.0,95858.38,0
4509,15672027,Milanesi,646,France,Male,32.0,4,0.0,2,1.0,0.0,93717.15,0
4510,15662500,Ts'ao,569,Germany,Male,35.0,2,110368.03,2,1.0,0.0,11384.45,1
4511,15690796,Hsia,681,France,Female,34.0,7,0.0,2,1.0,0.0,158845.49,0
4512,15783875,Lucchese,558,France,Male,44.0,3,0.0,2,1.0,1.0,141872.05,0
4513,15730590,Ts'ai,628,France,Male,27.0,1,0.0,2,1.0,0.0,134435.75,0
4514,15585595,Folliero,599,France,Male,42.0,8,0.0,1,1.0,1.0,177028.0,1
4515,15699507,Messersmith,542,Spain,Female,25.0,7,0.0,2,0.0,1.0,82393.08,0
4516,15578515,Kao,693,France,Female,30.0,3,0.0,2,1.0,0.0,93718.16,0
4517,15570629,Alexeyeva,670,Germany,Female,72.0,5,146566.01,1,0.0,1.0,169963.2,1
4518,15704769,T'ao,727,France,Female,37.0,9,0.0,2,1.0,0.0,66561.89,0
4519,15799652,Cremonesi,624,France,Female,41.0,5,0.0,2,1.0,1.0,143960.97,0
4520,15687519,Calabresi,621,France,Male,41.0,4,0.0,2,1.0,1.0,99398.36,0
4521,15591386,Ch'eng,659,France,Male,64.0,2,121729.42,2,0.0,0.0,182784.11,1
4522,15757577,Maughan,494,France,Male,41.0,8,150507.21,1,1.0,0.0,167984.72,0
4523,15768574,Ponomarev,712,Spain,Male,61.0,3,0.0,3,0.0,1.0,151425.82,1
4524,15803689,Begum,753,France,Female,51.0,1,0.0,1,1.0,0.0,191212.63,1
4525,15769110,Fiorentini,584,France,Female,57.0,2,152825.08,2,0.0,0.0,110953.53,0
4526,15803691,Onwumelu,695,France,Female,37.0,5,0.0,1,0.0,1.0,145537.39,1
4527,15683941,Olisaemeka,656,Spain,Male,37.0,2,0.0,2,1.0,1.0,102645.69,0
4528,15777033,Clements,684,France,Female,43.0,6,0.0,1,0.0,0.0,141766.98,0
4529,15585855,Fanucci,634,Germany,Female,44.0,0,113379.54,1,1.0,0.0,120894.04,1
4530,15645904,Parsons,684,France,Male,33.0,6,0.0,2,0.0,1.0,186785.01,0
4531,15670646,Ts'ui,630,Germany,Male,44.0,6,104887.43,1,0.0,1.0,160523.33,1
4532,15757912,Burdekin,703,France,Male,29.0,6,0.0,1,1.0,1.0,172450.04,0
4533,15757981,H?,748,France,Male,31.0,8,0.0,2,1.0,1.0,59645.24,0
4534,15754053,Chung,718,France,Male,67.0,7,0.0,1,1.0,1.0,82782.08,1
4535,15586914,Nwachinemelu,634,France,Male,30.0,6,0.0,2,1.0,1.0,182372.13,0
4536,15802486,Trevisano,488,France,Male,31.0,3,0.0,1,1.0,1.0,126336.72,0
4537,15587443,Akudinobi,728,France,Female,69.0,1,0.0,2,0.0,1.0,131804.86,1
4538,15744770,Stone,738,Germany,Male,44.0,3,123557.65,3,0.0,0.0,86414.41,1
4539,15656592,Onyekachi,686,France,Female,36.0,0,135827.5,1,1.0,0.0,70548.48,0
4540,15722061,Toscani,787,France,Male,40.0,4,138053.83,2,1.0,1.0,73381.06,1
4541,15585867,Rutledge,553,France,Female,36.0,2,0.0,2,1.0,0.0,125557.95,0
4542,15803764,Onyeoruru,637,France,Male,26.0,9,0.0,1,1.0,1.0,116471.19,0
4543,15706394,Howell,607,France,Male,32.0,7,0.0,2,0.0,1.0,52332.85,0
4544,15701074,Li Fonti,571,Germany,Male,31.0,3,120599.38,1,0.0,1.0,53440.81,0
4545,15583681,Teng,578,France,Female,33.0,5,0.0,2,1.0,0.0,79886.06,0
4546,15646811,Y?,586,France,Male,32.0,8,0.0,2,1.0,1.0,138535.24,0
4547,15747534,Lucchese,558,France,Female,35.0,9,0.0,2,1.0,0.0,181177.9,0
4548,15645569,Hsiao,543,Spain,Female,35.0,7,123709.46,1,1.0,0.0,79547.39,0
4549,15569867,Chinweuba,529,Spain,Female,29.0,8,95508.2,1,1.0,1.0,19842.11,0
4550,15717225,Ikemefuna,544,France,Female,21.0,10,161525.96,2,0.0,0.0,9262.77,1
4551,15615456,Lo Duca,597,Spain,Female,37.0,7,0.0,2,0.0,1.0,49826.68,0
4552,15766066,Kambinachi,663,France,Female,32.0,6,142574.71,1,1.0,1.0,7819.76,0
4553,15810385,Giordano,717,France,Female,36.0,2,164557.95,1,0.0,0.0,82336.73,0
4554,15682463,Hsia,681,France,Male,46.0,8,0.0,1,1.0,1.0,103970.52,1
4555,15629787,Yobanna,616,Germany,Male,23.0,5,139861.55,1,0.0,0.0,101108.93,0
4556,15658813,T'ien,682,Spain,Female,30.0,9,0.0,2,1.0,1.0,179267.94,0
4557,15753332,Rowe,512,France,Female,30.0,5,0.0,2,0.0,0.0,146457.83,0
4558,15734765,Zetticci,501,Germany,Male,45.0,4,124539.4,2,1.0,0.0,835.55,0
4559,15571571,Nnachetam,819,France,Male,33.0,2,0.0,2,1.0,1.0,182436.81,0
4560,15648362,Calabresi,639,France,Male,35.0,2,108924.33,2,1.0,1.0,84300.4,0
4561,15624391,Wallace,624,France,Female,40.0,4,0.0,2,0.0,1.0,99770.3,0
4562,15779998,Hsiung,705,France,Male,44.0,1,0.0,2,1.0,1.0,82980.96,0
4563,15743580,P'eng,615,France,Male,34.0,6,0.0,1,1.0,1.0,71425.67,0
4564,15583730,Nnachetam,693,France,Male,32.0,4,0.0,2,1.0,0.0,141862.61,0
4565,15749401,Ch'ang,752,Germany,Male,40.0,4,123873.51,1,0.0,1.0,153898.56,0
4566,15732281,Oluchukwu,731,Spain,Male,43.0,0,0.0,2,1.0,1.0,139953.94,0
4567,15772632,Iloerika,641,France,Female,39.0,10,0.0,2,1.0,1.0,123810.41,0
4568,15658432,Lu,577,France,Female,48.0,8,0.0,2,0.0,1.0,130784.5,0
4569,15699415,Lewis,651,Germany,Female,46.0,7,150213.71,1,1.0,0.0,120668.46,1
4570,15576945,Ross,564,France,Female,28.0,5,0.0,2,0.0,0.0,48131.92,0
4571,15603743,T'ien,828,France,Male,60.0,9,0.0,2,1.0,1.0,49324.01,0
4572,15764195,K'ung,653,France,Male,43.0,9,0.0,2,0.0,0.0,121568.37,0
4573,15672115,Lettiere,637,France,Male,60.0,6,0.0,2,1.0,1.0,77331.77,1
4574,15743818,Yefremov,684,Germany,Female,35.0,1,131411.57,1,1.0,0.0,67594.24,0
4575,15734634,Onio,686,France,Female,43.0,2,0.0,2,1.0,0.0,198969.78,0
4576,15798895,Oluchukwu,677,France,Female,47.0,8,0.0,1,1.0,1.0,143682.09,1
4577,15665784,Mazzi,652,Germany,Male,37.0,4,100781.75,1,1.0,0.0,147545.65,0
4578,15598884,Kent,650,Spain,Female,23.0,5,0.0,1,0.0,1.0,180622.43,0
4579,15581370,Andreyeva,681,Spain,Male,38.0,2,99811.44,2,1.0,0.0,23531.5,1
4580,15775231,Chibueze,730,France,Female,48.0,3,118994.97,2,1.0,1.0,63470.58,0
4581,15761047,H?,724,Germany,Male,31.0,2,160997.54,2,0.0,1.0,64831.36,1
4582,15768777,Nnachetam,581,Spain,Male,40.0,3,0.0,1,1.0,1.0,82298.59,0
4583,15680405,Fanucci,477,Germany,Female,63.0,6,112652.08,1,1.0,1.0,140886.16,1
4584,15790750,Osinachi,695,France,Male,41.0,2,0.0,2,1.0,0.0,160387.98,0
4585,15788494,Forbes,598,Germany,Female,40.0,9,132623.76,1,1.0,0.0,129936.53,1
4586,15685706,White,635,France,Female,28.0,4,0.0,1,1.0,0.0,127623.36,0
4587,15790336,Tokareva,664,France,Male,36.0,7,79543.59,1,0.0,1.0,122433.09,0
4588,15613630,Tang,497,France,Male,52.0,4,109922.61,1,1.0,1.0,96823.32,0
4589,15765297,Ts'ao,648,France,Male,25.0,1,0.0,2,0.0,1.0,77866.37,0
4590,15732660,Black,769,France,Female,34.0,2,0.0,1,1.0,1.0,57876.05,0
4591,15755138,Chin,850,France,Female,31.0,6,124923.35,1,1.0,1.0,55593.8,0
4592,15654901,Hargreaves,724,France,Male,31.0,9,117438.33,1,1.0,1.0,125918.18,0
4593,15703908,Oluchi,757,France,Male,31.0,1,0.0,2,0.0,1.0,130866.95,0
4594,15813911,Hayes-Williams,709,France,Female,39.0,2,0.0,1,1.0,0.0,79957.95,0
4595,15652658,Okechukwu,679,Germany,Male,41.0,1,97910.71,1,1.0,0.0,173365.9,1
4596,15707963,Uspenskaya,516,Spain,Male,40.0,5,0.0,2,1.0,0.0,137964.94,0
4597,15693864,Holbrook,548,Germany,Female,32.0,0,103846.65,1,1.0,0.0,20560.69,1
4598,15742291,Okoli,589,France,Female,36.0,0,138162.41,2,1.0,0.0,54409.48,0
4599,15732644,Evans,547,Spain,Female,54.0,5,92316.31,2,1.0,1.0,158590.66,0
4600,15808960,Pirozzi,558,France,Male,20.0,1,0.0,1,0.0,1.0,121537.53,0
4601,15803840,Mazzanti,648,France,Male,30.0,8,0.0,1,1.0,1.0,114083.73,0
4602,15636562,Yuan,613,Germany,Male,34.0,4,98675.74,2,1.0,1.0,138906.85,0
4603,15705795,Pisano,682,France,Male,43.0,7,106841.52,1,0.0,1.0,116692.58,0
4604,15664543,Shaw,699,France,Male,40.0,3,0.0,1,1.0,1.0,152876.13,0
4605,15782467,Hart,850,Spain,Male,51.0,3,109799.55,2,1.0,1.0,12457.76,0
4606,15682578,Hsu,694,Germany,Female,38.0,2,103515.89,2,1.0,0.0,134638.97,0
4607,15648800,Ch'eng,709,Germany,Female,46.0,7,133111.71,1,1.0,0.0,103711.85,1
4608,15756481,Garcia,636,France,Female,39.0,6,118336.14,1,1.0,0.0,184691.77,0
4609,15778915,Chidiebele,531,France,Female,36.0,1,0.0,2,1.0,1.0,64448.36,0
4610,15642093,Chukwukadibia,636,France,Female,31.0,2,106967.28,1,1.0,0.0,90876.95,0
4611,15778858,Chiawuotu,778,Spain,Female,38.0,7,139430.02,1,0.0,0.0,57862.82,0
4612,15669887,O'Brien,620,France,Male,34.0,5,93577.3,1,0.0,0.0,142935.83,0
4613,15670584,Genovese,752,France,Female,43.0,3,0.0,2,0.0,1.0,64721.4,0
4614,15672935,Onyemauchechukwu,586,France,Male,29.0,8,141581.08,1,1.0,1.0,162719.69,0
4615,15730273,Lu,601,Germany,Male,25.0,7,118098.85,2,1.0,1.0,168820.28,0
4616,15752626,Onwudiwe,636,France,Female,51.0,9,0.0,1,1.0,1.0,183572.39,1
4617,15769917,Onyekachi,439,France,Female,34.0,3,0.0,2,1.0,0.0,128538.05,0
4618,15806901,Ritchie,516,France,Male,66.0,6,0.0,2,1.0,0.0,186775.76,0
4619,15706593,Hewitt,595,France,Female,34.0,9,131283.11,2,1.0,1.0,177747.72,0
4620,15651369,Ch'ien,695,France,Male,40.0,2,97720.68,1,0.0,1.0,132917.98,0
4621,15702149,Fomin,767,Germany,Female,33.0,1,144753.21,1,1.0,1.0,132480.75,1
4622,15686963,McLean,740,France,Male,36.0,1,0.0,2,1.0,1.0,140765.57,0
4623,15778947,Hao,745,Germany,Male,56.0,6,131691.33,2,1.0,0.0,12761.16,1
4624,15702968,Fang,675,France,Female,39.0,2,124619.33,2,1.0,0.0,163667.56,0
4625,15732270,Lettiere,673,Spain,Male,40.0,3,0.0,2,1.0,1.0,57896.27,0
4626,15787693,Shih,653,Spain,Male,29.0,7,100471.34,2,1.0,1.0,124598.99,1
4627,15694556,Kistler,683,Spain,Female,42.0,7,0.0,2,0.0,0.0,64345.61,0
4628,15703639,Kolesnikova,670,France,Female,26.0,8,0.0,2,0.0,1.0,182075.95,0
4629,15633283,Padovano,536,France,Male,35.0,3,0.0,2,1.0,0.0,64833.28,0
4630,15747265,Mistry,589,France,Female,33.0,1,0.0,2,0.0,1.0,61108.56,0
4631,15661532,Hsia,645,Spain,Male,35.0,7,0.0,2,1.0,1.0,164771.6,0
4632,15784868,Ma,717,Germany,Male,36.0,4,163822.06,1,1.0,1.0,136540.09,0
4633,15784099,Lu,583,France,Female,42.0,6,0.0,2,0.0,0.0,155853.52,0
4634,15732917,Cattaneo,710,France,Male,27.0,2,117810.79,1,1.0,1.0,93081.87,0
4635,15714006,Gardener,482,Spain,Female,35.0,2,133111.73,1,1.0,1.0,79957.95,0
4636,15758836,Rocher,590,Spain,Male,30.0,5,0.0,2,0.0,0.0,61759.33,0
4637,15697214,Korovin,648,Spain,Male,33.0,7,0.0,1,1.0,0.0,152979.14,0
4638,15674880,Archer,661,France,Male,50.0,5,0.0,1,1.0,0.0,52137.73,0
4639,15706170,Calabrese,597,France,Male,33.0,4,0.0,2,1.0,1.0,155071.79,0
4640,15778089,Ts'ui,652,France,Male,39.0,1,124576.65,1,1.0,0.0,120893.07,0
4641,15734365,Iloerika,686,Spain,Male,33.0,4,0.0,2,1.0,0.0,45438.38,0
4642,15662478,Chidiebere,627,Germany,Female,43.0,8,105961.49,1,1.0,0.0,80591.48,1
4643,15750099,Manna,548,Spain,Female,36.0,9,0.0,1,1.0,0.0,121316.07,0
4644,15772363,Hilton,742,Germany,Female,42.0,0,101979.16,1,1.0,1.0,90928.48,0
4645,15619116,Tuan,710,France,Male,39.0,8,0.0,2,1.0,0.0,92811.22,1
4646,15798844,Chijindum,678,France,Male,54.0,8,128914.97,1,1.0,1.0,191746.23,0
4647,15793331,Chinedum,614,Germany,Female,35.0,0,133598.38,1,1.0,0.0,177655.68,1
4648,15686943,Milani,718,France,Female,33.0,8,0.0,2,1.0,0.0,55775.53,0
4649,15732903,Lu,707,France,Male,37.0,5,0.0,2,1.0,0.0,151401.33,0
4650,15789432,Mazzanti,668,France,Male,41.0,6,0.0,1,0.0,0.0,184954.11,1
4651,15795519,Liao,714,France,Male,35.0,6,0.0,2,1.0,0.0,52319.26,0
4652,15705994,Udinese,694,Germany,Male,34.0,1,95556.31,2,0.0,1.0,78622.46,0
4653,15798084,Murray,553,France,Male,26.0,0,134954.53,1,1.0,0.0,105784.85,0
4654,15571450,Hsueh,531,France,Male,28.0,8,161588.85,1,0.0,0.0,198490.05,0
4655,15592645,O'Loughlin,683,Germany,Female,40.0,5,140197.18,1,0.0,0.0,111879.21,0
4656,15732593,Watson,663,France,Female,44.0,6,0.0,2,1.0,1.0,63629.22,1
4657,15667588,Arcuri,670,Spain,Female,38.0,6,0.0,2,1.0,1.0,182650.15,0
4658,15679284,Aksyonova,593,France,Male,45.0,5,79259.75,1,1.0,0.0,55347.28,1
4659,15682547,Lucchese,659,Spain,Female,28.0,7,0.0,2,1.0,1.0,79559.02,0
4660,15721658,Enyinnaya,683,France,Male,37.0,9,0.0,2,0.0,1.0,82951.12,0
4661,15641734,Onwumelu,705,France,Male,43.0,1,0.0,2,1.0,0.0,87951.48,0
4662,15791516,T'ao,583,Spain,Male,25.0,2,0.0,2,0.0,1.0,49503.57,0
4663,15732917,Niu,639,France,Female,45.0,4,95502.21,4,0.0,0.0,61995.57,1
4664,15793029,Chukwuebuka,748,Germany,Female,38.0,4,115897.33,2,1.0,0.0,104719.57,1
4665,15757912,Davidson,540,Germany,Female,37.0,0,125977.81,1,0.0,0.0,160162.42,0
4666,15652658,Uvarova,632,France,Male,40.0,8,0.0,1,0.0,0.0,162699.9,1
4667,15641732,Tuan,629,France,Male,36.0,1,106918.73,1,1.0,0.0,147815.92,0
4668,15661745,Ting,711,Spain,Male,34.0,8,135277.96,1,1.0,1.0,184564.67,0
4669,15782531,Palermo,677,France,Male,55.0,2,0.0,2,0.0,1.0,140780.8,0
4670,15751455,Fanucci,741,Spain,Male,29.0,8,0.0,2,1.0,1.0,60906.52,0
4671,15716041,Hao,591,Germany,Male,25.0,8,146584.19,2,0.0,1.0,86764.46,0
4672,15681671,L?,694,France,Female,42.0,4,0.0,1,1.0,1.0,138880.24,1
4673,15743818,Craig,596,France,Male,40.0,9,0.0,2,1.0,1.0,122547.58,0
4674,15643822,Hsia,667,Spain,Male,36.0,5,0.0,2,1.0,0.0,172447.04,0
4675,15604072,Whitehead,590,Germany,Male,31.0,9,81902.58,1,1.0,1.0,182321.99,0
4676,15792650,Yevseyev,542,France,Female,43.0,6,0.0,2,1.0,0.0,94949.84,0
4677,15608387,Fu,786,France,Female,50.0,4,0.0,1,1.0,1.0,103372.79,0
4678,15654096,Johnston,617,Germany,Male,36.0,7,122200.31,2,1.0,0.0,49594.02,1
4679,15798846,O'Loghlin,634,France,Female,46.0,8,0.0,1,1.0,0.0,152872.45,1
4680,15800049,Lucchesi,676,France,Male,39.0,4,0.0,2,1.0,1.0,62402.82,0
4681,15648032,Young,662,France,Male,37.0,4,0.0,2,1.0,0.0,187816.59,0
4682,15740527,Lai,696,Spain,Male,26.0,3,142724.48,1,0.0,1.0,5893.23,0
4683,15654880,Lai,711,Germany,Female,39.0,9,171922.72,1,1.0,1.0,177092.16,0
4684,15684321,Fanucci,467,Germany,Male,39.0,9,121718.52,2,1.0,1.0,100717.31,0
4685,15587566,Udegbulam,706,Spain,Male,33.0,8,0.0,2,1.0,1.0,84870.23,0
4686,15625083,Shubin,651,France,Female,47.0,8,122227.59,2,0.0,0.0,149602.28,0
4687,15671097,Lucciano,636,Germany,Male,46.0,5,131394.56,1,1.0,1.0,53534.8,1
4688,15760568,Dalrymple,593,Germany,Female,38.0,5,142658.04,2,0.0,0.0,135853.62,0
4689,15664754,Nnaemeka,730,Germany,Male,49.0,6,84448.13,2,1.0,0.0,183490.48,0
4690,15642394,Nwankwo,682,France,Female,32.0,8,0.0,2,1.0,0.0,181794.86,0
4691,15691803,Teng,663,Germany,Male,49.0,10,109798.5,1,1.0,1.0,143980.27,1
4692,15728362,Yevseyev,653,France,Female,31.0,8,0.0,2,1.0,1.0,89405.26,0
4693,15739194,Fanucci,699,Spain,Female,36.0,8,0.0,1,1.0,1.0,55835.66,1
4694,15651093,Hsing,850,France,Male,31.0,8,149529.82,1,0.0,1.0,149922.38,0
4695,15706069,Manna,686,Spain,Male,34.0,10,133050.65,2,1.0,1.0,67849.58,0
4696,15580684,Tsou,561,France,Female,29.0,7,112564.62,1,1.0,0.0,42334.38,0
4697,15803682,Sims,803,Spain,Male,26.0,10,0.0,2,1.0,1.0,181208.47,0
4698,15643826,McKay,503,France,Female,32.0,1,0.0,2,1.0,1.0,153036.97,0
4699,15754919,Chijindum,573,Germany,Female,36.0,2,179960.2,2,1.0,1.0,83679.46,0
4700,15798053,Zikoranachidimma,632,Germany,Male,29.0,6,103960.04,1,0.0,0.0,145549.48,0
4701,15681677,Nkemakolam,748,France,Male,36.0,7,0.0,2,1.0,0.0,141023.01,0
4702,15729359,Li,722,Spain,Male,37.0,6,0.0,2,1.0,1.0,170226.47,0
4703,15765806,Omeokachie,585,Spain,Female,59.0,6,0.0,1,1.0,0.0,807.78,0
4704,15605918,McGregor,691,Germany,Male,55.0,9,134937.57,1,0.0,0.0,61961.1,1
4705,15594720,Manna,678,France,Female,30.0,2,0.0,2,0.0,1.0,196257.67,0
4706,15569867,Chien,671,France,Male,44.0,6,0.0,1,0.0,0.0,19842.22,1
4707,15723053,Lujan,590,France,Female,43.0,2,137856.39,1,0.0,1.0,44203.95,0
4708,15787042,Calabresi,673,France,Female,37.0,1,125513.51,1,1.0,0.0,124596.84,0
4709,15758050,Burgess,790,Germany,Male,49.0,6,107418.27,1,0.0,1.0,160450.21,1
4710,15674727,Smith,452,Spain,Male,41.0,7,0.0,2,1.0,1.0,194902.16,0
4711,15679983,Y?an,683,France,Male,29.0,2,0.0,2,1.0,0.0,60905.51,0
4712,15650437,Frolova,644,France,Male,40.0,2,0.0,2,1.0,1.0,132730.07,0
4713,15711299,White,706,Spain,Female,41.0,9,175739.0,1,1.0,1.0,55787.47,0
4714,15726267,P'eng,687,France,Female,67.0,6,0.0,2,0.0,1.0,140197.42,0
4715,15581332,Hargreaves,628,Spain,Female,34.0,2,0.0,2,1.0,0.0,131501.59,0
4716,15638463,Chukwufumnanya,583,France,Female,23.0,5,85827.61,1,0.0,1.0,138891.74,0
4717,15577985,Chukwuemeka,635,Germany,Male,43.0,7,110935.11,4,1.0,1.0,145588.81,1
4718,15756850,Chikwendu,719,France,Male,49.0,1,142767.39,2,1.0,1.0,8214.41,0
4719,15642655,Chiu,554,France,Female,34.0,7,118577.24,2,1.0,1.0,102888.56,0
4720,15721426,Feng,705,France,Male,26.0,5,0.0,2,1.0,1.0,43801.27,0
4721,15584516,Balsillie,584,France,Male,31.0,3,89763.39,1,1.0,1.0,143327.08,1
4722,15624850,Grant,630,France,Male,30.0,5,153972.89,2,1.0,0.0,62811.03,1
4723,15691910,Olisanugo,649,Spain,Female,38.0,9,0.0,2,1.0,0.0,152992.04,0
4724,15713890,Maclean,591,France,Female,38.0,3,0.0,2,1.0,1.0,152884.85,0
4725,15633944,P'eng,487,France,Female,38.0,6,0.0,2,1.0,1.0,66810.48,0
4726,15653696,Milne,515,France,Female,28.0,9,0.0,2,0.0,0.0,94141.75,1
4727,15593349,Yermakov,641,Germany,Female,37.0,7,153674.56,2,0.0,1.0,91359.39,0
4728,15573769,Fiorentini,764,Spain,Male,24.0,3,0.0,2,1.0,0.0,186105.99,0
4729,15756475,Ts'ui,727,France,Male,29.0,4,97545.32,1,1.0,1.0,71553.94,0
4730,15700601,D'Albertis,613,Spain,Male,47.0,1,101609.01,1,1.0,0.0,133617.43,0
4731,15673591,Mazzanti,705,France,Male,39.0,10,0.0,2,1.0,0.0,104889.2,0
4732,15616365,Eluemuno,585,France,Male,40.0,5,0.0,2,1.0,1.0,82565.01,0
4733,15617320,Palermo,693,Spain,Male,46.0,3,0.0,1,1.0,0.0,180736.24,0
4734,15797381,DeRose,593,France,Female,36.0,2,133903.12,1,1.0,1.0,85902.39,0
4735,15801559,Chiang,496,Germany,Female,34.0,9,181461.48,1,1.0,0.0,187929.43,0
4736,15703068,Lo,646,France,Male,32.0,5,0.0,1,1.0,1.0,74415.74,0
4737,15807340,McIntyre,551,France,Male,40.0,1,92340.69,1,1.0,1.0,71173.64,0
4738,15709780,Boyd,667,Germany,Female,37.0,6,83347.25,1,1.0,0.0,7953.62,0
4739,15771573,Hsiung,681,Germany,Male,32.0,5,99811.71,1,0.0,1.0,132418.79,0
4740,15773731,John,758,Spain,Female,42.0,5,0.0,2,1.0,1.0,100365.51,0
4741,15663883,Iadanza,678,France,Female,36.0,7,0.0,1,1.0,0.0,133091.32,0
4742,15800793,Hsia,604,Germany,Female,58.0,4,182491.57,1,1.0,0.0,185830.72,0
4743,15769974,Shih,679,Germany,Female,37.0,6,170057.62,1,1.0,0.0,54398.56,0
4744,15588580,Shih,679,France,Male,39.0,3,0.0,2,1.0,0.0,125870.78,0
4745,15594796,Pagnotto,653,France,Male,38.0,8,0.0,2,1.0,1.0,62688.33,0
4746,15673908,Manna,581,Spain,Male,33.0,1,0.0,2,1.0,1.0,142924.39,0
4747,15713774,Chikwendu,616,Spain,Female,46.0,1,12459.19,1,0.0,0.0,156787.34,0
4748,15726267,Paterson,850,Germany,Male,41.0,2,121669.23,1,0.0,1.0,62825.03,1
4749,15726490,Kirby,634,Spain,Male,29.0,4,0.0,2,1.0,0.0,52759.82,0
4750,15583499,Farrar,596,Spain,Male,24.0,7,0.0,2,0.0,0.0,105557.75,0
4751,15767594,Yeh,579,Germany,Male,32.0,10,107949.45,2,0.0,1.0,55857.48,0
4752,15671726,Ijendu,678,France,Male,33.0,6,148962.97,1,1.0,1.0,162758.6,0
4753,15692599,Tung,595,France,Female,29.0,4,0.0,2,1.0,0.0,172749.4,0
4754,15756918,Onwumelu,585,France,Male,38.0,8,0.0,2,1.0,0.0,123882.73,0
4755,15626710,Yudina,717,France,Male,42.0,4,0.0,2,1.0,1.0,172665.21,0
4756,15606842,Manna,666,Spain,Male,37.0,2,0.0,2,1.0,1.0,117505.54,0
4757,15732270,Chiawuotu,850,France,Male,63.0,4,0.0,2,0.0,1.0,198134.9,0
4758,15686936,Lajoie,682,Spain,Female,39.0,1,0.0,2,0.0,0.0,57764.65,0
4759,15777033,Sazonova,638,Germany,Female,54.0,2,120911.75,2,1.0,0.0,123587.93,1
4760,15791333,Tsao,710,Germany,Male,48.0,7,95293.42,1,1.0,1.0,123338.56,0
4761,15800524,Chidubem,548,France,Female,43.0,2,141616.37,2,1.0,0.0,100998.5,1
4762,15794468,Walker,769,France,Male,33.0,8,0.0,1,1.0,1.0,135083.73,0
4763,15677739,Nkemakolam,641,France,Male,42.0,4,0.0,2,1.0,1.0,142223.94,0
4764,15641585,Lucchese,559,France,Male,37.0,3,0.0,2,1.0,0.0,179866.01,0
4765,15569666,Goddard,517,France,Female,45.0,9,0.0,1,0.0,0.0,172674.36,0
4766,15693205,Peng,691,Germany,Female,39.0,8,109153.96,1,1.0,1.0,148848.76,0
4767,15698510,Onio,604,Germany,Female,35.0,2,140197.44,2,1.0,1.0,63687.34,1
4768,15674932,Williamson,658,Spain,Female,43.0,6,0.0,1,1.0,0.0,16301.91,1
4769,15631476,Pinto,554,Spain,Male,36.0,4,0.0,1,1.0,0.0,175536.6,1
4770,15761716,Kao,693,France,Male,47.0,7,118273.87,1,0.0,0.0,122449.01,1
4771,15636069,Rishel,567,Spain,Female,36.0,5,0.0,1,0.0,0.0,71638.96,0
4772,15573318,Nwachukwu,683,France,Male,45.0,4,0.0,1,1.0,0.0,121053.19,0
4773,15676966,H?,719,France,Male,29.0,5,0.0,2,1.0,0.0,83056.22,0
4774,15785815,Ejimofor,663,France,Male,37.0,2,91621.69,1,1.0,1.0,35356.46,0
4775,15695585,Kryukova,756,France,Female,49.0,6,169089.38,2,0.0,1.0,101057.95,1
4776,15585133,Wei,662,Spain,Female,43.0,1,0.0,1,0.0,0.0,64014.24,1
4777,15607301,Wilson,663,Spain,Female,23.0,7,0.0,2,1.0,0.0,48137.03,0
4778,15576713,P'an,597,France,Female,25.0,8,0.0,2,1.0,1.0,94977.54,0
4779,15593094,K?,709,Germany,Female,45.0,3,138056.55,1,1.0,0.0,136028.97,1
4780,15658057,Liao,641,Spain,Male,43.0,2,0.0,2,1.0,0.0,116977.5,0
4781,15591777,Pisani,827,France,Male,30.0,9,0.0,2,1.0,1.0,161069.28,0
4782,15776936,Thorpe,613,Germany,Male,36.0,5,137479.13,1,1.0,0.0,25669.1,1
4783,15707962,Trevisano,585,Germany,Female,36.0,6,146050.97,2,0.0,0.0,86424.57,0
4784,15781457,Zito,679,Spain,Male,34.0,9,91718.9,1,1.0,0.0,81841.95,0
4785,15773789,Onyemauchechukwu,613,France,Male,35.0,7,0.0,1,1.0,1.0,124411.08,0
4786,15690829,Okagbue,661,France,Female,34.0,7,0.0,2,0.0,1.0,85901.09,0
4787,15775293,Weber,554,France,Female,32.0,7,0.0,1,1.0,1.0,94820.85,0
4788,15801863,Nkemakolam,683,France,Male,38.0,5,0.0,2,1.0,0.0,6139.74,0
4789,15684733,Ts'ui,616,France,Female,37.0,0,0.0,2,0.0,0.0,153537.1,0
4790,15685920,Ijendu,572,France,Male,37.0,9,133043.66,1,0.0,0.0,111243.09,0
4791,15644856,Ni,718,France,Female,37.0,9,0.0,1,0.0,0.0,137938.49,1
4792,15591130,Hsiung,621,France,Male,29.0,5,0.0,1,1.0,1.0,113977.35,0
4793,15576760,Onyemere,771,France,Female,32.0,5,0.0,2,1.0,0.0,72990.62,0
4794,15641170,Liang,640,Spain,Female,40.0,4,131629.17,1,1.0,1.0,75860.01,0
4795,15605036,Raff,666,Germany,Female,35.0,2,97001.36,1,1.0,1.0,121311.14,1
4796,15690153,Hsiung,579,France,Female,66.0,8,0.0,2,1.0,0.0,140763.18,0
4797,15812616,White,850,France,Male,40.0,5,0.0,2,1.0,1.0,26689.41,0
4798,15740164,Eluemuno,785,France,Female,47.0,2,0.0,2,1.0,1.0,6009.27,0
4799,15612633,Lu,588,Spain,Male,40.0,1,0.0,2,1.0,0.0,155786.39,0
4800,15761733,Ch'ang,565,France,Male,39.0,9,140700.61,1,1.0,0.0,168882.99,0
4801,15680141,Sergeyeva,721,Germany,Female,35.0,5,147936.42,1,1.0,1.0,62199.78,1
4802,15782219,Cremonesi,705,France,Male,30.0,8,0.0,2,1.0,1.0,158323.87,0
4803,15799217,White,717,France,Male,33.0,9,0.0,2,1.0,0.0,181598.86,0
4804,15703778,Nkemdilim,814,France,Female,41.0,1,0.0,2,1.0,0.0,91291.2,0
4805,15762218,Benjamin,554,France,Male,35.0,10,0.0,2,1.0,1.0,101102.39,0
4806,15622532,Amadi,716,Spain,Female,41.0,1,0.0,1,1.0,1.0,27509.52,0
4807,15781298,Chukwualuka,695,Germany,Male,41.0,9,124577.33,1,1.0,0.0,106858.5,1
4808,15578088,Aksyonov,645,France,Male,39.0,9,0.0,1,1.0,1.0,149913.78,0
4809,15785819,Shih,684,Germany,Male,45.0,6,113817.07,1,1.0,0.0,140941.47,1
4810,15598883,Y?an,705,France,Male,38.0,8,122570.69,2,1.0,0.0,167934.31,0
4811,15736399,Korovin,686,France,Female,34.0,10,0.0,1,1.0,1.0,177938.52,0
4812,15608230,Hoelscher,717,France,Male,23.0,5,0.0,2,1.0,1.0,91573.19,0
4813,15808557,Bledsoe,722,France,Male,47.0,6,129989.64,1,0.0,0.0,29388.02,0
4814,15749951,Hsia,679,Spain,Male,38.0,6,0.0,2,1.0,0.0,161429.17,0
4815,15627848,Nwachinemelu,597,France,Male,60.0,8,95829.13,1,1.0,1.0,101382.86,0
4816,15623430,Hill,537,Germany,Female,40.0,3,131834.8,1,1.0,0.0,166476.95,0
4817,15755798,Feng,610,France,Male,40.0,2,82729.49,1,1.0,0.0,113860.81,0
4818,15773322,Genovesi,603,France,Female,40.0,2,0.0,1,1.0,0.0,75848.24,1
4819,15752528,Genovese,699,France,Male,34.0,6,0.0,2,1.0,1.0,116969.25,0
4820,15732436,Smith,711,France,Male,42.0,9,0.0,2,1.0,1.0,91829.16,0
4821,15604576,Onyemere,671,Spain,Male,24.0,6,0.0,2,1.0,1.0,124596.63,0
4822,15583871,Kao,535,France,Male,32.0,2,0.0,2,0.0,1.0,133871.99,0
4823,15692259,Thompson,569,Spain,Male,31.0,3,115406.97,2,0.0,0.0,145528.22,0
4824,15616088,Hsia,632,France,Male,38.0,2,127122.79,1,1.0,0.0,161224.23,0
4825,15658935,Pinto,693,Spain,Male,38.0,2,0.0,2,0.0,0.0,83679.46,0
4826,15738291,Hs?,559,France,Female,40.0,5,0.0,2,1.0,1.0,176902.83,0
4827,15809838,Moore,649,France,Male,46.0,1,0.0,1,1.0,0.0,735.79,0
4828,15671149,Fiorentini,850,Spain,Female,36.0,3,0.0,2,1.0,0.0,129898.54,0
4829,15673367,Chukwubuikem,667,France,Female,39.0,1,91078.76,2,0.0,1.0,171928.04,0
4830,15790689,Ponomaryov,726,Germany,Female,40.0,9,109844.81,1,1.0,0.0,180862.26,1
4831,15623668,Chidimma,677,France,Male,34.0,5,144773.29,1,1.0,0.0,141137.52,0
4832,15611682,Onwumelu,695,Spain,Male,40.0,1,0.0,1,1.0,1.0,115091.38,0
4833,15583599,Efimov,627,Spain,Female,33.0,10,81560.55,1,0.0,0.0,116951.1,1
4834,15781884,Knox,624,Germany,Male,27.0,9,94667.29,2,0.0,1.0,4470.52,1
4835,15654457,Chibueze,585,Germany,Female,41.0,9,135643.0,4,1.0,1.0,199775.67,1
4836,15794941,Chibueze,647,Germany,Female,59.0,7,126061.51,3,1.0,1.0,189159.97,1
4837,15651460,Hsieh,424,Spain,Female,39.0,7,0.0,2,1.0,1.0,16250.61,0
4838,15806901,Tuan,651,Germany,Female,41.0,9,151701.45,1,1.0,0.0,104730.58,0
4839,15592751,Boni,590,Germany,Female,46.0,6,128137.42,2,1.0,1.0,93820.49,1
4840,15611331,Okonkwo,611,Spain,Female,42.0,3,0.0,2,0.0,0.0,27274.09,0
4841,15683521,Godfrey,594,France,Male,30.0,2,0.0,2,1.0,0.0,129084.82,0
4842,15659475,Ts'ui,661,France,Female,32.0,7,0.0,2,1.0,0.0,175843.38,0
4843,15649060,Milne,727,Germany,Female,28.0,3,82729.47,2,1.0,0.0,72985.61,0
4844,15592515,Ch'iu,649,Spain,Male,41.0,8,82496.05,2,1.0,1.0,146587.33,0
4845,15608845,Kaeppel,655,France,Male,35.0,1,0.0,1,1.0,1.0,135077.31,0
4846,15678058,Ayers,584,France,Male,31.0,6,104584.16,1,1.0,0.0,176678.72,0
4847,15690772,Genovesi,678,France,Female,36.0,2,0.0,1,1.0,0.0,60905.51,1
4848,15717527,T'ao,684,France,Male,45.0,3,139395.08,1,1.0,0.0,78854.57,0
4849,15652999,Milne,719,France,Male,33.0,5,0.0,2,1.0,1.0,133501.94,0
4850,15663917,Johnstone,663,France,Male,41.0,8,102773.2,1,1.0,1.0,161671.15,0
4851,15592645,Nnanna,736,Germany,Female,28.0,4,153537.57,2,1.0,1.0,25650.04,0
4852,15798032,Goliwe,554,Spain,Male,35.0,2,0.0,2,1.0,1.0,109890.98,0
4853,15663830,De Luca,850,Spain,Male,42.0,5,0.0,2,1.0,1.0,19264.33,0
4854,15736397,Dyer,676,France,Male,25.0,4,0.0,2,1.0,0.0,79734.23,0
4855,15744105,Yashina,651,France,Male,30.0,2,0.0,2,1.0,1.0,125518.32,0
4856,15574879,Shao,710,France,Male,32.0,8,0.0,2,1.0,0.0,140941.47,0
4857,15763097,Shih,756,Spain,Female,41.0,6,0.0,2,0.0,0.0,178373.93,0
4858,15739046,Chukwuebuka,678,Germany,Female,24.0,2,113957.0,2,1.0,1.0,141069.43,0
4859,15567147,T'ien,610,France,Female,38.0,3,0.0,2,1.0,1.0,75825.57,0
4860,15783865,Dale,636,France,Female,59.0,4,0.0,1,1.0,0.0,92277.47,1
4861,15736250,Johnstone,569,Germany,Male,38.0,9,132578.92,1,0.0,1.0,87412.74,0
4862,15687310,Yobanna,681,France,Female,31.0,8,0.0,2,1.0,0.0,91673.5,1
4863,15578141,Chien,641,France,Female,35.0,7,0.0,1,1.0,0.0,12905.89,0
4864,15739502,Liao,663,France,Male,38.0,6,142581.08,1,1.0,0.0,108764.69,0
4865,15793691,Y?an,613,France,Male,37.0,7,131063.02,1,1.0,0.0,86079.69,0
4866,15584812,P'eng,634,Germany,Male,26.0,9,71240.4,2,1.0,1.0,148848.14,0
4867,15705676,Wright,583,France,Female,33.0,8,76597.79,1,1.0,0.0,157921.25,0
4868,15711398,Fetherstonhaugh,525,France,Female,25.0,8,0.0,2,1.0,0.0,89566.64,0
4869,15804820,Toscani,593,France,Female,46.0,1,0.0,1,1.0,0.0,56905.38,1
4870,15655875,Lombardi,715,Germany,Female,54.0,6,131878.06,1,0.0,1.0,154841.5,1
4871,15649418,Krylov,776,Spain,Female,29.0,7,178171.04,2,1.0,1.0,115818.51,0
4872,15744398,Baddeley,657,France,Female,27.0,8,0.0,2,1.0,0.0,98965.04,0
4873,15579189,Lucchesi,665,France,Male,44.0,3,0.0,2,0.0,1.0,66462.79,0
4874,15776939,Chukwuemeka,655,Spain,Female,46.0,3,170935.94,1,1.0,0.0,65727.51,1
4875,15750055,Hsia,850,France,Male,31.0,10,0.0,2,1.0,1.0,140889.16,0
4876,15706904,Mackay,719,France,Male,44.0,9,0.0,2,0.0,0.0,84972.9,0
4877,15681446,Y?,696,Spain,Female,39.0,9,122028.65,1,0.0,0.0,74850.84,1
4878,15787884,Hao,690,Spain,Female,32.0,8,0.0,2,1.0,1.0,158611.01,0
4879,15670889,Walker,775,Germany,Female,39.0,2,141752.03,2,0.0,0.0,93332.64,0
4880,15671709,Ijendu,684,Germany,Female,33.0,6,123126.75,2,1.0,1.0,77830.16,0
4881,15721921,Ngozichukwuka,584,Spain,Female,37.0,7,0.0,1,1.0,0.0,93739.63,0
4882,15809837,Chiu,762,Spain,Male,48.0,7,106934.41,1,1.0,0.0,87974.82,1
4883,15742272,Ch'eng,749,France,Male,38.0,5,0.0,2,1.0,0.0,1710.54,0
4884,15793856,K?,581,France,Male,35.0,1,139196.0,1,1.0,0.0,176913.43,0
4885,15714643,Kao,629,France,Female,32.0,9,0.0,1,1.0,1.0,139964.66,0
4886,15745030,Cremonesi,699,France,Male,29.0,7,0.0,1,1.0,1.0,93777.61,0
4887,15813292,Onyekachukwu,656,Spain,Male,37.0,9,0.0,1,0.0,1.0,74425.41,0
4888,15642937,Tsai,579,France,Female,47.0,7,0.0,2,1.0,0.0,74835.65,0
4889,15783615,Scott,663,Spain,Female,37.0,1,0.0,2,1.0,0.0,58885.88,0
4890,15793825,Boni,733,France,Male,34.0,5,133970.22,2,1.0,1.0,187839.9,0
4891,15622578,Lucchesi,635,France,Female,28.0,2,0.0,1,1.0,0.0,157567.37,0
4892,15799652,Okwuadigbo,743,Spain,Female,64.0,1,112499.42,1,1.0,1.0,121798.56,0
4893,15797900,Ndubuisi,476,Spain,Female,35.0,9,0.0,1,1.0,0.0,174434.06,0
4894,15732903,Kolesnikov,599,Germany,Female,29.0,1,61671.19,1,1.0,1.0,171060.01,0
4895,15674850,Ozerova,663,Germany,Female,37.0,3,101629.3,3,1.0,0.0,73686.75,1
4896,15717231,Li,729,Germany,Female,34.0,4,98459.6,1,0.0,1.0,90821.66,0
4897,15662483,Chambers,850,Germany,Female,43.0,7,117438.17,1,0.0,1.0,173851.11,1
4898,15791749,Fiorentini,681,France,Male,27.0,3,179846.07,1,1.0,0.0,147822.25,1
4899,15659937,Hsiung,557,Spain,Female,35.0,2,0.0,1,1.0,0.0,161465.31,1
4900,15761717,Ch'ien,720,France,Male,37.0,8,0.0,2,1.0,1.0,45180.8,0
4901,15702789,Hsing,648,France,Male,42.0,10,0.0,2,0.0,1.0,130784.2,0
4902,15658163,Chiu,695,France,Female,38.0,1,84719.98,1,0.0,0.0,123885.88,0
4903,15740527,Shih,639,Spain,Female,59.0,4,140197.18,2,1.0,1.0,142935.83,1
4904,15700650,Pugh,680,Spain,Male,50.0,6,0.0,1,0.0,0.0,93624.55,1
4905,15580148,Chukwuemeka,627,France,Female,32.0,6,108508.71,1,1.0,0.0,159257.21,0
4906,15716085,Uspenskaya,516,Germany,Male,36.0,2,152812.58,1,0.0,0.0,94498.82,0
4907,15797986,Trevisano,662,Spain,Female,28.0,4,0.0,2,1.0,0.0,184474.01,0
4908,15738889,Maclean,692,France,Male,46.0,5,0.0,2,1.0,0.0,26260.98,0
4909,15661830,Lucciano,794,Germany,Female,33.0,6,119695.75,1,1.0,0.0,26136.13,0
4910,15791501,Ni,629,France,Male,29.0,7,0.0,1,1.0,0.0,69011.66,0
4911,15762708,Chiemezie,687,Spain,Female,38.0,10,119658.49,2,1.0,0.0,8646.58,0
4912,15791767,Lucciano,600,France,Female,27.0,8,0.0,2,0.0,1.0,172031.22,0
4913,15643635,Simpson,753,Germany,Female,61.0,2,138878.81,1,1.0,0.0,129936.53,0
4914,15750156,Y?,441,France,Female,27.0,5,0.0,2,0.0,0.0,129890.84,0
4915,15748352,Chukwujekwu,748,Spain,Male,32.0,9,121389.78,1,1.0,0.0,144532.85,0
4916,15758050,H?,577,Spain,Male,33.0,2,0.0,2,1.0,1.0,123882.73,0
4917,15753949,McIntyre,619,France,Male,36.0,1,0.0,2,1.0,1.0,167553.06,0
4918,15590146,Ch'ang,649,Spain,Male,41.0,8,81818.49,1,0.0,1.0,137720.56,0
4919,15680998,Nwankwo,685,France,Male,40.0,6,0.0,2,1.0,1.0,117356.14,0
4920,15664808,Shih,683,France,Male,29.0,5,121691.54,2,0.0,0.0,93835.64,0
4921,15719649,Akobundu,640,Spain,Male,59.0,3,0.0,1,1.0,1.0,81891.7,1
4922,15793343,Galkin,632,Spain,Female,39.0,2,0.0,2,1.0,1.0,95562.93,0
4923,15650864,Tien,730,France,Male,35.0,6,0.0,2,1.0,1.0,105760.01,0
4924,15772381,Shao,667,Germany,Male,41.0,2,116777.42,2,1.0,1.0,116692.8,0
4925,15772632,H?,544,Germany,Female,36.0,3,128843.67,2,1.0,0.0,179908.71,0
4926,15746490,Pinto,683,Germany,Male,46.0,4,89087.39,1,1.0,1.0,131769.24,1
4927,15686977,Iloerika,648,Germany,Male,31.0,5,126816.18,1,1.0,1.0,151169.83,0
4928,15717185,Chiazagomekpere,587,France,Male,33.0,7,117852.26,1,0.0,1.0,156953.38,0
4929,15726774,Manna,663,France,Male,41.0,9,0.0,2,1.0,0.0,165021.02,0
4930,15722104,Eluemuno,577,France,Female,28.0,9,0.0,2,1.0,0.0,193014.17,0
4931,15778290,Kao,590,Germany,Male,45.0,6,120130.26,2,1.0,1.0,1002.25,0
4932,15648032,Bogle,754,France,Female,33.0,6,0.0,2,1.0,1.0,79866.73,0
4933,15777901,Hsueh,815,Spain,Female,30.0,9,0.0,2,1.0,0.0,161519.79,0
4934,15690664,Chidozie,589,Spain,Male,40.0,6,0.0,2,1.0,1.0,45959.05,0
4935,15814690,Lucchese,639,France,Male,50.0,5,73314.04,1,0.0,1.0,144838.01,1
4936,15641868,Yobanna,678,Spain,Male,37.0,8,0.0,2,1.0,0.0,74849.46,0
4937,15686974,Ugoji,498,Germany,Female,39.0,9,161801.43,2,1.0,0.0,161223.84,0
4938,15752857,Palerma,452,Germany,Male,52.0,3,98443.14,2,0.0,0.0,92033.98,0
4939,15692002,Skelton,704,France,Male,33.0,0,111525.02,2,1.0,0.0,199484.96,0
4940,15619343,Mault,581,Spain,Male,37.0,4,127806.91,2,1.0,0.0,151317.57,0
4941,15733261,Nwokike,815,France,Male,51.0,7,0.0,2,1.0,1.0,137519.92,0
4942,15729956,Ch'iu,687,Spain,Male,48.0,7,0.0,1,1.0,0.0,25885.72,1
4943,15621064,Whitehead,683,Germany,Female,36.0,1,155519.58,1,0.0,1.0,71244.59,0
4944,15790763,Yeh,593,Germany,Male,39.0,4,149961.99,1,1.0,0.0,156821.72,0
4945,15721181,Martin,711,France,Female,29.0,8,104486.54,1,0.0,1.0,151481.25,0
4946,15665834,L?,707,France,Female,32.0,6,0.0,2,0.0,1.0,167023.95,0
4947,15753969,T'ien,758,France,Female,34.0,8,0.0,1,1.0,1.0,79476.63,0
4948,15755863,Milano,630,Spain,Female,28.0,1,0.0,2,0.0,1.0,162858.29,0
4949,15658409,Udinese,656,Spain,Male,23.0,5,0.0,2,1.0,1.0,147720.27,0
4950,15591279,H?,685,France,Female,33.0,8,0.0,2,0.0,0.0,96894.91,0
4951,15773520,K?,652,France,Male,36.0,5,111065.57,1,1.0,0.0,141075.41,0
4952,15766043,Y?,705,Spain,Female,63.0,10,82221.64,1,1.0,1.0,100950.67,0
4953,15731281,Mazzanti,684,France,Male,37.0,6,0.0,2,1.0,1.0,154491.39,0
4954,15716347,Griffin,663,Germany,Male,37.0,7,143625.83,3,1.0,0.0,176487.05,1
4955,15587038,Yobachi,749,Germany,Female,38.0,2,115730.71,2,1.0,0.0,164844.33,0
4956,15802585,H?,693,France,Male,51.0,6,0.0,1,1.0,1.0,75860.01,1
4957,15569248,Watson,678,Germany,Female,47.0,9,129120.97,3,1.0,0.0,100618.17,1
4958,15653575,Ts'ai,758,France,Male,35.0,8,128605.32,1,1.0,1.0,120530.51,0
4959,15742442,Udegbulam,705,France,Male,35.0,5,89364.91,1,0.0,1.0,139162.15,0
4960,15607874,Yobanna,616,France,Female,37.0,2,0.0,1,1.0,1.0,160162.42,1
4961,15761047,Lombardo,599,Spain,Male,51.0,6,0.0,3,0.0,0.0,123873.52,1
4962,15772798,Ch'iu,707,Spain,Female,36.0,1,133950.37,1,1.0,1.0,43943.09,0
4963,15752612,Okeke,615,France,Male,32.0,2,0.0,2,0.0,1.0,86051.11,0
4964,15693764,Chang,688,Germany,Female,54.0,9,129855.72,3,1.0,0.0,153727.32,1
4965,15777893,Chukwuemeka,667,France,Male,37.0,7,0.0,2,1.0,0.0,19264.33,1
4966,15612505,Pinto,677,Spain,Male,32.0,6,0.0,2,1.0,0.0,122268.67,0
4967,15658982,Sullivan,672,Germany,Female,23.0,5,110741.56,2,1.0,0.0,80778.5,0
4968,15657535,Shih,758,France,Male,33.0,1,0.0,2,1.0,1.0,91830.31,0
4969,15703437,Chinedum,726,France,Male,34.0,9,0.0,1,1.0,0.0,196288.46,0
4970,15812191,Lo,559,France,Female,41.0,1,115007.08,2,0.0,0.0,169920.92,1
4971,15598614,Lucchesi,790,Spain,Male,20.0,8,0.0,2,1.0,1.0,168152.76,0
4972,15630328,Bird,635,France,Female,35.0,7,130796.33,2,1.0,0.0,43250.3,0
4973,15648967,Hsiao,571,Germany,Male,22.0,9,117438.92,1,1.0,1.0,47880.71,0
4974,15693233,Onwuamaeze,629,France,Female,23.0,8,0.0,1,0.0,0.0,29761.29,0
4975,15672097,Ch'en,705,Germany,Female,38.0,3,125847.59,1,1.0,1.0,177640.08,1
4976,15757632,Shih,663,France,Male,38.0,1,0.0,2,1.0,1.0,129975.56,0
4977,15695078,White,651,Germany,Male,45.0,1,91025.56,1,0.0,0.0,81619.52,1
4978,15596061,Macleod,713,France,Male,41.0,10,0.0,2,0.0,1.0,145701.32,0
4979,15785891,Ch'iu,621,France,Male,33.0,4,76915.71,1,1.0,1.0,56905.41,0
4980,15697574,Chu,604,France,Female,37.0,5,0.0,2,1.0,1.0,6076.89,0
4981,15781210,Ch'ien,545,Germany,Female,32.0,5,116662.96,1,1.0,1.0,89972.25,1
4982,15805212,Black,806,France,Female,67.0,1,0.0,2,0.0,0.0,103945.58,0
4983,15666884,Onwuamaeze,615,France,Male,29.0,5,0.0,2,1.0,1.0,16081.62,0
4984,15773392,Ch'iu,521,France,Male,34.0,10,0.0,2,1.0,1.0,85562.15,0
4985,15697480,Menkens,683,France,Male,36.0,6,0.0,1,0.0,1.0,143086.09,0
4986,15791030,Maclean,807,Spain,Female,33.0,8,0.0,2,1.0,0.0,131408.01,0
4987,15804787,P'an,660,Germany,Female,71.0,1,110414.65,1,1.0,1.0,83470.78,0
4988,15617657,Ts'ai,658,France,Female,36.0,0,0.0,2,0.0,0.0,146191.82,0
4989,15699005,Martin,516,France,Male,42.0,2,0.0,1,1.0,1.0,9983.88,0
4990,15631436,Gleeson,564,Spain,Male,35.0,1,0.0,2,1.0,0.0,158958.9,0
4991,15660809,Tuan,628,France,Male,42.0,8,0.0,2,1.0,0.0,167033.08,0
4992,15631339,Adams,646,France,Male,35.0,1,0.0,2,1.0,0.0,174431.01,0
4993,15686780,Rogova,645,Spain,Female,55.0,0,133676.65,1,0.0,1.0,17095.49,1
4994,15690589,Hsia,724,France,Male,33.0,3,0.0,1,1.0,1.0,135875.51,0
4995,15759066,T'ien,724,France,Female,39.0,9,116022.42,1,1.0,1.0,151425.25,0
4996,15759284,Tsui,599,France,Female,48.0,2,0.0,1,1.0,0.0,117946.3,1
4997,15721935,Hsing,758,Germany,Female,53.0,0,125845.28,1,0.0,1.0,121083.18,1
4998,15663964,Pagnotto,561,France,Male,37.0,5,0.0,3,1.0,0.0,83093.25,1
4999,15581548,Jensen,637,Spain,Female,38.0,5,98800.0,1,1.0,0.0,2401.26,0
5000,15591915,Frewin,653,France,Female,43.0,6,118838.75,3,1.0,0.0,27244.35,1
5001,15571873,Onwumelu,638,Spain,Male,52.0,4,0.0,2,1.0,1.0,131662.43,0
5002,15683428,Cremonesi,605,France,Female,42.0,6,118287.01,1,1.0,0.0,1775.01,1
5003,15709199,Onyekachi,565,France,Male,29.0,6,0.0,2,1.0,1.0,105720.09,0
5004,15691705,Onyemauchechukwu,687,France,Female,31.0,7,0.0,1,1.0,1.0,139049.95,0
5005,15726747,Donaldson,714,Germany,Male,63.0,5,138082.16,1,0.0,1.0,166677.35,0
5006,15803947,Teng,699,France,Female,34.0,0,71996.29,1,1.0,0.0,124795.84,0
5007,15649060,Hs?,662,Spain,Male,32.0,2,0.0,2,1.0,1.0,182076.97,0
5008,15613197,Okechukwu,637,France,Male,34.0,1,91286.51,1,1.0,0.0,158420.14,0
5009,15810167,Scott,690,Spain,Female,35.0,1,0.0,2,0.0,0.0,70618.0,0
5010,15707025,Fang,850,France,Female,31.0,6,0.0,2,1.0,1.0,5199.02,0
5011,15677906,Ting,507,France,Female,41.0,4,0.0,2,0.0,1.0,192434.11,0
5012,15575146,Taylor,605,France,Female,29.0,4,83772.95,1,0.0,1.0,23970.13,0
5013,15661591,Zetticci,638,Germany,Female,35.0,9,114756.14,1,0.0,0.0,171344.09,0
5014,15667971,Nwabugwu,602,Spain,Male,31.0,5,0.0,2,0.0,0.0,137519.92,0
5015,15773029,Nkemjika,749,Spain,Female,36.0,4,101470.44,1,1.0,1.0,142511.28,0
5016,15737414,Shen,647,France,Male,35.0,4,123761.68,1,1.0,0.0,83910.4,1
5017,15645200,Chiang,581,Germany,Female,54.0,2,152508.99,1,0.0,1.0,187599.8,0
5018,15711314,Kao,589,Spain,Female,45.0,1,0.0,1,0.0,0.0,125939.22,0
5019,15685829,Walker,667,France,Female,31.0,7,0.0,1,1.0,0.0,184524.74,0
5020,15682890,Nwankwo,776,France,Female,43.0,8,0.0,2,1.0,0.0,143614.01,1
5021,15680587,Ch'eng,691,Germany,Male,32.0,2,127160.78,1,1.0,1.0,103934.99,0
5022,15740383,Macartney,699,France,Male,35.0,7,0.0,2,1.0,1.0,177626.06,0
5023,15693893,Yeh,673,France,Male,29.0,8,0.0,2,1.0,1.0,189558.44,0
5024,15578866,Brookes,699,Germany,Female,20.0,8,117468.67,1,0.0,0.0,185227.42,0
5025,15697028,Ting,694,Spain,Male,33.0,0,40685.92,1,1.0,1.0,88947.56,0
5026,15653753,Chiemenam,542,Spain,Male,43.0,5,113567.94,2,1.0,1.0,89543.25,0
5027,15603749,Galkin,443,France,Male,45.0,4,0.0,2,1.0,1.0,10908.33,0
5028,15684921,DeRose,710,France,Male,36.0,5,0.0,2,1.0,0.0,86935.08,0
5029,15784209,Tang,527,France,Male,55.0,4,40685.92,1,1.0,0.0,75585.48,0
5030,15790683,Hsia,633,Spain,Female,32.0,2,0.0,1,1.0,0.0,137793.69,0
5031,15690540,Udinesi,532,France,Male,40.0,9,212314.03,1,1.0,1.0,148814.54,0
5032,15803365,Coffee,639,Spain,Male,28.0,8,70263.83,1,1.0,0.0,62347.71,0
5033,15791316,P'eng,588,France,Male,38.0,1,100480.53,1,0.0,1.0,120530.31,0
5034,15670668,Tsao,651,France,Male,51.0,5,0.0,3,1.0,0.0,187776.49,1
5035,15651260,Onyekachi,591,France,Female,40.0,3,0.0,2,0.0,1.0,93835.15,0
5036,15631813,Brownless,652,France,Male,39.0,1,0.0,2,1.0,1.0,185553.62,0
5037,15672930,Teng,664,Germany,Male,38.0,5,102278.79,2,1.0,0.0,93953.84,0
5038,15686845,Kao,599,France,Female,31.0,5,0.0,2,1.0,1.0,180598.86,0
5039,15687959,Nkemjika,669,France,Male,46.0,5,0.0,2,1.0,1.0,158845.49,0
5040,15762216,Hsueh,661,Germany,Female,38.0,9,133636.1,1,0.0,1.0,60907.42,0
5041,15782939,Hsu,716,France,Female,31.0,7,0.0,2,0.0,1.0,121840.2,0
5042,15705403,Seleznyova,589,Spain,Female,46.0,4,106521.49,1,1.0,1.0,86587.37,0
5043,15732469,T'ien,738,France,Male,29.0,1,0.0,2,1.0,1.0,113581.05,0
5044,15676835,Palermo,658,France,Female,60.0,8,118560.0,1,1.0,0.0,95583.45,1
5045,15629985,Eidson,707,Germany,Female,47.0,5,90450.0,1,0.0,0.0,103379.31,1
5046,15637354,Okwudilichukwu,554,Germany,Male,49.0,5,81811.71,1,1.0,0.0,141149.98,1
5047,15595592,Lai,557,France,Female,23.0,4,131433.33,1,1.0,1.0,3453.4,0
5048,15806811,P'eng,629,France,Male,39.0,2,0.0,2,1.0,0.0,123428.88,1
5049,15759075,Y?,641,France,Female,34.0,1,155878.56,1,1.0,0.0,113551.76,0
5050,15692926,Toscani,498,Germany,Male,29.0,1,121854.45,1,1.0,0.0,132210.49,0
5051,15746203,Y?an,576,France,Male,31.0,2,0.0,2,0.0,1.0,143317.27,0
5052,15776518,Pugh,579,Germany,Female,38.0,8,175739.36,1,1.0,0.0,193130.55,1
5053,15605113,Hsiung,664,France,Male,38.0,1,134006.88,1,1.0,0.0,102397.22,0
5054,15763922,Teng,712,Spain,Male,34.0,2,0.0,2,0.0,1.0,157921.43,0
5055,15670702,Trevisani,641,France,Male,37.0,5,0.0,2,1.0,0.0,131284.53,0
5056,15770406,Ch'en,823,Spain,Female,52.0,1,0.0,1,1.0,0.0,149550.95,0
5057,15709451,H?,707,Germany,Female,29.0,1,98268.6,2,1.0,0.0,100130.95,0
5058,15774744,Brown,773,France,Female,20.0,9,0.0,2,1.0,0.0,61326.53,0
5059,15805260,Onyekaozulu,496,France,Male,36.0,2,137852.96,1,1.0,1.0,156774.94,0
5060,15701265,Forster,708,France,Male,37.0,1,166115.42,1,1.0,1.0,67208.3,0
5061,15771477,Arnold,590,France,Male,32.0,6,0.0,2,0.0,0.0,97416.34,0
5062,15772896,Ch'ien,648,Germany,Male,42.0,3,113909.67,2,1.0,1.0,151412.53,0
5063,15682355,Niu,790,Spain,Male,44.0,1,128100.75,1,1.0,0.0,164517.96,1
5064,15653572,Mistry,662,Spain,Female,62.0,7,0.0,2,1.0,1.0,72993.65,0
5065,15723989,Okwuadigbo,724,Germany,Male,39.0,10,135337.49,1,1.0,0.0,97949.75,1
5066,15766048,Ts'ao,774,France,Male,40.0,2,0.0,2,1.0,0.0,102233.73,0
5067,15771835,Hsing,769,France,Male,34.0,1,0.0,2,0.0,0.0,115287.69,0
5068,15585888,Teng,683,France,Female,46.0,2,131629.17,1,1.0,0.0,103931.49,1
5069,15783025,Tuan,611,France,Female,42.0,3,0.0,2,1.0,1.0,140941.47,0
5070,15572728,Uchenna,619,Spain,Male,36.0,9,0.0,2,1.0,1.0,151481.86,0
5071,15729083,De Neeve,581,Spain,Male,39.0,5,0.0,1,1.0,0.0,62810.99,0
5072,15612087,Hsia,639,France,Male,34.0,2,148848.57,1,1.0,0.0,155879.85,0
5073,15681180,Cawthorne,639,Spain,Male,40.0,4,0.0,2,1.0,1.0,43932.64,0
5074,15798854,Nwokezuike,743,France,Male,52.0,7,0.0,1,1.0,0.0,147822.15,1
5075,15746277,Y?an,731,France,Male,31.0,7,73070.18,1,1.0,0.0,100722.72,0
5076,15593694,Williams,613,France,Male,49.0,8,0.0,2,0.0,0.0,157822.54,1
5077,15694209,Fanucci,484,France,Female,32.0,3,0.0,1,1.0,1.0,139390.99,1
5078,15682060,Tien,661,Spain,Male,38.0,7,0.0,2,1.0,1.0,176883.41,0
5079,15690164,Hsia,628,France,Male,21.0,6,0.0,2,1.0,1.0,105425.43,0
5080,15718057,Rubeo,651,Spain,Male,38.0,3,121798.53,1,1.0,1.0,186498.45,0
5081,15731251,Tsou,652,Germany,Female,25.0,6,125889.52,1,1.0,0.0,147098.56,0
5082,15643966,Palmer,506,France,Female,36.0,8,92208.54,1,0.0,1.0,78111.84,0
5083,15750808,Ma,606,France,Male,37.0,2,131365.37,2,1.0,1.0,180290.68,0
5084,15688059,McIntyre,714,France,Male,52.0,2,0.0,2,1.0,1.0,102920.96,1
5085,15692599,O'Brien,549,Spain,Male,38.0,2,106415.57,1,1.0,1.0,67622.46,0
5086,15750649,Liu,570,France,Female,62.0,3,0.0,1,1.0,1.0,189016.14,0
5087,15766887,Chukwumaobim,669,Germany,Male,41.0,6,162082.08,1,1.0,1.0,107825.08,1
5088,15782569,Stout,687,Spain,Female,72.0,6,0.0,1,1.0,0.0,69829.4,1
5089,15751022,L?,659,France,Female,41.0,8,0.0,1,0.0,0.0,173425.68,1
5090,15782475,Edith,700,France,Female,26.0,8,0.0,2,1.0,1.0,105305.72,0
5091,15808582,Maclean,669,France,Female,40.0,6,0.0,1,1.0,1.0,172832.9,0
5092,15743582,P'eng,611,France,Male,61.0,1,104267.7,1,0.0,1.0,62845.64,0
5093,15591457,Ts'ui,667,Germany,Female,46.0,8,123086.39,1,1.0,1.0,133671.61,1
5094,15688637,Witt,584,France,Female,45.0,3,104118.5,1,1.0,1.0,183575.01,0
5095,15791342,Johnston,557,France,Female,31.0,3,84521.48,1,1.0,1.0,198402.37,0
5096,15603082,Folliero,724,Spain,Male,40.0,1,117879.32,1,1.0,0.0,71862.79,1
5097,15591995,Barry,757,Germany,Male,39.0,8,121581.56,1,1.0,0.0,127059.04,0
5098,15720702,Chukwueloka,584,France,Male,39.0,1,125850.07,1,1.0,0.0,180598.53,0
5099,15743498,Chukwualuka,589,Germany,Female,53.0,10,132828.66,1,1.0,0.0,131919.44,1
5100,15775231,T'ien,681,France,Female,45.0,4,0.0,2,1.0,0.0,184564.67,0
5101,15739803,Lu,686,France,Male,34.0,7,0.0,2,0.0,0.0,127569.8,0
5102,15637324,Chu,537,Germany,Male,43.0,4,144596.65,1,0.0,0.0,181224.84,1
5103,15730705,Huang,709,France,Female,29.0,2,0.0,2,1.0,0.0,55753.12,0
5104,15581252,Okwuadigbo,691,France,Female,39.0,4,0.0,2,0.0,0.0,157549.6,0
5105,15701074,Chukwualuka,707,France,Female,30.0,5,138718.92,1,1.0,0.0,140937.91,0
5106,15766417,Onyemachukwu,635,Spain,Female,64.0,6,144450.58,1,1.0,1.0,133535.53,0
5107,15665340,T'ang,684,Germany,Female,34.0,9,96877.21,2,1.0,0.0,187976.88,0
5108,15798341,Victor,581,France,Male,38.0,8,0.0,2,1.0,0.0,98208.62,0
5109,15773039,Ku,649,France,Male,37.0,3,0.0,2,1.0,1.0,179670.31,0
5110,15640106,Nwabugwu,567,France,Male,29.0,7,0.0,1,1.0,0.0,138510.01,0
5111,15673578,Kenenna,642,Germany,Male,36.0,7,140080.32,2,1.0,1.0,157908.19,0
5112,15760861,Pape,607,Spain,Male,42.0,8,89838.71,1,1.0,1.0,173568.3,0
5113,15697025,Obialo,614,France,Female,32.0,4,0.0,2,1.0,1.0,112202.78,0
5114,15758073,Calabresi,606,France,Male,35.0,9,0.0,2,0.0,0.0,111687.57,0
5115,15790689,Hao,663,France,Male,35.0,6,0.0,2,1.0,1.0,188366.04,0
5116,15584584,Lajoie,561,Germany,Male,43.0,9,168920.57,1,1.0,1.0,101617.64,0
5117,15749093,Houghton,655,Spain,Female,40.0,5,0.0,1,1.0,0.0,64853.51,1
5118,15800068,Cooper,629,Spain,Female,40.0,6,0.0,2,1.0,1.0,170008.74,0
5119,15659194,Chidiebere,526,Spain,Female,31.0,7,0.0,3,1.0,1.0,121203.5,0
5120,15680804,Genovesi,646,Germany,Female,52.0,9,92656.46,1,1.0,0.0,62381.61,1
5121,15631063,Ts'ao,710,France,Male,30.0,2,0.0,2,0.0,1.0,72945.32,0
5122,15693347,Chukwufumnanya,745,Spain,Female,48.0,1,114543.58,1,0.0,0.0,61315.37,1
5123,15646091,H?,684,France,Male,32.0,4,0.0,2,0.0,0.0,95583.45,0
5124,15602851,Ozioma,609,France,Male,39.0,10,0.0,1,1.0,0.0,106.67,0
5125,15663888,Connor,634,Germany,Male,36.0,9,204017.4,1,1.0,1.0,109538.35,0
5126,15686870,Doyle,594,Germany,Male,41.0,2,122545.65,2,1.0,1.0,42050.24,0
5127,15651460,Hsieh,609,France,Male,34.0,2,0.0,1,1.0,1.0,16250.61,0
5128,15585865,Horsley,847,Germany,Male,33.0,10,133200.21,2,1.0,1.0,49424.37,0
5129,15799042,Zaytseva,611,Spain,Male,38.0,1,0.0,1,1.0,1.0,63202.0,1
5130,15641009,Mazzi,669,Germany,Male,47.0,8,102924.39,2,0.0,0.0,148898.35,1
5131,15609520,Pinto,635,France,Male,34.0,9,118893.52,1,1.0,1.0,152876.99,0
5132,15779904,Milano,678,France,Female,35.0,8,0.0,2,1.0,0.0,131736.23,0
5133,15724691,Gordon,731,France,Female,37.0,1,0.0,2,1.0,1.0,195053.58,0
5134,15768137,McIntyre,667,Spain,Female,46.0,6,136100.69,1,0.0,0.0,169669.33,1
5135,15631884,Genovesi,589,Germany,Male,25.0,7,75888.13,2,1.0,0.0,120531.59,0
5136,15641730,Humphries,509,France,Female,31.0,7,0.0,1,0.0,1.0,183051.6,1
5137,15740072,Iheanacho,587,Germany,Female,44.0,1,129264.32,4,1.0,0.0,187944.4,1
5138,15811877,P'eng,790,Spain,Female,26.0,5,0.0,2,1.0,1.0,90174.84,0
5139,15663817,Y?an,713,Spain,Male,46.0,5,0.0,2,1.0,1.0,55701.62,0
5140,15635703,Istomin,816,France,Female,31.0,4,0.0,2,1.0,1.0,138113.71,0
5141,15799635,Arbour,630,Spain,Female,51.0,2,108867.0,1,0.0,0.0,140800.66,1
5142,15742269,Ku,753,France,Male,38.0,2,109730.2,1,0.0,0.0,58974.0,1
5143,15623712,T'ien,603,France,Male,42.0,5,0.0,2,1.0,1.0,83008.49,0
5144,15592751,Nnamdi,687,France,Female,36.0,6,0.0,2,1.0,1.0,98820.09,0
5145,15772761,T'ao,775,Germany,Female,50.0,5,121898.63,1,0.0,0.0,172749.94,1
5146,15575024,Y?an,684,Spain,Male,30.0,9,0.0,1,1.0,0.0,115260.72,0
5147,15595036,Pinto,686,Germany,Female,47.0,4,130463.41,1,1.0,1.0,93881.75,1
5148,15709142,Sagese,627,France,Male,30.0,8,0.0,1,1.0,0.0,132973.17,0
5149,15737489,Iloerika,575,France,Male,50.0,3,0.0,1,0.0,1.0,181694.44,1
5150,15741078,Greece,736,France,Male,29.0,7,111729.47,2,0.0,0.0,84920.49,0
5151,15690134,Hsia,721,Spain,Female,34.0,9,0.0,2,1.0,1.0,153776.15,0
5152,15585908,Hao,603,Spain,Male,35.0,0,0.0,2,1.0,1.0,159456.87,0
5153,15734987,Bibi,543,Spain,Male,46.0,7,0.0,2,1.0,1.0,72350.47,0
5154,15573520,Raff,773,Germany,Male,40.0,3,149961.76,1,0.0,0.0,187632.24,0
5155,15650391,Nkemakonam,678,France,Male,29.0,6,161807.88,1,1.0,0.0,120770.93,0
5156,15641490,T'ao,678,Spain,Male,35.0,3,0.0,2,1.0,1.0,177784.04,0
5157,15722083,Mazzi,724,France,Female,43.0,8,0.0,2,1.0,0.0,55829.51,0
5158,15805413,Yobanna,628,France,Male,42.0,4,96834.78,2,1.0,0.0,88890.75,0
5159,15721585,Herrera,629,France,Male,50.0,10,127847.86,1,1.0,0.0,21312.16,1
5160,15782530,Hsueh,602,France,Male,39.0,8,0.0,2,0.0,1.0,180800.42,0
5161,15721281,Okwuadigbo,711,Spain,Male,50.0,8,0.0,2,1.0,1.0,121529.59,0
5162,15648725,Yobachi,662,France,Female,42.0,5,0.0,1,1.0,0.0,59650.43,1
5163,15655123,Dellucci,545,France,Male,29.0,9,0.0,2,1.0,0.0,134878.34,0
5164,15582705,Hsieh,567,France,Male,33.0,9,135067.58,1,1.0,1.0,82967.94,0
5165,15691111,Pai,648,Germany,Female,42.0,2,121980.56,1,1.0,1.0,4027.02,0
5166,15659843,Yefremov,554,France,Male,33.0,3,0.0,2,1.0,0.0,126573.66,0
5167,15588580,Okwudiliolisa,645,France,Male,49.0,3,0.0,1,1.0,1.0,143981.18,1
5168,15802390,Ngozichukwuka,775,France,Female,30.0,7,0.0,2,1.0,1.0,142331.85,0
5169,15641691,Kepley,590,Germany,Female,31.0,2,132627.07,2,1.0,1.0,182628.54,0
5170,15684868,Manna,724,Spain,Male,41.0,9,0.0,1,1.0,0.0,121528.8,0
5171,15797502,Lord,706,France,Male,24.0,7,141078.37,1,1.0,1.0,24402.87,0
5172,15610454,McGregor,656,France,Female,50.0,9,143350.54,1,1.0,0.0,163319.57,1
5173,15702462,Fiorentini,637,Spain,Female,35.0,6,52831.13,1,1.0,1.0,112649.22,0
5174,15791768,P'eng,602,Spain,Female,33.0,1,0.0,2,1.0,1.0,146414.01,0
5175,15791342,Mazzanti,719,France,Female,34.0,9,0.0,2,1.0,1.0,60569.45,0
5176,15767954,Osborne,635,Germany,Female,30.0,1,152797.9,1,1.0,0.0,53483.21,1
5177,15638463,Yermakova,696,France,Male,41.0,7,0.0,2,1.0,0.0,166953.9,0
5178,15724692,Pinto,592,France,Female,35.0,5,81947.96,1,1.0,0.0,112973.33,0
5179,15581893,Hsieh,599,Spain,Male,40.0,10,0.0,2,0.0,1.0,19500.1,0
5180,15623346,Martin,706,France,Female,38.0,9,71667.76,2,1.0,1.0,169583.66,0
5181,15632816,Nkemjika,687,France,Male,41.0,0,0.0,1,1.0,1.0,144880.81,0
5182,15777076,Cremonesi,682,France,Male,38.0,8,0.0,2,1.0,1.0,141528.96,0
5183,15761132,Martin,648,France,Male,60.0,4,170833.46,1,0.0,1.0,173496.79,1
5184,15761168,Manna,478,France,Female,38.0,4,171913.87,1,1.0,1.0,51820.87,0
5185,15671710,P'eng,679,Germany,Male,29.0,2,121151.05,1,0.0,1.0,124586.81,0
5186,15672983,Turnbull,844,Spain,Female,41.0,5,87099.85,2,1.0,0.0,149550.95,0
5187,15701281,Fan,699,France,Female,35.0,3,113702.67,2,1.0,0.0,46415.09,0
5188,15778975,Ndubueze,596,Germany,Male,36.0,7,131834.8,1,1.0,1.0,161579.85,1
5189,15779914,Ts'ui,718,France,Male,32.0,4,98459.6,1,0.0,1.0,75786.4,0
5190,15644501,Chizuoke,653,France,Male,63.0,4,0.0,2,1.0,1.0,161053.55,0
5191,15815097,Hsieh,668,Spain,Male,35.0,9,0.0,2,1.0,0.0,93716.77,0
5192,15632859,Chukwudi,444,France,Female,36.0,7,0.0,1,0.0,1.0,138743.86,1
5193,15584091,Chien,652,Germany,Male,41.0,6,127864.26,1,1.0,0.0,149535.75,0
5194,15752081,Liao,593,Spain,Male,33.0,5,0.0,2,1.0,1.0,166495.2,0
5195,15805764,P'eng,584,Spain,Male,30.0,9,0.0,2,1.0,1.0,76621.49,0
5196,15700826,Landseer,603,France,Female,29.0,0,0.0,2,0.0,1.0,54702.66,0
5197,15623644,Houghton,790,France,Female,45.0,1,0.0,1,1.0,0.0,47844.39,1
5198,15722004,Fanucci,705,France,Male,36.0,6,130142.4,1,1.0,0.0,172363.72,0
5199,15775886,Chidozie,554,France,Male,37.0,9,151593.83,1,1.0,1.0,113046.42,0
5200,15637646,Shao,710,Germany,Male,39.0,7,119859.59,1,1.0,1.0,162962.83,0
5201,15742238,Niu,437,France,Female,37.0,4,0.0,1,1.0,0.0,185553.62,1
5202,15703394,Folliero,549,France,Male,47.0,3,0.0,2,1.0,1.0,93835.64,0
5203,15738224,Obiajulu,634,France,Male,47.0,0,0.0,1,1.0,1.0,135875.51,1
5204,15762216,Hargreaves,651,France,Male,40.0,1,0.0,2,1.0,1.0,111249.85,0
5205,15748595,Remington,704,Germany,Male,36.0,1,133656.91,3,1.0,1.0,102756.38,1
5206,15683560,Nwankwo,663,France,Female,35.0,5,0.0,2,0.0,0.0,70668.77,0
5207,15609823,Sun,682,France,Female,36.0,1,0.0,2,1.0,1.0,56780.97,0
5208,15785531,Ch'in,581,Spain,Female,47.0,7,119706.25,1,1.0,0.0,149911.73,0
5209,15567855,Chukwufumnanya,539,France,Female,32.0,2,0.0,2,1.0,0.0,39382.06,0
5210,15587712,P'eng,706,Spain,Male,25.0,1,128514.17,1,1.0,0.0,155870.82,0
5211,15614168,Maclean,736,Germany,Male,53.0,0,115074.02,1,0.0,0.0,175072.47,1
5212,15737888,Hsia,612,Germany,Male,36.0,4,115888.04,2,1.0,1.0,172646.88,0
5213,15700854,T'ien,687,Spain,Female,45.0,7,0.0,2,1.0,1.0,1703.58,0
5214,15585985,Wang,561,France,Male,48.0,5,165282.42,1,1.0,0.0,153786.46,0
5215,15567367,De Luca,641,Germany,Male,30.0,2,141749.74,2,1.0,1.0,138871.12,0
5216,15569666,Genovese,659,France,Male,31.0,7,135070.58,2,1.0,1.0,189201.71,0
5217,15581370,Chidi,653,Germany,Female,47.0,1,120189.53,1,1.0,0.0,74872.66,1
5218,15720509,Palermo,584,France,Male,38.0,9,105663.51,1,1.0,0.0,161326.96,0
5219,15733234,Okonkwo,655,Spain,Female,33.0,8,139129.45,1,1.0,0.0,129575.86,0
5220,15594544,DeRose,662,France,Male,44.0,8,0.0,1,0.0,1.0,74850.44,0
5221,15642709,Gaffney,599,France,Male,21.0,3,0.0,1,1.0,0.0,157862.82,0
5222,15603830,T'ang,773,Spain,Male,31.0,7,138032.47,1,1.0,0.0,143881.68,0
5223,15753861,Blue,786,France,Male,33.0,1,0.0,2,0.0,0.0,133535.99,0
5224,15638751,Brown,619,Spain,Female,42.0,10,0.0,2,1.0,0.0,149853.0,0
5225,15686588,Lo,682,France,Female,33.0,3,125739.26,1,1.0,1.0,82559.77,0
5226,15724076,Christie,718,Spain,Male,52.0,3,0.0,3,0.0,1.0,38941.44,1
5227,15641043,Ifeatu,524,Germany,Male,29.0,9,127480.58,1,1.0,0.0,179634.69,1
5228,15602034,Chinonyelum,554,France,Male,24.0,0,148045.45,1,1.0,0.0,126933.73,0
5229,15644962,Ting,725,France,Male,21.0,9,0.0,2,1.0,1.0,162501.83,0
5230,15659475,Chung,596,France,Male,39.0,1,135703.59,2,0.0,0.0,74850.84,0
5231,15784320,Ch'ien,507,France,Male,44.0,5,0.0,2,0.0,0.0,181490.42,0
5232,15665790,Tsao,699,Spain,Male,33.0,3,136487.86,1,0.0,0.0,52411.99,1
5233,15652674,Tisdall,548,France,Male,33.0,9,147731.83,2,1.0,1.0,146585.92,0
5234,15570194,Pinto,726,Spain,Male,32.0,6,0.0,2,1.0,0.0,85890.78,0
5235,15691396,Brown,684,Germany,Male,34.0,8,152296.79,2,1.0,1.0,72350.47,0
5236,15603830,Boan,667,France,Male,38.0,8,0.0,2,1.0,0.0,142287.65,0
5237,15760093,Ndubueze,684,Germany,Male,43.0,2,131924.66,2,0.0,1.0,119817.16,0
5238,15575759,Hsia,583,France,Female,30.0,3,54428.37,1,1.0,0.0,155304.53,0
5239,15589210,T'ien,643,France,Male,26.0,2,0.0,2,1.0,1.0,160532.88,0
5240,15714750,Milne,584,France,Female,38.0,4,0.0,2,0.0,1.0,52331.21,0
5241,15687959,Landman,563,France,Female,40.0,6,0.0,1,0.0,1.0,94898.1,0
5242,15614215,Pinto,619,France,Male,33.0,2,103060.63,1,1.0,1.0,64511.44,0
5243,15634968,Fomin,751,Spain,Male,39.0,8,0.0,2,0.0,0.0,82298.59,0
5244,15602354,T'ien,775,France,Female,45.0,8,82498.14,1,0.0,1.0,46864.0,0
5245,15780220,Lucchesi,648,France,Female,40.0,0,0.0,2,1.0,1.0,170821.01,0
5246,15703177,Bell,654,France,Female,35.0,2,90865.8,2,1.0,1.0,86764.46,0
5247,15624186,Kable,714,Spain,Male,23.0,1,127283.78,1,0.0,1.0,70810.6,0
5248,15621653,L?,730,France,Male,47.0,8,0.0,1,0.0,0.0,142516.31,1
5249,15806030,Hsueh,704,Germany,Male,35.0,7,109938.21,2,1.0,1.0,176713.68,0
5250,15703820,McIntyre,511,France,Female,51.0,2,142987.46,1,1.0,0.0,90747.94,1
5251,15583090,Chibueze,724,Germany,Female,54.0,1,118879.23,1,1.0,0.0,155786.01,1
5252,15813911,Hayes,488,France,Female,34.0,5,0.0,2,1.0,0.0,77705.75,0
5253,15659931,Nnaife,592,France,Male,39.0,1,0.0,1,1.0,0.0,51548.14,1
5254,15614782,T'ien,619,France,Male,31.0,5,155739.76,2,0.0,1.0,71175.94,0
5255,15679429,Bell,694,Spain,Male,32.0,9,0.0,2,1.0,1.0,67599.69,0
5256,15575146,K?,624,France,Female,36.0,5,112713.34,3,1.0,1.0,166468.21,1
5257,15708713,Ting,669,France,Male,27.0,3,124043.07,1,1.0,1.0,93983.32,0
5258,15706899,Hs?,734,France,Male,32.0,8,0.0,2,1.0,1.0,115566.57,0
5259,15796071,Lo Duca,755,France,Male,35.0,5,101506.66,1,1.0,1.0,65636.92,0
5260,15693818,Hsia,757,France,Female,48.0,7,0.0,2,1.0,0.0,89938.22,1
5261,15763515,Shih,576,Germany,Female,57.0,4,113882.33,1,1.0,0.0,70613.52,1
5262,15643679,Hs?,744,France,Female,28.0,9,127576.19,2,1.0,0.0,199392.18,0
5263,15677908,Chiu,640,Germany,Male,51.0,1,127559.18,1,0.0,0.0,137895.84,1
5264,15690546,Riley,618,France,Female,33.0,4,0.0,4,0.0,0.0,111097.39,0
5265,15705620,Lu,730,France,Male,34.0,5,122453.37,2,0.0,0.0,138882.98,0
5266,15699004,Whitehead,681,France,Male,50.0,9,125770.2,2,1.0,0.0,177092.16,0
5267,15672516,Kelly,526,France,Male,43.0,8,0.0,2,1.0,1.0,77304.49,0
5268,15801934,O'Sullivan,629,France,Male,41.0,8,0.0,1,1.0,1.0,79866.73,0
5269,15754267,Fleming,676,France,Male,23.0,4,0.0,2,1.0,0.0,123825.83,0
5270,15596024,Istomin,677,Spain,Male,39.0,5,0.0,2,1.0,0.0,53483.21,0
5271,15605835,Babbage,705,France,Male,48.0,2,0.0,2,1.0,0.0,170968.99,1
5272,15780128,T'ien,628,Spain,Male,36.0,9,0.0,1,0.0,1.0,158054.49,0
5273,15680597,Cover,598,Germany,Male,27.0,2,131326.47,1,1.0,1.0,149535.97,0
5274,15607877,Chiazagomekpele,687,Germany,Female,28.0,2,110142.54,1,1.0,1.0,50595.72,0
5275,15628007,Pisani,610,France,Male,48.0,10,0.0,2,1.0,0.0,182355.21,0
5276,15584580,Hsu,564,France,Female,31.0,9,0.0,2,1.0,1.0,51843.51,0
5277,15605286,Ch'ang,632,Spain,Male,28.0,1,141649.64,1,1.0,0.0,154364.66,0
5278,15661034,Shao,535,France,Female,46.0,3,0.0,1,1.0,0.0,185827.74,1
5279,15803827,Hsieh,752,Spain,Male,39.0,9,0.0,2,1.0,1.0,65902.38,0
5280,15738219,Walker,642,France,Female,22.0,5,111260.76,2,1.0,1.0,153921.22,0
5281,15776494,Hs?,586,France,Male,48.0,5,146622.35,1,1.0,0.0,41815.22,1
5282,15653547,Madukwe,850,France,Male,56.0,7,131317.48,1,1.0,1.0,119175.45,1
5283,15750258,Ch'en,658,France,Female,34.0,0,122104.79,2,1.0,0.0,112946.67,0
5284,15775678,Koo,553,France,Male,56.0,9,85216.61,1,1.0,0.0,117144.15,1
5285,15732266,McClinton,579,France,Male,38.0,4,0.0,2,1.0,1.0,168035.63,0
5286,15583076,P'eng,636,France,Female,26.0,3,0.0,2,1.0,1.0,198208.0,0
5287,15632899,Chidubem,714,Spain,Female,37.0,2,93960.35,1,1.0,0.0,169921.11,0
5288,15756901,P'eng,667,France,Male,32.0,9,0.0,2,1.0,0.0,93717.55,0
5289,15721433,Hsiung,635,Spain,Male,29.0,6,0.0,1,1.0,1.0,155743.48,0
5290,15696826,O'Sullivan,613,France,Female,46.0,3,0.0,2,0.0,1.0,177066.76,0
5291,15683871,Frolov,751,France,Male,37.0,4,0.0,1,0.0,0.0,131300.32,1
5292,15790324,Houghton,655,Germany,Female,40.0,9,146498.76,1,1.0,0.0,64853.51,0
5293,15617348,Ts'ai,680,France,Female,44.0,4,141441.75,1,1.0,0.0,16278.97,1
5294,15788291,Okwuadigbo,713,Germany,Female,51.0,3,144606.22,2,1.0,1.0,56594.36,0
5295,15796617,Nkemakolam,648,Germany,Male,30.0,8,161591.11,2,1.0,1.0,136497.28,0
5296,15782468,Buttenshaw,733,France,Male,32.0,8,0.0,2,1.0,1.0,190998.96,0
5297,15626985,Gouger,807,Germany,Female,39.0,0,135645.29,1,1.0,0.0,171681.86,0
5298,15641675,T'ien,645,France,Female,38.0,6,0.0,1,1.0,0.0,152899.24,1
5299,15764431,Chinwenma,671,Spain,Female,34.0,9,130929.02,4,1.0,1.0,28238.25,0
5300,15761506,K?,718,Spain,Female,25.0,8,0.0,1,1.0,1.0,102547.56,0
5301,15794048,Lo,726,Germany,Male,36.0,4,123180.01,2,1.0,1.0,103548.25,1
5302,15602997,Frolov,556,France,Male,39.0,6,0.0,2,1.0,0.0,164886.15,0
5303,15607629,Hollis,651,France,Male,26.0,7,0.0,2,0.0,1.0,141763.26,0
5304,15729956,Onyemere,449,France,Male,46.0,6,121685.31,1,1.0,1.0,67979.35,0
5305,15812365,Frolov,598,France,Female,48.0,5,0.0,1,1.0,0.0,106655.88,1
5306,15696514,Wood,748,Germany,Male,40.0,4,115221.36,2,0.0,1.0,70956.75,0
5307,15742285,Andersen,559,France,Male,62.0,6,118756.62,1,1.0,1.0,20367.68,1
5308,15578375,Farrell,675,France,Male,39.0,9,0.0,2,0.0,0.0,134441.6,0
5309,15719479,Chukwuhaenye,619,France,Male,48.0,7,0.0,1,1.0,1.0,42442.21,1
5310,15651270,Ch'ien,790,France,Female,44.0,8,0.0,1,1.0,0.0,1713.1,1
5311,15783840,Kao,729,Germany,Female,30.0,7,134811.58,1,0.0,1.0,71333.46,0
5312,15741403,Onyemauchechukwu,695,France,Male,37.0,4,0.0,2,1.0,1.0,183566.78,0
5313,15628292,Ch'ien,686,Germany,Female,49.0,3,102562.23,1,0.0,0.0,63846.36,1
5314,15594041,Fanucci,595,France,Female,41.0,2,0.0,2,1.0,1.0,9002.8,0
5315,15758071,Chien,709,Germany,Male,37.0,5,110941.73,2,1.0,1.0,63939.57,0
5316,15682909,Binder,726,France,Female,36.0,0,112029.71,1,0.0,1.0,93734.47,0
5317,15732281,Han,597,France,Male,34.0,7,0.0,2,0.0,0.0,51358.66,0
5318,15574872,Dyer,516,Spain,Female,42.0,1,0.0,2,0.0,0.0,60778.31,0
5319,15608230,Hoelscher,667,France,Male,23.0,1,0.0,1,1.0,0.0,91573.19,1
5320,15576517,Yobanna,597,Germany,Female,33.0,3,98373.94,2,1.0,1.0,26387.63,0
5321,15615896,P'eng,582,France,Female,50.0,8,0.0,1,0.0,0.0,176844.88,1
5322,15802856,Kao,804,France,Male,27.0,9,0.0,2,1.0,0.0,145700.22,0
5323,15781689,Norris,548,Spain,Female,22.0,1,0.0,1,0.0,1.0,5985.36,1
5324,15691874,Kozlova,660,France,Female,35.0,5,0.0,3,1.0,0.0,17696.22,1
5325,15763665,Chibugo,545,Germany,Male,27.0,9,133313.57,1,1.0,1.0,143535.57,0
5326,15756680,Lettiere,627,France,Male,48.0,7,0.0,2,1.0,0.0,133501.44,0
5327,15605782,Iadanza,598,Germany,Female,55.0,8,101438.0,1,0.0,0.0,93874.68,1
5328,15597951,Nwabugwu,644,Germany,Female,54.0,2,128743.8,1,0.0,1.0,52861.89,1
5329,15691483,Chin,712,Spain,Female,25.0,0,0.0,2,0.0,0.0,190857.79,0
5330,15675328,Ojiofor,546,Germany,Male,33.0,8,93832.69,1,1.0,1.0,159618.19,0
5331,15580366,Okeke,583,Germany,Male,44.0,4,118613.34,2,0.0,0.0,172646.88,0
5332,15806945,Manna,709,Germany,Female,35.0,4,101827.07,1,1.0,0.0,167773.55,0
5333,15726289,Ngozichukwuka,590,France,Female,40.0,0,125785.23,1,1.0,1.0,158325.83,0
5334,15752097,Frewin,722,France,Male,29.0,3,146853.11,1,1.0,0.0,166678.01,0
5335,15792679,Nwankwo,702,France,Male,39.0,9,0.0,2,0.0,1.0,46772.36,0
5336,15641480,Shih,584,France,Male,57.0,2,0.0,2,1.0,1.0,28789.94,0
5337,15658158,Smith,667,Germany,Male,43.0,9,0.0,1,0.0,0.0,110881.56,0
5338,15572467,Onyemauchechukwu,678,France,Male,35.0,7,0.0,2,1.0,0.0,133692.88,0
5339,15579559,Uwakwe,829,France,Male,25.0,1,0.0,1,1.0,0.0,158882.89,0
5340,15768006,Tien,531,France,Male,41.0,1,154983.98,1,1.0,1.0,188007.99,0
5341,15586028,Tuan,550,France,Male,29.0,5,123545.97,1,1.0,0.0,62322.35,0
5342,15684924,Chikwado,684,Germany,Male,34.0,3,132412.59,2,0.0,0.0,126479.71,0
5343,15590177,Ch'eng,502,France,Female,41.0,2,0.0,1,1.0,1.0,76642.68,1
5344,15627262,Alexander,752,France,Male,71.0,6,97435.85,2,1.0,1.0,104331.76,0
5345,15594577,Hs?,677,Germany,Female,52.0,3,121093.49,1,1.0,0.0,177622.38,1
5346,15758451,Hsing,696,Germany,Male,38.0,4,118537.73,2,1.0,1.0,72945.61,0
5347,15585835,Rutledge,596,Spain,Male,41.0,0,0.0,2,0.0,0.0,125557.95,0
5348,15710853,P'eng,578,Germany,Male,41.0,7,148846.39,1,0.0,0.0,1561.58,0
5349,15572294,K'ung,512,Spain,Female,48.0,8,0.0,1,0.0,0.0,134876.01,1
5350,15634143,Rubeo,715,France,Male,31.0,5,135070.92,1,1.0,0.0,139947.14,0
5351,15800554,Lettiere,619,France,Male,34.0,0,0.0,2,1.0,0.0,76611.33,0
5352,15625247,Okwuadigbo,619,France,Male,54.0,6,0.0,2,1.0,0.0,171021.44,1
5353,15734578,Okeke,652,Spain,Female,56.0,5,0.0,1,1.0,0.0,116537.2,1
5354,15787848,T'ang,635,France,Female,28.0,2,0.0,2,1.0,0.0,52337.97,0
5355,15676983,Rizzo,641,Spain,Male,32.0,1,0.0,2,1.0,0.0,167553.82,0
5356,15769005,Ikedinachukwu,684,France,Male,52.0,2,98718.13,2,1.0,1.0,135078.51,0
5357,15792722,Kilgour,619,France,Female,45.0,6,0.0,2,1.0,0.0,152541.89,0
5358,15732664,Chukwujekwu,620,Spain,Female,47.0,6,137389.77,1,0.0,1.0,57896.87,0
5359,15683483,Steere,714,Germany,Female,41.0,3,95293.86,1,1.0,1.0,125710.53,0
5360,15700353,Pisano,537,Germany,Male,30.0,3,124601.59,2,0.0,1.0,106851.7,0
5361,15682758,Nwachinemelu,624,Germany,Female,44.0,5,96863.49,1,0.0,0.0,105818.41,1
5362,15629787,Fisk,581,Spain,Male,38.0,9,0.0,2,0.0,1.0,183572.39,0
5363,15720687,Chidubem,576,Spain,Female,41.0,6,112609.91,1,0.0,0.0,191035.18,0
5364,15735222,Macartney,681,France,Male,58.0,0,0.0,1,1.0,0.0,44008.48,1
5365,15619130,Simpson,752,France,Female,52.0,5,113291.05,2,1.0,1.0,132436.71,0
5366,15761149,Ch'ang,592,Germany,Male,36.0,1,144773.29,1,1.0,0.0,120853.83,1
5367,15785830,Ch'eng,671,France,Male,47.0,6,0.0,2,1.0,0.0,199376.52,0
5368,15795524,Goliwe,653,France,Male,28.0,6,127726.65,1,0.0,1.0,135853.33,0
5369,15716449,Shih,646,France,Male,31.0,4,72494.69,2,0.0,1.0,103792.53,0
5370,15806909,Trevisani,599,Spain,Female,37.0,9,0.0,2,1.0,0.0,100403.77,0
5371,15643523,Greco,722,France,Male,20.0,6,0.0,2,1.0,0.0,195486.28,0
5372,15706061,Hsieh,690,Spain,Male,36.0,8,0.0,2,1.0,0.0,139065.53,0
5373,15735388,Aitken,593,Spain,Male,31.0,9,0.0,2,1.0,1.0,83090.47,0
5374,15604345,Simpson,631,France,Female,22.0,3,145731.83,1,1.0,1.0,63747.51,0
5375,15711446,Ts'ai,775,France,Male,53.0,1,0.0,2,0.0,0.0,182436.24,0
5376,15571940,Ibeamaka,724,France,Female,37.0,8,0.0,2,1.0,0.0,51548.14,0
5377,15803965,Ugochukwu,756,Germany,Female,57.0,9,155060.41,1,1.0,1.0,88479.02,1
5378,15665416,Kao,679,Germany,Male,34.0,9,114493.79,1,0.0,1.0,122022.89,0
5379,15673747,Wilson,846,France,Male,43.0,5,0.0,2,1.0,0.0,121151.1,1
5380,15622454,Ts'ui,756,France,Male,36.0,7,0.0,2,1.0,1.0,132865.85,0
5381,15754577,Teng,742,France,Male,34.0,5,87538.96,1,1.0,0.0,62338.52,0
5382,15653765,O'Loughlin,732,Germany,Female,34.0,6,98173.52,2,1.0,1.0,146677.29,0
5383,15672638,Shubin,707,Germany,Male,33.0,8,132746.96,2,0.0,1.0,38772.91,0
5384,15797933,Pirozzi,607,France,Female,24.0,9,0.0,2,1.0,0.0,88187.82,0
5385,15672754,Mai,714,France,Female,55.0,1,0.0,1,1.0,1.0,4606.97,0
5386,15763806,Scott,741,France,Male,44.0,3,120193.42,1,1.0,0.0,103764.75,0
5387,15593973,Fuller,735,Germany,Female,42.0,2,151027.56,3,0.0,0.0,170320.58,1
5388,15672574,Milanesi,582,France,Male,40.0,10,0.0,2,1.0,1.0,141827.83,0
5389,15763515,Shih,513,France,Male,33.0,4,0.0,2,1.0,0.0,162523.66,1
5390,15663817,Y?an,713,France,Female,49.0,5,0.0,1,1.0,0.0,55701.62,1
5391,15669664,Thompson,574,Germany,Female,54.0,1,99774.5,2,0.0,0.0,4896.11,0
5392,15582910,Hargreaves,711,France,Female,46.0,9,0.0,1,1.0,0.0,183399.12,1
5393,15591546,Chiemenam,696,France,Male,45.0,0,113882.07,1,1.0,0.0,121242.88,0
5394,15783865,Hsieh,549,France,Female,49.0,8,0.0,2,1.0,0.0,88977.4,0
5395,15712199,Ijendu,655,Spain,Female,61.0,9,0.0,2,0.0,0.0,161217.18,0
5396,15661412,Shen,542,France,Male,42.0,1,0.0,1,1.0,1.0,178256.58,0
5397,15582924,Ts'ai,752,Germany,Male,46.0,3,143936.51,2,1.0,0.0,52856.43,0
5398,15627200,Nucci,683,Spain,Male,35.0,5,132726.4,2,0.0,1.0,141869.25,0
5399,15743714,Ch'ien,630,France,Female,46.0,7,91443.75,1,1.0,0.0,10958.18,1
5400,15592986,Niu,646,France,Female,49.0,8,87842.84,2,0.0,1.0,78744.13,1
5401,15760849,Walker,676,Germany,Male,29.0,2,107604.66,1,0.0,0.0,126172.11,0
5402,15765402,Tung,721,France,Male,30.0,6,0.0,2,1.0,0.0,90876.95,0
5403,15665524,Nworie,663,France,Male,34.0,3,0.0,2,1.0,1.0,152167.79,0
5404,15804009,Chidubem,591,France,Female,46.0,6,134464.7,1,1.0,0.0,56985.64,0
5405,15648455,Ch'iu,685,Germany,Female,46.0,4,137964.51,1,0.0,0.0,17744.72,1
5406,15795933,Barese,597,France,Male,39.0,9,0.0,2,1.0,1.0,74849.46,0
5407,15682453,Lucchese,686,France,Male,27.0,8,0.0,2,1.0,0.0,132404.64,0
5408,15683953,Martin,602,France,Female,54.0,1,0.0,2,1.0,1.0,134875.25,0
5409,15671299,Onwuatuegwu,615,Germany,Female,44.0,9,139562.08,2,1.0,1.0,141872.05,0
5410,15583371,Azubuike,552,Germany,Male,46.0,8,178317.6,1,1.0,1.0,197428.64,0
5411,15796957,K'ung,749,Spain,Female,40.0,3,82407.51,1,1.0,0.0,191198.92,0
5412,15687094,Hsueh,675,France,Female,54.0,10,0.0,2,1.0,1.0,105898.79,0
5413,15594305,Rizzo,605,France,Female,49.0,1,0.0,2,1.0,0.0,1703.58,1
5414,15783629,White,615,Spain,Male,40.0,0,168085.46,1,1.0,0.0,149913.75,0
5415,15750015,Sagese,724,Germany,Male,42.0,10,141137.85,1,1.0,0.0,156921.04,1
5416,15574237,Hsueh,588,France,Male,21.0,8,0.0,2,1.0,1.0,110114.19,0
5417,15772381,Yeh,627,Germany,Female,40.0,5,118569.73,1,1.0,0.0,122021.43,0
5418,15644934,Gentry,466,France,Male,26.0,9,105522.06,1,1.0,1.0,10842.46,0
5419,15641150,Milne,678,France,Female,50.0,1,0.0,1,0.0,0.0,51364.62,1
5420,15677906,Owens,619,France,Female,54.0,1,0.0,1,0.0,0.0,150836.98,1
5421,15588350,McMillan,774,France,Female,47.0,2,127655.22,1,1.0,0.0,139994.68,0
5422,15750055,Fan,575,France,Female,41.0,2,99141.75,1,0.0,0.0,89566.39,0
5423,15779904,Yevseyev,576,France,Female,41.0,2,0.0,2,0.0,0.0,136079.64,0
5424,15690169,Hsiao,685,France,Male,31.0,4,0.0,1,1.0,1.0,96939.77,0
5425,15703264,Chukwufumnanya,735,Germany,Male,44.0,9,120681.63,1,1.0,0.0,74836.34,0
5426,15621636,Chiabuotu,479,France,Female,27.0,7,0.0,2,1.0,0.0,140152.39,0
5427,15651264,Hargreaves,604,France,Female,24.0,6,132558.26,1,0.0,1.0,103792.53,0
5428,15752047,Piccio,813,France,Male,41.0,5,0.0,2,1.0,0.0,169203.51,1
5429,15703614,Hutchinson,564,Spain,Male,25.0,5,132876.23,1,1.0,0.0,79259.77,0
5430,15717629,Docherty,579,Spain,Male,35.0,7,0.0,2,1.0,0.0,93739.71,0
5431,15792994,Onyemauchechukwu,803,Germany,Female,51.0,6,105962.79,3,1.0,1.0,100183.05,1
5432,15743817,Hs?,628,Spain,Male,33.0,6,0.0,2,1.0,0.0,102665.63,0
5433,15584785,Brient,605,Spain,Female,48.0,9,0.0,1,1.0,0.0,129964.94,1
5434,15571002,Yusupov,669,France,Female,22.0,1,112615.86,3,0.0,0.0,69865.49,1
5435,15690169,Hsing,639,Spain,Male,39.0,2,0.0,2,1.0,1.0,163584.25,0
5436,15617705,Ozioma,709,France,Female,41.0,8,0.0,2,1.0,1.0,175611.5,0
5437,15771417,Okwudiliolisa,709,Germany,Male,37.0,5,128932.4,1,1.0,1.0,164064.44,0
5438,15762855,Hill,646,Spain,Male,30.0,8,0.0,2,1.0,1.0,131389.39,0
5439,15651955,Hanson,535,Spain,Female,52.0,3,0.0,1,1.0,0.0,9607.1,1
5440,15576085,Mackey,645,France,Male,35.0,8,0.0,1,0.0,1.0,468.63,0
5441,15774882,Kung,642,France,Male,45.0,7,0.0,2,0.0,0.0,99593.28,0
5442,15686959,Nkemakolam,591,Germany,Male,42.0,6,146776.73,1,0.0,0.0,131501.49,1
5443,15679801,H?,731,Spain,Male,39.0,8,0.0,2,1.0,0.0,61931.21,0
5444,15678067,Boyle,544,Spain,Female,30.0,3,0.0,2,0.0,0.0,163655.01,0
5445,15586800,Bales,644,France,Male,37.0,9,88293.84,1,1.0,0.0,126772.42,1
5446,15682924,Manna,635,Spain,Female,40.0,9,0.0,2,1.0,1.0,180134.74,0
5447,15658052,Chinomso,594,Germany,Male,37.0,9,141819.07,1,1.0,0.0,90977.43,0
5448,15644849,Ch'ang,564,France,Male,41.0,1,149777.0,1,1.0,0.0,198030.24,0
5449,15643575,Chia,645,France,Female,38.0,5,0.0,1,0.0,0.0,705.68,1
5450,15693690,Hsu,703,France,Male,33.0,1,0.0,2,1.0,1.0,81402.02,0
5451,15652981,Hsueh,627,France,Female,27.0,2,0.0,2,1.0,0.0,96660.76,0
5452,15790235,Tretiakova,553,France,Male,31.0,3,0.0,2,1.0,1.0,138052.83,0
5453,15769312,Uwaezuoke,703,France,Male,33.0,2,0.0,2,1.0,1.0,60908.52,0
5454,15610105,Smith,727,Germany,Male,54.0,0,154974.42,3,1.0,0.0,102799.41,1
5455,15697567,Chin,659,Spain,Male,36.0,6,0.0,2,1.0,0.0,46772.36,0
5456,15754588,P'eng,535,Germany,Female,52.0,3,109844.81,1,1.0,1.0,141501.45,1
5457,15725882,Chijindum,633,Germany,Male,39.0,3,81811.71,1,1.0,1.0,77866.91,0
5458,15615020,Chizoba,850,France,Male,30.0,6,115350.93,1,0.0,1.0,92406.43,0
5459,15651450,Chiazagomekpere,741,France,Male,28.0,1,137964.04,1,1.0,1.0,91936.3,0
5460,15617982,Hovell,567,Spain,Female,38.0,8,0.0,2,0.0,1.0,175795.87,0
5461,15612193,Pisano,562,Germany,Female,44.0,10,122314.5,2,0.0,1.0,68574.88,0
5462,15583748,McGuigan,592,Spain,Male,38.0,8,0.0,2,1.0,0.0,180439.75,0
5463,15713483,Panina,794,Spain,Male,24.0,3,146126.75,2,1.0,1.0,88992.05,0
5464,15809057,Istomin,681,Spain,Male,27.0,2,85859.76,1,1.0,1.0,147090.9,0
5465,15685500,K'ung,850,France,Female,55.0,3,182065.16,1,1.0,1.0,161565.85,1
5466,15664543,Nkemjika,749,France,Female,41.0,3,135927.7,1,1.0,0.0,162501.57,0
5467,15725698,Panicucci,520,Spain,Male,35.0,6,115680.81,2,1.0,1.0,90280.7,0
5468,15802585,Nnachetam,646,Spain,Female,30.0,5,184976.81,1,0.0,0.0,185466.87,1
5469,15617482,Fyodorov,623,France,Male,45.0,2,0.0,2,1.0,1.0,85787.31,0
5470,15783875,Nnachetam,659,France,Male,29.0,1,0.0,2,1.0,0.0,180551.76,0
5471,15683544,Onwumelu,634,Germany,Female,38.0,2,144773.29,2,1.0,1.0,60905.51,0
5472,15752507,Dickson,604,France,Male,45.0,1,0.0,1,1.0,1.0,115789.25,0
5473,15598614,Chinweike,705,France,Female,31.0,9,135984.15,1,1.0,0.0,70550.0,0
5474,15679024,Iheatu,629,Spain,Female,31.0,8,0.0,2,1.0,0.0,62389.35,0
5475,15702499,Chidiebere,595,Germany,Female,25.0,4,95834.71,2,1.0,0.0,143950.4,0
5476,15785542,Brown,743,Spain,Female,36.0,7,122311.66,1,1.0,0.0,121551.26,0
5477,15578374,Iadanza,578,France,Female,33.0,4,0.0,2,1.0,1.0,65612.12,0
5478,15765694,Bage,498,Spain,Female,59.0,1,0.0,1,0.0,1.0,130260.11,0
5479,15685920,Hsia,646,Germany,Male,36.0,2,148384.64,2,1.0,1.0,55859.27,0
5480,15599452,Conti,847,Spain,Female,43.0,5,125338.8,2,1.0,0.0,23970.13,0
5481,15615050,Pirozzi,724,France,Male,39.0,7,121240.76,2,1.0,1.0,59497.01,0
5482,15801788,Fan,718,France,Female,41.0,7,0.0,2,1.0,0.0,150684.52,0
5483,15678626,Okonkwo,538,Spain,Female,59.0,0,0.0,2,0.0,0.0,179453.66,0
5484,15604832,Tuan,708,Spain,Male,37.0,1,0.0,2,1.0,1.0,55868.97,0
5485,15570271,Folliero,746,France,Male,46.0,4,82331.69,1,0.0,0.0,199203.51,1
5486,15786792,Mazzanti,693,Germany,Female,35.0,3,119960.29,2,1.0,0.0,99692.65,0
5487,15679075,Horsley,753,France,Female,31.0,6,106596.29,1,0.0,0.0,91305.77,0
5488,15788776,Yeh,482,Spain,Male,41.0,9,0.0,1,1.0,0.0,112771.56,1
5489,15672945,K?,516,France,Female,20.0,1,0.0,1,1.0,0.0,176712.59,0
5490,15774536,K?,734,Spain,Female,42.0,6,125437.14,1,0.0,1.0,186942.49,1
5491,15759915,Yermakov,679,France,Male,24.0,2,0.0,2,1.0,1.0,117507.11,0
5492,15738291,Onwuamaeze,571,Germany,Female,34.0,4,144733.84,2,1.0,1.0,40962.63,0
5493,15576045,Ritchie,569,France,Female,38.0,7,121555.24,1,0.0,0.0,131407.09,0
5494,15610936,Ferri,557,France,Female,33.0,1,0.0,2,1.0,0.0,98090.91,0
5495,15772862,Ponomarev,703,Germany,Male,44.0,3,147510.49,1,0.0,1.0,176436.45,1
5496,15727138,Genovese,768,Germany,Female,36.0,5,142475.87,1,1.0,0.0,107848.24,1
5497,15697534,Zetticci,732,Germany,Female,28.0,1,122314.7,1,1.0,1.0,124625.09,0
5498,15809265,Kao,743,France,Female,42.0,4,0.0,2,1.0,1.0,133287.73,1
5499,15638803,L?,752,Spain,Male,32.0,2,0.0,2,1.0,1.0,168820.27,0
5500,15647259,Olisanugo,678,France,Female,36.0,7,0.0,1,0.0,0.0,187905.12,1
5501,15795954,Barese,677,France,Male,49.0,3,0.0,1,1.0,0.0,187811.71,1
5502,15759317,Dickson,774,France,Male,31.0,3,0.0,2,1.0,1.0,28640.97,0
5503,15605067,Calabresi,752,Germany,Female,35.0,5,141546.36,2,1.0,0.0,146056.29,0
5504,15576352,Hs?,705,Spain,Male,39.0,9,0.0,2,1.0,0.0,8751.59,0
5505,15777797,Yobachukwu,679,France,Female,56.0,3,0.0,1,1.0,0.0,138849.64,1
5506,15678057,Nwankwo,690,France,Male,40.0,8,0.0,2,1.0,1.0,139049.54,0
5507,15803526,Tuan,644,France,Female,26.0,7,85915.52,1,1.0,1.0,23860.5,0
5508,15657778,Shih,706,Spain,Male,42.0,3,0.0,2,1.0,0.0,105876.6,0
5509,15593601,P'eng,602,Spain,Male,37.0,8,0.0,2,1.0,1.0,126796.69,0
5510,15807837,King,626,France,Male,30.0,7,0.0,2,1.0,1.0,190623.02,0
5511,15756148,Hs?,762,Spain,Male,44.0,8,0.0,2,1.0,1.0,148256.43,0
5512,15602354,Obidimkpa,683,France,Male,29.0,7,102961.63,1,1.0,0.0,156767.91,0
5513,15732660,Black,769,France,Male,27.0,3,0.0,1,1.0,1.0,57876.05,0
5514,15781034,Mason,796,Spain,Male,67.0,5,0.0,2,0.0,0.0,54871.02,1
5515,15632050,Liebe,779,France,Female,41.0,10,99786.2,1,1.0,0.0,86927.53,1
5516,15799128,Milanesi,579,Germany,Male,41.0,9,106196.33,1,1.0,1.0,108891.2,0
5517,15791925,Clements,703,France,Female,34.0,10,0.0,2,1.0,0.0,94415.6,0
5518,15619238,Allan,823,France,Female,29.0,2,0.0,2,1.0,0.0,156125.72,0
5519,15637235,Knight,794,Spain,Male,33.0,1,0.0,2,1.0,1.0,91340.02,0
5520,15576526,Scott,663,France,Female,26.0,8,0.0,2,1.0,0.0,183568.25,0
5521,15626322,Teng,776,Germany,Female,30.0,8,72309.3,2,1.0,0.0,163295.87,0
5522,15658852,Nwachinemelu,663,Spain,Male,34.0,6,0.0,2,1.0,1.0,186775.01,0
5523,15682048,Milne,758,Germany,Male,44.0,10,142876.88,2,1.0,0.0,183963.34,0
5524,15781665,Ch'ang,601,Spain,Female,37.0,5,0.0,1,1.0,0.0,20708.6,1
5525,15737971,Chia,623,France,Female,30.0,4,0.0,2,1.0,0.0,13935.32,0
5526,15593900,Belousov,641,France,Male,38.0,2,189443.72,1,1.0,1.0,120158.72,0
5527,15636016,Bevan,552,France,Female,38.0,10,113348.14,1,1.0,1.0,75562.47,0
5528,15722072,Hou,630,Germany,Male,53.0,5,138053.67,1,1.0,1.0,114110.97,0
5529,15802909,Udegbulam,644,France,Male,30.0,3,124450.54,1,0.0,1.0,154700.61,0
5530,15748797,Onyekachi,569,France,Female,33.0,10,0.0,2,1.0,0.0,58814.74,0
5531,15810227,Yang,623,Germany,Male,33.0,2,80002.33,1,0.0,0.0,93767.03,0
5532,15781589,Hargreaves,616,France,Male,29.0,2,0.0,2,1.0,0.0,171667.33,0
5533,15681705,Okechukwu,590,France,Male,38.0,4,0.0,1,1.0,1.0,180591.32,0
5534,15759955,Lucchese,662,France,Male,40.0,8,0.0,2,1.0,1.0,176868.28,0
5535,15606397,Cameron,772,Germany,Female,26.0,1,152086.15,1,0.0,1.0,44719.5,0
5536,15776733,Lucchesi,697,France,Male,38.0,8,0.0,2,1.0,1.0,131660.31,0
5537,15651877,Okeke,717,France,Male,40.0,10,109052.74,1,1.0,0.0,91087.01,0
5538,15723886,Hsia,644,Spain,Female,30.0,2,0.0,2,1.0,0.0,148887.69,0
5539,15702771,Palerma,850,Spain,Male,39.0,6,0.0,2,1.0,1.0,162579.17,0
5540,15635893,Trevisani,678,France,Male,36.0,4,0.0,2,0.0,1.0,68400.12,0
5541,15761340,Bullen,521,France,Male,40.0,5,0.0,2,1.0,1.0,99828.45,0
5542,15750335,Kao,737,Germany,Female,41.0,7,141082.88,1,1.0,0.0,133050.27,0
5543,15593683,Onyemauchechukwu,624,France,Male,41.0,1,0.0,2,1.0,0.0,82922.69,0
5544,15754084,Shaffer,735,Germany,Female,39.0,0,145988.65,2,1.0,1.0,140166.95,0
5545,15721917,Chuang,559,France,Female,38.0,8,178317.6,1,0.0,0.0,44255.65,1
5546,15693577,Blesing,630,Germany,Male,38.0,5,92341.68,2,1.0,0.0,180652.02,0
5547,15681476,Foveaux,520,France,Female,39.0,1,129264.05,1,0.0,1.0,109626.13,1
5548,15573319,Maclean,681,Spain,Male,39.0,2,0.0,2,1.0,1.0,141756.32,0
5549,15679294,Yobachukwu,757,France,Female,46.0,2,0.0,1,1.0,1.0,112554.68,1
5550,15714380,Butcher,827,France,Female,25.0,5,0.0,2,0.0,0.0,103305.01,0
5551,15812422,Ugorji,679,France,Male,41.0,2,0.0,2,0.0,0.0,102515.42,0
5552,15730137,Dyer,559,Spain,Female,40.0,6,0.0,2,1.0,1.0,130113.78,0
5553,15659064,Hsia,614,Germany,Male,29.0,4,121854.45,1,1.0,0.0,23481.69,0
5554,15631756,Lo,634,Germany,Female,39.0,1,128743.8,1,1.0,0.0,163550.58,1
5555,15607312,Chinweike,704,France,Male,32.0,1,125789.69,1,0.0,0.0,1539.34,0
5556,15746805,Teng,556,France,Female,27.0,4,0.0,2,1.0,0.0,130504.49,0
5557,15809826,Belisario,717,France,Female,46.0,5,0.0,2,1.0,0.0,79377.45,0
5558,15663987,T'ien,699,France,Female,31.0,2,0.0,2,1.0,1.0,96670.2,0
5559,15752915,Hsueh,681,Germany,Female,64.0,5,128644.46,2,0.0,0.0,181224.56,1
5560,15672930,Nwachinemelu,741,France,Female,37.0,2,0.0,2,1.0,1.0,126833.78,0
5561,15576967,Shih,729,France,Male,33.0,3,0.0,3,1.0,0.0,117020.8,1
5562,15664547,Genovese,568,Spain,Female,44.0,0,105245.31,2,0.0,1.0,164064.4,0
5563,15794864,Chikwado,708,France,Female,47.0,1,135140.36,1,1.0,0.0,87981.84,1
5564,15690695,Pisano,584,Spain,Male,32.0,2,0.0,2,1.0,1.0,100556.98,0
5565,15689955,Pisano,710,Spain,Female,32.0,4,98738.99,1,1.0,1.0,116848.51,0
5566,15795564,Fraser,749,Germany,Female,40.0,5,102395.79,1,1.0,0.0,119368.99,1
5567,15707681,Zetticci,501,France,Male,38.0,1,88977.39,1,0.0,0.0,133403.07,0
5568,15728885,Defalco,683,France,Female,41.0,1,0.0,1,1.0,0.0,79888.78,0
5569,15686963,T'ao,651,France,Male,31.0,4,0.0,2,1.0,0.0,52795.15,0
5570,15660611,Gallo,717,Germany,Male,40.0,3,123403.85,1,0.0,0.0,80134.65,0
5571,15806837,Okwudiliolisa,667,France,Female,42.0,4,0.0,2,1.0,1.0,93524.22,0
5572,15684960,Vicars,732,France,Female,43.0,6,0.0,1,1.0,0.0,2423.9,0
5573,15783555,Lu,520,Spain,Female,28.0,7,0.0,2,0.0,1.0,88659.07,0
5574,15641110,Abron,708,France,Male,41.0,0,0.0,1,0.0,0.0,128400.62,0
5575,15753895,Shih,719,Spain,Male,39.0,2,0.0,2,1.0,0.0,64511.24,0
5576,15643679,Tung,589,France,Male,38.0,6,0.0,2,1.0,0.0,185210.63,0
5577,15807595,Chiazagomekpele,731,France,Male,36.0,4,0.0,2,0.0,1.0,14073.11,0
5578,15809509,Lombardo,821,Germany,Male,29.0,6,132615.7,1,1.0,1.0,172618.52,0
5579,15757568,Bogolyubov,704,France,Female,45.0,2,0.0,1,0.0,0.0,137739.45,0
5580,15611699,Tao,571,France,Female,41.0,6,0.0,1,1.0,0.0,126996.67,0
5581,15707596,Ni,749,France,Female,45.0,1,0.0,1,0.0,0.0,181224.56,1
5582,15795536,Hsueh,619,France,Male,43.0,8,135923.35,1,1.0,1.0,109805.17,0
5583,15707696,Lu,568,France,Female,28.0,5,0.0,2,1.0,1.0,22356.97,0
5584,15681709,Biryukov,682,Germany,Male,36.0,4,155423.23,2,1.0,1.0,91843.71,0
5585,15672660,Yudina,535,France,Female,40.0,7,0.0,1,1.0,1.0,171768.28,1
5586,15752694,H?,607,France,Female,46.0,9,0.0,1,1.0,0.0,162820.5,1
5587,15789432,Mazzanti,679,France,Male,33.0,2,0.0,2,1.0,0.0,184954.11,0
5588,15589296,Hsing,594,Spain,Male,32.0,10,113537.73,1,1.0,0.0,182025.5,0
5589,15769346,Cremonesi,698,Spain,Female,40.0,7,141223.68,1,1.0,0.0,115916.55,0
5590,15583076,Chidiegwu,773,Spain,Male,37.0,5,108128.54,1,0.0,1.0,1528.4,0
5591,15677512,McEncroe,553,Spain,Male,42.0,1,0.0,2,0.0,0.0,85426.28,0
5592,15705639,Onyemauchechukwu,656,Germany,Female,28.0,5,146566.01,1,1.0,1.0,159830.58,0
5593,15661629,Shih,613,France,Female,28.0,2,0.0,2,1.0,0.0,46830.08,0
5594,15757537,Mazzanti,613,Spain,Male,29.0,9,0.0,2,0.0,0.0,142514.66,0
5595,15664311,Pisano,755,Spain,Male,31.0,4,0.0,2,1.0,1.0,79577.67,0
5596,15777046,Parry,614,Germany,Female,32.0,7,125167.74,1,1.0,1.0,136071.05,0
5597,15731751,Mazzi,554,Germany,Female,54.0,7,129810.6,1,0.0,0.0,149575.59,1
5598,15593834,Genovese,528,France,Female,26.0,7,129934.64,1,0.0,0.0,75664.56,0
5599,15641311,Onyemere,616,France,Male,41.0,5,86656.46,1,1.0,0.0,168882.32,0
5600,15656597,K?,562,France,Female,34.0,1,166833.86,1,1.0,0.0,181490.42,0
5601,15626233,Rooke,594,Germany,Female,32.0,0,152092.44,1,1.0,1.0,83508.93,0
5602,15713379,Oguejiofor,724,France,Female,34.0,6,0.0,2,1.0,0.0,180829.98,0
5603,15589147,Nkemakonam,683,Germany,Female,37.0,0,120530.13,1,0.0,1.0,170829.77,1
5604,15623143,Genovesi,732,France,Female,48.0,7,0.0,1,1.0,1.0,199484.96,1
5605,15637474,Ulyanova,633,France,Male,43.0,5,0.0,1,0.0,0.0,166687.09,1
5606,15570134,Lucciano,430,France,Male,35.0,1,118894.22,1,0.0,0.0,2923.61,1
5607,15772573,Simpson,635,Spain,Female,55.0,2,103176.62,1,0.0,1.0,163516.16,1
5608,15781535,Hs?,633,Germany,Female,55.0,2,102773.2,1,1.0,0.0,185541.2,1
5609,15577065,T'ien,775,France,Female,43.0,2,0.0,2,0.0,1.0,57553.62,0
5610,15650059,K'ung,762,Germany,Female,37.0,7,100260.88,2,1.0,0.0,120818.47,0
5611,15785024,Pope,662,France,Male,21.0,0,164948.98,2,0.0,1.0,175877.7,0
5612,15592386,Teng,735,Spain,Male,34.0,6,0.0,2,1.0,1.0,171060.38,0
5613,15664752,Jacka,709,Spain,Female,37.0,8,0.0,2,1.0,0.0,18255.51,0
5614,15613786,Okeke,479,France,Male,33.0,5,0.0,1,1.0,1.0,51548.14,0
5615,15592999,Nwachinemelu,581,Spain,Male,38.0,4,0.0,2,1.0,0.0,151316.37,0
5616,15661670,Chidozie,524,Germany,Female,31.0,8,107818.63,1,1.0,0.0,199725.39,0
5617,15706593,Clements,539,Spain,Female,46.0,3,122267.84,1,0.0,1.0,75959.1,0
5618,15793901,Ting,584,France,Female,34.0,9,0.0,2,1.0,0.0,164768.82,0
5619,15778943,Kao,733,France,Male,33.0,3,0.0,2,1.0,0.0,141175.74,0
5620,15803965,Teng,656,France,Male,37.0,3,0.0,2,1.0,0.0,130928.22,0
5621,15721835,Owen,791,Spain,Male,25.0,7,0.0,1,1.0,0.0,89666.28,1
5622,15778155,Onyekachukwu,479,Germany,Female,30.0,5,109570.21,1,1.0,0.0,109041.53,0
5623,15778936,Onwumelu,562,Germany,Male,31.0,3,148962.46,2,1.0,0.0,88837.15,0
5624,15627358,Zito,639,France,Female,25.0,3,0.0,2,1.0,1.0,168843.38,0
5625,15800287,Micco,832,Spain,Female,46.0,6,127660.46,2,1.0,0.0,150156.82,0
5626,15797960,Tien,743,Germany,Female,41.0,9,102945.01,1,1.0,1.0,180318.6,0
5627,15736487,Folliero,644,Spain,Male,36.0,2,0.0,1,1.0,1.0,142331.62,0
5628,15572398,Calabrese,706,France,Female,33.0,5,0.0,2,1.0,1.0,149665.65,0
5629,15644796,Wei,561,Spain,Female,48.0,8,0.0,2,1.0,1.0,137702.01,0
5630,15570908,Nwachinemelu,661,Spain,Male,42.0,5,0.0,2,0.0,0.0,35321.63,0
5631,15567339,Ch'iu,597,Spain,Male,33.0,8,0.0,2,0.0,0.0,25885.97,0
5632,15747222,Ch'eng,605,Germany,Male,31.0,6,102338.88,2,0.0,0.0,113657.86,0
5633,15651052,McMillan,399,Germany,Male,28.0,2,127655.22,2,1.0,1.0,139994.68,0
5634,15793318,Hsing,590,France,Male,29.0,4,0.0,1,1.0,0.0,107939.36,0
5635,15571940,Shih,581,Germany,Female,42.0,5,133377.8,1,1.0,1.0,188343.05,1
5636,15697028,Ross,578,Spain,Male,31.0,9,0.0,2,1.0,0.0,30807.02,0
5637,15652218,Morrison,750,France,Male,33.0,2,0.0,2,1.0,0.0,71333.44,0
5638,15705885,Kao,567,France,Female,38.0,7,0.0,2,1.0,1.0,157891.11,0
5639,15771299,De Luca,653,France,Female,44.0,0,0.0,2,1.0,0.0,136910.19,0
5640,15589924,Trentini,633,France,Female,56.0,5,0.0,1,1.0,0.0,62746.54,1
5641,15687959,Hsiao,609,France,Male,45.0,3,134496.09,1,1.0,0.0,162753.58,0
5642,15798834,Yefremov,737,France,Female,32.0,7,0.0,2,1.0,0.0,76264.27,0
5643,15684960,Yobanna,624,Spain,Male,36.0,5,0.0,2,1.0,0.0,172495.81,0
5644,15809830,Manna,745,France,Male,38.0,5,0.0,1,1.0,0.0,96670.2,0
5645,15702789,Brient,650,France,Female,39.0,6,0.0,1,1.0,0.0,27274.6,0
5646,15809905,Koger,682,Germany,Male,46.0,1,139973.65,2,1.0,0.0,30807.02,0
5647,15781589,Martin,693,Germany,Female,42.0,8,116295.29,1,1.0,0.0,113410.89,1
5648,15670066,Yeh,641,Germany,Female,39.0,4,146329.73,1,1.0,0.0,167969.15,1
5649,15767474,Lorenzo,481,France,Male,38.0,8,0.0,2,1.0,1.0,169719.35,0
5650,15661656,Onwumelu,665,France,Male,43.0,9,81947.76,1,0.0,1.0,63606.22,0
5651,15767894,Yermakov,678,France,Male,39.0,3,0.0,2,1.0,0.0,25950.49,0
5652,15656471,Nwachinemelu,613,France,Male,34.0,2,106871.2,1,1.0,1.0,131753.94,0
5653,15773858,Ch'en,751,Germany,Female,32.0,6,123379.46,1,1.0,1.0,143477.98,0
5654,15715690,Tsao,684,France,Female,39.0,2,0.0,2,1.0,1.0,85902.37,0
5655,15745354,Mello,706,Spain,Male,32.0,2,0.0,2,1.0,1.0,172576.43,0
5656,15572767,Shelby,679,France,Male,29.0,2,0.0,2,1.0,0.0,124489.88,0
5657,15641629,Ch'in,581,Spain,Male,36.0,1,0.0,2,1.0,0.0,41233.97,0
5658,15724091,Yudin,667,France,Female,30.0,4,0.0,2,1.0,0.0,61313.87,0
5659,15600575,Lucchesi,543,France,Female,38.0,3,0.0,2,1.0,1.0,142822.37,0
5660,15809991,Ferrari,489,Spain,Male,19.0,4,130274.22,1,1.0,1.0,133535.29,0
5661,15626787,P'an,535,France,Male,45.0,8,0.0,2,1.0,1.0,53710.23,0
5662,15724186,Hsueh,707,Germany,Female,49.0,2,102630.76,3,1.0,1.0,109563.61,1
5663,15757981,Miah,543,France,Female,40.0,3,0.0,2,1.0,1.0,95832.26,0
5664,15762573,Goliwe,711,France,Male,32.0,7,0.0,2,1.0,0.0,126188.42,0
5665,15715131,Dyer,850,Spain,Female,35.0,4,0.0,1,0.0,1.0,158937.64,0
5666,15726183,Okonkwo,642,Spain,Female,41.0,9,145295.31,1,0.0,0.0,89522.47,1
5667,15659557,Chidalu,678,France,Male,29.0,8,147852.21,2,1.0,0.0,131210.5,0
5668,15623202,Ugoji,665,Germany,Female,36.0,6,131769.04,1,1.0,0.0,118974.77,0
5669,15654733,Hsieh,794,Germany,Male,47.0,2,117056.46,1,1.0,0.0,93336.3,1
5670,15710404,McGill,754,Germany,Female,45.0,10,151855.33,1,1.0,0.0,68794.15,1
5671,15591766,L?,625,France,Male,56.0,3,115895.42,1,1.0,0.0,4176.17,0
5672,15691170,Vasilyeva,642,France,Female,39.0,7,81173.83,1,0.0,0.0,143086.09,1
5673,15633950,Calabrese,763,Germany,Female,67.0,0,172393.46,1,0.0,1.0,179608.12,0
5674,15794479,Shih,713,Germany,Male,35.0,4,141501.33,1,0.0,1.0,129964.94,0
5675,15743469,Efimov,767,Spain,Male,37.0,7,91546.61,2,1.0,1.0,102083.78,0
5676,15714080,Goliwe,566,Germany,Female,40.0,2,97001.36,2,1.0,1.0,154486.01,0
5677,15749671,K?,775,Germany,Male,35.0,6,109676.52,1,1.0,1.0,68730.91,0
5678,15770121,Bancroft,623,France,Female,34.0,1,0.0,1,1.0,1.0,24255.21,0
5679,15589925,Ndubueze,679,France,Female,35.0,3,0.0,2,0.0,1.0,183490.94,0
5680,15672144,Chung,667,France,Female,38.0,7,144432.04,1,1.0,1.0,73963.17,0
5681,15658148,Udokamma,657,France,Male,38.0,7,0.0,2,0.0,0.0,185827.74,0
5682,15776631,Yobachi,573,Germany,Male,32.0,7,123971.51,2,0.0,1.0,135088.58,0
5683,15647546,Wunder,586,France,Female,38.0,1,103895.31,1,1.0,1.0,159808.95,0
5684,15645571,Genovese,582,Spain,Male,31.0,4,0.0,2,1.0,1.0,146504.35,0
5685,15763922,P'eng,574,France,Male,38.0,9,0.0,2,0.0,1.0,67599.27,0
5686,15591942,Zito,611,France,Female,33.0,7,0.0,2,1.0,1.0,3729.89,0
5687,15604494,Folliero,850,France,Male,36.0,5,102284.69,1,1.0,0.0,142467.38,0
5688,15764072,Fetherstonhaugh,697,Germany,Male,35.0,3,133636.02,1,1.0,1.0,96660.41,0
5689,15665634,Colombo,669,Germany,Male,51.0,3,121702.73,1,1.0,0.0,106564.88,1
5690,15588944,Ts'ui,619,France,Male,45.0,5,0.0,2,1.0,1.0,142987.98,0
5691,15586966,Iadanza,826,Germany,Female,39.0,8,113905.48,2,0.0,1.0,174043.4,1
5692,15656029,T'ien,703,France,Male,29.0,6,0.0,2,1.0,1.0,108008.65,0
5693,15663917,Cremonesi,611,France,Female,43.0,4,0.0,2,1.0,0.0,86678.48,0
5694,15720725,Chidubem,573,France,Male,29.0,4,116528.15,1,0.0,1.0,145471.94,0
5695,15570194,Trevisano,681,France,Male,44.0,7,0.0,1,0.0,0.0,143981.2,1
5696,15649418,Krylov,776,France,Female,29.0,9,178171.04,1,1.0,0.0,115818.51,0
5697,15750545,Kao,731,Spain,Male,57.0,1,0.0,3,1.0,0.0,103799.77,1
5698,15578738,Onwudiwe,699,France,Male,33.0,1,0.0,2,1.0,1.0,90177.39,0
5699,15717164,Chukwujamuike,695,Germany,Female,32.0,2,122949.14,2,1.0,1.0,162599.51,0
5700,15731383,Trevisano,706,France,Female,33.0,5,0.0,2,1.0,1.0,147900.53,0
5701,15812920,Ch'in,531,Spain,Male,40.0,8,51522.75,2,1.0,1.0,27239.28,0
5702,15627352,Uwaezuoke,682,France,Male,34.0,7,0.0,2,1.0,0.0,123931.51,0
5703,15775124,Nucci,644,Germany,Female,36.0,8,141581.08,1,1.0,0.0,168034.9,1
5704,15579548,Nwokeocha,607,Spain,Male,38.0,7,0.0,2,1.0,0.0,178291.07,0
5705,15727829,Tsai,769,France,Male,38.0,3,0.0,2,1.0,0.0,167984.72,0
5706,15682995,Nnabuife,758,Germany,Female,34.0,2,122793.96,2,1.0,1.0,61636.22,0
5707,15573893,Palerma,632,Germany,Female,54.0,9,143571.52,1,0.0,1.0,145558.42,1
5708,15573456,Fanucci,651,Germany,Male,39.0,8,118989.23,1,1.0,1.0,4389.82,0
5709,15665085,H?,707,France,Female,37.0,3,0.0,2,1.0,1.0,118974.82,0
5710,15597945,Nwokike,607,Germany,Female,46.0,3,103818.79,1,1.0,0.0,48924.73,1
5711,15645511,Chukwudi,739,Spain,Female,40.0,4,97403.18,1,1.0,0.0,107415.02,1
5712,15771580,Tuan,556,France,Male,27.0,6,0.0,2,1.0,0.0,166516.84,0
5713,15617320,Hs?,583,France,Female,58.0,2,0.0,2,0.0,1.0,161581.73,0
5714,15794560,Kornilova,679,France,Male,29.0,9,0.0,2,1.0,0.0,74564.41,0
5715,15638207,Onyemauchechukwu,599,France,Female,40.0,6,0.0,2,0.0,1.0,167553.06,0
5716,15576352,Aksenov,685,Spain,Male,31.0,8,0.0,2,0.0,1.0,172450.19,0
5717,15574073,Yudina,628,France,Male,34.0,9,0.0,2,1.0,1.0,143980.62,0
5718,15651460,Hsieh,525,Germany,Male,46.0,6,118087.68,1,1.0,0.0,163504.33,1
5719,15737732,Onwuemelie,751,France,Female,44.0,10,105301.5,1,1.0,1.0,70927.11,0
5720,15709604,McMillan,781,France,Male,23.0,2,0.0,2,1.0,0.0,173843.21,0
5721,15741032,Ch'in,592,France,Female,34.0,4,124023.5,1,1.0,0.0,93834.63,0
5722,15758074,Chukwueloka,753,France,Male,28.0,2,106913.41,1,1.0,1.0,181204.64,0
5723,15614365,Ting,633,France,Male,33.0,8,0.0,1,1.0,0.0,145528.22,0
5724,15722548,Mamelu,702,France,Male,39.0,0,0.0,1,1.0,1.0,109545.56,0
5725,15637110,McCulloch,576,Spain,Male,36.0,10,0.0,2,1.0,1.0,82634.41,0
5726,15687913,Yobachi,648,Spain,Female,30.0,2,0.0,2,1.0,0.0,160529.71,0
5727,15764294,Genovesi,731,France,Male,44.0,4,0.0,2,1.0,0.0,131283.6,0
5728,15721715,Webb,701,France,Male,38.0,3,156660.72,2,1.0,0.0,45742.42,0
5729,15699486,Johnson,745,Spain,Male,34.0,9,132944.53,1,1.0,1.0,31802.92,0
5730,15782418,Pinto,556,France,Male,39.0,5,128366.44,1,0.0,0.0,103608.06,0
5731,15644896,Thompson,691,France,Male,32.0,10,94464.81,2,1.0,0.0,182354.46,0
5732,15749345,Fiorentino,587,France,Female,25.0,10,125921.37,1,0.0,1.0,29372.62,0
5733,15772632,White,748,Spain,Male,31.0,3,179960.2,1,0.0,0.0,26389.92,0
5734,15665963,Tu,579,France,Male,36.0,6,0.0,2,1.0,0.0,127095.14,0
5735,15751022,Bellucci,687,France,Male,43.0,8,0.0,2,1.0,1.0,169203.41,0
5736,15592761,Nnamutaezinwa,686,France,Male,33.0,5,0.0,2,1.0,0.0,94739.2,0
5737,15590993,Findlay,579,Germany,Male,37.0,5,152212.88,2,0.0,0.0,120219.14,0
5738,15578747,Nwachinemelu,711,France,Male,40.0,7,0.0,2,1.0,1.0,175780.23,0
5739,15698031,Hsing,565,Spain,Female,31.0,4,0.0,1,0.0,1.0,72993.65,0
5740,15725762,Yashina,741,France,Male,29.0,1,0.0,2,1.0,0.0,121402.53,0
5741,15606837,P'an,683,France,Male,43.0,5,0.0,3,1.0,0.0,122223.66,1
5742,15771855,Onyemauchechukwu,697,Spain,Female,33.0,3,0.0,1,1.0,0.0,136812.09,1
5743,15761854,De Salis,718,France,Female,35.0,1,152663.77,1,0.0,0.0,34134.14,0
5744,15645896,T'ien,459,Spain,Female,27.0,5,70417.79,2,1.0,0.0,175843.68,0
5745,15778089,Milani,567,France,Female,29.0,6,0.0,2,1.0,0.0,109291.29,0
5746,15732704,Tsao,588,France,Female,32.0,1,0.0,2,1.0,0.0,143397.35,0
5747,15636089,Hs?,526,Germany,Female,51.0,3,145751.03,2,0.0,0.0,109718.44,1
5748,15701206,Maclean,733,France,Female,35.0,1,128554.98,2,1.0,1.0,141763.92,0
5749,15786852,Okwuadigbo,538,France,Female,42.0,3,105420.25,1,0.0,1.0,136909.35,1
5750,15807593,Teng,592,France,Female,47.0,7,0.0,2,1.0,1.0,161653.5,0
5751,15566295,Gray,747,France,Male,43.0,0,137817.52,1,0.0,0.0,83997.79,1
5752,15647572,Greece,613,France,Male,34.0,0,54980.81,1,1.0,1.0,136909.88,0
5753,15569222,Kao,586,France,Male,35.0,7,0.0,2,1.0,1.0,145963.28,0
5754,15570947,Nkemdirim,705,France,Female,34.0,6,154483.57,1,1.0,0.0,106614.13,0
5755,15778975,Fanucci,641,France,Female,35.0,2,131519.49,1,1.0,1.0,187985.85,0
5756,15689201,Dobie,721,France,Female,49.0,1,120108.56,1,1.0,0.0,183421.76,0
5757,15591628,Hsiung,687,Germany,Female,33.0,8,110483.86,1,1.0,0.0,62845.04,1
5758,15573318,Lombardo,706,Spain,Male,51.0,9,0.0,1,0.0,1.0,148087.62,1
5759,15656592,Toscano,670,France,Male,31.0,5,187841.99,2,1.0,1.0,165580.93,0
5760,15592089,Nwachinemelu,724,France,Male,46.0,9,0.0,2,1.0,1.0,142513.98,0
5761,15726487,Pisano,653,France,Male,40.0,7,144430.04,1,1.0,0.0,180598.93,0
5762,15781451,Buccho,504,Spain,Male,35.0,1,134936.97,2,1.0,0.0,135178.91,0
5763,15665087,Iloerika,605,France,Male,32.0,9,0.0,2,1.0,0.0,125986.14,0
5764,15706799,Macknight,492,France,Female,44.0,1,0.0,2,1.0,1.0,72993.65,0
5765,15652658,Ndubueze,724,France,Female,30.0,4,0.0,1,1.0,0.0,122925.66,1
5766,15691625,Chiabuotu,510,France,Female,40.0,5,0.0,2,1.0,1.0,108876.75,0
5767,15654901,Nnanna,775,Spain,Female,36.0,6,0.0,2,1.0,1.0,147554.26,0
5768,15736420,Macdonald,702,France,Male,35.0,8,14262.8,2,1.0,0.0,54689.16,0
5769,15628530,Booth,694,France,Male,42.0,3,156864.2,1,0.0,0.0,88890.05,1
5770,15774696,Cole,640,Germany,Female,75.0,4,106307.91,1,1.0,0.0,113428.77,1
5771,15783501,Tsao,581,France,Female,52.0,4,0.0,1,1.0,0.0,97930.96,1
5772,15637324,Kay,611,France,Female,28.0,7,0.0,1,1.0,0.0,5177.62,0
5773,15620751,Fan,669,France,Male,43.0,7,0.0,2,1.0,1.0,105599.65,0
5774,15663983,Brown,683,France,Female,38.0,5,0.0,2,1.0,1.0,28228.35,0
5775,15593956,Kosisochukwu,717,Spain,Male,39.0,7,0.0,2,1.0,1.0,129590.25,0
5776,15638068,Thompson,590,Spain,Male,32.0,7,0.0,1,1.0,0.0,67926.18,0
5777,15773934,Fang,667,France,Male,36.0,0,88294.6,2,1.0,1.0,66979.06,0
5778,15696710,Uspenskaya,592,France,Female,48.0,3,121061.89,1,0.0,0.0,64440.03,0
5779,15686909,Hsiung,652,France,Female,51.0,3,0.0,1,1.0,1.0,97734.3,1
5780,15664516,Tuan,592,France,Female,41.0,8,0.0,2,1.0,1.0,122968.88,0
5781,15757521,Chidumaga,610,France,Female,30.0,4,84907.49,1,1.0,0.0,163939.6,0
5782,15610454,Tretiakova,628,France,Male,22.0,10,0.0,3,0.0,0.0,53437.01,1
5783,15702919,Hargreaves,727,Germany,Female,53.0,0,182888.08,1,1.0,0.0,145796.49,1
5784,15673371,Mazzanti,652,France,Male,40.0,8,0.0,1,1.0,1.0,181204.64,0
5785,15682454,L?,736,Germany,Male,43.0,3,120911.75,1,0.0,1.0,135962.02,0
5786,15749004,Tsao,698,France,Female,31.0,0,0.0,2,1.0,1.0,103165.15,0
5787,15758051,Tsao,598,Germany,Female,46.0,6,139756.48,2,0.0,0.0,133617.15,0
5788,15769246,Giles,796,France,Female,47.0,2,0.0,1,1.0,0.0,170634.49,0
5789,15726153,Fanucci,653,France,Male,31.0,10,106260.67,2,1.0,0.0,2578.43,0
5790,15624595,L?,538,France,Female,40.0,5,84315.02,1,0.0,1.0,55672.09,0
5791,15762927,Milani,675,Spain,Male,28.0,9,0.0,2,1.0,0.0,164038.07,0
5792,15806941,Myers,686,France,Female,32.0,0,0.0,2,1.0,0.0,172049.84,0
5793,15671748,Ebelechukwu,748,Germany,Male,32.0,7,127864.4,2,1.0,0.0,113581.97,0
5794,15785576,Kao,476,Germany,Female,45.0,2,119496.87,4,1.0,0.0,125848.88,1
5795,15792469,Obielumani,632,France,Female,31.0,8,113739.22,2,0.0,0.0,19842.91,0
5796,15655328,Y?,687,Spain,Male,32.0,5,0.0,2,0.0,1.0,173776.06,0
5797,15770174,Manna,675,France,Male,38.0,4,151510.17,2,0.0,1.0,44946.29,0
5798,15792329,Nebechukwu,739,France,Male,32.0,10,0.0,2,1.0,1.0,105760.01,0
5799,15791533,H?,592,France,Male,45.0,7,66582.81,1,1.0,1.0,2747.03,1
5800,15642093,Pinto,704,Spain,Female,38.0,5,0.0,1,1.0,0.0,45422.66,1
5801,15665460,Le Gallienne,646,France,Female,20.0,9,124266.86,1,0.0,1.0,100566.81,0
5802,15738751,Hsing,609,France,Male,37.0,8,0.0,2,1.0,1.0,84421.34,0
5803,15613787,H?,748,France,Male,32.0,4,0.0,2,1.0,1.0,182270.88,0
5804,15622494,Mazzanti,686,France,Female,41.0,2,0.0,2,1.0,0.0,26229.24,1
5805,15645496,Selezneva,613,France,Female,46.0,4,0.0,2,1.0,0.0,146504.35,0
5806,15656471,Oluchukwu,653,Germany,Female,29.0,0,122403.56,2,1.0,0.0,124589.66,0
5807,15766172,Mazzanti,468,Spain,Male,40.0,5,82446.98,2,1.0,1.0,12096.92,0
5808,15783883,Onyekachi,709,Spain,Male,26.0,7,0.0,2,1.0,0.0,185543.67,0
5809,15736295,Ponomaryova,635,France,Female,32.0,8,0.0,2,0.0,1.0,114448.01,0
5810,15712596,Liao,476,France,Male,38.0,4,0.0,2,1.0,1.0,108675.01,0
5811,15742210,Nucci,665,Spain,Male,33.0,6,0.0,2,1.0,1.0,144593.5,0
5812,15757933,P'eng,756,France,Male,21.0,7,0.0,2,1.0,1.0,77866.91,0
5813,15666032,Mancini,616,Spain,Male,30.0,8,0.0,1,1.0,0.0,45611.51,0
5814,15773906,Nnamutaezinwa,748,France,Male,29.0,3,106670.37,2,0.0,0.0,48498.19,0
5815,15775888,Greece,554,Germany,Female,44.0,5,128663.81,2,1.0,1.0,125083.29,0
5816,15593778,Pan,577,Spain,Female,42.0,4,0.0,2,1.0,0.0,2002.5,0
5817,15653857,Tuan,658,France,Male,39.0,5,0.0,2,0.0,1.0,1528.4,0
5818,15573825,Y?,749,France,Female,29.0,5,0.0,2,0.0,0.0,131834.16,0
5819,15781530,Hsieh,674,Germany,Male,21.0,8,125470.81,1,1.0,1.0,174536.17,0
5820,15570194,Hs?,605,France,Female,50.0,1,108913.09,1,1.0,0.0,171459.62,1
5821,15768945,Chibueze,627,Germany,Female,40.0,8,62094.71,1,0.0,1.0,105887.04,0
5822,15763898,Toscani,678,France,Male,32.0,3,0.0,2,1.0,1.0,29372.62,0
5823,15710671,Teng,655,Spain,Male,67.0,9,0.0,2,0.0,1.0,84908.2,0
5824,15628715,Wu,709,France,Female,39.0,3,0.0,2,1.0,1.0,69676.55,0
5825,15664734,T'ao,634,Germany,Female,25.0,3,108244.82,2,1.0,0.0,103573.96,1
5826,15641934,McNaughtan,703,Spain,Female,38.0,9,66582.81,2,1.0,1.0,82951.12,0
5827,15779744,K?,636,Spain,Male,24.0,1,0.0,1,1.0,1.0,169653.32,0
5828,15674929,Houghton,717,France,Female,40.0,9,0.0,2,1.0,1.0,170634.63,0
5829,15661290,Naylor,438,France,Female,45.0,4,89188.83,1,1.0,0.0,75408.24,1
5830,15732299,White,663,Spain,Male,35.0,4,0.0,2,1.0,0.0,173365.89,0
5831,15673372,Frewin,559,Germany,Male,43.0,6,141078.28,2,1.0,0.0,170138.66,1
5832,15619343,T'ien,627,France,Female,35.0,1,0.0,1,1.0,0.0,182536.22,1
5833,15777784,Tu,733,France,Female,44.0,6,168165.84,2,1.0,1.0,197193.49,0
5834,15609653,Mancini,724,Spain,Male,58.0,1,0.0,1,1.0,0.0,175024.74,1
5835,15584545,Aksenov,477,France,Female,27.0,2,0.0,2,1.0,0.0,177099.71,0
5836,15693764,Kilgour,676,France,Female,42.0,1,0.0,1,1.0,0.0,47764.99,0
5837,15630752,Chuang,738,France,Male,42.0,2,132623.6,1,1.0,1.0,156425.57,0
5838,15656901,Nnonso,615,France,Male,59.0,8,0.0,2,0.0,1.0,165576.55,0
5839,15761950,Ts'ai,572,France,Female,31.0,2,0.0,2,1.0,0.0,187841.86,0
5840,15672692,Yudin,705,France,Male,35.0,3,91611.12,1,1.0,0.0,51524.14,0
5841,15725882,Lo,678,France,Male,60.0,9,142147.32,1,0.0,1.0,64448.36,0
5842,15695129,Milanesi,718,France,Female,31.0,1,152663.77,1,0.0,0.0,17128.64,0
5843,15642570,Chukwudi,651,France,Male,35.0,3,133701.05,1,1.0,1.0,175071.29,0
5844,15590828,Chidubem,749,Germany,Male,39.0,4,116969.35,2,0.0,1.0,175722.61,1
5845,15752312,Pinto,635,France,Female,31.0,2,0.0,2,1.0,0.0,162858.29,0
5846,15720636,Chinagorom,706,Germany,Female,37.0,4,120530.34,2,1.0,1.0,166586.99,0
5847,15793854,Tien,663,France,Female,42.0,4,98298.18,1,1.0,1.0,180329.83,0
5848,15671345,Chukwualuka,544,Germany,Female,44.0,5,137726.55,1,1.0,1.0,153564.8,0
5849,15578671,Kao,706,Spain,Male,29.0,1,209490.21,1,0.0,1.0,133267.78,0
5850,15751336,Ch'ien,488,France,Female,44.0,9,0.0,1,1.0,0.0,59659.76,1
5851,15682268,Ts'ai,586,France,Female,35.0,10,0.0,1,1.0,1.0,93536.47,0
5852,15790489,Bischof,596,France,Female,41.0,2,0.0,2,1.0,1.0,103520.84,0
5853,15684926,Palerma,676,France,Male,36.0,4,0.0,2,1.0,1.0,140745.75,0
5854,15666141,Baldwin,829,Spain,Male,26.0,8,101440.36,1,1.0,1.0,19324.5,0
5855,15588701,Lai,739,France,Female,38.0,5,0.0,2,1.0,1.0,35338.96,0
5856,15684441,Lucchesi,579,France,Female,32.0,7,0.0,1,1.0,1.0,57600.53,0
5857,15781409,Milne,744,Spain,Male,26.0,5,155923.99,2,1.0,0.0,108891.35,0
5858,15571415,Okwudiliolisa,706,Spain,Male,38.0,6,0.0,2,1.0,0.0,69643.31,0
5859,15627395,Manners,643,Germany,Female,41.0,7,154902.66,1,1.0,1.0,49667.28,0
5860,15699753,Fiorentino,708,France,Male,39.0,5,91592.74,2,1.0,0.0,147822.94,0
5861,15737778,Dickson,782,Spain,Female,41.0,2,0.0,1,1.0,0.0,132943.88,0
5862,15708162,Thomson,578,France,Male,33.0,4,0.0,2,1.0,0.0,4554.67,0
5863,15614137,O'Toole,593,Spain,Female,23.0,9,121537.93,2,0.0,0.0,136908.66,0
5864,15662393,Yefremov,588,France,Male,27.0,3,0.0,2,1.0,0.0,55313.44,0
5865,15760456,Eberechukwu,731,France,Female,62.0,10,123711.73,2,1.0,1.0,171340.68,0
5866,15621629,Nwabugwu,676,France,Male,39.0,3,0.0,2,1.0,1.0,151623.91,0
5867,15641640,Lu,685,France,Male,47.0,10,0.0,2,1.0,1.0,185561.89,0
5868,15782475,Odili,700,France,Male,28.0,8,0.0,2,1.0,1.0,190347.72,0
5869,15592028,Mazzanti,803,France,Female,44.0,6,0.0,2,0.0,1.0,123365.82,0
5870,15769955,Calabresi,745,Spain,Male,35.0,8,0.0,2,1.0,1.0,120158.72,0
5871,15594928,Hsu,654,Spain,Male,36.0,8,135369.71,1,1.0,1.0,140133.22,0
5872,15611031,Lo,579,Spain,Male,44.0,5,0.0,2,1.0,0.0,1173.33,0
5873,15754574,Hsiung,686,Spain,Male,44.0,4,108269.2,2,1.0,0.0,55859.27,0
5874,15697042,Hsu,714,France,Male,29.0,0,0.0,2,0.0,0.0,62232.6,0
5875,15803457,Swift,726,France,Female,32.0,9,0.0,1,0.0,1.0,91844.14,1
5876,15705918,Howells,775,Germany,Male,36.0,2,169831.46,2,1.0,1.0,27758.36,0
5877,15772933,Mai,714,Spain,Male,31.0,4,0.0,2,0.0,1.0,141677.33,0
5878,15675380,P'eng,635,France,Male,42.0,6,0.0,1,1.0,0.0,12761.87,1
5879,15632801,Chukwubuikem,833,Germany,Female,31.0,4,92887.12,2,1.0,1.0,156906.49,0
5880,15806929,K'ung,717,France,Male,37.0,1,0.0,2,1.0,1.0,146787.33,0
5881,15737748,McWilliam,534,Spain,Female,33.0,3,151233.62,1,1.0,0.0,199336.63,0
5882,15784526,Chia,581,France,Female,34.0,9,0.0,2,1.0,0.0,27330.59,0
5883,15791854,Estrada,695,Spain,Male,31.0,8,0.0,2,0.0,0.0,199104.08,0
5884,15753847,Farrar,628,France,Male,54.0,8,112822.26,3,0.0,1.0,66795.78,1
5885,15573854,Lai,588,France,Male,34.0,8,0.0,2,1.0,0.0,53437.13,0
5886,15700650,Cousens,681,France,Male,23.0,3,0.0,2,0.0,0.0,55816.2,0
5887,15576077,Chikezie,706,Germany,Male,42.0,1,136576.02,1,1.0,0.0,193309.58,0
5888,15593969,Liao,779,France,Male,36.0,7,0.0,2,0.0,0.0,111097.7,0
5889,15576623,Goliwe,757,Germany,Female,53.0,0,106687.76,1,1.0,0.0,57589.29,1
5890,15706904,Pagnotto,686,France,Male,72.0,4,0.0,2,0.0,1.0,136983.77,0
5891,15619087,Taylor,762,France,Male,54.0,2,102520.37,1,0.0,1.0,170195.4,1
5892,15686696,Fiorentini,710,France,Female,29.0,1,0.0,2,1.0,1.0,90106.44,0
5893,15594827,Glasgow,675,France,Female,34.0,1,124619.33,2,0.0,1.0,163667.56,1
5894,15794187,Mancini,664,France,Male,32.0,10,114007.5,2,1.0,1.0,118120.88,0
5895,15585198,Tretiakova,704,France,Male,39.0,9,0.0,2,1.0,1.0,169763.45,0
5896,15796764,Bruno,684,Germany,Male,38.0,3,127585.98,1,1.0,1.0,80593.49,0
5897,15758546,Eluemuno,679,France,Female,26.0,5,130206.75,1,1.0,1.0,57553.03,0
5898,15666975,Sparks,710,France,Female,36.0,4,116085.06,1,0.0,0.0,58601.61,1
5899,15791871,Ting,752,Germany,Male,47.0,3,123916.84,1,1.0,0.0,25684.42,0
5900,15578738,Tuan,653,France,Male,32.0,4,71872.19,1,1.0,1.0,151924.9,0
5901,15676521,Nwabugwu,554,France,Male,41.0,6,0.0,2,1.0,1.0,143357.03,0
5902,15714789,Ch'iu,686,France,Female,35.0,8,75915.05,1,0.0,0.0,141872.01,0
5903,15737169,Johnson,653,Spain,Female,61.0,8,127357.76,1,1.0,1.0,53353.36,0
5904,15576550,Lombardo,616,Spain,Male,40.0,5,0.0,1,0.0,1.0,85411.01,1
5905,15756834,Chukwudi,674,France,Male,26.0,3,121823.4,2,1.0,0.0,73066.71,0
5906,15594898,Pisano,605,France,Female,51.0,3,136188.78,1,1.0,1.0,67110.59,0
5907,15614877,Tuan,694,Germany,Female,44.0,6,102277.47,2,1.0,1.0,49424.18,0
5908,15692599,Jackson,687,France,Female,32.0,7,0.0,2,0.0,0.0,69227.42,0
5909,15669219,Wilson,588,Germany,Male,35.0,0,104356.38,1,1.0,0.0,94498.82,1
5910,15761453,Kovalev,667,France,Male,36.0,6,0.0,1,1.0,0.0,88890.05,0
5911,15772381,T'ien,834,France,Male,38.0,2,0.0,2,1.0,1.0,43931.35,0
5912,15701765,Lucchesi,608,France,Male,42.0,9,0.0,2,1.0,0.0,137791.09,0
5913,15740164,Teng,754,France,Female,45.0,3,0.0,2,1.0,0.0,87412.24,1
5914,15740237,Bazarova,731,France,Male,41.0,2,0.0,1,0.0,0.0,176984.34,0
5915,15586517,Onyemauchechukwu,597,France,Male,42.0,3,0.0,2,1.0,1.0,105817.39,0
5916,15702464,Shih,587,France,Male,40.0,2,0.0,1,1.0,1.0,159629.64,0
5917,15642098,Hsueh,608,France,Female,35.0,5,163097.55,2,0.0,1.0,23702.42,1
5918,15765257,Smith,622,France,Male,46.0,3,0.0,1,1.0,0.0,138700.87,1
5919,15750141,Reichard,721,Germany,Female,40.0,3,65253.07,2,1.0,0.0,28737.78,1
5920,15671655,Chinweuba,850,Spain,Male,31.0,0,144555.94,1,1.0,0.0,15068.23,0
5921,15626233,Okwudilichukwu,582,France,Male,35.0,7,0.0,1,1.0,0.0,141946.92,0
5922,15787597,Onyemauchechukwu,678,Spain,Female,32.0,9,0.0,2,1.0,0.0,115916.65,0
5923,15752502,Cooke,597,France,Female,41.0,4,130385.82,1,1.0,0.0,130661.95,0
5924,15648032,Lo Duca,594,Spain,Female,28.0,8,0.0,2,1.0,0.0,109545.56,0
5925,15595837,Ts'ui,703,France,Female,39.0,10,0.0,2,1.0,1.0,160128.49,0
5926,15592222,T'ien,633,France,Male,27.0,5,0.0,1,1.0,0.0,65831.02,0
5927,15789546,Ojiofor,639,France,Male,32.0,2,0.0,2,1.0,1.0,126561.07,0
5928,15633064,Stonebraker,438,France,Female,36.0,6,0.0,1,0.0,0.0,64420.5,1
5929,15801630,Zetticci,710,Spain,Female,36.0,6,95624.36,1,1.0,0.0,157895.86,0
5930,15642787,Ijendu,738,France,Male,37.0,1,133043.66,1,0.0,0.0,111243.09,0
5931,15781875,Chia,685,Germany,Male,59.0,9,128306.83,1,0.0,1.0,167558.28,0
5932,15684296,Artyomova,714,France,Female,34.0,7,141173.03,1,0.0,1.0,98896.06,0
5933,15696120,Wallace,701,Spain,Female,30.0,2,0.0,1,1.0,0.0,115650.63,0
5934,15668854,Ubanwa,653,Spain,Female,30.0,10,0.0,2,1.0,0.0,156424.38,0
5935,15674929,Hao,718,France,Female,39.0,0,0.0,2,1.0,0.0,180598.86,0
5936,15665062,Nkemdirim,769,Germany,Male,41.0,7,122311.71,1,1.0,1.0,61240.09,0
5937,15790247,Maclean,709,France,Male,34.0,1,111962.57,1,1.0,0.0,123866.37,0
5938,15663650,Fomin,616,Spain,Female,41.0,3,0.0,2,1.0,1.0,152876.13,0
5939,15734005,Ch'ang,570,Spain,Male,44.0,0,103522.64,2,1.0,1.0,81483.82,0
5940,15577515,Olisaemeka,691,Germany,Male,33.0,1,142331.47,2,1.0,1.0,103693.83,0
5941,15798348,Chukwuebuka,850,Spain,Female,50.0,6,94684.27,1,1.0,1.0,50488.91,0
5942,15567893,Yobanna,616,Germany,Female,32.0,3,125907.33,1,1.0,0.0,135837.34,0
5943,15575492,Kennedy,621,France,Female,43.0,10,0.0,2,1.0,0.0,171378.77,0
5944,15775192,Rounsevell,616,Germany,Male,48.0,4,109978.83,1,1.0,1.0,120852.85,0
5945,15696900,Onwubiko,644,France,Male,28.0,6,0.0,2,1.0,1.0,94498.58,0
5946,15672467,Ch'ien,686,France,Male,41.0,6,129842.64,1,1.0,1.0,70810.5,0
5947,15618245,Hsia,637,France,Male,40.0,6,0.0,2,1.0,1.0,60416.45,0
5948,15792726,Iredale,607,France,Male,54.0,3,104944.1,1,1.0,0.0,169149.38,1
5949,15732476,Mazzanti,641,France,Male,61.0,9,123912.78,1,0.0,1.0,147794.63,0
5950,15809057,Lu,600,Spain,Male,27.0,6,0.0,2,1.0,1.0,172031.22,0
5951,15792916,Chiemenam,741,Spain,Male,30.0,6,139859.01,1,1.0,0.0,82467.16,0
5952,15651958,Giles,756,Spain,Female,46.0,8,0.0,1,1.0,1.0,157932.75,0
5953,15747795,Iloerika,583,Spain,Female,40.0,3,0.0,1,1.0,0.0,105886.77,0
5954,15596074,Uspensky,579,France,Male,52.0,3,0.0,1,0.0,0.0,113692.0,1
5955,15640268,Avdeeva,686,France,Male,71.0,2,0.0,1,1.0,1.0,120107.1,0
5956,15687270,Graham,589,France,Female,37.0,2,135847.47,1,1.0,0.0,55972.56,0
5957,15677920,Udinesi,681,Germany,Male,39.0,8,133837.37,2,1.0,1.0,85584.18,0
5958,15771487,Lucciano,635,France,Male,30.0,0,143988.77,1,1.0,0.0,93793.14,0
5959,15757747,T'ien,581,France,Male,31.0,0,0.0,2,1.0,1.0,113557.85,0
5960,15808544,Y?,569,France,Female,28.0,3,0.0,2,1.0,0.0,5159.21,0
5961,15582841,DeRose,572,France,Female,33.0,6,0.0,2,0.0,1.0,130846.79,0
5962,15770345,Milani,765,France,Male,27.0,4,145874.2,2,1.0,1.0,78849.68,0
5963,15605062,Ch'iu,728,France,Male,28.0,7,68375.86,1,1.0,0.0,184524.74,0
5964,15652289,Williams,694,France,Male,47.0,4,0.0,1,1.0,0.0,197528.62,0
5965,15568449,Niu,653,Spain,Male,23.0,2,0.0,1,1.0,1.0,15650.73,1
5966,15596028,Genovese,705,France,Female,44.0,9,118889.71,1,1.0,1.0,72350.72,0
5967,15785865,Milanesi,678,France,Female,40.0,5,0.0,2,1.0,0.0,60956.85,0
5968,15596971,Tuan,602,Spain,Male,56.0,5,0.0,2,1.0,1.0,98349.13,0
5969,15781326,Ford,636,France,Male,35.0,3,95478.17,1,0.0,0.0,169286.74,0
5970,15705885,Chukwufumnanya,725,France,Male,30.0,2,0.0,2,1.0,0.0,14081.64,0
5971,15764237,Manfrin,663,France,Male,33.0,9,0.0,2,0.0,0.0,91514.62,0
5972,15769346,Oguejiofor,700,Germany,Male,34.0,4,143330.58,2,1.0,1.0,134483.94,0
5973,15702416,Bellucci,712,France,Male,34.0,7,0.0,2,1.0,0.0,65906.07,0
5974,15750056,Hsia,679,Germany,Female,48.0,9,114519.57,1,0.0,1.0,75860.01,1
5975,15610765,Onwumelu,715,France,Female,29.0,8,56214.85,2,0.0,0.0,92982.61,1
5976,15745250,Lettiere,561,France,Male,29.0,1,102643.23,2,1.0,1.0,86791.22,0
5977,15723339,Chidiebere,591,Germany,Female,35.0,7,126608.32,1,1.0,0.0,74900.4,1
5978,15795878,Ch'ang,721,France,Male,32.0,2,160982.89,1,0.0,0.0,149913.84,0
5979,15661821,Fanucci,507,Spain,Male,38.0,5,0.0,2,0.0,0.0,179614.8,0
5980,15779974,Chukwubuikem,683,Germany,Female,35.0,3,106821.47,1,1.0,0.0,173929.4,1
5981,15716164,Chukwunonso,521,France,Female,39.0,6,109844.81,1,1.0,1.0,54439.53,0
5982,15616152,Lettiere,757,Spain,Female,42.0,10,0.0,1,1.0,0.0,93835.32,1
5983,15624451,Tuan,619,Germany,Male,37.0,2,125857.93,2,0.0,1.0,114448.79,0
5984,15657535,Onuoha,798,France,Male,32.0,6,0.0,2,1.0,1.0,62703.38,0
5985,15682421,Tseng,716,France,Male,38.0,7,0.0,2,1.0,1.0,162267.91,0
5986,15703563,Sagese,635,Germany,Female,42.0,4,114512.59,1,1.0,0.0,174721.44,1
5987,15723989,Shubin,656,France,Female,40.0,9,0.0,2,0.0,0.0,92887.86,0
5988,15770091,Trevisano,579,Spain,Female,28.0,2,0.0,2,0.0,1.0,10072.54,0
5989,15680234,Bray,667,Germany,Male,29.0,2,138032.15,1,1.0,0.0,166317.71,0
5990,15687913,Udinesi,679,Spain,Female,45.0,3,146758.24,1,0.0,1.0,48466.89,0
5991,15682757,Lu,681,France,Male,38.0,4,0.0,2,1.0,0.0,79927.28,0
5992,15738954,Y?an,603,France,Female,45.0,2,0.0,1,1.0,0.0,187900.12,1
5993,15771573,Yobanna,713,France,Female,40.0,3,0.0,2,0.0,0.0,177655.68,0
5994,15604551,Ting,681,Spain,Male,32.0,1,0.0,1,1.0,1.0,72945.29,0
5995,15718289,Lucchese,833,France,Female,47.0,6,0.0,1,1.0,1.0,97767.38,1
5996,15771855,Onyemauchechukwu,681,Spain,Female,35.0,5,0.0,2,0.0,0.0,9984.4,0
5997,15693971,Ogochukwu,582,France,Female,39.0,3,160729.33,2,0.0,0.0,86560.07,1
5998,15643361,Rizzo,678,France,Male,31.0,0,153861.1,1,0.0,0.0,143049.72,0
5999,15621075,Nucci,706,France,Male,40.0,3,127157.04,2,0.0,1.0,132670.61,0
6000,15703378,Brown,684,France,Male,32.0,9,0.0,2,1.0,0.0,161479.66,0
6001,15807597,Piazza,543,Germany,Female,29.0,5,122501.54,2,1.0,1.0,163482.99,0
6002,15705918,Ch'ien,652,France,Male,23.0,8,138166.3,1,1.0,1.0,62367.48,1
6003,15699389,Ch'ien,590,Germany,Male,35.0,7,108410.87,3,1.0,0.0,91429.74,1
6004,15727251,Goliwe,691,Spain,Female,38.0,3,97259.25,1,0.0,0.0,193597.94,0
6005,15671769,Nnaife,535,France,Male,27.0,4,0.0,2,1.0,1.0,106977.8,0
6006,15643908,De Salis,592,France,Male,39.0,8,123763.69,1,1.0,1.0,65906.83,0
6007,15637993,Yao,540,France,Female,32.0,4,0.0,1,1.0,1.0,109179.89,0
6008,15626491,Manna,678,France,Female,28.0,1,0.0,2,0.0,0.0,113860.32,0
6009,15611338,Macnamara,639,France,Male,46.0,1,0.0,2,1.0,1.0,170968.99,0
6010,15679075,H?,613,France,Male,48.0,9,0.0,1,1.0,0.0,113926.71,0
6011,15648067,Ch'ang,584,Germany,Male,43.0,9,103570.78,1,1.0,1.0,86416.07,1
6012,15595827,L?,703,Germany,Female,38.0,5,104719.58,1,1.0,1.0,105712.01,0
6013,15645029,DeRose,716,Spain,Female,41.0,4,0.0,2,1.0,0.0,176921.0,0
6014,15644796,Hsiung,556,France,Male,37.0,8,0.0,2,1.0,0.0,179435.19,0
6015,15566563,Chigozie,585,Germany,Male,34.0,9,106603.4,1,0.0,0.0,84869.13,0
6016,15582797,Ch'iu,685,France,Female,35.0,2,137948.51,1,1.0,0.0,113639.64,1
6017,15774133,Cox,682,France,Female,35.0,8,0.0,1,1.0,1.0,42181.68,1
6018,15658169,Tsao,661,France,Male,35.0,6,0.0,2,1.0,0.0,176913.87,0
6019,15789379,Zetticci,748,France,Male,39.0,6,130428.78,2,1.0,0.0,173365.89,0
6020,15642655,Onyemauchechukwu,729,France,Male,40.0,7,0.0,2,1.0,0.0,109742.8,0
6021,15804721,Mancini,785,France,Female,54.0,2,0.0,1,1.0,1.0,48930.8,1
6022,15716491,Hs?,687,France,Male,37.0,8,0.0,2,1.0,1.0,60905.83,0
6023,15636700,Marsh,701,Spain,Male,32.0,9,140236.98,1,1.0,1.0,146651.99,0
6024,15808960,Hsia,687,France,Male,27.0,2,0.0,2,1.0,1.0,59354.24,0
6025,15622532,Hs?eh,706,France,Female,22.0,4,0.0,2,1.0,0.0,38410.74,0
6026,15768163,Young,655,Spain,Female,40.0,3,0.0,1,1.0,0.0,11830.53,0
6027,15643908,H?,726,Spain,Female,50.0,8,0.0,2,1.0,1.0,91817.38,0
6028,15651958,Ndukaku,678,France,Female,29.0,2,0.0,2,0.0,1.0,97640.03,0
6029,15691871,Koo,669,France,Female,57.0,1,0.0,2,1.0,0.0,134875.37,0
6030,15657535,Padovesi,559,France,Male,33.0,2,0.0,2,1.0,0.0,176902.83,0
6031,15656029,Chin,608,France,Male,34.0,9,95452.89,1,0.0,0.0,132418.59,0
6032,15686812,Jones,692,France,Female,34.0,9,0.0,1,0.0,0.0,159069.37,0
6033,15662098,Yeh,545,France,Male,38.0,0,0.0,2,1.0,0.0,186798.78,0
6034,15811978,Chidiegwu,726,France,Female,44.0,3,151226.56,2,1.0,0.0,178045.52,0
6035,15782418,Calabrese,597,France,Male,34.0,4,0.0,1,1.0,0.0,83681.65,0
6036,15665629,Chiang,590,Germany,Female,33.0,1,121898.58,1,1.0,0.0,61829.89,0
6037,15643426,Robertson,744,Spain,Male,34.0,8,0.0,2,0.0,0.0,13197.44,0
6038,15796370,Ozoemena,569,France,Male,30.0,5,0.0,2,0.0,0.0,141796.74,0
6039,15594305,Rizzo,535,Spain,Male,37.0,7,88308.87,2,0.0,1.0,14178.73,0
6040,15726103,Y?an,598,Spain,Male,45.0,5,0.0,2,0.0,1.0,182775.06,0
6041,15709861,Yermakova,577,Spain,Female,39.0,0,0.0,2,1.0,0.0,125961.47,0
6042,15623989,Griffin,757,France,Female,54.0,3,0.0,2,1.0,1.0,156910.46,0
6043,15762615,Hsiung,713,France,Male,30.0,5,0.0,2,0.0,0.0,61602.43,0
6044,15598614,Lucchesi,611,France,Male,20.0,2,0.0,2,1.0,1.0,168152.76,0
6045,15684484,White,595,France,Male,22.0,9,98444.19,1,0.0,0.0,127587.22,0
6046,15583550,Smith,775,Spain,Female,42.0,2,0.0,1,0.0,0.0,62341.47,1
6047,15590320,Uspenskaya,636,France,Male,47.0,7,0.0,1,1.0,0.0,83056.22,1
6048,15605059,Mackie,567,Germany,Male,37.0,1,148843.56,1,1.0,0.0,69414.13,0
6049,15790829,Ch'ang,686,France,Male,42.0,9,121525.65,2,0.0,0.0,157908.95,0
6050,15587914,Hsiung,676,Spain,Female,34.0,5,0.0,2,1.0,1.0,152956.33,0
6051,15585067,Tung,586,France,Male,35.0,0,0.0,2,1.0,1.0,93843.53,0
6052,15623072,Shaw,529,France,Female,35.0,5,0.0,2,1.0,0.0,56518.0,0
6053,15621685,O'Donnell,619,France,Male,43.0,3,0.0,2,1.0,1.0,172576.06,0
6054,15628999,Onwuamaeze,590,France,Female,41.0,9,114329.28,1,1.0,1.0,92377.42,0
6055,15798424,Ch'ang,687,Germany,Male,36.0,9,135096.03,1,1.0,1.0,141210.5,1
6056,15809805,Chukwubuikem,707,France,Female,38.0,2,0.0,2,1.0,0.0,189016.53,0
6057,15615245,Lai,616,Spain,Female,44.0,9,0.0,2,1.0,0.0,80425.09,0
6058,15659236,Yobanna,559,Germany,Male,39.0,7,93716.73,2,1.0,0.0,121151.1,0
6059,15673747,Ayers,519,France,Female,22.0,8,0.0,1,1.0,1.0,167553.06,0
6060,15640377,Goloubev,738,Spain,Female,30.0,4,0.0,2,1.0,1.0,97767.63,0
6061,15792102,Yefremova,719,Spain,Female,32.0,7,0.0,2,0.0,1.0,199316.19,0
6062,15585907,Chieloka,484,France,Male,35.0,4,0.0,3,1.0,0.0,171036.53,1
6063,15777060,Onyemere,559,France,Male,27.0,3,119787.76,2,1.0,0.0,67622.34,0
6064,15658195,Efremov,653,Spain,Female,33.0,8,118838.75,1,1.0,0.0,52820.13,0
6065,15588090,Ferri,726,Germany,Female,51.0,8,107494.86,2,1.0,0.0,140937.91,0
6066,15751774,Tsao,663,France,Male,36.0,3,0.0,2,1.0,1.0,121061.47,0
6067,15634180,Omeokachie,542,France,Male,37.0,4,81231.85,1,1.0,0.0,177782.92,1
6068,15784042,Nkemdirim,733,Spain,Female,34.0,0,142711.81,1,1.0,0.0,86776.38,0
6069,15682454,Hsiung,651,France,Female,36.0,5,0.0,2,0.0,1.0,151146.67,0
6070,15747265,Lo,582,Spain,Male,35.0,0,0.0,2,1.0,1.0,126812.86,0
6071,15686611,Moss,493,France,Male,30.0,8,129755.99,2,1.0,0.0,172749.4,0
6072,15761706,Trevisano,733,France,Male,28.0,9,0.0,1,0.0,1.0,35230.61,0
6073,15700540,Barrera,557,Germany,Female,38.0,2,129893.56,1,1.0,0.0,102076.03,0
6074,15662532,Holmes,757,Germany,Male,39.0,8,149085.9,2,1.0,1.0,197077.36,0
6075,15809841,Hsueh,663,France,Female,38.0,7,93796.78,1,1.0,1.0,135077.42,0
6076,15751137,P'eng,656,Spain,Female,47.0,9,0.0,1,1.0,0.0,102515.43,1
6077,15646094,Kornilova,663,France,Male,39.0,6,0.0,2,1.0,0.0,38773.13,0
6078,15747534,Scott,583,Germany,Female,38.0,1,157761.57,2,0.0,1.0,5949.0,0
6079,15569976,Woronoff,754,Spain,Male,39.0,8,133776.86,1,1.0,1.0,121529.59,0
6080,15714493,L?,562,Germany,Female,42.0,6,115061.74,1,1.0,1.0,160589.15,1
6081,15762882,Onyekachukwu,731,France,Female,36.0,10,0.0,2,1.0,1.0,79919.97,0
6082,15782591,O'Donnell,682,France,Female,36.0,10,0.0,2,1.0,1.0,105425.41,0
6083,15694566,Roberts,602,France,Female,42.0,10,0.0,2,1.0,1.0,169921.11,0
6084,15675794,Hsing,589,France,Male,33.0,9,0.0,2,1.0,0.0,121840.2,0
6085,15656937,Chinonyelum,572,Germany,Male,27.0,8,79954.47,1,0.0,1.0,100720.03,0
6086,15662067,Palmer,850,France,Male,39.0,4,0.0,2,0.0,1.0,143393.24,0
6087,15782413,Lo Duca,554,France,Male,46.0,6,0.0,2,1.0,1.0,142914.97,0
6088,15582066,Maclean,693,France,Male,21.0,4,0.0,2,0.0,1.0,113907.8,0
6089,15696537,Chuang,728,France,Male,27.0,5,0.0,1,0.0,0.0,4033.09,1
6090,15703968,Hsueh,678,Germany,Male,42.0,4,148054.87,3,0.0,1.0,133871.51,1
6091,15700714,Hollis,747,France,Male,29.0,7,0.0,3,1.0,1.0,141706.43,1
6092,15652950,Chukwuemeka,573,France,Male,38.0,10,118627.73,1,1.0,0.0,107837.57,0
6093,15641640,Milanesi,582,France,Male,41.0,5,0.0,2,1.0,1.0,92357.21,0
6094,15580227,Moss,803,Germany,Male,33.0,6,0.0,2,0.0,0.0,115676.61,0
6095,15641690,Teng,648,France,Female,37.0,9,0.0,1,1.0,1.0,121211.84,0
6096,15697588,Hsia,579,France,Female,44.0,2,0.0,1,1.0,1.0,162478.01,0
6097,15587534,Nwankwo,681,France,Male,45.0,3,113922.24,1,1.0,0.0,93739.35,1
6098,15752588,Brown,637,Germany,Male,41.0,3,125801.93,1,1.0,0.0,45956.05,0
6099,15639368,Li Fonti,687,France,Female,54.0,10,0.0,1,1.0,0.0,171378.77,1
6100,15738248,Chinedum,628,France,Male,32.0,4,125961.74,1,1.0,0.0,7862.56,0
6101,15796834,Fanucci,803,France,Male,36.0,5,0.0,2,1.0,1.0,64593.07,0
6102,15779247,Pai,614,Spain,Female,24.0,10,98567.1,1,1.0,0.0,187987.01,0
6103,15696588,Zetticci,718,France,Male,46.0,4,70541.06,1,0.0,0.0,117273.35,1
6104,15791114,Yegorova,700,France,Male,37.0,9,0.0,1,1.0,0.0,160670.37,0
6105,15807595,Pirozzi,695,Spain,Male,34.0,8,0.0,2,1.0,1.0,88965.84,0
6106,15652626,Nwabugwu,584,Germany,Male,46.0,9,139848.17,1,1.0,0.0,176924.21,1
6107,15681036,Nwabugwu,526,Spain,Male,36.0,9,0.0,2,1.0,1.0,142413.01,0
6108,15794468,Tsou,597,France,Male,42.0,6,0.0,2,0.0,0.0,121138.77,0
6109,15790935,Johnson,657,Germany,Female,38.0,7,70258.88,2,1.0,1.0,139607.61,0
6110,15734177,Donahue,709,France,Male,33.0,4,0.0,2,1.0,1.0,152992.04,0
6111,15789874,Wang,739,France,Female,28.0,7,87375.78,2,1.0,1.0,166194.53,0
6112,15585580,Ts'ao,671,France,Female,51.0,4,0.0,1,1.0,1.0,146700.61,1
6113,15769312,Ts'ao,671,Germany,Female,31.0,1,87541.06,2,1.0,1.0,159049.61,0
6114,15795759,Bergamaschi,699,Germany,Female,52.0,1,107906.75,1,1.0,0.0,168886.39,1
6115,15743076,Pai,669,Spain,Male,25.0,9,0.0,2,1.0,1.0,93901.61,0
6116,15671630,Mazzanti,714,France,Male,42.0,7,0.0,1,0.0,1.0,82522.61,1
6117,15651264,Onyemauchechukwu,641,Germany,Female,37.0,10,123544.21,1,1.0,1.0,172495.81,1
6118,15702464,Obijiaku,570,Germany,Female,42.0,1,137580.69,2,1.0,1.0,55775.84,1
6119,15730287,Chuter,706,France,Male,35.0,1,0.0,2,0.0,1.0,172782.69,0
6120,15643679,Onio,572,France,Female,27.0,7,118520.26,1,1.0,0.0,149054.1,0
6121,15657868,Onyemauchechukwu,561,France,Male,31.0,4,0.0,1,1.0,1.0,89564.75,0
6122,15656096,Ch'ien,521,Germany,Male,45.0,7,139183.09,4,1.0,0.0,93844.86,1
6123,15805062,Lynton,667,France,Male,38.0,7,0.0,2,1.0,1.0,77866.91,0
6124,15611025,T'ien,667,France,Male,37.0,9,121231.76,1,1.0,0.0,175096.76,0
6125,15650268,DeRose,697,France,Female,43.0,4,0.0,2,1.0,1.0,178798.15,0
6126,15723858,Mott,780,Germany,Male,74.0,5,94108.54,2,1.0,1.0,177235.23,0
6127,15640106,Lettiere,619,France,Male,46.0,2,0.0,2,1.0,0.0,171516.5,0
6128,15803976,Ball,703,France,Female,47.0,3,0.0,3,1.0,0.0,77294.56,1
6129,15763798,McIntyre,699,Spain,Female,46.0,1,0.0,1,1.0,0.0,110498.1,1
6130,15804057,Yobanna,809,France,Female,39.0,7,148556.74,1,1.0,1.0,176692.65,0
6131,15672447,H?,646,Germany,Male,33.0,10,123365.38,1,1.0,0.0,173498.45,1
6132,15802570,Chukwufumnanya,592,Germany,Male,35.0,6,121571.19,2,1.0,1.0,160968.97,0
6133,15730360,K?,699,France,Male,34.0,6,0.0,2,1.0,0.0,55796.83,0
6134,15600174,Liao,498,Spain,Female,36.0,9,120108.56,2,1.0,0.0,184474.15,0
6135,15632210,Hill,657,France,Male,29.0,2,0.0,2,1.0,0.0,22745.5,0
6136,15732643,Uspenskaya,573,France,Male,34.0,6,0.0,2,1.0,0.0,167773.55,0
6137,15616280,Nwabugwu,663,Spain,Male,35.0,8,0.0,2,1.0,1.0,90537.47,0
6138,15728078,Chiang,662,Germany,Male,41.0,5,119769.77,2,1.0,0.0,28280.8,0
6139,15590201,Fiorentini,515,Spain,Female,61.0,1,0.0,4,1.0,1.0,83866.35,1
6140,15690733,P'an,559,France,Male,35.0,9,0.0,1,1.0,0.0,168924.41,0
6141,15578908,Frolova,628,Spain,Female,42.0,7,0.0,1,0.0,0.0,64849.74,1
6142,15810807,Ross,703,Spain,Male,43.0,6,0.0,1,0.0,1.0,152855.96,1
6143,15644854,Lettiere,662,France,Male,45.0,7,0.0,2,1.0,0.0,62908.49,0
6144,15636089,Ebelegbulam,693,Spain,Male,39.0,5,126663.54,1,1.0,1.0,152996.06,0
6145,15594084,Duncan,638,Germany,Male,43.0,8,151553.19,1,0.0,0.0,44946.29,1
6146,15667460,Moore,710,France,Male,31.0,9,0.0,2,1.0,1.0,24748.89,0
6147,15693996,McGregor,507,France,Female,33.0,6,113452.66,1,0.0,1.0,142911.99,0
6148,15803749,Calabresi,771,Spain,Female,34.0,7,71264.5,1,0.0,1.0,132734.75,0
6149,15805704,Oster,745,France,Female,32.0,5,0.0,1,1.0,1.0,179705.13,0
6150,15791767,T'ang,670,Spain,Male,29.0,10,121326.98,2,1.0,0.0,63795.8,0
6151,15791842,Ch'en,663,Spain,Female,26.0,5,0.0,2,1.0,0.0,18094.96,0
6152,15591607,Thompson,661,Spain,Male,41.0,2,28082.95,2,0.0,1.0,69586.27,0
6153,15694995,O'Sullivan,717,France,Female,28.0,5,0.0,2,1.0,1.0,66462.79,0
6154,15591179,Skelton,702,Germany,Male,30.0,2,135067.52,2,1.0,1.0,145537.32,0
6155,15774882,Synnot,687,France,Female,35.0,7,0.0,2,1.0,0.0,156150.08,1
6156,15779985,Tsao,607,Spain,Female,42.0,7,0.0,1,1.0,0.0,141533.19,1
6157,15684318,McMillan,543,Germany,Female,20.0,6,149713.61,2,1.0,1.0,124830.11,0
6158,15626144,Tien,651,France,Male,43.0,7,0.0,1,0.0,1.0,178267.04,0
6159,15652289,Tuan,682,Spain,Male,58.0,2,0.0,2,1.0,1.0,121299.54,0
6160,15696733,Chiawuotu,724,Spain,Male,43.0,0,0.0,2,1.0,0.0,35795.85,0
6161,15761047,Yobachukwu,666,France,Male,37.0,6,137781.65,1,1.0,1.0,132770.15,0
6162,15604073,White,733,France,Male,28.0,2,103377.81,1,0.0,1.0,8982.75,0
6163,15696826,Tung,589,Spain,Female,38.0,0,112419.92,2,1.0,1.0,64716.08,0
6164,15804862,Chu,545,Spain,Female,29.0,6,114553.49,1,1.0,1.0,19921.35,0
6165,15795895,Dyer,683,Germany,Female,27.0,2,97157.97,2,1.0,1.0,76621.49,0
6166,15573798,Zetticci,590,France,Female,40.0,8,0.0,2,0.0,0.0,167873.99,0
6167,15741078,Maclean,739,France,Male,54.0,7,111729.47,2,1.0,1.0,87071.18,0
6168,15639004,Chiemezie,697,France,Female,72.0,3,0.0,2,1.0,1.0,70783.61,0
6169,15696859,Lazareva,586,Spain,Female,49.0,6,0.0,1,0.0,0.0,123410.23,0
6170,15706463,Ch'en,597,France,Female,48.0,8,0.0,1,1.0,0.0,7156.09,0
6171,15587038,Biryukova,565,France,Female,37.0,8,95828.18,1,1.0,1.0,77830.9,0
6172,15793491,Tan,642,France,Female,55.0,6,80964.57,2,1.0,0.0,182960.46,0
6173,15793679,Tien,558,France,Male,39.0,2,0.0,2,1.0,0.0,117038.63,1
6174,15764314,Goliwe,629,Germany,Female,42.0,1,107597.28,2,1.0,1.0,1795.84,0
6175,15595067,Manna,627,France,Male,38.0,8,0.0,2,1.0,1.0,79919.29,0
6176,15759733,McMillan,774,France,Female,26.0,5,0.0,2,1.0,0.0,64716.08,0
6177,15682269,H?,652,France,Female,44.0,6,125961.74,1,1.0,0.0,127948.22,1
6178,15639590,Pisani,707,France,Male,34.0,4,0.0,2,1.0,1.0,44381.06,0
6179,15758750,Knepper,564,France,Female,35.0,6,0.0,2,1.0,1.0,72276.24,0
6180,15742854,Davidson,739,Spain,Female,38.0,8,117300.02,1,1.0,1.0,122021.33,0
6181,15672499,Iadanza,710,Spain,Male,32.0,9,0.0,2,0.0,1.0,31921.95,0
6182,15644297,Austin,614,Germany,Male,38.0,7,178787.54,1,1.0,1.0,195760.53,0
6183,15717155,Milano,573,Spain,Female,45.0,7,65612.55,1,1.0,0.0,100403.05,0
6184,15616367,Ricci,581,France,Male,26.0,1,121523.51,1,1.0,0.0,161655.55,0
6185,15781586,Onyemauchechukwu,714,France,Female,32.0,0,0.0,2,1.0,0.0,141023.01,0
6186,15808228,Kenechi,681,France,Male,39.0,2,109172.88,1,0.0,1.0,102236.82,0
6187,15798053,Nnachetam,697,France,Female,37.0,5,0.0,2,1.0,1.0,60552.44,0
6188,15641004,Doyne,605,Spain,Female,44.0,1,72594.0,1,1.0,0.0,83056.22,1
6189,15709920,Ekechukwu,576,Germany,Male,37.0,9,115409.18,2,0.0,0.0,69361.95,0
6190,15740283,Ewing,850,Germany,Male,29.0,1,0.0,2,0.0,0.0,152996.89,0
6191,15680201,Hsing,592,France,Male,28.0,3,0.0,1,0.0,0.0,88120.84,0
6192,15752047,Hsueh,462,Germany,Female,39.0,4,161814.64,1,1.0,1.0,169381.9,1
6193,15649024,Teng,764,Spain,Female,54.0,8,0.0,3,1.0,0.0,64490.67,1
6194,15776096,Nnanna,544,France,Male,37.0,5,91760.11,2,0.0,1.0,146723.72,1
6195,15786880,Uspensky,753,France,Male,32.0,4,0.0,2,1.0,1.0,158023.9,0
6196,15775238,Maclean,754,Spain,Male,40.0,9,0.0,2,1.0,0.0,73679.27,1
6197,15605916,P'eng,599,France,Female,34.0,5,0.0,2,1.0,1.0,72318.77,0
6198,15776850,Smith,745,Spain,Male,45.0,3,105492.53,1,0.0,1.0,65396.79,1
6199,15744045,Chukwuebuka,757,Germany,Female,39.0,5,114020.68,1,1.0,1.0,143980.51,0
6200,15648064,Onyemere,742,France,Male,27.0,5,190125.43,2,0.0,0.0,21793.59,0
6201,15731522,Ts'ui,713,France,Female,39.0,6,0.0,2,1.0,1.0,51229.17,0
6202,15723488,Nkemakonam,721,Spain,Male,34.0,1,0.0,1,1.0,0.0,136859.55,0
6203,15756901,Padovesi,561,France,Male,35.0,5,0.0,2,1.0,1.0,170830.94,0
6204,15657085,Padovano,585,France,Female,53.0,2,0.0,1,1.0,1.0,164040.94,0
6205,15592707,Nnanna,495,Spain,Male,30.0,7,148045.87,2,0.0,1.0,156431.79,0
6206,15796790,He,724,France,Female,32.0,8,0.0,2,1.0,0.0,64869.32,0
6207,15786622,Fanucci,601,Spain,Female,47.0,4,95128.32,1,0.0,1.0,121765.17,0
6208,15673371,Chukwualuka,594,Spain,Male,31.0,8,126837.84,1,1.0,1.0,164928.98,0
6209,15631412,Onwughara,707,France,Female,31.0,7,120596.18,1,1.0,0.0,106822.8,0
6210,15616666,Chukwudi,703,Germany,Male,33.0,8,126808.68,2,0.0,1.0,143585.29,0
6211,15658067,Dancy,681,France,Male,28.0,2,0.0,2,1.0,1.0,160132.42,0
6212,15698953,Chiu,850,Spain,Male,33.0,5,0.0,2,1.0,0.0,98949.85,0
6213,15813590,Walker,579,France,Male,38.0,5,113811.67,1,1.0,1.0,167720.98,0
6214,15788659,Howells,778,France,Male,26.0,7,153455.72,1,0.0,1.0,137537.22,0
6215,15776211,Toscani,516,France,Female,34.0,3,0.0,2,1.0,1.0,124592.84,0
6216,15808971,Udegbulam,673,France,Female,30.0,4,0.0,2,1.0,0.0,118716.63,0
6217,15579894,Manna,543,Germany,Female,48.0,4,139998.54,3,1.0,0.0,78970.75,1
6218,15682454,Crumbley,553,France,Female,26.0,2,0.0,2,0.0,0.0,198091.81,0
6219,15628999,Chiu,549,France,Male,29.0,6,0.0,1,0.0,0.0,26229.18,0
6220,15740406,Ikedinachukwu,706,France,Male,32.0,5,0.0,2,1.0,1.0,95007.9,0
6221,15771299,Nnachetam,590,France,Male,57.0,6,92053.0,1,0.0,1.0,164064.44,1
6222,15765345,Ebelechukwu,594,France,Female,46.0,7,0.0,1,0.0,1.0,52861.89,1
6223,15814465,Ch'in,612,France,Male,33.0,1,182705.05,1,1.0,0.0,171837.06,0
6224,15733111,De Luca,642,France,Female,28.0,3,134164.07,1,1.0,0.0,199478.05,0
6225,15749019,Wong,545,Germany,Male,45.0,6,93796.42,1,1.0,1.0,162321.26,0
6226,15596979,Nkemjika,554,France,Male,41.0,6,0.0,1,1.0,0.0,124489.88,1
6227,15616555,Gannon,663,France,Male,37.0,5,0.0,2,1.0,0.0,171045.52,0
6228,15759284,Yeh,668,Spain,Female,37.0,7,0.0,1,1.0,1.0,117948.0,0
6229,15626474,Hsieh,718,Germany,Female,28.0,3,157731.85,1,0.0,1.0,73069.43,0
6230,15637087,Trevisani,603,France,Male,31.0,4,0.0,2,0.0,0.0,162501.83,0
6231,15701200,Lucciano,576,France,Male,28.0,7,0.0,2,1.0,0.0,48314.0,0
6232,15572467,L?,757,Spain,Female,36.0,1,0.0,2,1.0,0.0,96864.63,0
6233,15641319,Fanucci,613,Spain,Male,35.0,5,0.0,1,1.0,0.0,158027.57,0
6234,15734659,Ugorji,735,France,Female,42.0,6,132398.67,1,1.0,0.0,86850.79,0
6235,15805764,Kaur,679,Spain,Male,47.0,8,161814.64,1,0.0,0.0,73562.05,1
6236,15672912,T'ien,624,France,Male,29.0,1,0.0,2,1.0,0.0,176882.08,0
6237,15783097,Bage,654,France,Male,26.0,2,0.0,2,1.0,0.0,142331.85,0
6238,15593510,Capon,666,Germany,Female,38.0,5,129335.65,2,1.0,1.0,56585.2,0
6239,15642997,Teng,710,France,Female,27.0,10,0.0,2,1.0,1.0,35230.31,0
6240,15728683,Lombardo,742,France,Female,31.0,3,0.0,2,1.0,0.0,131534.96,0
6241,15593782,Zito,801,France,Male,44.0,5,122522.0,1,1.0,1.0,111981.19,0
6242,15587837,Milani,579,France,Female,45.0,7,0.0,1,1.0,0.0,91562.83,1
6243,15742885,Ozerova,683,France,Male,39.0,1,0.0,2,1.0,1.0,162471.38,0
6244,15648858,T'ien,735,France,Female,39.0,3,0.0,2,0.0,1.0,139919.38,0
6245,15571221,Tsao,613,France,Female,37.0,1,0.0,2,1.0,1.0,131660.31,0
6246,15603088,Onwudiwe,689,France,Male,37.0,2,0.0,2,1.0,1.0,184474.72,0
6247,15777893,Hsueh,673,France,Female,31.0,9,0.0,2,0.0,0.0,78650.95,0
6248,15615207,Yeh,692,France,Male,44.0,0,0.0,1,1.0,1.0,160810.85,0
6249,15643397,Tseng,694,Germany,Male,31.0,3,96106.33,2,1.0,0.0,103316.49,1
6250,15575581,Nwachukwu,538,France,Male,38.0,1,0.0,2,0.0,1.0,179435.21,0
6251,15643679,P'eng,633,France,Female,29.0,2,124584.99,1,1.0,1.0,140168.36,0
6252,15611186,Ts'ai,807,France,Male,29.0,10,0.0,2,1.0,0.0,163580.53,0
6253,15661162,Akabueze,526,Spain,Female,49.0,6,0.0,2,1.0,0.0,114539.67,1
6254,15707674,Marino,471,France,Male,58.0,2,131852.81,1,1.0,1.0,81436.68,0
6255,15791991,Udinesi,773,France,Male,32.0,4,0.0,2,1.0,0.0,144113.42,0
6256,15699507,Messersmith,542,France,Female,25.0,7,0.0,2,1.0,1.0,82393.08,0
6257,15709621,Mazzanti,850,Spain,Female,31.0,5,0.0,2,1.0,1.0,93716.13,0
6258,15751297,Wilson,732,France,Male,30.0,5,0.0,2,1.0,0.0,161428.25,0
6259,15599552,Conway,639,France,Female,54.0,6,0.0,1,1.0,0.0,53843.71,0
6260,15777045,Yobachi,676,France,Male,35.0,1,132311.71,1,1.0,0.0,106534.15,0
6261,15631800,Hsia,712,Spain,Female,43.0,4,0.0,2,1.0,1.0,187632.22,0
6262,15778135,T'ao,575,Spain,Male,38.0,3,0.0,1,1.0,0.0,83594.51,0
6263,15756871,Capon,512,Spain,Male,39.0,6,0.0,2,1.0,0.0,134878.19,0
6264,15808960,L?,655,France,Male,35.0,7,143656.55,1,1.0,0.0,106985.1,0
6265,15691483,Milne,645,Spain,Female,47.0,8,0.0,2,1.0,0.0,91524.69,1
6266,15757632,Hughes-Jones,694,France,Female,41.0,1,176024.05,2,1.0,0.0,182337.98,0
6267,15766810,Onyemauchechi,715,France,Male,29.0,7,139224.92,2,0.0,1.0,169498.61,0
6268,15732791,Hs?,663,Spain,Male,41.0,8,95808.19,1,1.0,1.0,154695.57,0
6269,15624229,Ts'ui,703,France,Female,29.0,5,0.0,1,1.0,0.0,143598.7,1
6270,15802381,Tseng,656,Germany,Female,41.0,6,161525.88,1,1.0,1.0,80619.58,0
6271,15672356,Kao,677,France,Female,31.0,1,0.0,2,1.0,0.0,129893.54,0
6272,15809585,Chandler,646,France,Male,38.0,7,0.0,2,1.0,0.0,1528.4,0
6273,15632051,Hsing,677,Germany,Male,34.0,7,145605.44,2,1.0,0.0,48673.18,0
6274,15717454,Flemming,642,France,Female,28.0,6,0.0,2,1.0,0.0,180439.75,0
6275,15606861,Ch'ang,757,France,Male,38.0,5,0.0,1,1.0,1.0,9376.89,0
6276,15693337,Perry,587,Spain,Male,46.0,0,148863.17,1,0.0,1.0,163911.32,0
6277,15631800,Ponomaryov,438,France,Female,46.0,4,80926.02,2,1.0,0.0,64420.5,0
6278,15614137,Smith,633,Spain,Female,54.0,1,133617.96,1,0.0,0.0,177638.76,1
6279,15642725,Frolova,757,France,Male,34.0,1,0.0,2,1.0,0.0,138526.96,0
6280,15681068,P'eng,687,France,Female,31.0,1,0.0,2,0.0,1.0,93524.19,0
6281,15593694,Williams,719,France,Female,49.0,4,0.0,2,1.0,0.0,157822.54,0
6282,15731460,P'eng,644,Germany,Male,38.0,1,137841.05,1,1.0,0.0,56794.62,1
6283,15667632,Birdseye,765,France,Female,42.0,7,0.0,2,0.0,1.0,72500.68,0
6284,15706552,Chibueze,521,France,Female,31.0,1,0.0,1,1.0,1.0,175380.74,0
6285,15704910,Pinto,757,France,Female,50.0,7,0.0,1,1.0,0.0,181499.77,1
6286,15643870,Hsia,684,Spain,Female,32.0,2,0.0,2,1.0,1.0,101382.86,0
6287,15742269,Zuyev,635,France,Female,52.0,1,0.0,1,1.0,1.0,143783.28,1
6288,15677317,Nwachinemelu,722,France,Female,49.0,1,0.0,2,1.0,1.0,120105.89,0
6289,15689412,Nnamdi,679,France,Male,39.0,2,0.0,1,1.0,1.0,141180.25,0
6290,15726153,Fanucci,622,France,Male,38.0,5,0.0,2,0.0,1.0,2578.43,0
6291,15572415,Macgroarty,667,Germany,Male,32.0,2,128137.42,1,1.0,1.0,133653.38,0
6292,15656829,Genovese,603,Germany,Male,45.0,1,126817.65,1,1.0,1.0,14073.11,1
6293,15662494,Genovese,590,France,Male,34.0,6,139859.54,1,1.0,0.0,108543.21,0
6294,15614878,Yeh,708,France,Female,29.0,6,180520.29,1,1.0,1.0,123850.58,0
6295,15772381,H?,646,France,Female,39.0,1,81733.74,1,1.0,1.0,46824.08,0
6296,15573045,Genovesi,569,France,Female,31.0,2,0.0,1,0.0,0.0,51554.58,0
6297,15799479,Chiemela,591,Germany,Male,39.0,4,113481.97,1,1.0,0.0,169654.56,1
6298,15793790,H?,575,France,Female,62.0,7,0.0,1,1.0,1.0,182913.95,1
6299,15674398,Russo,642,France,Male,38.0,5,0.0,2,0.0,1.0,171463.83,0
6300,15584591,Nwoye,666,Germany,Female,48.0,8,132627.57,1,1.0,1.0,89938.91,1
6301,15611338,Kashiwagi,714,Spain,Male,30.0,4,76692.22,1,1.0,0.0,37605.9,1
6302,15684171,Yang,563,Spain,Female,61.0,5,0.0,1,1.0,1.0,105152.17,0
6303,15722424,Nnachetam,711,France,Female,40.0,6,0.0,2,1.0,0.0,140745.91,0
6304,15744273,Hsiung,584,France,Female,36.0,0,123957.18,1,0.0,1.0,193009.21,0
6305,15593838,Ts'ai,537,France,Male,43.0,7,139603.31,1,0.0,0.0,53437.9,0
6306,15571689,Chukwufumnanya,553,France,Male,25.0,7,139812.88,1,1.0,1.0,184954.11,0
6307,15636396,Hsiung,714,France,Male,35.0,6,104016.54,1,1.0,1.0,136028.24,0
6308,15783882,Chinwenma,834,France,Male,21.0,10,0.0,2,1.0,0.0,141829.67,0
6309,15815420,Hsueh,542,Germany,Female,37.0,6,155062.8,2,1.0,0.0,143859.66,0
6310,15748597,Goliwe,693,Spain,Female,44.0,2,0.0,1,1.0,1.0,64521.48,1
6311,15671299,Okwuoma,548,France,Male,36.0,10,0.0,2,1.0,0.0,182765.0,0
6312,15588080,Giles,675,Spain,Male,54.0,5,0.0,2,0.0,1.0,110273.84,0
6313,15659475,McLean,613,Spain,Female,29.0,2,0.0,2,1.0,0.0,114448.64,0
6314,15802560,Onyemauchechi,655,Spain,Male,54.0,5,0.0,3,1.0,0.0,170870.44,1
6315,15793881,Chiazagomekpere,685,Spain,Male,53.0,1,121461.87,1,0.0,1.0,25669.1,0
6316,15734461,Akabueze,706,Spain,Male,39.0,9,0.0,2,1.0,1.0,93834.23,0
6317,15677522,H?,684,France,Male,28.0,6,0.0,1,1.0,0.0,86410.48,0
6318,15768233,Uwakwe,725,France,Female,41.0,7,0.0,2,1.0,1.0,180716.0,0
6319,15657829,Li,733,France,Female,23.0,7,0.0,2,1.0,1.0,182336.21,0
6320,15582749,Onwuatuegwu,675,France,Male,47.0,9,0.0,1,1.0,1.0,170622.44,0
6321,15750649,Uwakwe,744,France,Female,44.0,6,0.0,3,1.0,0.0,189016.14,1
6322,15694859,Chukwuebuka,741,France,Male,39.0,10,142987.03,1,1.0,0.0,139938.17,0
6323,15604093,Chiang,520,France,Male,39.0,8,0.0,2,0.0,0.0,105922.69,0
6324,15789425,Chuang,613,Germany,Female,36.0,4,102772.67,1,1.0,1.0,134526.57,0
6325,15672091,Trevisano,754,Spain,Female,33.0,6,135095.01,1,1.0,1.0,172586.06,0
6326,15800620,Fanucci,651,France,Male,37.0,8,121231.39,2,1.0,0.0,148087.88,0
6327,15576360,Ch'in,600,Germany,Male,40.0,8,141136.79,1,1.0,0.0,67803.83,1
6328,15803415,Y?,616,Spain,Male,40.0,8,0.0,2,0.0,0.0,88890.75,0
6329,15647896,Onyekachukwu,652,France,Female,20.0,1,0.0,3,1.0,1.0,131718.17,1
6330,15602841,Hs?,664,Spain,Female,32.0,4,0.0,2,1.0,0.0,163477.22,0
6331,15610755,Onwuemelie,586,France,Male,35.0,3,0.0,2,0.0,1.0,130486.98,0
6332,15761023,Onyemauchechi,611,France,Male,41.0,6,98899.91,1,1.0,1.0,152417.79,0
6333,15764351,Yuryeva,668,Germany,Female,27.0,5,120170.07,1,0.0,1.0,50454.8,0
6334,15700263,Ifeatu,771,France,Female,42.0,6,0.0,1,1.0,1.0,130784.2,0
6335,15569682,Chinweike,761,Germany,Female,38.0,7,120530.13,2,1.0,0.0,109394.62,0
6336,15663410,Pirozzi,685,France,Male,40.0,9,0.0,2,1.0,0.0,29135.89,0
6337,15716449,Scott,635,France,Female,37.0,8,130666.2,2,1.0,1.0,181224.56,0
6338,15581292,L?,748,Germany,Male,43.0,2,129974.79,1,1.0,0.0,131662.47,1
6339,15711028,Hsia,719,Spain,Male,38.0,7,123070.89,1,1.0,0.0,48498.19,0
6340,15641114,Davison,677,France,Female,51.0,8,126598.99,1,0.0,1.0,180598.86,1
6341,15797710,Maclean,850,France,Female,48.0,5,0.0,2,1.0,1.0,100720.02,0
6342,15585855,Rapuluolisa,577,Spain,Female,35.0,1,0.0,2,1.0,1.0,108787.0,0
6343,15586870,De Luca,592,Spain,Male,41.0,4,0.0,2,0.0,1.0,143086.09,0
6344,15797665,McKenzie,648,France,Female,36.0,8,135559.8,1,1.0,1.0,7267.25,0
6345,15752801,Lucchesi,684,France,Male,36.0,4,0.0,1,1.0,0.0,155786.01,0
6346,15770039,Fiorentino,493,Germany,Female,42.0,5,112290.22,1,1.0,0.0,183492.9,1
6347,15807728,T'ien,530,France,Female,45.0,1,0.0,2,0.0,1.0,190663.89,0
6348,15646810,Yobachi,554,Germany,Female,30.0,9,111233.59,1,1.0,1.0,102076.92,1
6349,15792626,Hsing,632,Germany,Female,26.0,5,132867.22,1,1.0,1.0,128882.89,0
6350,15669326,Gordon,649,Spain,Male,40.0,3,150555.83,1,1.0,1.0,14178.73,0
6351,15742876,Clements,850,France,Female,46.0,10,0.0,1,1.0,0.0,25325.09,1
6352,15589924,Y?,535,France,Male,53.0,10,0.0,1,1.0,1.0,126796.69,0
6353,15650098,Pirozzi,593,France,Male,37.0,4,85957.88,1,0.0,0.0,113410.96,0
6354,15605375,Tseng,651,France,Male,58.0,3,86911.8,1,1.0,1.0,174094.24,0
6355,15613880,Ma,642,Germany,Male,43.0,6,120481.69,1,1.0,0.0,61793.47,1
6356,15707918,Evseev,603,Spain,Female,36.0,6,0.0,2,1.0,0.0,77519.62,0
6357,15673074,Genovese,581,Spain,Female,33.0,1,104498.79,1,1.0,0.0,72849.29,0
6358,15677135,Ch'ang,741,France,Female,33.0,3,152303.8,1,1.0,0.0,90177.3,0
6359,15611329,Johnstone,712,France,Male,42.0,1,0.0,2,0.0,1.0,122580.48,0
6360,15622461,Ndubuagha,721,France,Male,34.0,8,67639.56,2,0.0,0.0,194245.29,0
6361,15671583,Nwachukwu,595,France,Male,31.0,5,0.0,2,1.0,1.0,162469.19,0
6362,15636396,Jackson,826,France,Female,34.0,1,0.0,2,0.0,0.0,193022.44,0
6363,15585865,T'ao,607,France,Female,36.0,5,0.0,1,1.0,0.0,93844.87,1
6364,15681476,Udinese,439,Spain,Female,47.0,9,0.0,1,0.0,1.0,163625.56,1
6365,15661626,Chiawuotu,584,France,Female,41.0,8,132623.76,1,1.0,0.0,67789.99,0
6366,15709913,Ting,653,Spain,Male,31.0,1,0.0,2,1.0,1.0,131768.96,0
6367,15713378,Chu,706,Spain,Male,34.0,5,137964.11,1,1.0,0.0,126785.53,0
6368,15706186,Nnonso,598,Spain,Male,42.0,6,99713.87,1,1.0,1.0,91433.38,0
6369,15658052,Yobachi,739,France,Male,61.0,4,177728.05,1,0.0,1.0,166723.25,0
6370,15797767,Ikedinachukwu,714,France,Male,48.0,6,0.0,1,0.0,1.0,75664.56,0
6371,15701765,Watson,535,France,Female,40.0,4,0.0,1,1.0,1.0,171045.75,1
6372,15744279,Ch'ien,579,Germany,Female,29.0,6,117028.69,2,0.0,1.0,105986.33,0
6373,15670822,Hsueh,613,France,Female,39.0,7,113146.98,1,1.0,1.0,110114.19,0
6374,15754813,Pinto,744,France,Male,39.0,2,0.0,2,1.0,1.0,62449.11,0
6375,15789862,Chidiebele,442,Germany,Female,35.0,0,139979.07,2,0.0,1.0,51637.57,0
6376,15690744,K'ung,605,Spain,Female,42.0,2,0.0,2,1.0,1.0,48606.71,0
6377,15662021,Smith,678,Germany,Male,37.0,8,148610.41,2,1.0,1.0,104382.11,0
6378,15772601,Lu,466,France,Female,41.0,6,0.0,2,0.0,0.0,199761.29,0
6379,15702919,Tien,698,Germany,Male,35.0,3,143835.47,1,0.0,1.0,130846.79,0
6380,15681075,Walker,558,Spain,Male,35.0,5,0.0,2,1.0,1.0,181429.87,0
6381,15711378,Willis,705,Germany,Male,38.0,4,96709.07,1,1.0,0.0,163484.8,0
6382,15775192,Iadanza,717,France,Male,32.0,1,0.0,1,1.0,1.0,137028.51,0
6383,15647207,Onwuemelie,725,France,Male,21.0,4,0.0,1,1.0,0.0,98463.99,0
6384,15672594,Stevenson,850,France,Female,60.0,4,131778.08,1,1.0,1.0,10703.53,0
6385,15805523,Mazzanti,692,France,Female,23.0,4,0.0,2,1.0,1.0,131283.6,0
6386,15777060,Chukwujekwu,645,Germany,Female,35.0,9,113034.31,2,1.0,1.0,107181.22,0
6387,15680970,T'ien,657,France,Male,41.0,6,0.0,2,1.0,1.0,164061.6,0
6388,15632345,Tuan,754,France,Female,35.0,5,0.0,2,1.0,0.0,44830.71,0
6389,15745266,Norman,679,Spain,Male,55.0,5,0.0,1,0.0,0.0,73562.05,1
6390,15703682,Chijioke,607,France,Female,23.0,5,102960.13,1,0.0,1.0,154598.56,1
6391,15585907,Echezonachukwu,548,France,Male,30.0,1,0.0,1,1.0,1.0,72862.99,0
6392,15686780,Rogova,545,Spain,Female,37.0,1,134714.7,1,1.0,0.0,180344.69,0
6393,15650924,Foster,761,Spain,Female,32.0,4,103515.39,3,1.0,1.0,177622.38,1
6394,15789523,Hao,684,France,Male,58.0,9,0.0,2,0.0,1.0,162599.71,0
6395,15781326,Piazza,614,France,Female,37.0,3,0.0,2,1.0,1.0,169804.5,0
6396,15651315,Bellucci,581,France,Female,43.0,3,0.0,2,0.0,1.0,152290.28,0
6397,15681180,Nwankwo,686,France,Male,35.0,4,0.0,2,0.0,1.0,105760.02,0
6398,15648747,Ozioma,586,France,Female,44.0,1,113599.74,1,1.0,0.0,175518.31,0
6399,15695792,Ch'iu,719,Germany,Female,30.0,9,153610.61,2,1.0,0.0,93844.89,0
6400,15801265,Tang,689,Spain,Female,45.0,0,57784.22,1,1.0,0.0,197804.0,0
6401,15768201,Paterson,850,France,Female,39.0,2,148586.64,2,0.0,1.0,176791.27,0
6402,15675787,Chinweuba,676,France,Male,43.0,9,141581.76,1,1.0,1.0,150548.5,0
6403,15591628,Nucci,669,France,Male,40.0,6,0.0,2,1.0,0.0,142223.94,0
6404,15570194,P'eng,850,France,Female,38.0,8,0.0,2,0.0,1.0,12510.53,0
6405,15644501,McIntyre,704,Spain,Female,40.0,8,0.0,1,1.0,0.0,182650.15,1
6406,15742679,Ibezimako,604,France,Female,53.0,4,0.0,3,1.0,0.0,70954.74,1
6407,15656096,H?,587,France,Female,49.0,3,0.0,1,1.0,0.0,133511.12,1
6408,15757821,Burgess,641,Spain,Male,18.0,1,0.0,2,0.0,1.0,41542.95,0
6409,15759381,Wilson,638,France,Male,43.0,8,142557.11,1,1.0,1.0,172430.78,0
6410,15658670,Ch'in,517,France,Male,36.0,9,0.0,2,0.0,1.0,75937.47,0
6411,15691817,Iloerika,547,Spain,Female,33.0,2,0.0,2,0.0,1.0,5459.07,0
6412,15672144,Mao,667,France,Female,38.0,2,144432.04,1,1.0,1.0,73977.23,0
6413,15610711,Hsia,543,Spain,Female,29.0,3,134446.04,1,0.0,1.0,113926.31,0
6414,15583550,Mazzanti,593,Germany,Female,36.0,6,119315.75,1,1.0,0.0,79577.38,1
6415,15684542,Hsiung,710,Spain,Male,40.0,7,0.0,1,1.0,0.0,122268.75,1
6416,15700460,Lu,614,Spain,Male,28.0,3,0.0,2,1.0,0.0,100564.36,0
6417,15777179,Ellis,755,France,Male,43.0,9,165350.61,3,0.0,1.0,93228.86,1
6418,15756638,Aksenov,648,Germany,Female,54.0,2,114421.28,1,1.0,1.0,116692.93,0
6419,15784700,Palerma,746,France,Male,41.0,8,135070.58,1,1.0,0.0,140889.58,0
6420,15811985,Power,530,France,Male,44.0,4,0.0,2,0.0,1.0,55893.37,0
6421,15702380,Chukwudi,678,Spain,Male,29.0,9,111855.03,1,0.0,1.0,156616.43,0
6422,15663650,Wilson,663,France,Female,23.0,5,0.0,2,1.0,0.0,17848.3,0
6423,15747168,Chiekwugo,756,France,Male,36.0,8,0.0,2,0.0,1.0,18761.92,0
6424,15791172,Fanucci,850,France,Female,37.0,3,0.0,2,1.0,1.0,94815.08,0
6425,15731951,Reilly,689,Spain,Female,28.0,5,95328.6,1,1.0,0.0,6129.61,0
6426,15649418,Lucchesi,721,France,Female,43.0,7,0.0,1,1.0,0.0,179435.27,1
6427,15669664,Nkemakolam,595,France,Female,29.0,2,0.0,2,1.0,0.0,133617.31,0
6428,15681476,Zetticci,605,France,Male,25.0,6,156771.68,1,0.0,1.0,51959.82,0
6429,15704769,Yobachi,567,France,Male,37.0,7,0.0,2,1.0,0.0,155853.49,0
6430,15719827,Tsui,775,France,Male,36.0,4,0.0,1,1.0,1.0,42581.09,0
6431,15602731,Yegorova,775,Spain,Male,62.0,5,0.0,2,1.0,1.0,173796.99,0
6432,15568849,Hsia,604,France,Female,44.0,9,0.0,1,1.0,0.0,80764.28,1
6433,15713379,Niu,751,France,Male,33.0,9,0.0,3,1.0,1.0,4441.54,1
6434,15767432,Tien,682,France,Male,36.0,10,0.0,1,1.0,1.0,129964.22,0
6435,15682268,Mironova,641,France,Male,37.0,0,132407.51,1,1.0,0.0,90177.3,0
6436,15611325,Findlay,592,Spain,Female,31.0,1,0.0,1,1.0,0.0,143463.28,0
6437,15575498,Dickinson,562,Germany,Female,31.0,9,92618.62,1,1.0,1.0,101139.3,0
6438,15625698,McIntyre,683,Germany,Male,45.0,6,132088.66,1,0.0,0.0,131665.25,1
6439,15752300,Ku,775,Spain,Female,27.0,0,174853.52,1,1.0,0.0,19150.14,0
6440,15798885,Chimaijem,576,France,Male,32.0,6,0.0,2,1.0,0.0,24267.28,0
6441,15660144,Walker,729,France,Female,31.0,9,105584.34,1,1.0,0.0,93716.38,0
6442,15696852,Lo,640,France,Male,39.0,1,0.0,1,1.0,0.0,141959.11,0
6443,15645772,Onwumelu,603,France,Male,33.0,9,98926.4,1,1.0,0.0,84174.81,1
6444,15749300,Dike,721,Spain,Female,34.0,9,96674.55,2,1.0,0.0,92920.03,0
6445,15756538,Chimezie,446,Spain,Male,41.0,8,0.0,2,1.0,0.0,70563.9,0
6446,15586517,Ch'ang,626,Spain,Male,40.0,6,0.0,2,1.0,1.0,4595.05,0
6447,15772073,K'ung,718,Spain,Male,35.0,1,0.0,2,1.0,1.0,141856.76,0
6448,15607874,Keane,682,France,Female,38.0,0,144450.58,2,0.0,1.0,137276.83,0
6449,15733581,Duncan,814,Germany,Male,32.0,6,80262.66,1,1.0,0.0,194867.78,0
6450,15648721,Black,749,France,Female,37.0,3,0.0,2,1.0,0.0,3408.7,0
6451,15589435,Maclean,411,France,Male,29.0,7,0.0,2,1.0,0.0,93826.63,0
6452,15684167,Shoebridge,551,France,Male,26.0,1,0.0,2,1.0,1.0,90857.21,0
6453,15729574,Yermakova,695,Spain,Male,29.0,2,0.0,2,0.0,1.0,136028.97,0
6454,15791326,Nnanna,589,France,Female,34.0,7,0.0,1,1.0,0.0,137793.35,0
6455,15769412,Horsfall,562,Germany,Male,33.0,0,152087.59,2,1.0,1.0,26229.74,0
6456,15781598,Eremenko,526,France,Male,32.0,6,0.0,2,0.0,1.0,141035.65,0
6457,15635240,Onuoha,553,France,Female,40.0,1,0.0,2,0.0,0.0,23822.04,0
6458,15635034,Aldrich,727,France,Male,31.0,9,0.0,1,1.0,1.0,34551.35,0
6459,15717307,Maclean,707,Spain,Male,34.0,8,0.0,2,1.0,0.0,134790.72,0
6460,15676571,Bezrukova,850,France,Female,48.0,6,0.0,1,1.0,1.0,944.41,0
6461,15570043,Tretiakova,613,France,Male,38.0,9,0.0,2,1.0,1.0,4896.02,0
6462,15771742,White,542,France,Male,36.0,8,0.0,2,1.0,1.0,178055.87,0
6463,15796370,Fang,738,France,Female,35.0,4,0.0,2,1.0,1.0,105720.09,0
6464,15764405,Tsou,609,France,Female,37.0,2,0.0,2,1.0,1.0,96881.32,0
6465,15763171,Manna,667,Germany,Female,33.0,9,124577.15,2,0.0,1.0,77330.35,0
6466,15742272,T'ien,589,Germany,Male,38.0,5,92674.94,2,0.0,0.0,62368.33,0
6467,15780572,Ch'ien,619,Spain,Male,29.0,9,123711.73,1,1.0,1.0,105715.01,0
6468,15778830,Dellucci,779,France,Male,39.0,0,0.0,2,1.0,0.0,173240.52,1
6469,15660301,Liao,652,France,Male,33.0,7,0.0,1,1.0,1.0,186975.21,0
6470,15671137,Ch'eng,711,France,Male,35.0,1,0.0,2,1.0,1.0,9983.88,0
6471,15587562,Tien,671,Germany,Female,47.0,3,113657.83,1,1.0,1.0,52796.31,1
6472,15795539,Shih,694,France,Male,42.0,8,166939.8,1,0.0,1.0,149170.2,0
6473,15666064,Chidozie,803,France,Male,31.0,8,118444.14,2,1.0,1.0,119333.95,0
6474,15674811,Tien,559,France,Female,38.0,5,0.0,2,1.0,1.0,147075.69,0
6475,15591388,Yefremov,567,Germany,Male,66.0,6,125870.13,1,1.0,1.0,161349.51,0
6476,15694192,Nwankwo,679,Spain,Female,39.0,7,0.0,2,1.0,1.0,173783.38,0
6477,15665177,Booth,673,Spain,Male,44.0,9,0.0,2,0.0,1.0,163563.07,0
6478,15586780,Chienezie,675,France,Male,57.0,8,137939.55,3,1.0,0.0,59263.63,1
6479,15795878,Hsueh,739,France,Female,43.0,4,0.0,1,1.0,0.0,131644.41,1
6480,15665524,Dennys,683,France,Male,34.0,10,115265.14,1,1.0,0.0,79623.28,0
6481,15731166,Hsieh,521,Germany,Male,30.0,7,112949.71,2,1.0,1.0,174822.35,0
6482,15671630,T'ang,710,France,Female,36.0,4,0.0,2,1.0,1.0,185599.34,0
6483,15612103,Nwankwo,567,Spain,Female,33.0,7,0.0,1,1.0,0.0,125692.07,1
6484,15623695,Nwokezuike,675,France,Male,36.0,7,0.0,2,1.0,1.0,138700.75,0
6485,15588923,Onuora,685,Spain,Male,36.0,9,0.0,1,0.0,1.0,132665.89,1
6486,15569945,Tuan,648,France,Male,29.0,9,0.0,2,0.0,1.0,141069.47,0
6487,15747808,Folliero,611,Spain,Male,44.0,8,0.0,2,1.0,0.0,63908.86,0
6488,15703264,Chukwufumnanya,735,France,Male,40.0,9,120681.63,1,1.0,0.0,74836.34,1
6489,15785819,Ijendu,794,Germany,Male,48.0,1,65971.61,1,1.0,0.0,113848.53,1
6490,15777586,Chikere,496,Spain,Female,35.0,10,0.0,1,1.0,1.0,60907.32,0
6491,15597394,Rhodes,669,Germany,Female,37.0,9,130622.34,2,0.0,0.0,128499.94,0
6492,15667554,Cameron,605,France,Male,22.0,5,0.0,2,1.0,1.0,45206.57,0
6493,15663929,Hsu,751,France,Male,33.0,10,0.0,2,0.0,1.0,123410.18,0
6494,15595842,Ugochukwu,666,Germany,Male,55.0,6,133463.1,1,0.0,1.0,78101.29,1
6495,15572762,Ch'in,648,Spain,Female,66.0,2,0.0,1,1.0,1.0,56865.62,0
6496,15672499,Martin,646,France,Female,33.0,0,98263.46,2,1.0,0.0,133672.61,1
6497,15589475,Zetticci,609,France,Female,40.0,6,103421.49,1,0.0,1.0,110457.99,0
6498,15762268,Udokamma,634,France,Male,34.0,5,0.0,2,1.0,0.0,86767.48,0
6499,15775761,Lori,834,France,Female,49.0,8,82940.25,2,0.0,0.0,95985.64,0
6500,15758845,Lucciano,632,France,Male,45.0,0,137963.07,1,1.0,1.0,168895.06,0
6501,15642099,Lombardo,725,Germany,Male,43.0,4,111348.15,1,0.0,0.0,63833.09,0
6502,15679394,Y?an,850,France,Male,37.0,2,0.0,2,1.0,1.0,170835.32,0
6503,15656829,Y?an,738,France,Female,26.0,3,0.0,1,1.0,1.0,65868.28,0
6504,15682528,Eiland,558,France,Male,42.0,8,0.0,2,1.0,0.0,61329.32,0
6505,15711219,Chiawuotu,612,Germany,Male,28.0,8,131834.8,1,1.0,0.0,95718.32,0
6506,15632859,Chukwudi,531,Spain,Female,36.0,3,0.0,2,1.0,1.0,138743.86,0
6507,15777772,Yermakov,717,Germany,Male,25.0,9,73212.03,2,0.0,0.0,113499.98,0
6508,15607170,H?,731,Spain,Female,32.0,1,0.0,2,1.0,0.0,179227.09,0
6509,15733297,P'eng,520,France,Female,36.0,9,0.0,2,1.0,0.0,176780.9,0
6510,15752531,Yefimova,645,France,Female,37.0,9,0.0,1,1.0,0.0,86920.45,1
6511,15791040,Nwoye,650,France,Male,27.0,8,0.0,2,1.0,0.0,166930.42,0
6512,15765322,Grieve,594,Germany,Male,50.0,6,109528.28,1,1.0,1.0,189414.74,1
6513,15631406,Munro,459,Spain,Male,40.0,5,109387.9,2,1.0,0.0,155721.15,0
6514,15791279,Chiekwugo,644,France,Male,36.0,4,74974.89,2,1.0,1.0,123499.27,0
6515,15662758,K?,614,France,Male,31.0,9,0.0,2,1.0,1.0,139934.27,0
6516,15571244,Tien,614,France,Female,35.0,7,86055.16,1,1.0,1.0,76614.06,0
6517,15622494,Mazzanti,718,France,Male,27.0,2,0.0,3,0.0,0.0,26229.24,1
6518,15750476,Frolov,718,Spain,Female,34.0,7,93614.71,1,1.0,0.0,151654.29,0
6519,15705890,Yermakov,674,France,Female,34.0,4,0.0,2,1.0,0.0,147059.16,0
6520,15702337,May,683,France,Male,36.0,7,106192.1,1,0.0,0.0,116893.87,0
6521,15791668,Maclean,526,France,Male,44.0,4,0.0,1,0.0,0.0,173495.87,1
6522,15605264,Calabresi,743,France,Male,36.0,7,161651.37,2,0.0,1.0,75837.58,0
6523,15732644,Martin,580,Germany,Male,27.0,9,136622.55,1,0.0,0.0,46791.09,1
6524,15738497,Trevisani,647,Germany,Male,43.0,8,131569.73,1,1.0,0.0,80181.12,0
6525,15785542,Kornilova,572,Germany,Female,26.0,5,118287.01,2,1.0,0.0,60427.3,1
6526,15607526,Muravyova,629,France,Female,61.0,6,149525.34,2,1.0,0.0,123663.63,0
6527,15570060,Palerma,706,Spain,Male,35.0,8,0.0,2,0.0,1.0,64050.19,0
6528,15788776,Landor,588,Germany,Male,32.0,6,132623.76,1,1.0,1.0,36292.94,0
6529,15589348,Ch'eng,682,Spain,Male,27.0,6,77856.9,1,1.0,1.0,120250.97,0
6530,15643908,Ts'ai,637,France,Male,39.0,7,125338.6,1,1.0,1.0,25951.91,0
6531,15587735,Maclean,510,Germany,Female,42.0,9,133636.16,1,0.0,1.0,103379.31,1
6532,15662884,Chinonyelum,707,France,Male,28.0,2,0.0,2,0.0,1.0,198446.32,0
6533,15792250,Nnabuife,616,Germany,Female,45.0,4,122793.96,2,1.0,0.0,62002.04,1
6534,15699195,Lucchese,616,France,Male,35.0,1,101609.01,1,1.0,1.0,141364.56,0
6535,15772482,Iloerika,807,Germany,Male,37.0,8,83415.04,2,1.0,1.0,104876.8,0
6536,15793343,Yeh,733,France,Male,42.0,2,0.0,2,1.0,0.0,189558.44,0
6537,15810732,Grant,730,France,Female,36.0,1,148749.29,2,1.0,0.0,91830.75,0
6538,15673584,Bell,496,Spain,Male,22.0,4,0.0,2,1.0,1.0,937.15,0
6539,15711446,Genovese,743,Spain,Female,37.0,1,0.0,2,1.0,1.0,38794.42,0
6540,15746515,Greece,575,France,Female,34.0,7,136492.92,1,1.0,1.0,26500.29,0
6541,15788218,Ch'ang,836,Spain,Female,28.0,2,0.0,2,0.0,1.0,55218.02,0
6542,15728693,Hsia,681,France,Male,34.0,3,0.0,1,1.0,0.0,79871.68,0
6543,15584862,Chin,595,Germany,Female,34.0,7,117715.94,2,1.0,1.0,54865.61,0
6544,15772343,Hsieh,850,Spain,Male,38.0,7,0.0,2,1.0,0.0,103939.68,0
6545,15643696,Young,676,France,Male,49.0,4,0.0,2,1.0,0.0,142917.54,0
6546,15752467,Mancini,665,France,Male,53.0,4,129101.3,1,0.0,1.0,23971.33,0
6547,15659094,Purdy,652,France,Female,37.0,0,0.0,1,1.0,1.0,167553.06,0
6548,15697035,Teng,613,France,Male,37.0,9,117154.9,1,1.0,1.0,172646.88,0
6549,15700487,Onwumelu,679,Spain,Male,35.0,7,0.0,1,1.0,1.0,147055.87,0
6550,15645517,Nekrasov,758,Spain,Male,33.0,4,0.0,1,0.0,0.0,96097.65,0
6551,15763980,Hsia,667,Germany,Male,36.0,1,124577.26,2,0.0,1.0,12706.67,0
6552,15737267,Y?,678,France,Male,44.0,8,133323.2,1,0.0,0.0,126743.94,0
6553,15596962,Bage,592,France,Male,28.0,8,0.0,2,1.0,1.0,49826.68,0
6554,15771529,Genovese,627,Germany,Male,43.0,9,103599.88,2,1.0,1.0,53320.07,0
6555,15603594,Nwankwo,598,France,Female,24.0,9,0.0,2,1.0,0.0,68462.59,0
6556,15693926,McMillan,619,France,Male,36.0,4,99745.95,1,1.0,0.0,177524.19,0
6557,15645827,Lai,738,France,Male,27.0,1,0.0,1,1.0,1.0,121299.65,0
6558,15715199,Goliwe,644,France,Female,61.0,2,127253.98,2,1.0,0.0,161671.15,1
6559,15748595,Chiang,744,France,Female,35.0,2,0.0,2,1.0,0.0,35418.46,0
6560,15680682,Lettiere,634,France,Male,40.0,6,0.0,2,0.0,1.0,87824.84,0
6561,15809509,Venables,699,France,Male,28.0,1,0.0,2,1.0,1.0,151645.96,0
6562,15577078,Lettiere,650,Spain,Male,35.0,2,0.0,2,1.0,1.0,159475.08,0
6563,15707913,Ch'in,714,Germany,Female,44.0,2,141581.71,1,1.0,0.0,175844.79,1
6564,15696989,Kao,702,France,Male,35.0,6,0.0,2,1.0,0.0,151401.33,0
6565,15702601,Udegbulam,850,France,Female,34.0,7,0.0,2,0.0,0.0,110520.48,0
6566,15790322,Nkemakonam,678,France,Female,29.0,4,0.0,2,0.0,0.0,91903.9,0
6567,15641122,Wei,589,France,Male,30.0,2,0.0,2,0.0,1.0,83473.82,0
6568,15591550,T'ien,554,France,Male,34.0,1,0.0,2,0.0,0.0,152265.81,0
6569,15723032,Kaur,584,Germany,Male,36.0,9,131863.78,1,1.0,1.0,163565.83,0
6570,15768763,Bogdanov,710,France,Male,37.0,2,0.0,2,0.0,1.0,52525.15,0
6571,15775892,Caldwell,642,Spain,Female,39.0,8,85600.08,2,1.0,0.0,134077.71,0
6572,15662751,Onio,543,Spain,Male,33.0,6,89838.71,1,1.0,0.0,85983.54,0
6573,15700212,McLean,613,Spain,Female,36.0,4,0.0,2,1.0,1.0,143889.33,0
6574,15679611,Chigolum,697,Germany,Female,44.0,8,132084.66,1,1.0,0.0,136796.38,1
6575,15656822,Ch'iu,644,Germany,Female,47.0,6,122570.03,1,1.0,0.0,173365.55,1
6576,15765322,Ch'iu,850,France,Male,48.0,6,159203.71,1,1.0,0.0,105568.6,1
6577,15582517,Ts'ui,591,France,Male,38.0,4,0.0,1,1.0,0.0,57553.08,0
6578,15641682,Mancini,564,Spain,Female,33.0,2,0.0,2,1.0,1.0,142913.98,0
6579,15812482,H?,575,France,Male,33.0,3,0.0,2,1.0,0.0,99843.98,0
6580,15592914,Scott,584,France,Female,41.0,9,0.0,2,1.0,1.0,147830.32,0
6581,15772777,Onyemachukwu,850,France,Female,29.0,10,0.0,2,0.0,1.0,94815.04,0
6582,15720702,Kornilova,697,France,Male,41.0,7,153040.83,1,1.0,1.0,40250.82,0
6583,15603594,Nwankwo,815,France,Male,24.0,4,0.0,2,1.0,1.0,70668.77,0
6584,15594856,Okwuoma,815,France,Female,45.0,7,0.0,2,0.0,0.0,112465.07,0
6585,15635942,Thomson,576,France,Male,32.0,9,0.0,2,0.0,1.0,112465.19,0
6586,15569586,Pisano,633,Spain,Male,31.0,10,0.0,2,1.0,0.0,185855.71,0
6587,15620676,O'Brien,730,France,Male,53.0,3,0.0,1,1.0,0.0,121340.8,1
6588,15683403,Lombardi,611,Germany,Male,52.0,10,120586.54,1,0.0,1.0,73585.18,1
6589,15697989,Shih,632,France,Male,41.0,5,0.0,2,1.0,1.0,93832.38,0
6590,15568240,Onwughara,627,France,Female,31.0,3,0.0,1,1.0,1.0,90194.46,0
6591,15807052,P'eng,580,France,Male,29.0,10,0.0,2,1.0,0.0,106761.9,0
6592,15787710,Ting,738,Spain,Male,37.0,7,0.0,2,1.0,1.0,54869.54,0
6593,15723032,O'Sullivan,624,Spain,Female,34.0,7,0.0,2,1.0,0.0,136812.02,0
6594,15570086,Udegbulam,555,Germany,Female,32.0,7,115563.71,2,1.0,0.0,166516.24,0
6595,15672481,L?,708,Germany,Female,55.0,4,141792.61,3,1.0,0.0,55868.91,1
6596,15771573,Eluemuno,705,France,Female,39.0,4,0.0,1,1.0,0.0,62449.21,1
6597,15726484,Ndubueze,679,France,Male,33.0,9,0.0,1,1.0,0.0,158851.11,0
6598,15809800,Chiang,755,Germany,Female,41.0,8,138881.04,2,1.0,1.0,52861.89,0
6599,15589230,Udegbulam,696,France,Female,29.0,3,0.0,2,1.0,1.0,64872.33,0
6600,15642098,Hsiao,590,France,Male,31.0,3,141781.76,1,1.0,1.0,171099.28,0
6601,15617705,Tuan,698,France,Female,35.0,5,123971.16,1,1.0,0.0,75832.53,0
6602,15591428,Olague,529,France,Female,23.0,9,126495.57,2,0.0,1.0,74588.41,0
6603,15621550,Y?,663,France,Male,31.0,9,0.0,2,1.0,0.0,60428.46,0
6604,15613326,Gow,596,France,Male,41.0,8,0.0,1,1.0,1.0,177524.19,0
6605,15702919,Emery,729,Spain,Female,30.0,6,0.0,2,1.0,0.0,44265.28,0
6606,15807728,T'ang,530,France,Female,45.0,1,0.0,1,1.0,0.0,190663.89,1
6607,15590078,Burns,622,Germany,Male,27.0,9,139834.93,1,1.0,1.0,152733.89,0
6608,15792650,Ting,752,Spain,Female,38.0,1,0.0,2,1.0,1.0,92914.72,0
6609,15734762,Ignatiev,588,France,Female,56.0,3,115895.22,1,1.0,1.0,4176.17,0
6610,15712777,Ch'ang,714,France,Male,37.0,2,117183.74,1,0.0,1.0,117547.76,0
6611,15794875,Nwachinemelu,656,France,Male,40.0,2,0.0,2,1.0,0.0,147055.87,0
6612,15748231,Hargreaves,694,France,Male,22.0,4,95853.39,1,1.0,0.0,192933.37,0
6613,15605537,Pirozzi,693,France,Male,29.0,3,0.0,2,1.0,1.0,88659.06,0
6614,15735849,Kanayochukwu,637,France,Female,38.0,2,165947.99,1,0.0,0.0,168834.38,1
6615,15621063,Brown,682,France,Male,25.0,5,56870.23,1,1.0,0.0,141035.65,0
6616,15720583,K?,756,France,Female,24.0,6,0.0,2,1.0,0.0,34265.08,0
6617,15736578,Brazenor,701,France,Male,49.0,1,106871.81,1,0.0,1.0,180598.86,0
6618,15697591,Toscani,756,France,Male,34.0,6,0.0,2,0.0,0.0,188187.05,0
6619,15654519,Yudin,680,Germany,Male,43.0,5,123959.97,2,1.0,1.0,76821.24,0
6620,15583462,Onio,619,Spain,Male,39.0,2,0.0,1,1.0,1.0,183598.77,0
6621,15757981,T'ien,594,France,Female,39.0,3,0.0,2,1.0,0.0,113050.19,0
6622,15809585,Baryshnikov,756,Germany,Female,57.0,8,112281.6,2,0.0,0.0,56214.09,1
6623,15706200,Chukwufumnanya,776,France,Female,35.0,7,68799.26,2,1.0,1.0,79857.95,0
6624,15691627,Young,729,France,Male,38.0,4,0.0,2,1.0,0.0,129964.94,0
6625,15802381,Chiang,591,Germany,Male,31.0,8,132726.17,1,1.0,0.0,49553.47,0
6626,15761717,Holloway,683,Spain,Female,21.0,7,0.0,2,1.0,0.0,155743.48,0
6627,15809826,Belisario,716,France,Male,46.0,2,0.0,2,0.0,0.0,79377.45,0
6628,15693817,Uspenskaya,728,France,Male,22.0,7,0.0,2,0.0,1.0,125986.23,0
6629,15615430,Adams,537,Germany,Female,48.0,8,129646.91,1,0.0,0.0,184125.1,1
6630,15713378,Brownless,511,France,Male,38.0,9,0.0,2,1.0,0.0,53311.78,0
6631,15626484,Raff,616,Spain,Male,36.0,8,0.0,2,1.0,0.0,199693.7,0
6632,15759874,Okwuadigbo,644,France,Male,57.0,0,119624.25,1,1.0,0.0,38587.43,1
6633,15677146,Onyeoruru,543,France,Male,45.0,3,0.0,1,1.0,0.0,153356.8,0
6634,15586069,Ting,722,France,Female,40.0,3,0.0,2,1.0,1.0,54448.12,0
6635,15650575,Yeh,728,France,Male,39.0,2,121878.62,1,0.0,1.0,152698.55,0
6636,15628523,Chien,787,France,Female,40.0,5,0.0,2,1.0,1.0,198161.07,0
6637,15754526,Milanesi,633,France,Male,39.0,1,0.0,2,1.0,0.0,156774.94,0
6638,15592762,Kao,613,Spain,Male,30.0,10,113872.31,1,0.0,0.0,148567.29,0
6639,15787204,Obielumani,520,Germany,Male,38.0,6,119839.69,1,1.0,1.0,132468.76,0
6640,15604818,Fleming,521,France,Male,49.0,7,0.0,1,1.0,1.0,150694.58,1
6641,15691703,Ts'ui,588,France,Male,33.0,9,0.0,2,1.0,1.0,157959.02,0
6642,15685997,K'ung,543,France,Male,27.0,10,146098.51,2,1.0,0.0,88794.78,0
6643,15808526,Olisaemeka,633,France,Male,49.0,10,69712.74,1,0.0,0.0,161479.19,1
6644,15662063,Milanesi,621,France,Male,36.0,9,125827.71,1,1.0,0.0,179861.79,0
6645,15582914,Palerma,614,Germany,Male,39.0,8,135422.37,2,1.0,0.0,148814.54,1
6646,15664272,Kudryashova,537,Spain,Female,29.0,1,127739.73,2,1.0,0.0,85890.05,0
6647,15585823,Chukwufumnanya,703,Germany,Male,37.0,5,82844.33,1,1.0,0.0,90177.3,0
6648,15776733,Nwokezuike,706,France,Female,32.0,3,127737.71,1,1.0,0.0,187640.02,0
6649,15783025,Owens,685,France,Female,40.0,5,0.0,2,1.0,1.0,72852.74,0
6650,15585892,Chiemenam,613,Germany,Female,25.0,7,96956.1,2,1.0,1.0,135083.73,0
6651,15802585,T'ao,721,France,Female,37.0,6,0.0,2,1.0,1.0,107964.35,0
6652,15648876,Sandover,501,Spain,Female,34.0,5,0.0,1,1.0,0.0,27380.99,0
6653,15791323,Yobachukwu,567,Spain,Male,36.0,5,0.0,2,0.0,0.0,81623.52,0
6654,15681081,Ratten,661,France,Female,29.0,1,0.0,2,1.0,1.0,141946.92,0
6655,15736778,Hsieh,651,France,Female,41.0,1,92676.3,1,1.0,0.0,73489.15,1
6656,15782899,Gomes,676,Spain,Female,37.0,3,0.0,2,1.0,1.0,140941.47,0
6657,15659092,Martin,697,Germany,Male,41.0,7,91835.19,1,0.0,0.0,132870.15,0
6658,15645896,Toscani,678,France,Male,21.0,0,0.0,2,1.0,1.0,88695.25,0
6659,15722578,McIntyre,746,Germany,Male,45.0,7,115730.71,1,0.0,1.0,173511.72,1
6660,15666043,Mancini,744,Germany,Female,43.0,9,106603.74,1,1.0,0.0,93629.66,1
6661,15598044,Yefimova,728,France,Male,23.0,3,0.0,2,1.0,1.0,158887.09,0
6662,15689318,Zetticci,717,France,Male,44.0,3,0.0,2,1.0,1.0,131083.5,0
6663,15728456,Johnstone,710,France,Male,32.0,9,0.0,2,1.0,0.0,175015.12,0
6664,15714993,Longo,552,France,Male,25.0,9,124349.34,1,1.0,0.0,135635.25,0
6665,15576745,Yobachi,579,France,Female,37.0,5,0.0,2,0.0,1.0,126585.9,0
