id,CustomerId,Surname,CreditScore,Geography,Gender,Age,Tenure,Balance,NumOfProducts,HasCrCard,IsActiveMember,EstimatedSalary,Exited
5,15771669,Genovese,588,Germany,Male,36.0,4,131778.58,1,1.0,0.0,136024.31,1
9,15591721,Cattaneo,583,Germany,Male,40.0,4,81274.33,1,1.0,1.0,170843.07,0
10,15635097,Fokine,599,Germany,Female,27.0,6,161801.47,2,1.0,0.0,109184.24,0
11,15674671,Chiu,687,Germany,Male,40.0,3,90432.92,1,1.0,0.0,1676.92,0
18,15671358,Hargreaves,645,Germany,Female,55.0,8,120105.43,1,1.0,0.0,125083.29,1
22,15759913,Trentini,553,Germany,Female,43.0,9,85200.82,1,1.0,0.0,160574.09,0
23,15576044,Akabueze,554,Germany,Male,44.0,9,121823.26,1,1.0,0.0,79577.68,1
34,15593973,Chiu,749,Germany,Male,50.0,5,132576.25,1,1.0,0.0,125939.18,1
35,15661591,Panicucci,413,Germany,Male,28.0,3,130969.77,2,1.0,1.0,158891.79,0
38,15756475,Kenniff,551,Germany,Male,31.0,9,82293.82,2,0.0,1.0,91565.25,1
39,15653849,Ting,747,Germany,Male,58.0,9,114514.71,1,1.0,0.0,45414.12,1
42,15673599,Mamelu,684,Germany,Female,31.0,3,142293.54,3,1.0,0.0,146650.6,1
45,15759537,Ch'iu,591,Germany,Female,35.0,10,101099.9,1,1.0,0.0,195692.3,0
46,15580912,McNeill,488,Germany,Male,34.0,5,154737.88,2,0.0,1.0,172638.13,0
63,15797733,Macfarlan,668,Germany,Male,38.0,4,131136.97,2,1.0,1.0,93713.83,0
66,15763612,T'an,756,Germany,Male,41.0,3,124439.49,2,1.0,1.0,47093.11,0
69,15747541,Maclean,678,Germany,Female,43.0,8,129845.53,1,0.0,0.0,120853.51,1
71,15796849,Hsiung,682,Germany,Female,34.0,5,126731.71,1,1.0,0.0,153870.58,1
76,15654296,Mazzanti,584,Germany,Male,26.0,1,127539.9,2,0.0,0.0,82712.53,0
79,15792818,Blair,663,Germany,Female,34.0,1,131569.63,1,1.0,1.0,158071.69,0
82,15603840,Lo Duca,707,Germany,Female,38.0,5,106920.91,1,0.0,1.0,52404.47,1
91,15579526,Niu,743,Germany,Male,37.0,2,132627.51,1,1.0,0.0,183566.87,1
95,15791534,Scott,588,Germany,Male,30.0,10,126683.4,1,1.0,1.0,131636.55,0
98,15669946,Shih,639,Germany,Female,43.0,7,123873.52,1,1.0,1.0,51113.17,0
109,15583597,Ts'ai,553,Germany,Female,21.0,3,137553.29,2,1.0,0.0,52327.57,0
110,15782418,Chiagoziem,681,Germany,Male,58.0,9,130147.98,2,0.0,0.0,118749.58,1
112,15577064,Onyekaozulu,507,Germany,Female,36.0,8,139979.07,2,1.0,0.0,65567.91,0
118,15658852,Nwankwo,434,Germany,Male,29.0,1,137555.44,2,1.0,1.0,152880.5,0
128,15660809,Hsing,633,Germany,Female,52.0,3,103421.8,1,0.0,0.0,82298.81,1
135,15665760,H?,592,Germany,Female,47.0,5,140700.61,1,0.0,1.0,133501.45,1
137,15589204,Iweobiegbulam,748,Germany,Female,28.0,7,133658.24,1,1.0,1.0,77951.84,0
147,15677586,Romero,587,Germany,Female,32.0,8,125445.04,2,1.0,1.0,130514.78,0
148,15804256,Hale,765,Germany,Female,36.0,8,92310.54,1,1.0,1.0,72924.56,1
149,15783501,Hsia,632,Germany,Female,42.0,7,131345.26,1,0.0,1.0,100101.06,1
152,15602344,Ch'ang,479,Germany,Female,58.0,2,131644.0,1,1.0,1.0,152733.89,1
155,15786859,Genovesi,684,Germany,Male,42.0,1,121240.54,2,1.0,0.0,142514.28,0
162,15763773,L?,655,Germany,Female,24.0,3,110581.29,2,0.0,0.0,128528.61,0
186,15709604,Chiawuotu,678,Germany,Female,29.0,0,160579.17,2,0.0,1.0,18761.25,0
187,15636731,Ts'ai,765,Germany,Female,32.0,1,118897.1,1,0.0,1.0,62972.13,0
192,15587535,Ts'ui,542,Germany,Male,33.0,8,125584.17,1,1.0,0.0,170634.49,0
197,15575391,Dyer,624,Germany,Male,29.0,4,107839.9,2,1.0,1.0,75578.67,0
198,15624703,Okonkwo,583,Germany,Male,35.0,9,129847.75,2,1.0,1.0,197325.4,0
199,15626414,Russell,703,Germany,Female,50.0,3,98862.54,1,0.0,0.0,151516.7,1
207,15572360,Onwumelu,591,Germany,Male,32.0,3,95900.04,2,1.0,0.0,171070.39,0
223,15589475,Mazzanti,744,Germany,Male,53.0,8,108004.64,4,1.0,0.0,140941.46,1
224,15642291,Hsueh,645,Germany,Male,24.0,1,122532.35,1,1.0,0.0,170968.47,0
228,15723250,Pisano,749,Germany,Female,24.0,4,100735.57,2,1.0,1.0,80190.36,1
231,15754861,T'ien,635,Germany,Female,40.0,7,106261.67,2,1.0,1.0,50774.01,0
238,15769902,Onyemere,667,Germany,Male,44.0,2,144772.69,3,1.0,1.0,60906.12,1
240,15705009,Tretiakova,681,Germany,Male,50.0,1,125841.59,2,1.0,1.0,115287.84,1
241,15776929,Nebechi,731,Germany,Female,49.0,10,137494.28,1,1.0,0.0,92824.92,1
242,15720583,T'ien,611,Germany,Female,57.0,5,128264.03,1,1.0,1.0,19150.14,1
245,15584785,Hsieh,751,Germany,Male,39.0,8,85982.89,1,1.0,0.0,94499.05,1
247,15777067,Thomas,646,Germany,Female,64.0,8,160858.13,1,1.0,0.0,61936.22,1
252,15772892,Bledsoe,754,Germany,Female,29.0,7,139432.37,1,1.0,1.0,114072.91,0
254,15681274,Y?an,678,Germany,Female,22.0,6,157622.58,2,1.0,0.0,67961.87,0
255,15575428,Mistry,678,Germany,Female,38.0,2,106942.08,1,1.0,1.0,4400.32,0
256,15719090,Osonduagwuike,676,Germany,Female,34.0,5,89437.03,3,1.0,0.0,189540.95,1
260,15714689,Chikwado,559,Germany,Female,27.0,7,131244.65,1,1.0,0.0,91763.67,0
267,15681081,H?,659,Germany,Male,39.0,8,123981.31,1,1.0,1.0,107890.35,1
271,15743709,Palermo,850,Germany,Male,39.0,8,151762.74,2,1.0,0.0,113946.59,0
273,15682355,Hsueh,727,Germany,Male,35.0,9,140966.55,1,1.0,1.0,179227.21,0
275,15680767,Okeke,648,Germany,Female,37.0,3,91718.9,1,1.0,1.0,79602.8,0
288,15649744,Chidiebere,648,Germany,Male,40.0,8,92436.86,2,1.0,1.0,137963.0,0
296,15688865,T'ang,762,Germany,Female,49.0,2,120140.59,2,1.0,0.0,161882.81,1
301,15660269,Ekechukwu,692,Germany,Female,39.0,1,81710.46,2,1.0,1.0,75969.39,0
312,15582149,Ts'ui,850,Germany,Female,35.0,3,129668.43,2,1.0,1.0,88743.99,0
314,15633650,Woods,792,Germany,Male,50.0,9,146720.98,1,0.0,1.0,146875.86,0
323,15627844,Iloerika,592,Germany,Male,41.0,6,140197.01,1,1.0,1.0,116471.26,0
325,15653521,Onuora,613,Germany,Male,40.0,5,97067.69,1,1.0,1.0,74760.32,0
328,15715512,Hsia,850,Germany,Female,29.0,1,154640.41,1,1.0,1.0,164039.51,0
331,15794916,Muravyova,751,Germany,Female,43.0,3,132906.88,1,1.0,0.0,149170.25,1
348,15624188,Ojiofor,678,Germany,Female,32.0,7,148843.56,2,0.0,1.0,129964.94,0
356,15705639,Liao,581,Germany,Male,56.0,4,140891.46,1,1.0,0.0,86383.82,0
369,15620758,T'ien,449,Germany,Female,28.0,8,139994.55,2,1.0,1.0,132873.56,0
377,15691863,Nworie,657,Germany,Female,39.0,1,124182.22,2,1.0,1.0,132480.75,0
383,15770121,Millar,683,Germany,Male,34.0,4,112290.22,1,1.0,0.0,2465.8,0
391,15643630,Chiekwugo,816,Germany,Female,49.0,0,97036.22,2,1.0,0.0,152450.84,0
398,15648069,Hsiung,727,Germany,Female,47.0,10,135869.93,1,1.0,1.0,74898.8,1
400,15591550,Nwachinemelu,579,Germany,Female,52.0,7,123906.94,1,1.0,0.0,83700.96,1
421,15598884,Lu,569,Germany,Male,43.0,4,121537.42,2,1.0,1.0,171708.59,0
423,15736126,Nnaife,540,Germany,Male,46.0,4,104449.8,1,1.0,0.0,35179.18,0
446,15583480,Toscano,646,Germany,Female,39.0,5,97331.19,2,0.0,0.0,93716.38,1
450,15591552,Okonkwo,520,Germany,Male,32.0,6,121016.23,1,1.0,0.0,83335.78,0
454,15784700,Macleod,758,Germany,Male,31.0,3,109166.54,1,1.0,1.0,51364.56,0
460,15604020,T'ien,683,Germany,Male,64.0,3,101514.76,2,1.0,0.0,166650.32,1
476,15681990,Palmerston,497,Germany,Male,24.0,6,111769.14,2,1.0,1.0,55859.27,0
484,15783477,Ch'eng,766,Germany,Male,32.0,3,122453.97,2,1.0,0.0,54869.54,0
514,15769955,Ponomaryov,706,Germany,Male,48.0,1,121898.58,1,1.0,1.0,147720.27,1
516,15781689,Okeke,593,Germany,Male,31.0,8,115095.58,2,1.0,0.0,123982.14,0
522,15730394,L?,630,Germany,Male,51.0,4,163894.35,1,0.0,0.0,27330.59,1
523,15593715,Onyemauchechukwu,701,Germany,Female,19.0,6,151675.65,1,1.0,0.0,173784.04,0
528,15742404,Calabresi,743,Germany,Male,38.0,5,38848.19,2,1.0,0.0,38308.34,0
529,15699772,Barclay,428,Germany,Female,32.0,3,129248.11,2,1.0,1.0,42862.82,0
530,15588406,Chiemenam,539,Germany,Female,38.0,3,138731.95,2,1.0,1.0,32262.28,0
534,15696844,Cremonesi,586,Germany,Male,33.0,5,176511.08,1,1.0,0.0,176511.08,0
538,15722532,Chin,705,Germany,Female,51.0,0,169743.03,1,0.0,1.0,48990.59,0
541,15684865,Nkemdirim,522,Germany,Male,39.0,9,114715.71,1,1.0,0.0,176780.39,1
542,15797733,Eluemuno,453,Germany,Female,32.0,2,117413.95,1,0.0,1.0,182372.35,1
543,15678727,Tan,770,Germany,Male,45.0,4,110765.68,1,1.0,0.0,26163.74,0
551,15771054,Yobanna,656,Germany,Female,46.0,9,114088.2,1,1.0,0.0,183576.01,1
558,15718280,Luffman,562,Germany,Male,37.0,4,139822.11,2,1.0,0.0,146219.9,0
559,15598157,Onyeorulu,635,Germany,Female,34.0,9,82498.14,2,1.0,0.0,9241.83,0
570,15633516,Olisaemeka,758,Germany,Male,28.0,6,161274.95,2,1.0,1.0,184524.84,0
573,15765650,Chigolum,501,Germany,Male,40.0,8,114634.63,1,0.0,0.0,126535.92,0
586,15707479,Yobachi,596,Germany,Male,36.0,6,115084.32,1,0.0,1.0,72678.75,0
592,15644788,Chiazagomekpere,758,Germany,Female,48.0,7,145537.21,1,1.0,0.0,143317.43,1
594,15614220,Cremonesi,698,Germany,Male,43.0,1,137852.19,2,1.0,0.0,163487.9,0
596,15581323,Maslova,578,Germany,Male,45.0,1,108883.29,1,1.0,0.0,27914.95,0
597,15661249,Bellucci,699,Germany,Male,53.0,4,117640.39,1,0.0,1.0,111307.98,0
599,15809837,Nucci,599,Germany,Female,40.0,4,141573.55,1,1.0,1.0,167723.25,0
603,15583580,Hsiung,731,Germany,Female,47.0,2,100252.54,1,1.0,0.0,162860.96,1
614,15704597,Walker,582,Germany,Female,54.0,6,98373.26,1,0.0,1.0,199005.88,1
620,15708228,Toscani,835,Germany,Female,30.0,9,134366.42,2,1.0,0.0,68343.53,0
625,15751336,Chukwuemeka,659,Germany,Female,35.0,7,91857.52,1,1.0,0.0,132468.92,1
626,15706128,Chiedozie,752,Germany,Male,44.0,9,72664.9,1,1.0,0.0,81602.42,0
630,15716781,Nnachetam,736,Germany,Male,37.0,8,170840.08,1,1.0,0.0,103697.57,0
633,15594812,Baresi,646,Germany,Female,48.0,9,110153.27,1,1.0,0.0,187943.6,1
634,15775234,Hsu,838,Germany,Female,40.0,1,108894.07,1,1.0,0.0,93348.74,1
635,15723884,Chikezie,599,Germany,Female,43.0,8,118079.33,1,1.0,1.0,178667.77,0
642,15771059,Onyekachukwu,714,Germany,Female,52.0,9,71187.24,1,1.0,1.0,140947.05,1
645,15594864,Huang,757,Germany,Male,33.0,5,127536.44,1,1.0,0.0,42143.61,0
648,15769915,Chukwuemeka,542,Germany,Male,37.0,3,122949.14,2,1.0,1.0,160131.58,0
662,15606901,Chukwubuikem,599,Germany,Female,35.0,1,114327.67,1,0.0,0.0,124095.69,1
665,15757912,Genovese,589,Germany,Male,58.0,2,155735.55,1,1.0,0.0,198446.12,1
672,15785869,Rizzo,744,Germany,Female,27.0,5,123916.67,1,0.0,1.0,140138.95,1
674,15615140,Teng,733,Germany,Female,23.0,8,132436.6,2,1.0,0.0,180598.46,0
676,15677049,O'Brien,595,Germany,Female,25.0,0,106570.34,2,0.0,1.0,177025.79,0
677,15702806,Martin,588,Germany,Male,32.0,9,102772.67,1,1.0,0.0,66119.07,1
680,15721460,Shih,726,Germany,Female,58.0,10,137795.57,1,1.0,1.0,86041.02,1
695,15633840,Ijendu,775,Germany,Male,49.0,7,130142.79,1,1.0,0.0,171070.58,1
698,15665032,Ts'ai,613,Germany,Male,38.0,9,79871.64,2,0.0,1.0,59354.24,0
704,15626452,Okwudilichukwu,653,Germany,Male,41.0,2,92350.37,1,1.0,1.0,136435.75,0
706,15714397,Greece,758,Germany,Male,29.0,1,155994.15,1,0.0,1.0,60728.89,0
708,15784318,Toscani,596,Germany,Male,32.0,3,122552.51,1,0.0,0.0,102520.76,0
719,15769006,Fiorentini,693,Germany,Female,36.0,5,138178.41,2,1.0,0.0,163666.85,0
721,15589375,Y?an,737,Germany,Female,33.0,7,142400.28,3,0.0,1.0,110317.73,1
723,15792649,Patterson,712,Germany,Female,40.0,9,109308.79,1,1.0,1.0,120115.5,0
724,15758081,H?,619,Germany,Male,54.0,3,126444.08,1,1.0,1.0,94738.54,1
726,15777901,Calabrese,679,Germany,Male,46.0,3,133964.3,1,1.0,0.0,52876.41,1
733,15665129,Tuan,695,Germany,Female,37.0,6,136825.34,2,0.0,1.0,182750.24,0
734,15692991,K'ung,699,Germany,Male,27.0,9,94684.27,2,1.0,0.0,88783.59,0
736,15588090,Ferri,627,Germany,Female,51.0,8,107494.86,2,1.0,0.0,140937.91,1
738,15645896,Genovese,731,Germany,Male,48.0,1,122550.03,1,1.0,0.0,82662.98,0
743,15606841,Hsueh,729,Germany,Female,32.0,3,131344.52,1,1.0,1.0,67830.2,0
750,15696733,Ibeabuchi,615,Germany,Female,60.0,8,123378.2,1,1.0,1.0,188377.21,1
755,15604536,Hsia,619,Germany,Male,32.0,1,125827.35,1,1.0,1.0,113581.32,0
761,15752650,Obialo,741,Germany,Female,47.0,7,127924.25,1,0.0,1.0,158419.85,1
768,15585300,Chien,636,Germany,Female,47.0,7,118448.15,1,0.0,0.0,53667.08,1
769,15751177,Milne,622,Germany,Female,44.0,2,119657.53,1,1.0,1.0,145387.05,0
785,15795519,Ugochukwu,681,Germany,Male,45.0,9,140576.11,1,1.0,0.0,176768.59,1
786,15632125,Pirozzi,670,Germany,Male,48.0,2,81076.8,2,0.0,0.0,153597.24,0
788,15624644,Chukwualuka,553,Germany,Female,37.0,1,64740.12,2,1.0,1.0,105784.85,0
795,15723004,K?,696,Germany,Male,40.0,9,88827.53,2,1.0,1.0,148611.52,0
801,15783883,Calabresi,648,Germany,Female,32.0,4,162390.52,2,1.0,1.0,138192.98,0
802,15607560,Chia,571,Germany,Male,39.0,6,142263.45,1,1.0,1.0,75562.47,0
805,15718912,Hsueh,758,Germany,Female,44.0,6,126147.84,1,1.0,1.0,132424.69,0
806,15665064,Fanucci,695,Germany,Female,48.0,3,84315.02,2,1.0,0.0,102665.92,0
807,15795519,T'ien,745,Germany,Female,40.0,5,111871.93,1,1.0,0.0,51820.87,0
812,15583857,Fiorentino,725,Germany,Female,36.0,4,128743.8,1,1.0,1.0,48243.25,1
820,15656471,Yashina,744,Germany,Female,54.0,1,74812.84,1,0.0,1.0,167564.82,1
823,15645371,Fanucci,738,Germany,Male,27.0,3,91718.2,2,1.0,0.0,129660.77,0
824,15686963,Ch'in,593,Germany,Male,48.0,10,123070.89,1,1.0,0.0,178747.43,1
825,15659475,Lombardo,660,Germany,Female,36.0,2,152264.81,1,1.0,0.0,110252.53,1
830,15658768,Ch'eng,713,Germany,Female,45.0,3,114450.58,1,1.0,0.0,26557.55,1
836,15595842,Paramor,748,Germany,Male,37.0,2,119852.01,1,0.0,0.0,73853.94,0
838,15772996,Chukwufumnanya,629,Germany,Male,34.0,3,134740.24,1,1.0,1.0,177670.57,0
839,15569423,Chinwemma,707,Germany,Male,29.0,1,122265.24,2,1.0,0.0,124908.46,0
846,15741181,Nwachinemelu,774,Germany,Male,30.0,0,143903.56,2,0.0,0.0,130624.55,0
847,15796958,Ch'ien,614,Germany,Female,41.0,5,127763.24,1,1.0,0.0,57929.9,1
857,15591433,Onodugoadiegbemma,593,Germany,Female,47.0,10,108235.91,1,0.0,1.0,161465.31,1
858,15656547,Chibugo,630,Germany,Female,29.0,2,81732.46,1,1.0,0.0,134857.54,0
865,15697901,Nwabugwu,686,Germany,Female,45.0,4,78892.08,1,1.0,0.0,162597.9,1
867,15794941,Chibueze,647,Germany,Female,29.0,1,85906.65,1,1.0,0.0,189159.97,0
878,15581440,Christie,710,Germany,Male,42.0,6,110463.25,2,1.0,1.0,80552.11,0
879,15747762,Ewing,756,Germany,Male,24.0,1,76548.6,2,1.0,1.0,159800.16,0
880,15663921,Efremov,659,Germany,Female,24.0,7,103034.56,2,1.0,0.0,103536.38,0
882,15677784,Pagnotto,735,Germany,Female,28.0,6,117300.24,1,1.0,0.0,74850.36,0
886,15599182,Ch'in,639,Germany,Female,33.0,5,126823.21,2,1.0,0.0,78915.84,1
887,15772341,Hs?eh,533,Germany,Female,51.0,6,75801.74,1,1.0,0.0,45613.75,1
890,15802468,Onyekaozulu,729,Germany,Male,49.0,7,76656.4,2,1.0,1.0,185580.89,0
896,15651740,Tien,679,Germany,Male,48.0,1,160903.2,2,1.0,1.0,74850.84,1
899,15649418,Chukwukere,659,Germany,Female,47.0,4,129832.58,2,1.0,0.0,139947.94,0
902,15790846,Onyekachukwu,678,Germany,Female,41.0,4,142296.13,1,0.0,1.0,60416.76,0
922,15770174,Cavenagh,709,Germany,Male,22.0,8,119655.77,1,1.0,1.0,71830.1,0
928,15802486,Chigolum,627,Germany,Male,50.0,9,116494.22,1,1.0,1.0,61961.47,0
929,15792473,Lori,598,Germany,Female,50.0,8,88379.81,3,1.0,0.0,64157.24,1
930,15804486,Brown,653,Germany,Male,31.0,7,116822.21,1,1.0,1.0,108891.2,0
935,15744273,Graham,648,Germany,Male,58.0,10,84327.77,2,1.0,0.0,65708.5,0
938,15801247,Woods,775,Germany,Female,39.0,8,102721.49,2,0.0,0.0,14073.11,1
939,15581871,Lai,588,Germany,Male,28.0,5,115007.08,1,0.0,0.0,176858.5,0
940,15671410,Onyekachi,588,Germany,Male,39.0,6,130969.77,2,1.0,0.0,187926.14,0
950,15623082,Ch'ang,649,Germany,Female,40.0,2,114737.26,3,1.0,0.0,106655.88,1
952,15624451,Onwumelu,619,Germany,Female,36.0,8,115557.0,2,1.0,1.0,172618.52,0
959,15699450,Thompson,648,Germany,Female,45.0,1,114753.76,2,0.0,0.0,61793.47,0
960,15572467,Chiemela,751,Germany,Male,35.0,5,82547.26,1,0.0,0.0,93959.96,0
966,15716347,Chien,665,Germany,Female,45.0,6,123374.46,1,1.0,0.0,172618.52,1
968,15595731,Hsing,788,Germany,Male,51.0,5,91091.52,2,1.0,0.0,58883.06,1
970,15769948,Ugochukwu,684,Germany,Male,44.0,0,127269.75,1,0.0,1.0,79495.01,0
974,15801932,Hsiung,582,Germany,Female,27.0,1,117561.06,1,1.0,1.0,126551.25,0
989,15782226,Ts'ao,734,Germany,Female,39.0,5,121763.66,1,1.0,0.0,91036.93,0
1020,15672516,Wall,590,Germany,Male,46.0,5,90373.28,1,1.0,0.0,179861.79,0
1024,15784161,Hargreaves,583,Germany,Male,39.0,8,102945.01,2,0.0,0.0,52861.89,0
1031,15771000,Chukwukadibia,684,Germany,Male,39.0,9,123764.96,2,0.0,0.0,153516.35,0
1032,15775234,Manna,571,Germany,Male,32.0,0,114510.85,1,1.0,0.0,126143.23,1
1036,15746979,Hsia,594,Germany,Female,46.0,5,141806.0,2,1.0,0.0,93844.94,1
1039,15737971,Zetticci,775,Germany,Male,33.0,3,123783.25,1,1.0,1.0,134901.57,0
1041,15689294,Onyemaechi,756,Germany,Male,44.0,3,105934.96,2,1.0,0.0,82463.69,0
1044,15808521,Mancini,639,Germany,Female,24.0,1,102882.47,1,1.0,1.0,159584.81,1
1051,15604020,H?,719,Germany,Female,30.0,7,86053.52,2,0.0,1.0,116973.48,0
1055,15574523,Chin,697,Germany,Female,40.0,1,109786.82,2,1.0,0.0,139712.81,1
1056,15735263,Nnaife,710,Germany,Female,38.0,8,98640.01,1,0.0,1.0,103660.89,0
1057,15677828,Yermakov,837,Germany,Male,44.0,7,135120.56,2,1.0,0.0,156048.64,0
1058,15770225,Padovesi,493,Germany,Male,36.0,9,109062.28,1,1.0,0.0,65816.53,0
1061,15642785,Chia,557,Germany,Male,36.0,4,153972.96,2,1.0,1.0,56767.38,0
1063,15793723,Ch'iu,709,Germany,Female,49.0,1,130142.79,1,1.0,0.0,62449.07,1
1067,15638068,Fanucci,521,Germany,Female,34.0,3,73023.18,2,0.0,0.0,53479.15,0
1075,15658067,Walker,636,Germany,Female,37.0,3,120568.41,1,1.0,1.0,190160.04,0
1082,15789055,Watt,635,Germany,Male,38.0,2,113635.16,2,1.0,0.0,90883.12,0
1086,15641416,Napolitano,663,Germany,Male,48.0,3,108586.86,1,0.0,0.0,163563.07,1
1088,15762929,Pirozzi,691,Germany,Female,50.0,10,108650.74,3,1.0,1.0,52313.94,1
1094,15756056,Chiemenam,605,Germany,Female,37.0,9,166594.78,2,0.0,0.0,94815.04,0
1101,15632264,Tsao,584,Germany,Male,50.0,3,114327.59,1,1.0,0.0,140857.76,1
1103,15589924,Ma,646,Germany,Female,45.0,3,132746.2,2,1.0,1.0,26628.88,0
1117,15723488,T'ang,721,Germany,Male,57.0,4,101675.22,1,1.0,1.0,60921.2,0
1126,15800229,Thorpe,588,Germany,Male,40.0,7,139022.24,1,1.0,0.0,193383.13,0
1128,15723786,Chukwufumnanya,621,Germany,Female,37.0,1,147137.74,1,0.0,1.0,97939.4,1
1135,15780034,Teng,682,Germany,Male,61.0,2,146605.27,1,1.0,1.0,165038.58,1
1142,15775905,Lo Duca,699,Germany,Female,52.0,8,130024.87,1,1.0,1.0,45750.21,1
1144,15711015,Erskine,706,Germany,Male,34.0,8,125701.72,1,0.0,1.0,62700.89,1
1146,15813912,Cribb,850,Germany,Male,41.0,9,178053.5,1,1.0,0.0,136041.43,1
1147,15592222,Kaeppel,677,Germany,Female,30.0,4,137456.07,1,0.0,1.0,88820.49,0
1148,15651490,Smith,608,Germany,Female,34.0,4,96019.33,1,0.0,0.0,116748.06,0
1152,15700654,Chukwudi,521,Germany,Male,34.0,2,103481.47,1,1.0,1.0,153629.97,1
1159,15642709,Frewin,705,Germany,Male,42.0,4,150133.88,2,1.0,0.0,187980.16,0
1176,15800554,Genovesi,594,Germany,Male,32.0,7,180515.83,1,1.0,0.0,115800.2,1
1182,15649024,Scott,523,Germany,Male,30.0,5,105229.53,2,1.0,0.0,193008.51,0
1192,15730793,Fielding,536,Germany,Male,34.0,3,111589.33,1,1.0,0.0,27097.82,0
1193,15784323,Uspenskaya,728,Germany,Male,22.0,8,154737.56,2,1.0,1.0,27474.41,0
1197,15723006,Wright,669,Germany,Female,44.0,2,84474.62,2,0.0,1.0,124596.63,0
1200,15654577,Nwagugheuzo,678,Germany,Male,49.0,5,113722.47,1,1.0,1.0,141798.98,1
1205,15723008,Lo Duca,720,Germany,Male,40.0,8,102882.4,2,1.0,1.0,35633.15,1
1207,15750104,Chan,707,Germany,Male,43.0,5,132615.73,2,1.0,0.0,32999.1,0
1211,15702656,T'ien,675,Germany,Female,39.0,2,122446.61,1,1.0,1.0,54448.41,0
1212,15768476,Johnstone,558,Germany,Male,50.0,4,142475.81,1,1.0,0.0,141359.11,1
1214,15640407,Chidiegwu,677,Germany,Male,45.0,4,135827.33,2,1.0,1.0,131778.58,0
1216,15782089,H?,534,Germany,Female,56.0,10,131434.98,1,1.0,0.0,49775.58,1
1217,15670080,Sun,584,Germany,Female,29.0,7,131082.17,2,0.0,0.0,106663.46,0
1218,15604832,Walker,645,Germany,Male,28.0,6,106901.42,3,0.0,0.0,1187.88,1
1220,15750141,Ch'iu,539,Germany,Female,30.0,9,124495.57,1,1.0,0.0,116471.19,0
1222,15710365,Ch'in,640,Germany,Female,46.0,3,121581.56,1,1.0,1.0,52327.57,1
1223,15762238,Maughan,589,Germany,Female,35.0,10,124577.23,2,1.0,0.0,823.24,0
1224,15604345,Teng,763,Germany,Male,39.0,9,143903.11,2,1.0,1.0,65801.44,0
1225,15749679,Milanesi,562,Germany,Female,35.0,7,118569.03,1,1.0,1.0,163558.36,0
1228,15641411,Scott,628,Germany,Female,31.0,1,116244.14,2,0.0,1.0,149892.79,0
1230,15684469,Chia,648,Germany,Male,50.0,5,116622.73,1,1.0,0.0,143681.85,1
1231,15649793,Fanucci,705,Germany,Male,55.0,10,106807.64,1,0.0,0.0,166678.28,1
1247,15802560,Nwokezuike,652,Germany,Male,28.0,9,135650.82,1,1.0,1.0,101382.86,0
1251,15607178,Ekechukwu,750,Germany,Female,26.0,10,96553.52,2,1.0,0.0,140075.55,1
1253,15577514,Mai,797,Germany,Female,35.0,7,121263.62,2,1.0,0.0,13387.88,0
1255,15811028,Ch'iu,588,Germany,Female,41.0,6,143966.3,2,1.0,0.0,49713.87,0
1257,15670374,Wright,819,Germany,Female,36.0,1,120656.86,4,0.0,0.0,166164.3,1
1262,15742369,Zikoranachidimma,688,Germany,Male,46.0,3,139914.6,1,1.0,0.0,129964.94,1
1266,15610930,Kwemto,572,Germany,Female,46.0,4,139979.07,1,1.0,0.0,185662.84,1
1270,15581550,Kisch,729,Germany,Male,46.0,3,85906.55,1,1.0,0.0,86977.8,0
1278,15751175,Ch'ang,706,Germany,Male,48.0,5,142400.27,1,1.0,0.0,114775.24,1
1292,15776596,Lai,740,Germany,Male,38.0,8,178787.54,1,1.0,0.0,172490.78,0
1295,15612505,Trevisano,583,Germany,Female,38.0,5,102238.51,2,1.0,1.0,178144.53,0
1302,15803413,Chiawuotu,641,Germany,Male,37.0,2,109387.9,1,1.0,0.0,49594.19,0
1305,15644621,Alekseyeva,597,Germany,Female,22.0,7,106756.01,1,1.0,0.0,151169.83,1
1307,15687955,T'ang,583,Germany,Male,39.0,7,123328.15,1,1.0,0.0,123699.15,0
1316,15803801,Mistry,563,Germany,Female,45.0,10,83765.35,1,1.0,0.0,177614.17,0
1318,15732061,Hsing,756,Germany,Female,45.0,2,121874.89,1,0.0,0.0,6865.41,1
1321,15672756,Ginikanwa,564,Germany,Male,33.0,3,109341.87,1,0.0,1.0,75632.78,0
1323,15611029,Onyemauchechukwu,582,Germany,Male,28.0,5,115074.02,1,1.0,0.0,124954.56,0
1330,15694860,Ewing,521,Germany,Female,59.0,4,164011.48,2,1.0,1.0,38550.4,0
1341,15804072,Lo Duca,652,Germany,Female,38.0,5,106376.85,1,1.0,1.0,179351.89,1
1344,15699797,Lo,816,Germany,Female,25.0,2,150355.35,2,1.0,1.0,35770.84,0
1345,15619537,Wood,489,Germany,Female,37.0,4,129667.77,2,0.0,0.0,137519.92,0
1348,15700460,Allnutt,805,Germany,Female,55.0,5,123601.56,1,0.0,1.0,140003.0,0
1351,15699389,Olisanugo,669,Germany,Female,33.0,7,103033.38,2,1.0,1.0,184524.76,0
1355,15756650,K'ung,549,Germany,Male,35.0,7,127561.51,1,0.0,1.0,167969.19,0
1356,15697129,Lettiere,622,Germany,Female,46.0,7,117325.23,2,0.0,1.0,173464.43,0
1359,15611058,Genovesi,790,Germany,Female,41.0,9,122501.28,2,1.0,1.0,99818.31,0
1360,15805768,Nnachetam,678,Germany,Female,42.0,9,108286.5,1,0.0,0.0,136909.11,1
1366,15579777,Liu,850,Germany,Male,33.0,4,126674.81,2,1.0,1.0,124118.71,0
1368,15617507,Aitken,593,Germany,Female,35.0,1,136855.82,2,0.0,1.0,102975.25,0
1370,15618243,Chien,633,Germany,Female,28.0,2,104508.58,2,0.0,1.0,161840.96,0
1373,15591552,Alexandrova,575,Germany,Female,32.0,2,145330.43,1,0.0,0.0,60988.21,1
1376,15792373,T'ien,752,Germany,Male,31.0,2,132914.7,1,1.0,1.0,52861.91,0
1381,15626141,Olisaemeka,684,Germany,Male,39.0,7,97720.27,2,0.0,0.0,166471.39,0
1388,15791326,Ch'eng,708,Germany,Male,38.0,8,102773.2,1,1.0,1.0,119333.95,0
1391,15739972,Ts'ai,628,Germany,Female,35.0,3,144450.61,1,1.0,0.0,114020.02,0
1396,15726687,Tien,628,Germany,Male,48.0,3,133060.54,1,1.0,0.0,182627.55,1
1403,15627830,Onwumelu,655,Germany,Female,22.0,8,132057.92,2,1.0,1.0,172363.42,0
1406,15600710,Hs?,729,Germany,Male,32.0,2,109052.28,1,1.0,1.0,180962.77,0
1409,15593365,Yeh,712,Germany,Male,43.0,8,116520.24,2,1.0,1.0,67438.93,1
1410,15700801,Eipper,850,Germany,Male,42.0,6,0.0,3,0.0,1.0,60021.34,1
1412,15718765,Heath,586,Germany,Male,35.0,6,102143.93,1,1.0,1.0,88837.11,0
1420,15683521,Hsiung,754,Germany,Female,32.0,5,93547.94,1,1.0,1.0,132418.79,0
1437,15632305,Onyekachukwu,556,Germany,Male,31.0,4,100249.69,2,1.0,0.0,94886.6,0
1440,15682686,Palerma,584,Germany,Male,48.0,3,103516.87,1,1.0,1.0,173792.77,1
1455,15650889,Golubev,756,Germany,Male,29.0,10,134944.0,2,1.0,1.0,197444.69,0
1459,15606849,Pagnotto,633,Germany,Female,35.0,2,96763.45,1,1.0,0.0,181605.45,1
1462,15761733,Hsia,694,Germany,Female,51.0,1,113833.74,1,1.0,1.0,161054.65,1
1465,15585961,Hsia,598,Germany,Female,68.0,7,133845.01,1,1.0,1.0,183568.01,1
1466,15654878,Ts'ao,745,Germany,Female,48.0,8,122449.37,1,1.0,1.0,93839.75,1
1470,15777892,Calabrese,713,Germany,Male,36.0,7,113882.31,1,1.0,0.0,142033.07,1
1488,15609570,Uren,670,Germany,Female,34.0,7,84906.67,2,0.0,0.0,65829.48,0
1491,15708357,Chapman,690,Germany,Female,48.0,7,110463.25,1,1.0,0.0,160532.88,1
1493,15809087,White,762,Germany,Female,43.0,6,127132.96,1,1.0,0.0,195635.3,1
1495,15627395,Chukwudi,699,Germany,Male,24.0,5,114822.37,2,1.0,1.0,101828.51,0
1499,15753861,Pankhurst,649,Germany,Female,58.0,6,138333.04,1,1.0,0.0,172450.19,1
1524,15719958,Gibbons,654,Germany,Female,37.0,6,115280.49,2,0.0,1.0,12628.61,0
1538,15607827,Tung,704,Germany,Male,33.0,2,118064.93,1,1.0,0.0,67734.79,0
1556,15746662,Mazzi,684,Germany,Male,49.0,7,123428.2,2,1.0,0.0,178256.52,1
1557,15798975,Chukwunonso,624,Germany,Male,41.0,5,142406.43,1,0.0,0.0,28461.29,1
1559,15573888,Ponomaryov,712,Germany,Male,41.0,3,107980.37,1,1.0,1.0,26249.86,0
1561,15782608,Longo,628,Germany,Female,39.0,9,134874.4,2,0.0,0.0,115022.94,1
1563,15747591,Milani,601,Germany,Female,41.0,2,111363.1,2,1.0,0.0,164935.58,0
1566,15783029,Piazza,691,Germany,Male,33.0,1,94661.53,2,1.0,0.0,121239.65,0
1570,15581525,Chiabuotu,648,Germany,Male,34.0,3,102525.11,2,1.0,1.0,174094.4,0
1573,15693637,Ibezimako,556,Germany,Male,43.0,4,110182.54,2,1.0,1.0,87537.32,0
1578,15632307,Uwaezuoke,846,Germany,Female,42.0,10,129118.5,1,1.0,0.0,119747.08,1
1582,15582325,Ts'ai,669,Germany,Male,38.0,8,129745.3,1,1.0,1.0,110472.12,0
1584,15771873,L?,784,Germany,Male,54.0,9,125734.2,1,1.0,0.0,134626.3,1
1586,15657284,Day,674,Germany,Male,43.0,7,106901.42,1,0.0,1.0,184520.0,0
1587,15780088,Porter,595,Germany,Male,34.0,9,132405.52,1,1.0,0.0,177747.03,0
1588,15651532,Ch'in,604,Germany,Male,52.0,1,94435.96,1,1.0,0.0,80450.84,1
1590,15682463,Trevisani,706,Germany,Male,46.0,8,133070.11,4,1.0,0.0,79919.99,1
1596,15653696,Goliwe,701,Germany,Male,35.0,7,109908.06,2,1.0,0.0,119175.45,1
1601,15604813,Hs?,607,Germany,Male,30.0,7,131778.76,2,1.0,0.0,79577.6,0
1602,15732704,Hsiung,751,Germany,Female,31.0,8,92895.56,1,1.0,1.0,72990.62,0
1609,15782630,Ch'ang,627,Germany,Female,25.0,4,103522.15,1,1.0,0.0,103399.27,1
1615,15800514,Kenechukwu,477,Germany,Female,24.0,2,95675.62,2,0.0,0.0,162699.7,0
1620,15806134,Storey,707,Germany,Male,34.0,1,162691.16,1,1.0,0.0,94912.78,0
1624,15647800,Chukwuemeka,577,Germany,Female,26.0,6,146774.73,1,1.0,0.0,80612.79,1
1631,15794875,Lai,703,Germany,Male,36.0,6,162691.16,3,1.0,0.0,94912.78,1
1635,15593736,Chizuoke,655,Germany,Female,31.0,2,141210.99,1,1.0,0.0,86767.68,0
1637,15683825,Lucciano,642,Germany,Male,62.0,3,114327.3,1,0.0,1.0,94945.4,1
1640,15766047,Chidiebere,592,Germany,Male,43.0,1,111962.99,1,1.0,0.0,138777.0,1
1642,15605275,Ofodile,725,Germany,Female,45.0,8,116917.07,1,0.0,1.0,173464.43,1
1645,15593550,Martin,681,Germany,Male,46.0,10,105245.21,2,1.0,1.0,49594.02,0
1652,15815271,Ritchie,755,Germany,Male,43.0,7,165048.5,3,1.0,0.0,16929.41,0
1655,15712264,Hao,667,Germany,Female,49.0,9,136678.52,1,0.0,0.0,182612.38,1
1662,15781702,Afamefuna,733,Germany,Male,25.0,4,127760.07,1,1.0,0.0,194867.27,0
1663,15757837,Chikere,599,Germany,Female,60.0,5,106901.44,1,1.0,1.0,118829.06,1
1671,15703779,Hsiung,730,Germany,Male,29.0,8,106431.94,1,1.0,1.0,140197.2,0
1672,15698522,Onwuamaeze,751,Germany,Male,31.0,3,169831.46,2,1.0,1.0,27758.36,0
1681,15569678,Scott,489,Germany,Female,37.0,7,121801.72,2,1.0,0.0,171060.01,0
1685,15595588,Tseng,684,Germany,Female,43.0,6,138032.36,2,1.0,0.0,146700.29,0
1688,15583748,Ch'eng,527,Germany,Female,32.0,9,100238.7,1,1.0,1.0,110887.86,0
1689,15662337,Nnonso,655,Germany,Male,51.0,3,69413.47,2,1.0,0.0,79414.0,1
1692,15682048,Ch'iu,667,Germany,Female,33.0,5,137963.07,1,1.0,0.0,181208.47,1
1698,15784923,Chimezie,729,Germany,Female,37.0,0,109974.22,1,1.0,1.0,36320.87,1
1705,15643903,Chigozie,705,Germany,Male,26.0,7,142871.11,1,1.0,1.0,133861.56,0
1706,15690664,Obiajulu,608,Germany,Male,30.0,2,142703.4,2,1.0,1.0,172450.04,0
1707,15704746,Scott,508,Germany,Female,47.0,5,121629.42,2,1.0,1.0,57532.16,0
1711,15814241,Chukwubuikem,666,Germany,Male,26.0,2,124775.33,2,1.0,1.0,115719.71,0
1716,15603096,Manna,533,Germany,Female,23.0,9,127289.28,1,1.0,1.0,43852.05,0
1719,15627829,Tung,762,Germany,Male,32.0,1,131240.37,2,1.0,0.0,78858.75,0
1722,15799156,Okwuadigbo,574,Germany,Male,36.0,7,76968.12,1,0.0,0.0,79547.39,0
1727,15679663,Chubb,749,Germany,Male,49.0,8,110349.47,1,1.0,1.0,157891.83,1
1729,15611756,Vida,733,Germany,Female,23.0,6,131344.52,1,1.0,0.0,141756.32,1
1733,15607112,Chibugo,733,Germany,Male,32.0,1,117578.35,2,0.0,1.0,36540.63,0
1738,15629551,Mazzanti,610,Germany,Male,31.0,0,123871.2,1,1.0,0.0,5791.61,1
1740,15633897,Owen,725,Germany,Male,39.0,7,50880.98,2,1.0,1.0,184023.54,0
1742,15615896,Chienezie,663,Germany,Male,37.0,8,100260.88,2,1.0,0.0,79555.08,0
1743,15671534,Hovell,646,Germany,Female,54.0,0,90212.0,1,1.0,0.0,13911.27,1
1751,15723950,Kruglov,684,Germany,Male,45.0,2,70291.02,1,1.0,0.0,115468.84,1
1754,15651883,Genovesi,553,Germany,Male,55.0,6,115796.7,1,1.0,0.0,160526.36,0
1760,15722902,Chizuoke,652,Germany,Male,50.0,8,125437.14,2,0.0,1.0,17160.94,0
1762,15767231,Moore,758,Germany,Female,32.0,8,132187.73,2,1.0,0.0,192928.82,0
1765,15692599,Kuo,639,Germany,Female,38.0,1,148897.02,1,1.0,0.0,97782.92,1
1775,15803486,Ulyanova,766,Germany,Female,36.0,5,154767.23,2,1.0,1.0,91547.94,0
1785,15742534,Chikwado,473,Germany,Female,45.0,10,80790.97,1,1.0,0.0,51364.59,1
1786,15806822,Chukwueloka,624,Germany,Male,35.0,5,141404.64,2,1.0,1.0,146511.19,0
1807,15766734,Norman,712,Germany,Male,60.0,7,133636.16,1,1.0,0.0,90905.26,1
1812,15642162,Ponce,582,Germany,Male,35.0,1,123407.69,1,1.0,0.0,152541.89,1
1815,15732674,Udegbunam,543,Germany,Female,49.0,7,83049.65,1,1.0,0.0,77856.38,1
1823,15601392,Genovesi,611,Germany,Female,56.0,2,104678.86,1,1.0,0.0,172765.93,1
1825,15574796,D'Albertis,749,Germany,Female,37.0,5,112146.12,1,1.0,0.0,75927.35,1
1827,15798868,Zuyev,644,Germany,Male,42.0,6,135413.43,2,1.0,0.0,176891.76,0
1829,15569438,Rueda,729,Germany,Male,32.0,9,139756.5,2,1.0,1.0,90977.49,0
1841,15592300,Ts'ai,687,Germany,Female,31.0,8,138089.97,1,1.0,0.0,162599.51,0
1844,15733387,Maclean,703,Germany,Female,41.0,0,68639.57,2,1.0,1.0,66580.13,0
1848,15752816,Chiawuotu,653,Germany,Female,40.0,7,97588.6,1,1.0,0.0,127825.25,1
1850,15762588,Ch'iu,574,Germany,Female,27.0,2,117438.74,2,1.0,1.0,114448.76,0
1851,15744983,Kaeppel,647,Germany,Female,29.0,9,139887.01,2,1.0,0.0,197490.39,0
1856,15764444,Pan,580,Germany,Male,58.0,8,125850.53,2,1.0,0.0,87008.17,1
1875,15764284,Sagese,559,Germany,Male,50.0,6,119349.69,3,1.0,0.0,176914.89,1
1876,15756056,Tyler,706,Germany,Female,28.0,4,109421.13,1,1.0,1.0,126517.46,1
1878,15794941,Chibueze,647,Germany,Male,35.0,7,85906.65,2,1.0,0.0,189159.97,0
1880,15606901,L?,728,Germany,Male,35.0,9,106518.52,2,1.0,1.0,65675.47,0
1882,15730579,Huggins,602,Germany,Male,37.0,4,118449.66,1,1.0,1.0,83090.35,0
1886,15802909,Hu,794,Germany,Male,56.0,0,139603.22,1,1.0,0.0,86383.61,1
1893,15707189,Marshall,667,Germany,Female,54.0,1,114391.62,1,1.0,0.0,53412.54,1
1896,15719377,Palerma,668,Germany,Female,31.0,1,93817.38,1,1.0,1.0,83700.66,0
1900,15662533,Macdonald,613,Germany,Male,32.0,2,138053.67,2,1.0,1.0,125553.51,0
1901,15704588,Lucchesi,711,Germany,Female,58.0,1,161802.27,1,1.0,0.0,131768.58,1
1905,15666295,Smith,610,Germany,Female,50.0,1,113957.01,2,1.0,0.0,196526.55,1
1907,15689886,Holden,631,Germany,Male,39.0,3,132287.92,2,0.0,1.0,51565.98,0
1908,15605950,Onwuamaeze,530,Germany,Male,23.0,1,137060.88,1,1.0,1.0,165227.23,0
1912,15679651,Kaeppel,748,Germany,Male,39.0,1,91830.0,2,1.0,0.0,107831.86,0
1914,15633516,Milani,660,Germany,Female,39.0,3,99282.66,2,1.0,1.0,72856.78,0
1918,15714586,Genovese,697,Germany,Female,30.0,8,129269.27,1,0.0,1.0,165574.54,1
1923,15656322,Fomin,619,Germany,Male,32.0,7,152541.25,2,1.0,1.0,87413.46,0
1928,15617320,Palermo,637,Germany,Female,36.0,0,131406.56,1,1.0,1.0,172363.41,0
1929,15795747,Ts'ui,559,Germany,Male,32.0,7,114754.08,1,1.0,0.0,182960.46,1
1931,15610930,Cook,453,Germany,Female,28.0,4,139986.65,1,0.0,0.0,185662.84,0
1937,15764916,Rowley,850,Germany,Female,43.0,7,95984.21,4,0.0,1.0,115262.54,1
1938,15735782,MacDonald,593,Germany,Female,37.0,8,120961.5,2,0.0,1.0,27366.77,1
1939,15700476,Yashina,744,Germany,Female,21.0,2,88363.42,1,1.0,0.0,147523.78,0
1946,15686974,Chukwukadibia,621,Germany,Female,32.0,1,125920.72,2,1.0,1.0,109291.22,0
1952,15790067,L?,637,Germany,Male,40.0,1,118889.06,2,1.0,1.0,162484.69,0
1956,15639576,Chidubem,659,Germany,Female,38.0,3,131927.33,2,1.0,1.0,158590.25,0
1962,15690182,Ch'ien,473,Germany,Female,53.0,3,133618.01,1,0.0,1.0,145071.33,1
1963,15623107,Ma,548,Germany,Male,51.0,1,144755.81,1,0.0,1.0,166516.84,1
1967,15792669,Chien,604,Germany,Male,49.0,7,127761.35,1,1.0,0.0,468.41,1
1968,15652069,T'ao,750,Germany,Male,39.0,8,118815.35,2,0.0,0.0,93736.13,1
1971,15737705,Martin,661,Germany,Female,37.0,3,104414.98,1,1.0,1.0,48571.1,0
1973,15689514,Chiang,686,Germany,Female,35.0,7,124576.65,2,1.0,0.0,105732.9,0
1981,15713853,Ifeajuna,571,Germany,Male,42.0,9,108748.08,1,1.0,1.0,65323.11,0
1985,15736990,Milano,590,Germany,Female,40.0,1,76665.71,1,1.0,0.0,87067.73,0
1987,15749557,Hsia,750,Germany,Female,51.0,5,63763.23,3,0.0,0.0,55902.55,1
1989,15721181,T'ien,582,Germany,Male,43.0,9,152390.21,2,1.0,0.0,90162.35,0
2003,15778320,Wang,848,Germany,Female,40.0,0,148495.64,2,1.0,0.0,158853.98,1
2005,15783865,Chiu,712,Germany,Male,57.0,6,113522.43,1,0.0,1.0,65763.57,1
2007,15643671,Kambinachi,683,Germany,Male,56.0,9,108711.57,1,0.0,1.0,84442.6,1
2008,15692929,Ikechukwu,791,Germany,Male,42.0,0,113657.41,1,0.0,1.0,139946.68,1
2011,15758750,Pagnotto,597,Germany,Female,40.0,5,86957.21,1,0.0,0.0,137065.96,1
2012,15586629,Lockington,617,Germany,Male,37.0,3,113865.21,1,1.0,0.0,47675.86,1
2013,15716605,Chukwufumnanya,735,Germany,Female,24.0,7,103099.17,2,1.0,0.0,173276.62,0
2017,15567778,Gilleland,644,Germany,Male,32.0,0,113090.4,2,0.0,0.0,110776.01,0
2028,15740223,Walton,479,Germany,Male,51.0,4,107714.74,2,1.0,1.0,86128.21,0
2038,15754929,Ch'ang,684,Germany,Female,29.0,4,106937.06,1,0.0,0.0,77837.63,0
2042,15741385,Li Fonti,581,Germany,Female,42.0,4,134740.24,1,1.0,0.0,105718.38,1
2048,15800326,McLean,567,Germany,Male,36.0,6,131284.66,2,1.0,1.0,183572.08,0
2056,15698510,Ch'eng,628,Germany,Female,40.0,8,127560.54,2,1.0,0.0,80198.53,1
2057,15697574,Scott,631,Germany,Male,52.0,1,139592.98,3,1.0,0.0,64771.61,1
2059,15806929,Lombardo,652,Germany,Female,36.0,4,59893.85,2,1.0,1.0,43999.64,0
2060,15747772,Nnaife,703,Germany,Male,30.0,4,151027.05,2,1.0,1.0,103549.79,0
2070,15691287,Goliwe,652,Germany,Male,39.0,1,164701.68,1,0.0,0.0,82870.75,1
2076,15656592,Manna,738,Germany,Male,33.0,7,148042.97,1,1.0,0.0,92647.94,0
2084,15776850,Oguejiofor,679,Germany,Male,54.0,5,147973.33,1,1.0,0.0,177618.06,1
2085,15580366,Nkemdilim,652,Germany,Female,41.0,2,96863.13,1,1.0,1.0,164061.6,1
2089,15583548,Ch'iu,850,Germany,Female,33.0,3,129668.43,2,1.0,1.0,80552.11,0
2093,15627195,Lettiere,732,Germany,Male,49.0,8,122388.38,2,1.0,0.0,30020.09,0
2101,15682462,Maclean,838,Germany,Male,35.0,5,107769.42,1,1.0,0.0,48382.4,1
2105,15631240,Lu,641,Germany,Female,41.0,8,153590.73,2,1.0,1.0,130910.78,0
2107,15769948,Palerma,737,Germany,Male,35.0,10,133377.8,2,0.0,1.0,64050.19,0
2121,15583680,Echezonachukwu,850,Germany,Female,28.0,6,111827.09,2,1.0,1.0,177616.71,0
2125,15770101,Houghton,679,Germany,Female,42.0,9,132726.55,3,0.0,0.0,101089.76,1
2128,15613048,Anderson,706,Germany,Female,40.0,4,139973.65,2,1.0,0.0,667.66,1
2134,15599660,Cheng,667,Germany,Male,37.0,7,124425.99,1,0.0,0.0,683.37,0
2138,15659557,Okeke,734,Germany,Female,43.0,8,116968.91,1,1.0,0.0,9972.64,1
2140,15650591,T'ao,826,Germany,Female,33.0,1,117183.74,1,1.0,0.0,48673.18,1
2161,15767954,Okagbue,724,Germany,Male,42.0,1,132403.42,1,1.0,0.0,151911.52,1
2163,15587566,Chidozie,564,Germany,Male,61.0,6,117633.63,1,1.0,0.0,175080.46,1
2168,15589969,Fiorentino,521,Germany,Female,50.0,3,115290.31,2,1.0,1.0,150836.97,0
2178,15693322,Shaver,635,Germany,Female,37.0,9,146748.07,2,0.0,1.0,11407.58,0
2187,15757912,Nwabugwu,633,Germany,Female,41.0,3,123544.0,1,0.0,0.0,96444.88,1
2193,15677310,Christie,606,Germany,Male,62.0,5,98854.34,1,0.0,1.0,86920.97,0
2194,15736069,Hsing,767,Germany,Female,35.0,7,132253.22,1,1.0,0.0,115566.57,0
2199,15727384,Chukwuemeka,705,Germany,Female,43.0,4,146547.78,1,0.0,1.0,10072.55,0
2203,15804950,Hsiung,596,Germany,Female,38.0,0,115587.52,2,1.0,0.0,126307.74,0
2206,15703923,Fanucci,594,Germany,Male,32.0,4,144953.31,1,1.0,0.0,79623.28,0
2208,15788775,Milne,473,Germany,Male,40.0,8,152576.25,2,1.0,1.0,73073.68,0
2211,15688880,Cremonesi,666,Germany,Male,36.0,6,129974.79,1,0.0,0.0,136902.01,1
2213,15753542,Rizzo,608,Germany,Female,35.0,4,96462.59,2,1.0,0.0,92987.34,0
2218,15621611,Martin,729,Germany,Male,34.0,4,95167.55,1,1.0,0.0,176925.69,0
2221,15753248,Tao,528,Germany,Male,45.0,2,108924.33,1,0.0,0.0,25395.83,0
2222,15766272,Folliero,677,Germany,Female,61.0,8,109166.37,1,1.0,1.0,92840.67,0
2228,15798850,White,466,Germany,Male,38.0,2,141796.52,2,1.0,0.0,56580.9,0
2235,15613886,Onwuamaeze,651,Germany,Male,48.0,0,103711.63,1,1.0,1.0,133894.41,0
2237,15751788,Hs?,581,Germany,Female,33.0,4,119413.62,2,1.0,1.0,96420.58,0
2240,15771409,Miller,552,Germany,Female,46.0,6,93616.35,3,1.0,0.0,4554.67,1
2243,15795586,Li Fonti,598,Germany,Male,40.0,6,109196.66,3,0.0,0.0,93835.64,1
2248,15661034,L?,749,Germany,Male,44.0,10,71497.79,2,0.0,0.0,151083.8,0
2251,15713819,Pagnotto,473,Germany,Male,41.0,5,121205.09,1,1.0,0.0,147822.14,0
2259,15632967,Hs?,438,Germany,Male,24.0,3,128914.17,2,0.0,1.0,146573.66,0
2267,15759034,Lai,708,Germany,Female,34.0,5,142396.14,2,1.0,0.0,102921.17,0
2268,15687688,Hou,564,Germany,Male,48.0,10,133658.24,1,1.0,0.0,15378.23,1
2275,15624471,Pisani,606,Germany,Female,43.0,7,115713.84,1,1.0,0.0,26215.85,0
2277,15783659,Pisani,488,Germany,Male,44.0,6,71460.67,1,0.0,1.0,102297.15,0
2279,15666095,Kao,539,Germany,Male,41.0,2,152827.99,2,1.0,0.0,71178.09,1
2280,15726490,Tikhonov,663,Germany,Male,32.0,6,179904.0,2,0.0,1.0,116977.42,0
2287,15638806,Smith,731,Germany,Female,52.0,6,139496.35,1,0.0,1.0,166472.81,0
2295,15620756,Chidiebere,659,Germany,Female,52.0,5,127845.83,1,0.0,0.0,93844.82,1
2296,15646969,T'ang,733,Germany,Male,40.0,8,128653.87,1,1.0,0.0,124411.68,0
2298,15588580,K'ung,564,Germany,Male,38.0,4,109342.82,2,0.0,1.0,141778.52,0
2300,15782591,H?,713,Germany,Male,42.0,6,103769.22,1,1.0,0.0,62402.38,1
2312,15785547,Ch'eng,633,Germany,Male,46.0,7,121063.85,2,1.0,1.0,166586.99,1
2318,15800793,Onwumelu,602,Germany,Male,28.0,3,164858.18,1,0.0,0.0,52820.13,0
2321,15756560,Johnston,763,Germany,Female,44.0,4,142703.4,1,1.0,0.0,97932.68,1
2326,15663164,Yefremova,619,Germany,Male,26.0,10,111183.53,2,1.0,0.0,106327.85,0
2328,15660211,Fanucci,648,Germany,Male,41.0,5,156687.1,1,0.0,0.0,199320.77,0
2331,15763966,Iweobiegbunam,841,Germany,Male,57.0,2,104091.41,1,0.0,1.0,145537.43,1
2336,15641183,Chin,628,Germany,Male,40.0,1,96926.12,2,1.0,0.0,97877.92,0
2339,15787597,Hsu,420,Germany,Male,41.0,6,108377.75,1,1.0,1.0,9904.63,0
2340,15751710,Chimaijem,753,Germany,Male,33.0,4,119688.81,2,1.0,0.0,127875.1,0
2342,15644796,Trevisani,651,Germany,Male,35.0,7,108269.2,1,1.0,1.0,149073.88,0
2346,15754531,Onyemere,667,Germany,Male,26.0,1,81811.71,2,1.0,1.0,150661.42,0
2349,15782530,Ch'en,710,Germany,Male,44.0,5,99097.89,1,1.0,0.0,10070.2,1
2351,15690934,McElhone,679,Germany,Female,25.0,1,129835.26,1,1.0,0.0,146728.47,0
2352,15651581,Power,661,Germany,Female,35.0,2,117212.18,1,1.0,1.0,83052.03,0
2364,15783523,Ts'ai,712,Germany,Male,41.0,2,132667.77,2,1.0,1.0,93336.89,0
2370,15595858,Chinwendu,571,Germany,Female,36.0,4,112957.91,2,0.0,0.0,92868.88,0
2374,15593914,Chukwukere,607,Germany,Male,29.0,0,133901.79,1,1.0,1.0,129964.13,0
2375,15811594,Brierly,710,Germany,Female,44.0,2,113865.83,1,1.0,0.0,151733.43,1
2376,15589543,Ts'ui,826,Germany,Female,30.0,3,119948.09,2,1.0,0.0,93955.21,0
2377,15802071,Levi,762,Germany,Male,33.0,1,117458.51,2,0.0,0.0,178361.48,0
2378,15571221,Tuan,714,Germany,Male,38.0,5,124427.96,2,0.0,0.0,148087.62,0
2379,15648455,Grieve,775,Germany,Female,51.0,2,134796.87,2,1.0,1.0,90384.26,0
2384,15592999,Miah,731,Germany,Male,34.0,2,120596.32,1,1.0,1.0,134910.53,0
2385,15721845,Lucchese,591,Germany,Male,30.0,10,147493.07,1,1.0,0.0,79414.0,1
2393,15752312,Tsao,564,Germany,Female,23.0,1,138825.07,1,1.0,1.0,70563.9,0
2394,15812356,Doherty,722,Germany,Female,40.0,7,89175.06,1,0.0,1.0,152883.95,0
2396,15568088,Jamieson,477,Germany,Male,43.0,3,163714.52,1,0.0,0.0,96123.72,0
2398,15774551,Toscani,569,Germany,Female,43.0,9,127655.22,1,1.0,0.0,168816.03,1
2402,15806318,Niu,651,Germany,Male,46.0,4,89743.05,1,1.0,0.0,156425.57,1
2410,15672299,Ting,543,Germany,Female,40.0,1,127631.62,2,1.0,1.0,102515.42,0
2412,15779973,Gibbons,684,Germany,Male,35.0,3,99967.76,1,0.0,1.0,176882.08,0
2414,15679642,Okechukwu,754,Germany,Male,40.0,6,124596.95,3,1.0,0.0,179843.33,1
2419,15637235,Tung,686,Germany,Female,29.0,3,126679.69,1,1.0,0.0,134600.98,0
2430,15586880,Chiazagomekpere,776,Germany,Female,45.0,7,98799.13,1,1.0,0.0,79414.0,0
2444,15623668,Johnson,653,Germany,Male,33.0,1,154741.45,2,1.0,0.0,25183.01,0
2446,15681026,Hsiung,836,Germany,Female,48.0,3,122453.97,3,1.0,0.0,118059.19,1
2452,15683841,Hamilton,555,Germany,Male,41.0,2,113270.2,2,1.0,1.0,185366.56,0
2453,15576517,Everingham,597,Germany,Male,34.0,7,131082.17,2,1.0,1.0,70618.0,0
2457,15763706,Milani,730,Germany,Male,35.0,5,161691.57,1,1.0,0.0,158527.44,1
2459,15665879,Cheatham,696,Germany,Female,40.0,0,141796.43,1,1.0,0.0,45858.49,1
2461,15806467,Boyle,568,Germany,Male,40.0,1,99282.63,1,0.0,0.0,134600.94,0
2471,15636444,Craig,663,Germany,Female,53.0,2,141616.55,2,1.0,1.0,75888.65,0
2473,15694039,Jen,760,Germany,Female,38.0,9,162888.73,1,1.0,0.0,91098.76,1
2479,15806901,Ku,609,Germany,Female,40.0,6,166948.67,1,1.0,1.0,64446.74,1
2486,15734565,Hs?,724,Germany,Male,42.0,7,119496.87,1,1.0,0.0,122022.89,0
2490,15589380,Fraser,713,Germany,Male,40.0,9,114446.84,2,1.0,1.0,87308.18,1
2497,15602918,Baresi,705,Germany,Male,39.0,5,116324.31,1,1.0,0.0,109733.24,0
2505,15706037,Ch'en,667,Germany,Female,43.0,2,106536.54,1,0.0,0.0,121151.1,1
2513,15801832,Ch'eng,561,Germany,Female,52.0,8,123911.58,1,1.0,0.0,166479.99,1
2520,15659098,Y?an,525,Germany,Female,51.0,7,113599.67,1,0.0,0.0,165879.06,1
2523,15572051,K?,684,Germany,Female,43.0,8,117034.32,1,0.0,1.0,72993.67,1
2528,15768342,Gadsdon,586,Germany,Female,58.0,2,127843.24,1,1.0,0.0,127059.02,1
2530,15605622,Palermo,794,Germany,Female,38.0,6,124616.31,2,0.0,1.0,96517.97,0
2532,15602812,Hsiao,652,Germany,Male,37.0,5,153360.46,2,0.0,0.0,94439.0,0
2541,15582515,Udegbunam,636,Germany,Male,40.0,8,129964.55,1,1.0,0.0,74965.95,1
2553,15662908,Cattaneo,556,Germany,Male,28.0,3,151659.52,2,0.0,0.0,166476.95,0
2566,15632365,Booth,542,Germany,Male,33.0,9,142871.27,2,0.0,1.0,77737.86,0
2570,15693526,Tsao,607,Germany,Male,33.0,1,115350.63,1,1.0,1.0,179032.68,0
2578,15582979,Ch'ien,611,Germany,Male,35.0,2,149961.61,1,1.0,1.0,141400.51,0
2594,15653780,White,559,Germany,Male,43.0,8,141243.53,1,1.0,0.0,182355.21,1
2597,15636590,Tung,729,Germany,Male,26.0,8,116722.8,1,0.0,1.0,102665.96,0
2598,15603749,Ulyanova,744,Germany,Female,32.0,9,138052.53,1,1.0,0.0,18082.43,0
2600,15752694,Gorman,631,Germany,Female,52.0,8,143966.3,1,1.0,0.0,115146.4,1
2603,15707602,Macleod,689,Germany,Female,43.0,0,143934.96,2,1.0,1.0,166929.43,1
2609,15693897,Ch'ien,656,Germany,Female,39.0,7,160982.89,1,1.0,0.0,170195.2,1
2620,15706464,White,667,Germany,Female,44.0,4,97585.32,2,0.0,0.0,57213.46,0
2624,15603949,Tsou,651,Germany,Male,38.0,8,87541.08,1,1.0,1.0,184474.01,0
2626,15701376,K'ung,668,Germany,Female,41.0,8,152958.29,2,1.0,1.0,159585.61,0
2629,15592222,K'ung,646,Germany,Female,51.0,4,102729.55,1,1.0,1.0,94570.78,1
2630,15592078,Davide,590,Germany,Female,27.0,3,123599.49,1,0.0,1.0,1676.92,0
2631,15725997,Chinweuba,504,Germany,Female,31.0,2,97990.49,2,1.0,1.0,162699.7,0
2635,15690164,K?,757,Germany,Female,29.0,9,156848.41,1,1.0,1.0,151241.18,1
2637,15720071,Fiorentino,583,Germany,Female,49.0,7,94753.55,2,1.0,1.0,18149.03,0
2648,15625941,Zetticci,586,Germany,Female,30.0,3,120731.39,2,1.0,0.0,117031.2,0
2652,15667938,Udegbulam,676,Germany,Male,45.0,1,107135.04,2,1.0,1.0,88592.8,0
2661,15721251,Ikedinachukwu,726,Germany,Male,29.0,3,113923.81,2,1.0,0.0,177028.0,0
2664,15571912,Fang,582,Germany,Male,43.0,1,121890.43,1,1.0,0.0,143980.43,1
2666,15740164,Hao,692,Germany,Female,35.0,6,128760.32,1,0.0,0.0,174434.06,0
2676,15594039,Chukwukere,652,Germany,Male,35.0,3,102238.01,1,1.0,1.0,183490.99,0
2677,15761720,Nnanna,673,Germany,Male,42.0,10,94464.81,2,0.0,0.0,70954.41,1
2682,15675794,Hsing,645,Germany,Male,22.0,2,152076.93,1,1.0,1.0,121840.2,0
2684,15698028,Uwaezuoke,748,Germany,Female,37.0,3,141546.68,1,1.0,0.0,138021.36,0
2696,15706844,Genovese,587,Germany,Male,41.0,8,103599.86,2,1.0,0.0,108528.15,0
2698,15791216,Mann,757,Germany,Female,43.0,5,133379.41,1,1.0,0.0,177378.66,0
2700,15762091,Chidumaga,705,Germany,Male,43.0,4,93833.86,1,1.0,0.0,89891.4,1
2707,15644765,Fyodorova,731,Germany,Male,36.0,7,139246.22,2,1.0,0.0,106024.02,1
2713,15751524,Tseng,636,Germany,Female,38.0,7,144287.6,2,1.0,0.0,29552.7,0
2721,15687959,Ch'iu,739,Germany,Male,28.0,8,86915.41,1,1.0,1.0,173425.43,0
2727,15807008,Hsiung,718,Germany,Male,33.0,5,150900.29,2,1.0,1.0,162858.29,0
2757,15689781,Ts'ai,771,Germany,Male,29.0,1,161591.11,1,0.0,1.0,7278.57,0
2758,15732763,Walker,589,Germany,Male,35.0,8,132647.66,2,0.0,0.0,111180.2,0
2760,15575024,Ch'eng,708,Germany,Female,62.0,3,80780.16,1,1.0,0.0,167564.82,1
2764,15755239,Maughan,477,Germany,Male,32.0,4,162657.64,2,1.0,1.0,115525.13,0
2770,15752708,T'an,850,Germany,Male,44.0,9,106804.26,2,1.0,1.0,114083.73,0
2774,15667460,Chien,671,Germany,Male,51.0,4,107959.39,1,1.0,0.0,56768.28,1
2779,15722533,Hsiung,543,Germany,Female,26.0,5,148055.63,1,0.0,1.0,143387.34,1
2781,15605059,Nwachinemelu,681,Germany,Male,32.0,4,148884.47,2,1.0,1.0,83611.45,0
2787,15570192,Mamelu,758,Germany,Male,34.0,0,121626.9,1,1.0,1.0,55701.62,0
2790,15766163,Chukwujamuike,733,Germany,Male,45.0,3,131156.76,2,0.0,1.0,10074.05,0
2801,15791321,Okwudiliolisa,679,Germany,Male,44.0,3,152039.6,1,1.0,0.0,77866.91,1
2802,15725882,Feng,618,Germany,Female,32.0,1,133245.52,2,1.0,1.0,54495.82,0
2806,15626608,Ritchie,655,Germany,Female,45.0,4,115587.49,3,1.0,0.0,162223.67,1
2819,15746341,Walker,727,Germany,Female,37.0,2,116968.91,1,0.0,1.0,27802.0,0
2836,15605968,Hughes,531,Germany,Female,43.0,9,131078.52,2,1.0,1.0,182536.57,1
2838,15656592,Ch'ang,677,Germany,Female,43.0,3,102989.83,1,1.0,1.0,28778.98,1
2839,15689955,Lettiere,539,Germany,Female,47.0,1,115545.62,1,1.0,0.0,104720.41,1
2844,15570002,Burlingame,578,Germany,Male,40.0,2,118772.71,1,1.0,0.0,135853.62,0
2845,15723484,Chidubem,678,Germany,Male,29.0,4,121151.06,2,0.0,1.0,121513.67,0
2848,15783029,Genovese,653,Germany,Male,35.0,9,147545.72,1,1.0,0.0,26327.94,0
2851,15661053,Y?an,813,Germany,Male,27.0,3,139959.01,2,1.0,0.0,155830.53,0
2853,15679963,Chiang,633,Germany,Female,33.0,6,139914.17,2,1.0,0.0,142838.64,0
2856,15742229,Mackay,615,Germany,Male,58.0,2,72309.3,2,1.0,1.0,85687.09,0
2867,15593496,Yudina,678,Germany,Male,38.0,6,125552.63,1,0.0,0.0,126565.21,0
2873,15662397,Chiang,628,Germany,Male,29.0,7,111092.85,2,1.0,1.0,161074.01,0
2884,15589537,Hsieh,537,Germany,Male,48.0,8,144677.09,1,0.0,1.0,112649.66,1
2888,15664506,Kambinachi,633,Germany,Female,32.0,5,92466.21,1,0.0,0.0,79577.5,0
2890,15702789,Aksenov,548,Germany,Male,25.0,5,175214.71,1,1.0,1.0,155165.61,0
2891,15649862,Ch'eng,682,Germany,Female,32.0,1,141431.76,1,1.0,1.0,121365.07,0
2895,15690898,Lu,727,Germany,Male,35.0,6,113948.57,1,1.0,1.0,175544.02,0
2897,15750492,Onyemachukwu,700,Germany,Female,30.0,9,71481.79,1,1.0,0.0,125718.95,0
2899,15597951,Ts'ai,683,Germany,Male,29.0,2,81637.16,1,0.0,0.0,51565.92,0
2901,15733114,Chu,456,Germany,Female,43.0,7,132876.55,2,1.0,0.0,168834.37,0
2909,15642636,Nnonso,687,Germany,Male,46.0,5,120198.42,1,1.0,0.0,161571.79,1
2913,15793896,Ch'ien,732,Germany,Female,33.0,4,108908.73,2,1.0,1.0,163516.16,0
2916,15777784,Rizzo,703,Germany,Male,44.0,9,113923.32,1,0.0,1.0,94573.8,1
2937,15746127,De Luca,683,Germany,Male,40.0,8,136622.55,1,1.0,0.0,105565.9,1
2938,15569410,Tang,601,Germany,Female,53.0,7,114430.18,2,1.0,1.0,153012.13,0
2943,15740411,Molle,704,Germany,Male,30.0,7,141787.31,2,1.0,1.0,109685.61,0
2944,15657957,Y?,602,Germany,Male,44.0,8,113674.2,2,1.0,0.0,197861.16,0
2948,15604515,Yefremov,777,Germany,Female,32.0,7,111543.26,2,1.0,0.0,106327.85,0
2962,15665088,Chinedum,599,Germany,Male,38.0,9,135157.05,1,1.0,0.0,156476.42,0
2966,15737265,Nwokeocha,622,Germany,Female,39.0,6,152182.83,3,1.0,0.0,161203.6,1
2968,15683472,Fanucci,718,Germany,Male,35.0,10,121240.09,2,1.0,0.0,171091.89,0
2978,15758831,Nwebube,795,Germany,Male,43.0,4,90218.9,1,1.0,1.0,79577.4,1
2979,15783718,Okeke,678,Germany,Female,46.0,2,146566.01,2,0.0,0.0,179631.85,0
2982,15661629,Skelton,683,Germany,Male,37.0,10,106301.85,2,1.0,0.0,141872.05,0
2983,15664523,Shih,585,Germany,Female,46.0,2,136444.25,2,1.0,0.0,129451.02,1
2986,15566894,Ch'en,744,Germany,Male,47.0,5,138076.47,1,1.0,0.0,166677.54,0
2991,15630053,T'ien,677,Germany,Female,40.0,2,137933.09,2,0.0,0.0,8128.32,0
2993,15802486,Ejikemeifeuwa,737,Germany,Female,56.0,7,154737.96,1,0.0,0.0,4441.54,1
2997,15662758,Nnaife,678,Germany,Female,49.0,8,124043.8,1,1.0,1.0,119059.13,1
3006,15799600,Ch'iu,733,Germany,Female,60.0,5,102500.34,1,1.0,0.0,121525.48,1
3009,15580487,Martin,627,Germany,Male,38.0,6,106922.92,2,0.0,1.0,84270.09,0
3013,15583725,Chiebuka,616,Germany,Female,37.0,5,76665.71,2,0.0,1.0,164040.94,0
3021,15592089,Nebechi,577,Germany,Male,54.0,1,124577.33,2,1.0,0.0,143393.24,1
3022,15646936,Chukwudi,584,Germany,Male,36.0,3,142905.51,1,0.0,0.0,67972.45,1
3026,15718780,Cox,650,Germany,Female,32.0,2,79450.09,1,0.0,1.0,118324.75,0
3027,15725762,Christian,844,Germany,Female,35.0,4,111827.27,2,1.0,0.0,161051.75,1
3030,15758775,Vasilyeva,642,Germany,Female,30.0,6,109941.51,1,1.0,0.0,75837.58,0
3031,15576723,Pirozzi,608,Germany,Male,36.0,4,62400.29,2,1.0,1.0,174032.64,0
3035,15734008,Bartlett,727,Germany,Female,59.0,5,152581.06,2,1.0,1.0,71830.1,0
3036,15583364,Onyemauchechukwu,697,Germany,Male,41.0,6,98173.02,2,1.0,0.0,140941.47,0
3042,15569364,Tao,619,Germany,Male,33.0,3,131899.0,2,1.0,0.0,145567.34,0
3056,15773876,Ugochukwutubelum,619,Germany,Male,24.0,9,81682.57,1,1.0,0.0,103381.47,0
3063,15746341,Kudryashova,559,Germany,Male,35.0,8,102749.54,1,1.0,1.0,88947.95,0
3065,15738166,Chibugo,653,Germany,Male,34.0,1,151709.33,2,0.0,0.0,102280.29,0
3067,15756928,Fanucci,752,Germany,Female,64.0,1,121063.85,1,1.0,0.0,52856.27,1
3068,15676571,Chiu,652,Germany,Female,46.0,1,109166.56,1,1.0,1.0,170980.86,1
3073,15603135,Boni,634,Germany,Female,59.0,3,95727.05,1,0.0,0.0,97939.4,0
3074,15806958,Chia,746,Germany,Male,43.0,9,104469.43,2,1.0,0.0,52345.88,1
3076,15778190,McIntosh,575,Germany,Female,44.0,8,119496.22,1,1.0,0.0,72929.8,1
3081,15773731,Onuora,535,Germany,Female,33.0,9,81231.85,2,1.0,1.0,131177.22,0
3083,15692671,Fiorentini,742,Germany,Male,45.0,9,128743.55,2,0.0,0.0,102930.46,0
3096,15686236,Trevisani,525,Germany,Female,47.0,2,118087.68,1,1.0,0.0,88120.78,1
3098,15623494,Gartrell,747,Germany,Male,39.0,6,99564.22,2,1.0,0.0,126469.8,1
3100,15679663,Ch'ien,731,Germany,Male,38.0,4,118520.92,1,1.0,0.0,74858.2,1
3107,15678727,Hsiao,739,Germany,Male,27.0,1,105417.43,2,0.0,1.0,146585.78,0
3109,15721460,Tsai,588,Germany,Male,32.0,8,114737.43,2,1.0,0.0,82298.59,1
3120,15641389,Tobeolisa,549,Germany,Female,36.0,5,121250.04,1,0.0,0.0,26767.85,0
3133,15590327,Yeh,753,Germany,Female,36.0,9,108019.27,1,1.0,0.0,133535.29,1
3136,15618239,Chu,686,Germany,Female,35.0,0,72535.45,1,1.0,0.0,179351.89,0
3137,15689237,Genovese,593,Germany,Female,36.0,7,100727.5,1,1.0,0.0,178779.49,0
3142,15645200,Tseng,589,Germany,Male,34.0,8,132944.52,1,1.0,1.0,162756.29,0
3149,15799186,Sabbatini,524,Germany,Male,49.0,10,62482.95,1,1.0,1.0,192434.11,1
3150,15603088,Hsueh,583,Germany,Male,41.0,5,108965.8,1,1.0,0.0,77965.44,0
3158,15583480,Trevisano,601,Germany,Male,44.0,6,161460.43,1,1.0,0.0,82995.65,0
3173,15778975,Hsia,745,Germany,Female,39.0,3,134593.23,2,1.0,1.0,187921.3,0
3176,15685500,Ch'ang,735,Germany,Male,40.0,6,133845.36,1,1.0,1.0,176868.89,0
3177,15774931,Lucchesi,714,Germany,Male,42.0,4,165312.72,2,1.0,0.0,177747.03,0
3184,15725509,Creswell,841,Germany,Male,37.0,7,122528.68,2,1.0,0.0,106663.71,0
3185,15791114,Ts'ui,645,Germany,Male,36.0,8,141827.33,2,1.0,0.0,149139.13,0
3193,15667932,Hs?,678,Germany,Male,33.0,7,143870.28,1,0.0,1.0,97416.34,0
3197,15645847,P'eng,569,Germany,Male,30.0,2,109196.66,3,1.0,0.0,109393.19,0
3203,15674950,Ebelechukwu,544,Germany,Male,39.0,10,142406.43,1,0.0,0.0,146637.45,1
3205,15641312,Mazzi,549,Germany,Male,26.0,10,113348.58,1,1.0,1.0,111242.09,0
3206,15583577,Chuang,711,Germany,Male,56.0,4,97925.02,2,1.0,0.0,106699.08,1
3208,15736228,Chin,753,Germany,Male,54.0,3,125023.1,1,1.0,1.0,131173.9,1
3213,15704581,P'an,637,Germany,Male,34.0,1,125961.74,1,1.0,1.0,158043.11,0
3216,15681554,Bailey,657,Germany,Female,40.0,8,99165.84,1,1.0,0.0,119333.95,0
3224,15566251,Grieve,691,Germany,Male,35.0,8,138875.31,2,1.0,1.0,153879.56,0
3227,15768451,Ch'ang,632,Germany,Male,22.0,4,137510.41,1,0.0,0.0,109623.36,0
3231,15740406,P'eng,521,Germany,Female,33.0,8,125167.05,2,1.0,0.0,131363.57,1
3237,15762416,Nwachinemelu,553,Germany,Female,33.0,9,96734.71,2,1.0,1.0,166678.02,0
3239,15726103,Cameron,577,Germany,Female,27.0,1,152086.15,1,1.0,1.0,44719.5,0
3241,15641675,Hsueh,615,Germany,Male,33.0,3,125847.71,2,1.0,1.0,120108.56,0
3248,15590888,Calabresi,678,Germany,Male,30.0,7,119695.75,1,1.0,1.0,144290.97,0
3262,15720713,Chibueze,850,Germany,Female,34.0,5,103821.47,3,1.0,0.0,199775.67,1
3274,15636551,Martin,683,Germany,Male,30.0,5,131647.01,2,1.0,0.0,138370.75,0
3282,15635388,Brown,638,Germany,Female,39.0,7,122552.34,2,1.0,0.0,82351.06,0
3287,15633112,Madukaego,677,Germany,Female,35.0,6,118199.97,2,0.0,1.0,9452.88,0
3289,15805303,Olisanugo,763,Germany,Male,44.0,1,141136.79,1,1.0,1.0,189742.78,0
3298,15665088,Gordon,531,Germany,Female,42.0,4,118636.92,1,1.0,0.0,90537.47,1
3299,15607112,Chiawuotu,606,Germany,Female,62.0,0,121874.89,1,0.0,1.0,36540.63,1
3304,15789563,Fiorentini,471,Germany,Female,44.0,6,161798.53,1,0.0,0.0,184980.23,0
3308,15634281,Pugh,720,Germany,Female,43.0,10,110822.9,1,0.0,0.0,72861.94,1
3311,15750104,Chan,597,Germany,Female,43.0,5,132615.73,1,1.0,0.0,32999.1,0
3312,15767793,Hsu,679,Germany,Female,41.0,2,132571.67,1,1.0,1.0,30583.95,0
3314,15769356,Lo,562,Germany,Male,43.0,3,103391.54,1,1.0,1.0,173365.89,1
3316,15592098,Chinedum,516,Germany,Male,40.0,2,132436.6,1,1.0,0.0,163497.8,0
3321,15812210,Yashina,497,Germany,Female,42.0,8,111537.23,4,1.0,0.0,9497.99,0
3323,15806569,Trevisani,751,Germany,Male,37.0,9,142911.55,2,1.0,1.0,125870.93,0
3334,15769353,Jenkins,550,Germany,Female,40.0,8,150490.32,2,0.0,0.0,166468.21,0
3339,15661658,Fomin,755,Germany,Female,34.0,2,83492.74,1,1.0,0.0,105558.9,0
3345,15576368,Bledsoe,624,Germany,Male,48.0,3,122388.38,2,1.0,0.0,30020.09,0
3348,15705953,Nnaife,775,Germany,Male,35.0,2,96834.78,1,1.0,1.0,94620.0,0
3354,15682638,Ma,598,Germany,Female,37.0,6,121063.9,1,0.0,0.0,38772.65,1
3355,15625623,Onyeorulu,718,Germany,Female,29.0,5,139246.98,1,1.0,1.0,133589.11,1
3358,15694566,Vachon,850,Germany,Female,31.0,1,164672.66,1,0.0,0.0,61936.1,0
3361,15762331,Chidozie,651,Germany,Female,46.0,1,133866.22,1,1.0,0.0,186574.68,1
3366,15630195,Genovese,710,Germany,Male,29.0,6,113328.93,1,0.0,0.0,122218.28,0
3369,15665181,Fiorentini,613,Germany,Female,56.0,8,126589.99,1,0.0,0.0,92930.51,1
3377,15645316,Maclean,622,Germany,Male,41.0,2,127843.48,2,0.0,0.0,180829.98,0
3384,15795739,T'ien,637,Germany,Female,56.0,4,93816.26,1,1.0,1.0,76640.27,1
3389,15672357,Chibugo,619,Germany,Male,24.0,4,109472.39,2,1.0,1.0,92351.01,0
3391,15663438,Hsieh,693,Germany,Male,37.0,9,160132.75,2,1.0,0.0,174815.54,0
3397,15677908,Hsing,648,Germany,Female,50.0,8,113657.83,1,1.0,0.0,173495.77,1
3402,15758025,Chien,576,Germany,Male,35.0,5,143139.87,2,1.0,0.0,102628.98,0
3418,15743293,Chukwualuka,498,Germany,Male,35.0,4,105473.74,1,0.0,1.0,193008.51,0
3422,15813590,Chukwufumnanya,645,Germany,Male,28.0,4,151855.33,1,1.0,0.0,109733.73,0
3423,15683522,Chukwujamuike,646,Germany,Female,41.0,5,107879.04,1,0.0,0.0,122268.75,1
3433,15576615,Nwachukwu,585,Germany,Female,51.0,8,93522.15,1,1.0,1.0,103557.82,1
3439,15812628,Dodd,453,Germany,Female,38.0,8,120623.21,1,1.0,0.0,129697.99,1
3440,15807961,Tung,687,Germany,Female,38.0,4,133377.8,1,1.0,1.0,93568.77,0
3456,15657284,Day,674,Germany,Male,47.0,8,106901.94,2,0.0,1.0,2079.2,0
3460,15684548,Chiazagomekpere,596,Germany,Male,48.0,8,100946.71,1,0.0,1.0,1243.97,1
3461,15593974,Chiazagomekpere,528,Germany,Male,57.0,2,102708.91,1,1.0,0.0,140889.15,1
3464,15591589,Chidumaga,850,Germany,Female,48.0,1,76779.58,1,0.0,1.0,174811.71,0
3465,15737133,Nworie,678,Germany,Male,34.0,10,128718.92,1,1.0,1.0,131283.6,0
3466,15760865,Fan,638,Germany,Female,48.0,7,141819.02,1,1.0,0.0,93524.22,1
3470,15807595,L?,485,Germany,Male,52.0,7,144244.59,1,1.0,0.0,51113.14,1
3472,15582910,White,656,Germany,Female,46.0,4,100315.1,2,1.0,0.0,78770.86,0
3473,15763171,Hamilton,650,Germany,Female,25.0,2,114330.95,1,1.0,0.0,25325.07,1
3474,15673074,Obidimkpa,466,Germany,Female,30.0,1,126663.51,1,1.0,0.0,162267.91,0
3476,15703713,Onyekachi,635,Germany,Male,48.0,4,137494.67,2,1.0,1.0,178642.44,0
3484,15726103,Tsou,689,Germany,Female,55.0,4,0.0,2,1.0,1.0,42364.75,0
3490,15589563,Purdy,646,Germany,Male,31.0,2,118899.45,3,0.0,0.0,41409.36,1
3491,15749472,Tretiakova,603,Germany,Male,39.0,4,121217.11,2,1.0,1.0,103717.95,0
3496,15794849,O'Connor,683,Germany,Male,33.0,9,122447.42,1,1.0,0.0,164064.4,0
3500,15688082,Onyinyechukwuka,657,Germany,Female,41.0,4,125553.52,2,0.0,1.0,179843.33,0
3507,15583580,Hsiao,663,Germany,Female,33.0,9,133973.27,2,1.0,0.0,131083.5,0
3512,15791029,Dyson,570,Germany,Male,24.0,3,114027.6,2,0.0,1.0,147720.69,0
3516,15737452,Chiang,761,Germany,Male,42.0,8,80926.02,2,0.0,0.0,178342.63,0
3523,15576022,Cremonesi,691,Germany,Female,36.0,8,98710.89,2,1.0,1.0,88866.92,0
3524,15782919,Hsieh,621,Germany,Female,36.0,4,109733.2,1,0.0,0.0,127522.15,1
3527,15737647,Trevisano,712,Germany,Male,34.0,8,98640.4,1,1.0,1.0,174088.67,0
3533,15807340,Lettiere,495,Germany,Female,44.0,4,137555.34,1,1.0,0.0,124872.43,0
3535,15680970,Lombardi,691,Germany,Male,34.0,9,139859.54,1,1.0,0.0,164074.89,1
3537,15591980,Hill,753,Germany,Male,34.0,2,122325.58,2,1.0,0.0,162820.6,0
3543,15702571,Wright,742,Germany,Female,35.0,1,151958.19,2,1.0,1.0,131238.37,0
3546,15802570,Ts'ao,646,Germany,Male,21.0,2,117866.92,2,0.0,0.0,151581.79,0
3548,15789815,Omeokachie,714,Germany,Male,35.0,6,117301.61,1,1.0,1.0,64815.05,0
3550,15782404,Martin,663,Germany,Female,36.0,1,96652.86,2,1.0,0.0,101485.72,0
3577,15725024,Chukwudi,712,Germany,Male,52.0,8,117094.02,1,1.0,0.0,176680.16,1
3584,15656613,Bibi,704,Germany,Female,35.0,10,155782.92,2,0.0,1.0,187985.64,0
3586,15720713,Chibueze,850,Germany,Female,29.0,1,75681.52,1,1.0,0.0,199775.67,0
3601,15768359,T'ien,655,Germany,Female,38.0,2,139290.08,1,1.0,1.0,108301.68,0
3602,15705735,Kaeppel,581,Germany,Female,40.0,1,131402.21,1,0.0,0.0,109496.69,1
3605,15642812,Kuo,682,Germany,Male,39.0,7,116674.3,1,1.0,1.0,111904.16,0
3611,15590327,Liao,604,Germany,Male,43.0,5,166031.45,1,0.0,0.0,98293.14,0
3613,15792229,Chukwukere,613,Germany,Female,27.0,0,139964.24,1,1.0,0.0,172574.85,0
3614,15757632,Chuang,628,Germany,Male,71.0,5,134593.35,1,1.0,1.0,166957.2,1
3615,15802585,Zetticci,550,Germany,Male,32.0,4,111009.64,1,0.0,0.0,101834.95,0
3617,15651144,Yao,632,Germany,Female,46.0,2,150561.03,1,0.0,0.0,64722.61,1
3619,15642041,Pitts,685,Germany,Male,41.0,1,157622.58,1,1.0,1.0,43956.83,0
3621,15801462,H?,693,Germany,Female,51.0,2,108204.52,1,1.0,1.0,177528.92,1
3625,15705735,Chidiebele,749,Germany,Female,46.0,3,122570.86,1,1.0,0.0,167087.34,1
3632,15600626,Fries,671,Germany,Male,31.0,2,125920.98,1,1.0,1.0,103557.85,0
3635,15607537,Ts'ui,584,Germany,Female,38.0,5,102540.61,1,0.0,0.0,82222.86,1
3641,15585222,Nnaife,637,Germany,Female,48.0,3,158742.84,1,1.0,0.0,95985.88,1
3648,15681068,Chinagorom,591,Germany,Male,35.0,2,109730.22,1,1.0,0.0,123882.73,0
3655,15713378,Chizuoke,662,Germany,Male,39.0,2,133476.04,2,1.0,1.0,96463.99,0
3659,15723907,Han,710,Germany,Female,29.0,9,102741.15,2,1.0,1.0,154181.41,0
3667,15643683,T'ao,516,Germany,Female,43.0,8,131371.36,2,1.0,1.0,73858.89,0
3669,15778089,Nwankwo,747,Germany,Male,30.0,9,112930.06,1,1.0,1.0,51364.57,0
3670,15761654,Fomin,563,Germany,Male,37.0,4,136914.88,2,0.0,0.0,74800.62,0
3674,15723720,Oluchukwu,850,Germany,Female,59.0,6,138778.15,2,1.0,1.0,131834.79,0
3678,15796764,Bruno,684,Germany,Male,52.0,5,127585.98,1,1.0,0.0,80593.49,1
3682,15745324,Chidimma,586,Germany,Female,43.0,4,145081.06,1,1.0,0.0,74850.88,1
3685,15708713,Ch'ang,663,Germany,Female,39.0,10,121263.63,1,1.0,0.0,103604.73,1
3688,15814331,Lung,537,Germany,Female,54.0,2,115462.02,2,0.0,0.0,55337.79,0
3692,15645029,Ikedinachukwu,479,Germany,Male,35.0,5,130933.74,2,1.0,0.0,126551.65,0
3704,15680141,Okwudiliolisa,739,Germany,Male,43.0,4,123894.43,1,1.0,0.0,160546.58,1
3705,15743279,Zikoranachidimma,666,Germany,Female,36.0,10,138668.47,1,1.0,0.0,138578.71,1
3713,15651740,Lucciano,708,Germany,Male,28.0,10,152522.47,1,1.0,0.0,124071.71,0
3730,15791851,Lucciano,769,Germany,Female,35.0,0,109026.8,2,1.0,1.0,43999.64,0
3734,15699257,Shih,669,Germany,Male,28.0,4,115915.53,2,1.0,1.0,158815.09,0
3736,15780492,Chiazagomekpele,682,Germany,Male,35.0,4,139707.18,1,1.0,0.0,125870.5,0
3738,15794550,Chia,629,Germany,Male,33.0,9,133050.41,2,1.0,0.0,61164.6,0
3749,15607312,Tseng,602,Germany,Male,34.0,5,140197.18,1,1.0,1.0,144727.45,0
3756,15584776,Nwachukwu,697,Germany,Female,49.0,7,137648.41,1,1.0,0.0,171056.65,1
3757,15691446,Kao,732,Germany,Male,28.0,4,161766.87,1,1.0,1.0,166677.35,0
3758,15694859,Kao,695,Germany,Female,43.0,2,106089.3,1,1.0,1.0,167984.72,1
3759,15617136,Mazzanti,722,Germany,Female,38.0,3,61482.47,2,1.0,0.0,167538.66,0
3761,15724336,Yates,513,Germany,Female,25.0,9,171601.27,1,1.0,0.0,126223.84,0
3771,15775238,Chijindum,691,Germany,Male,30.0,2,101016.53,2,0.0,0.0,156529.44,0
3772,15811343,Hsia,775,Germany,Female,57.0,5,137936.94,1,1.0,1.0,171768.59,1
3773,15752601,Okwudiliolisa,710,Germany,Female,38.0,3,126825.85,1,1.0,0.0,84790.61,0
3777,15783865,Palerma,695,Germany,Male,36.0,7,145303.52,2,1.0,0.0,82868.34,0
3784,15693904,Chiang,604,Germany,Female,30.0,4,84958.6,2,1.0,1.0,194343.72,0
3800,15582116,Ma,712,Germany,Female,45.0,7,132746.2,1,1.0,0.0,26628.88,0
3806,15641114,Nixon,698,Germany,Female,51.0,0,126145.54,2,0.0,0.0,138051.19,1
3807,15595135,Solomon,778,Germany,Female,29.0,4,123229.46,2,1.0,0.0,181221.09,0
3809,15596968,Hsu,670,Germany,Female,43.0,1,98862.54,1,1.0,0.0,136902.01,1
3816,15600781,Hs?,521,Germany,Female,63.0,9,120515.39,1,1.0,0.0,80552.36,1
3822,15660144,Sun,732,Germany,Male,42.0,3,108393.35,2,1.0,1.0,121894.31,0
3824,15693379,Hsing,684,Germany,Female,33.0,2,132022.66,1,0.0,0.0,54474.84,1
3831,15669414,Pisano,486,Germany,Female,62.0,9,118356.89,2,1.0,0.0,168034.9,1
3833,15661036,Manna,739,Germany,Female,33.0,4,128137.42,1,1.0,0.0,113666.48,1
3842,15804953,K?,698,Germany,Female,39.0,7,124545.65,1,0.0,1.0,120586.18,0
3846,15658670,Ts'ui,565,Germany,Female,38.0,1,135795.63,2,1.0,1.0,46510.65,0
3857,15673971,Houghton,703,Germany,Female,44.0,6,146498.76,1,1.0,0.0,64853.51,1
3859,15792668,Hamilton,661,Germany,Male,37.0,9,109908.06,2,1.0,0.0,115037.67,0
3861,15744606,Ch'eng,553,Germany,Female,40.0,5,152265.43,1,1.0,1.0,77951.84,1
3869,15714080,Goliwe,566,Germany,Female,40.0,6,97001.36,2,1.0,0.0,154486.01,0
3880,15621818,Onyekachi,635,Germany,Male,39.0,7,123936.38,2,0.0,1.0,60954.48,0
3881,15793854,Onwughara,705,Germany,Female,35.0,2,144272.07,1,1.0,0.0,121299.14,1
3888,15790744,McIntyre,543,Germany,Female,44.0,3,153366.13,1,1.0,0.0,165562.84,1
3889,15639004,Chukwufumnanya,644,Germany,Male,58.0,4,131834.76,1,0.0,1.0,72993.65,0
3890,15689616,Onwumelu,702,Germany,Female,47.0,9,113381.72,1,1.0,0.0,54478.41,1
3896,15646969,Ch'ien,611,Germany,Female,33.0,8,96402.11,2,1.0,1.0,187930.23,0
3901,15597914,Hsueh,624,Germany,Male,35.0,3,133040.32,2,1.0,1.0,87906.52,0
3917,15764444,Pan,679,Germany,Male,32.0,8,125850.53,2,1.0,1.0,87008.17,0
3920,15680243,Chuang,686,Germany,Male,35.0,3,155973.79,2,1.0,0.0,88814.34,0
3926,15671530,H?,728,Germany,Female,39.0,5,127723.23,1,0.0,1.0,173486.04,0
3929,15780056,Hsiung,590,Germany,Female,39.0,7,116800.25,2,1.0,0.0,70785.27,0
3936,15591248,Chukwumaobim,628,Germany,Male,29.0,9,71996.29,1,1.0,1.0,34857.46,0
3939,15784849,Mazzanti,810,Germany,Female,54.0,0,101116.66,2,1.0,1.0,136776.75,1
3941,15585928,Ch'ien,645,Germany,Female,45.0,1,154483.98,1,1.0,0.0,176712.59,1
3945,15647782,Ch'in,651,Germany,Female,42.0,2,130700.92,2,0.0,0.0,137577.54,0
3947,15652400,Ch'in,678,Germany,Female,46.0,9,92474.05,1,1.0,0.0,107876.2,1
3951,15740900,Chukwuraenye,731,Germany,Male,47.0,6,91287.97,1,1.0,0.0,115037.93,1
3953,15644796,Chigozie,667,Germany,Female,35.0,7,122570.64,2,1.0,1.0,110457.99,0
3960,15718406,Smith,686,Germany,Male,34.0,2,109958.15,1,1.0,1.0,163484.8,0
3965,15658675,DeRose,696,Germany,Male,42.0,9,123917.2,2,1.0,0.0,180800.32,0
3966,15803888,Ch'iu,738,Germany,Female,27.0,2,90145.04,2,1.0,0.0,137720.58,0
3988,15721469,Mach,492,Germany,Male,45.0,9,170295.04,2,0.0,0.0,164741.81,1
3989,15777315,Dickson,675,Germany,Male,40.0,8,122378.61,1,1.0,1.0,131629.71,0
3994,15687558,Mault,640,Germany,Male,38.0,10,118613.34,1,1.0,1.0,168469.65,0
4005,15650391,Palerma,733,Germany,Female,40.0,5,133667.97,2,1.0,1.0,182729.34,0
4011,15724336,Hs?eh,632,Germany,Male,49.0,1,131694.97,1,1.0,0.0,132673.23,1
4012,15573969,Frolov,576,Germany,Female,23.0,4,117306.35,2,1.0,1.0,153711.2,0
4014,15777895,P'eng,730,Germany,Male,53.0,5,147733.64,2,1.0,0.0,122518.5,0
4026,15682890,Onyemauchechukwu,792,Germany,Male,30.0,1,118547.96,2,1.0,0.0,140130.22,0
4031,15788183,Longo,554,Germany,Male,45.0,8,103741.14,1,1.0,0.0,47428.73,0
4033,15701177,Onwumelu,679,Germany,Male,36.0,3,126551.65,1,1.0,0.0,126551.65,0
4036,15735203,Yobachi,521,Germany,Female,46.0,8,132002.7,1,1.0,1.0,142911.99,1
4040,15703354,Aksenov,808,Germany,Female,33.0,3,103516.87,1,1.0,1.0,113907.8,1
4045,15581286,Folliero,667,Germany,Female,34.0,5,132657.55,1,1.0,1.0,122960.98,1
4048,15762799,Alexander,850,Germany,Male,23.0,0,187861.18,1,1.0,1.0,104120.17,1
4053,15603554,Teng,678,Germany,Male,52.0,3,121325.84,1,1.0,0.0,142838.64,1
4062,15586931,Hargreaves,521,Germany,Male,51.0,7,120170.07,1,0.0,0.0,125240.8,1
4066,15595599,Nwebube,543,Germany,Male,33.0,1,82447.94,1,1.0,0.0,93549.74,1
4069,15713774,Cremonesi,633,Germany,Female,30.0,0,88815.56,1,0.0,1.0,176692.65,0
4070,15656901,Ma,583,Germany,Female,59.0,8,153360.02,1,0.0,1.0,192146.63,1
4075,15772798,Ts'ao,748,Germany,Male,65.0,6,102277.71,1,1.0,1.0,84790.41,1
4076,15809263,Y?,748,Germany,Male,29.0,5,109676.52,2,1.0,1.0,25548.47,0
4078,15763093,Martin,653,Germany,Male,25.0,3,109958.11,2,0.0,1.0,136028.99,0
4079,15575060,Hs?,758,Germany,Female,49.0,6,131647.01,1,1.0,1.0,119348.28,1
4083,15662291,Hay,605,Germany,Male,37.0,6,90560.3,2,1.0,1.0,42607.69,0
4086,15660403,Hsia,850,Germany,Male,42.0,0,105770.7,2,1.0,0.0,82662.73,1
4087,15602554,Lucchese,724,Germany,Female,44.0,7,115095.72,1,1.0,1.0,120893.85,0
4093,15603942,Findlay,529,Germany,Male,30.0,4,152212.88,2,0.0,0.0,120219.14,0
4101,15644964,Lo Duca,769,Germany,Female,40.0,1,116034.85,3,1.0,1.0,105939.68,1
4114,15648876,Sandover,501,Germany,Female,27.0,2,132351.29,1,1.0,1.0,27654.44,0
4119,15645271,Radcliffe-Brown,615,Germany,Male,32.0,8,108528.07,2,1.0,0.0,179488.41,1
4121,15765537,Chiu,599,Germany,Female,37.0,8,120847.11,2,1.0,0.0,141210.18,0
4122,15585865,Nwabugwu,569,Germany,Female,32.0,8,145330.43,1,1.0,0.0,132038.65,0
4123,15633648,Clements,636,Germany,Female,33.0,9,99811.72,2,1.0,1.0,126587.27,0
4126,15719265,Chukwukadibia,593,Germany,Male,45.0,6,89588.35,1,1.0,0.0,145552.45,1
4130,15684868,Uchenna,727,Germany,Male,34.0,7,165896.0,2,0.0,1.0,130795.52,0
4139,15809227,Chukwudi,611,Germany,Male,35.0,2,102708.77,2,1.0,1.0,177092.16,0
4146,15582944,Houghton,706,Germany,Male,57.0,4,137936.94,1,1.0,0.0,143668.58,1
4153,15699772,Fanucci,663,Germany,Male,39.0,1,132730.17,1,1.0,0.0,109394.62,0
4173,15631721,P'eng,651,Germany,Male,35.0,7,163965.69,1,1.0,0.0,103511.26,0
4176,15661734,Manna,628,Germany,Female,32.0,7,152827.99,1,1.0,1.0,142911.99,0
4186,15721569,Chialuka,558,Germany,Female,55.0,8,119327.93,1,1.0,0.0,119439.66,1
4187,15761132,Tsai,679,Germany,Female,45.0,1,124037.32,1,0.0,0.0,167183.07,1
4198,15632736,Liang,850,Germany,Female,30.0,3,104911.35,2,1.0,1.0,42933.26,1
4204,15575024,Ch'ien,773,Germany,Male,32.0,7,137755.68,2,1.0,0.0,143829.69,0
4219,15585892,Tretiakova,684,Germany,Male,34.0,7,149349.58,1,1.0,1.0,132673.23,0
4227,15809800,Chiedozie,684,Germany,Male,39.0,4,139986.15,1,1.0,0.0,159823.17,1
4232,15670668,Webb,658,Germany,Male,29.0,5,75395.53,2,0.0,1.0,54947.51,0
4240,15692977,Hsing,707,Germany,Female,33.0,10,139875.2,1,1.0,0.0,136877.24,1
4244,15661442,Kao,581,Germany,Female,20.0,6,147531.82,2,1.0,1.0,116747.62,0
4245,15751203,Cattaneo,683,Germany,Female,35.0,5,56738.47,2,1.0,1.0,100442.22,0
4248,15702541,Mironov,724,Germany,Female,29.0,7,13898.3,1,0.0,0.0,189678.7,0
4254,15603988,Pisano,706,Germany,Female,50.0,9,186942.41,2,1.0,0.0,93717.55,0
4255,15693732,Ferri,674,Germany,Male,56.0,4,94231.13,1,0.0,1.0,121175.86,0
4259,15750243,Hsiung,741,Germany,Female,39.0,2,106506.84,2,1.0,0.0,180800.27,0
4260,15682628,Chia,615,Germany,Female,40.0,2,127523.06,2,1.0,1.0,136797.15,0
4271,15705657,Hewitt,527,Germany,Female,29.0,3,131344.52,1,1.0,0.0,54949.73,1
4275,15669290,Fan,536,Germany,Female,37.0,2,127862.93,1,1.0,0.0,104253.56,0
4292,15654870,Ch'en,584,Germany,Male,33.0,4,99786.07,2,1.0,0.0,138542.87,0
4293,15712199,Ijendu,749,Germany,Male,61.0,1,183997.7,3,1.0,0.0,161217.18,1
4294,15759021,Chiemenam,710,Germany,Male,35.0,7,129855.32,2,0.0,0.0,1528.4,0
4296,15583681,Tretiakova,645,Germany,Female,49.0,4,107786.47,1,1.0,0.0,173683.0,1
4297,15683593,H?,632,Germany,Female,41.0,2,151848.76,2,1.0,0.0,145795.86,1
4302,15576044,K'ung,727,Germany,Female,42.0,8,122717.9,2,1.0,1.0,110114.19,0
4307,15628292,Aikenhead,651,Germany,Male,43.0,6,92716.96,2,1.0,0.0,105125.65,0
4316,15796956,Onio,521,Germany,Female,52.0,8,119545.48,2,1.0,0.0,163714.92,0
4317,15642491,Onochie,645,Germany,Male,34.0,3,141827.17,2,1.0,1.0,129892.78,0
4319,15572467,Hs?eh,809,Germany,Male,39.0,8,134740.58,2,0.0,0.0,71862.81,0
4321,15742638,Warner,778,Germany,Female,42.0,8,152324.66,1,1.0,0.0,171733.22,0
4324,15815095,Palerma,546,Germany,Female,37.0,1,106074.89,2,1.0,1.0,26389.92,0
4333,15652320,Woronoff,725,Germany,Male,40.0,5,122185.53,1,0.0,0.0,100727.68,1
4334,15772467,Chiang,661,Germany,Female,40.0,3,118627.07,1,1.0,0.0,172363.66,1
4340,15636396,Onyemere,565,Germany,Male,42.0,9,98612.1,1,1.0,0.0,177670.57,1
4341,15804009,Amechi,806,Germany,Male,50.0,9,168085.38,1,1.0,0.0,115146.4,1
4343,15740147,Cremonesi,721,Germany,Male,35.0,5,135020.21,2,0.0,1.0,93777.61,0
4346,15798975,T'ien,652,Germany,Male,28.0,7,137948.47,2,1.0,1.0,135875.51,0
4351,15645593,Teng,681,Germany,Female,53.0,6,118627.36,1,1.0,0.0,78915.3,1
4363,15674724,L?,578,Germany,Female,55.0,8,116953.27,1,1.0,1.0,175072.47,1
4372,15773868,Belov,653,Germany,Male,41.0,5,125734.2,2,1.0,1.0,134626.3,0
4380,15732674,Chinweike,569,Germany,Male,27.0,3,135853.83,2,0.0,0.0,84564.4,1
4382,15606841,Ch'ien,687,Germany,Male,35.0,9,93688.61,2,1.0,1.0,76764.47,0
4392,15572801,Ch'eng,676,Germany,Male,35.0,6,102773.15,1,1.0,0.0,179908.71,1
4396,15782591,Hu,698,Germany,Male,41.0,1,112414.81,2,0.0,0.0,93982.02,0
4403,15653521,Onuora,709,Germany,Female,40.0,7,104449.8,1,1.0,1.0,747.88,1
4408,15742574,Smith,569,Germany,Female,38.0,2,153893.07,2,1.0,0.0,126471.5,1
4427,15705521,Hsia,648,Germany,Female,46.0,8,132405.52,1,1.0,0.0,92865.04,0
4431,15662758,Toscani,756,Germany,Male,35.0,3,131390.75,2,1.0,1.0,35786.76,0
4434,15693199,Shao,739,Germany,Female,37.0,8,90218.11,1,1.0,1.0,191557.1,1
4438,15598838,Olisaemeka,753,Germany,Female,51.0,6,122314.5,1,1.0,0.0,124615.59,1
4449,15641575,Iweobiegbunam,748,Germany,Male,41.0,2,131844.6,1,1.0,0.0,51871.25,0
4452,15609623,Okonkwo,537,Germany,Male,66.0,10,101952.97,1,1.0,1.0,61936.1,0
4458,15767793,Bock,830,Germany,Male,28.0,9,121537.71,4,1.0,0.0,131300.68,1
4467,15737173,Trevisani,616,Germany,Male,34.0,6,123971.16,1,1.0,1.0,159508.53,0
4475,15737735,Grant,683,Germany,Male,40.0,3,95022.57,1,1.0,1.0,116816.54,0
4484,15623107,Chukwumaobim,706,Germany,Female,38.0,1,117020.08,2,0.0,1.0,54439.53,0
4490,15809515,Liao,797,Germany,Male,36.0,1,151922.94,1,1.0,1.0,8877.06,0
4496,15642379,Chidozie,740,Germany,Male,38.0,2,123823.35,2,0.0,0.0,158435.45,1
4510,15662500,Ts'ao,569,Germany,Male,35.0,2,110368.03,2,1.0,0.0,11384.45,1
4517,15570629,Alexeyeva,670,Germany,Female,72.0,5,146566.01,1,0.0,1.0,169963.2,1
4529,15585855,Fanucci,634,Germany,Female,44.0,0,113379.54,1,1.0,0.0,120894.04,1
4531,15670646,Ts'ui,630,Germany,Male,44.0,6,104887.43,1,0.0,1.0,160523.33,1
4538,15744770,Stone,738,Germany,Male,44.0,3,123557.65,3,0.0,0.0,86414.41,1
4544,15701074,Li Fonti,571,Germany,Male,31.0,3,120599.38,1,0.0,1.0,53440.81,0
4555,15629787,Yobanna,616,Germany,Male,23.0,5,139861.55,1,0.0,0.0,101108.93,0
4558,15734765,Zetticci,501,Germany,Male,45.0,4,124539.4,2,1.0,0.0,835.55,0
4565,15749401,Ch'ang,752,Germany,Male,40.0,4,123873.51,1,0.0,1.0,153898.56,0
4569,15699415,Lewis,651,Germany,Female,46.0,7,150213.71,1,1.0,0.0,120668.46,1
4574,15743818,Yefremov,684,Germany,Female,35.0,1,131411.57,1,1.0,0.0,67594.24,0
4577,15665784,Mazzi,652,Germany,Male,37.0,4,100781.75,1,1.0,0.0,147545.65,0
4581,15761047,H?,724,Germany,Male,31.0,2,160997.54,2,0.0,1.0,64831.36,1
4583,15680405,Fanucci,477,Germany,Female,63.0,6,112652.08,1,1.0,1.0,140886.16,1
4585,15788494,Forbes,598,Germany,Female,40.0,9,132623.76,1,1.0,0.0,129936.53,1
4595,15652658,Okechukwu,679,Germany,Male,41.0,1,97910.71,1,1.0,0.0,173365.9,1
4597,15693864,Holbrook,548,Germany,Female,32.0,0,103846.65,1,1.0,0.0,20560.69,1
4602,15636562,Yuan,613,Germany,Male,34.0,4,98675.74,2,1.0,1.0,138906.85,0
4606,15682578,Hsu,694,Germany,Female,38.0,2,103515.89,2,1.0,0.0,134638.97,0
4607,15648800,Ch'eng,709,Germany,Female,46.0,7,133111.71,1,1.0,0.0,103711.85,1
4615,15730273,Lu,601,Germany,Male,25.0,7,118098.85,2,1.0,1.0,168820.28,0
4621,15702149,Fomin,767,Germany,Female,33.0,1,144753.21,1,1.0,1.0,132480.75,1
4623,15778947,Hao,745,Germany,Male,56.0,6,131691.33,2,1.0,0.0,12761.16,1
4632,15784868,Ma,717,Germany,Male,36.0,4,163822.06,1,1.0,1.0,136540.09,0
4642,15662478,Chidiebere,627,Germany,Female,43.0,8,105961.49,1,1.0,0.0,80591.48,1
4644,15772363,Hilton,742,Germany,Female,42.0,0,101979.16,1,1.0,1.0,90928.48,0
4647,15793331,Chinedum,614,Germany,Female,35.0,0,133598.38,1,1.0,0.0,177655.68,1
4652,15705994,Udinese,694,Germany,Male,34.0,1,95556.31,2,0.0,1.0,78622.46,0
4655,15592645,O'Loughlin,683,Germany,Female,40.0,5,140197.18,1,0.0,0.0,111879.21,0
4664,15793029,Chukwuebuka,748,Germany,Female,38.0,4,115897.33,2,1.0,0.0,104719.57,1
4665,15757912,Davidson,540,Germany,Female,37.0,0,125977.81,1,0.0,0.0,160162.42,0
4671,15716041,Hao,591,Germany,Male,25.0,8,146584.19,2,0.0,1.0,86764.46,0
4675,15604072,Whitehead,590,Germany,Male,31.0,9,81902.58,1,1.0,1.0,182321.99,0
4678,15654096,Johnston,617,Germany,Male,36.0,7,122200.31,2,1.0,0.0,49594.02,1
4683,15654880,Lai,711,Germany,Female,39.0,9,171922.72,1,1.0,1.0,177092.16,0
4684,15684321,Fanucci,467,Germany,Male,39.0,9,121718.52,2,1.0,1.0,100717.31,0
4687,15671097,Lucciano,636,Germany,Male,46.0,5,131394.56,1,1.0,1.0,53534.8,1
4688,15760568,Dalrymple,593,Germany,Female,38.0,5,142658.04,2,0.0,0.0,135853.62,0
4689,15664754,Nnaemeka,730,Germany,Male,49.0,6,84448.13,2,1.0,0.0,183490.48,0
4691,15691803,Teng,663,Germany,Male,49.0,10,109798.5,1,1.0,1.0,143980.27,1
4699,15754919,Chijindum,573,Germany,Female,36.0,2,179960.2,2,1.0,1.0,83679.46,0
4700,15798053,Zikoranachidimma,632,Germany,Male,29.0,6,103960.04,1,0.0,0.0,145549.48,0
4704,15605918,McGregor,691,Germany,Male,55.0,9,134937.57,1,0.0,0.0,61961.1,1
4709,15758050,Burgess,790,Germany,Male,49.0,6,107418.27,1,0.0,1.0,160450.21,1
4717,15577985,Chukwuemeka,635,Germany,Male,43.0,7,110935.11,4,1.0,1.0,145588.81,1
4727,15593349,Yermakov,641,Germany,Female,37.0,7,153674.56,2,0.0,1.0,91359.39,0
4735,15801559,Chiang,496,Germany,Female,34.0,9,181461.48,1,1.0,0.0,187929.43,0
4738,15709780,Boyd,667,Germany,Female,37.0,6,83347.25,1,1.0,0.0,7953.62,0
4739,15771573,Hsiung,681,Germany,Male,32.0,5,99811.71,1,0.0,1.0,132418.79,0
4742,15800793,Hsia,604,Germany,Female,58.0,4,182491.57,1,1.0,0.0,185830.72,0
4743,15769974,Shih,679,Germany,Female,37.0,6,170057.62,1,1.0,0.0,54398.56,0
4748,15726267,Paterson,850,Germany,Male,41.0,2,121669.23,1,0.0,1.0,62825.03,1
4751,15767594,Yeh,579,Germany,Male,32.0,10,107949.45,2,0.0,1.0,55857.48,0
4759,15777033,Sazonova,638,Germany,Female,54.0,2,120911.75,2,1.0,0.0,123587.93,1
4760,15791333,Tsao,710,Germany,Male,48.0,7,95293.42,1,1.0,1.0,123338.56,0
4766,15693205,Peng,691,Germany,Female,39.0,8,109153.96,1,1.0,1.0,148848.76,0
4767,15698510,Onio,604,Germany,Female,35.0,2,140197.44,2,1.0,1.0,63687.34,1
4779,15593094,K?,709,Germany,Female,45.0,3,138056.55,1,1.0,0.0,136028.97,1
4782,15776936,Thorpe,613,Germany,Male,36.0,5,137479.13,1,1.0,0.0,25669.1,1
4783,15707962,Trevisano,585,Germany,Female,36.0,6,146050.97,2,0.0,0.0,86424.57,0
4795,15605036,Raff,666,Germany,Female,35.0,2,97001.36,1,1.0,1.0,121311.14,1
4801,15680141,Sergeyeva,721,Germany,Female,35.0,5,147936.42,1,1.0,1.0,62199.78,1
4807,15781298,Chukwualuka,695,Germany,Male,41.0,9,124577.33,1,1.0,0.0,106858.5,1
4809,15785819,Shih,684,Germany,Male,45.0,6,113817.07,1,1.0,0.0,140941.47,1
4816,15623430,Hill,537,Germany,Female,40.0,3,131834.8,1,1.0,0.0,166476.95,0
4830,15790689,Ponomaryov,726,Germany,Female,40.0,9,109844.81,1,1.0,0.0,180862.26,1
4834,15781884,Knox,624,Germany,Male,27.0,9,94667.29,2,0.0,1.0,4470.52,1
4835,15654457,Chibueze,585,Germany,Female,41.0,9,135643.0,4,1.0,1.0,199775.67,1
4836,15794941,Chibueze,647,Germany,Female,59.0,7,126061.51,3,1.0,1.0,189159.97,1
4838,15806901,Tuan,651,Germany,Female,41.0,9,151701.45,1,1.0,0.0,104730.58,0
4839,15592751,Boni,590,Germany,Female,46.0,6,128137.42,2,1.0,1.0,93820.49,1
4843,15649060,Milne,727,Germany,Female,28.0,3,82729.47,2,1.0,0.0,72985.61,0
4851,15592645,Nnanna,736,Germany,Female,28.0,4,153537.57,2,1.0,1.0,25650.04,0
4858,15739046,Chukwuebuka,678,Germany,Female,24.0,2,113957.0,2,1.0,1.0,141069.43,0
4861,15736250,Johnstone,569,Germany,Male,38.0,9,132578.92,1,0.0,1.0,87412.74,0
4866,15584812,P'eng,634,Germany,Male,26.0,9,71240.4,2,1.0,1.0,148848.14,0
4870,15655875,Lombardi,715,Germany,Female,54.0,6,131878.06,1,0.0,1.0,154841.5,1
4879,15670889,Walker,775,Germany,Female,39.0,2,141752.03,2,0.0,0.0,93332.64,0
4880,15671709,Ijendu,684,Germany,Female,33.0,6,123126.75,2,1.0,1.0,77830.16,0
4894,15732903,Kolesnikov,599,Germany,Female,29.0,1,61671.19,1,1.0,1.0,171060.01,0
4895,15674850,Ozerova,663,Germany,Female,37.0,3,101629.3,3,1.0,0.0,73686.75,1
4896,15717231,Li,729,Germany,Female,34.0,4,98459.6,1,0.0,1.0,90821.66,0
4897,15662483,Chambers,850,Germany,Female,43.0,7,117438.17,1,0.0,1.0,173851.11,1
4906,15716085,Uspenskaya,516,Germany,Male,36.0,2,152812.58,1,0.0,0.0,94498.82,0
4909,15661830,Lucciano,794,Germany,Female,33.0,6,119695.75,1,1.0,0.0,26136.13,0
4913,15643635,Simpson,753,Germany,Female,61.0,2,138878.81,1,1.0,0.0,129936.53,0
4924,15772381,Shao,667,Germany,Male,41.0,2,116777.42,2,1.0,1.0,116692.8,0
4925,15772632,H?,544,Germany,Female,36.0,3,128843.67,2,1.0,0.0,179908.71,0
4926,15746490,Pinto,683,Germany,Male,46.0,4,89087.39,1,1.0,1.0,131769.24,1
4927,15686977,Iloerika,648,Germany,Male,31.0,5,126816.18,1,1.0,1.0,151169.83,0
4931,15778290,Kao,590,Germany,Male,45.0,6,120130.26,2,1.0,1.0,1002.25,0
4937,15686974,Ugoji,498,Germany,Female,39.0,9,161801.43,2,1.0,0.0,161223.84,0
4938,15752857,Palerma,452,Germany,Male,52.0,3,98443.14,2,0.0,0.0,92033.98,0
4943,15621064,Whitehead,683,Germany,Female,36.0,1,155519.58,1,0.0,1.0,71244.59,0
4944,15790763,Yeh,593,Germany,Male,39.0,4,149961.99,1,1.0,0.0,156821.72,0
4954,15716347,Griffin,663,Germany,Male,37.0,7,143625.83,3,1.0,0.0,176487.05,1
4955,15587038,Yobachi,749,Germany,Female,38.0,2,115730.71,2,1.0,0.0,164844.33,0
4957,15569248,Watson,678,Germany,Female,47.0,9,129120.97,3,1.0,0.0,100618.17,1
4964,15693764,Chang,688,Germany,Female,54.0,9,129855.72,3,1.0,0.0,153727.32,1
4967,15658982,Sullivan,672,Germany,Female,23.0,5,110741.56,2,1.0,0.0,80778.5,0
4973,15648967,Hsiao,571,Germany,Male,22.0,9,117438.92,1,1.0,1.0,47880.71,0
4975,15672097,Ch'en,705,Germany,Female,38.0,3,125847.59,1,1.0,1.0,177640.08,1
4977,15695078,White,651,Germany,Male,45.0,1,91025.56,1,0.0,0.0,81619.52,1
4981,15781210,Ch'ien,545,Germany,Female,32.0,5,116662.96,1,1.0,1.0,89972.25,1
4987,15804787,P'an,660,Germany,Female,71.0,1,110414.65,1,1.0,1.0,83470.78,0
4997,15721935,Hsing,758,Germany,Female,53.0,0,125845.28,1,0.0,1.0,121083.18,1
5005,15726747,Donaldson,714,Germany,Male,63.0,5,138082.16,1,0.0,1.0,166677.35,0
5013,15661591,Zetticci,638,Germany,Female,35.0,9,114756.14,1,0.0,0.0,171344.09,0
5017,15645200,Chiang,581,Germany,Female,54.0,2,152508.99,1,0.0,1.0,187599.8,0
5021,15680587,Ch'eng,691,Germany,Male,32.0,2,127160.78,1,1.0,1.0,103934.99,0
5024,15578866,Brookes,699,Germany,Female,20.0,8,117468.67,1,0.0,0.0,185227.42,0
5037,15672930,Teng,664,Germany,Male,38.0,5,102278.79,2,1.0,0.0,93953.84,0
5040,15762216,Hsueh,661,Germany,Female,38.0,9,133636.1,1,0.0,1.0,60907.42,0
5045,15629985,Eidson,707,Germany,Female,47.0,5,90450.0,1,0.0,0.0,103379.31,1
5046,15637354,Okwudilichukwu,554,Germany,Male,49.0,5,81811.71,1,1.0,0.0,141149.98,1
5050,15692926,Toscani,498,Germany,Male,29.0,1,121854.45,1,1.0,0.0,132210.49,0
5052,15776518,Pugh,579,Germany,Female,38.0,8,175739.36,1,1.0,0.0,193130.55,1
5057,15709451,H?,707,Germany,Female,29.0,1,98268.6,2,1.0,0.0,100130.95,0
5062,15772896,Ch'ien,648,Germany,Male,42.0,3,113909.67,2,1.0,1.0,151412.53,0
5065,15723989,Okwuadigbo,724,Germany,Male,39.0,10,135337.49,1,1.0,0.0,97949.75,1
5081,15731251,Tsou,652,Germany,Female,25.0,6,125889.52,1,1.0,0.0,147098.56,0
5087,15766887,Chukwumaobim,669,Germany,Male,41.0,6,162082.08,1,1.0,1.0,107825.08,1
5093,15591457,Ts'ui,667,Germany,Female,46.0,8,123086.39,1,1.0,1.0,133671.61,1
5097,15591995,Barry,757,Germany,Male,39.0,8,121581.56,1,1.0,0.0,127059.04,0
5099,15743498,Chukwualuka,589,Germany,Female,53.0,10,132828.66,1,1.0,0.0,131919.44,1
5102,15637324,Chu,537,Germany,Male,43.0,4,144596.65,1,0.0,0.0,181224.84,1
5107,15665340,T'ang,684,Germany,Female,34.0,9,96877.21,2,1.0,0.0,187976.88,0
5111,15673578,Kenenna,642,Germany,Male,36.0,7,140080.32,2,1.0,1.0,157908.19,0
5116,15584584,Lajoie,561,Germany,Male,43.0,9,168920.57,1,1.0,1.0,101617.64,0
5120,15680804,Genovesi,646,Germany,Female,52.0,9,92656.46,1,1.0,0.0,62381.61,1
5125,15663888,Connor,634,Germany,Male,36.0,9,204017.4,1,1.0,1.0,109538.35,0
5126,15686870,Doyle,594,Germany,Male,41.0,2,122545.65,2,1.0,1.0,42050.24,0
5128,15585865,Horsley,847,Germany,Male,33.0,10,133200.21,2,1.0,1.0,49424.37,0
5130,15641009,Mazzi,669,Germany,Male,47.0,8,102924.39,2,0.0,0.0,148898.35,1
5135,15631884,Genovesi,589,Germany,Male,25.0,7,75888.13,2,1.0,0.0,120531.59,0
5137,15740072,Iheanacho,587,Germany,Female,44.0,1,129264.32,4,1.0,0.0,187944.4,1
5145,15772761,T'ao,775,Germany,Female,50.0,5,121898.63,1,0.0,0.0,172749.94,1
5147,15595036,Pinto,686,Germany,Female,47.0,4,130463.41,1,1.0,1.0,93881.75,1
5154,15573520,Raff,773,Germany,Male,40.0,3,149961.76,1,0.0,0.0,187632.24,0
5165,15691111,Pai,648,Germany,Female,42.0,2,121980.56,1,1.0,1.0,4027.02,0
5169,15641691,Kepley,590,Germany,Female,31.0,2,132627.07,2,1.0,1.0,182628.54,0
5176,15767954,Osborne,635,Germany,Female,30.0,1,152797.9,1,1.0,0.0,53483.21,1
5185,15671710,P'eng,679,Germany,Male,29.0,2,121151.05,1,0.0,1.0,124586.81,0
5188,15778975,Ndubueze,596,Germany,Male,36.0,7,131834.8,1,1.0,1.0,161579.85,1
5193,15584091,Chien,652,Germany,Male,41.0,6,127864.26,1,1.0,0.0,149535.75,0
5200,15637646,Shao,710,Germany,Male,39.0,7,119859.59,1,1.0,1.0,162962.83,0
5205,15748595,Remington,704,Germany,Male,36.0,1,133656.91,3,1.0,1.0,102756.38,1
5211,15614168,Maclean,736,Germany,Male,53.0,0,115074.02,1,0.0,0.0,175072.47,1
5212,15737888,Hsia,612,Germany,Male,36.0,4,115888.04,2,1.0,1.0,172646.88,0
5215,15567367,De Luca,641,Germany,Male,30.0,2,141749.74,2,1.0,1.0,138871.12,0
5217,15581370,Chidi,653,Germany,Female,47.0,1,120189.53,1,1.0,0.0,74872.66,1
5227,15641043,Ifeatu,524,Germany,Male,29.0,9,127480.58,1,1.0,0.0,179634.69,1
5235,15691396,Brown,684,Germany,Male,34.0,8,152296.79,2,1.0,1.0,72350.47,0
5237,15760093,Ndubueze,684,Germany,Male,43.0,2,131924.66,2,0.0,1.0,119817.16,0
5249,15806030,Hsueh,704,Germany,Male,35.0,7,109938.21,2,1.0,1.0,176713.68,0
5251,15583090,Chibueze,724,Germany,Female,54.0,1,118879.23,1,1.0,0.0,155786.01,1
5261,15763515,Shih,576,Germany,Female,57.0,4,113882.33,1,1.0,0.0,70613.52,1
5263,15677908,Chiu,640,Germany,Male,51.0,1,127559.18,1,0.0,0.0,137895.84,1
5273,15680597,Cover,598,Germany,Male,27.0,2,131326.47,1,1.0,1.0,149535.97,0
5274,15607877,Chiazagomekpele,687,Germany,Female,28.0,2,110142.54,1,1.0,1.0,50595.72,0
5292,15790324,Houghton,655,Germany,Female,40.0,9,146498.76,1,1.0,0.0,64853.51,0
5294,15788291,Okwuadigbo,713,Germany,Female,51.0,3,144606.22,2,1.0,1.0,56594.36,0
5295,15796617,Nkemakolam,648,Germany,Male,30.0,8,161591.11,2,1.0,1.0,136497.28,0
5297,15626985,Gouger,807,Germany,Female,39.0,0,135645.29,1,1.0,0.0,171681.86,0
5301,15794048,Lo,726,Germany,Male,36.0,4,123180.01,2,1.0,1.0,103548.25,1
5306,15696514,Wood,748,Germany,Male,40.0,4,115221.36,2,0.0,1.0,70956.75,0
5311,15783840,Kao,729,Germany,Female,30.0,7,134811.58,1,0.0,1.0,71333.46,0
5313,15628292,Ch'ien,686,Germany,Female,49.0,3,102562.23,1,0.0,0.0,63846.36,1
5315,15758071,Chien,709,Germany,Male,37.0,5,110941.73,2,1.0,1.0,63939.57,0
5320,15576517,Yobanna,597,Germany,Female,33.0,3,98373.94,2,1.0,1.0,26387.63,0
5325,15763665,Chibugo,545,Germany,Male,27.0,9,133313.57,1,1.0,1.0,143535.57,0
5327,15605782,Iadanza,598,Germany,Female,55.0,8,101438.0,1,0.0,0.0,93874.68,1
5328,15597951,Nwabugwu,644,Germany,Female,54.0,2,128743.8,1,0.0,1.0,52861.89,1
5330,15675328,Ojiofor,546,Germany,Male,33.0,8,93832.69,1,1.0,1.0,159618.19,0
5331,15580366,Okeke,583,Germany,Male,44.0,4,118613.34,2,0.0,0.0,172646.88,0
5332,15806945,Manna,709,Germany,Female,35.0,4,101827.07,1,1.0,0.0,167773.55,0
5337,15658158,Smith,667,Germany,Male,43.0,9,0.0,1,0.0,0.0,110881.56,0
5342,15684924,Chikwado,684,Germany,Male,34.0,3,132412.59,2,0.0,0.0,126479.71,0
5345,15594577,Hs?,677,Germany,Female,52.0,3,121093.49,1,1.0,0.0,177622.38,1
5346,15758451,Hsing,696,Germany,Male,38.0,4,118537.73,2,1.0,1.0,72945.61,0
5348,15710853,P'eng,578,Germany,Male,41.0,7,148846.39,1,0.0,0.0,1561.58,0
5359,15683483,Steere,714,Germany,Female,41.0,3,95293.86,1,1.0,1.0,125710.53,0
5360,15700353,Pisano,537,Germany,Male,30.0,3,124601.59,2,0.0,1.0,106851.7,0
5361,15682758,Nwachinemelu,624,Germany,Female,44.0,5,96863.49,1,0.0,0.0,105818.41,1
5366,15761149,Ch'ang,592,Germany,Male,36.0,1,144773.29,1,1.0,0.0,120853.83,1
5377,15803965,Ugochukwu,756,Germany,Female,57.0,9,155060.41,1,1.0,1.0,88479.02,1
5378,15665416,Kao,679,Germany,Male,34.0,9,114493.79,1,0.0,1.0,122022.89,0
5382,15653765,O'Loughlin,732,Germany,Female,34.0,6,98173.52,2,1.0,1.0,146677.29,0
5383,15672638,Shubin,707,Germany,Male,33.0,8,132746.96,2,0.0,1.0,38772.91,0
5387,15593973,Fuller,735,Germany,Female,42.0,2,151027.56,3,0.0,0.0,170320.58,1
5391,15669664,Thompson,574,Germany,Female,54.0,1,99774.5,2,0.0,0.0,4896.11,0
5397,15582924,Ts'ai,752,Germany,Male,46.0,3,143936.51,2,1.0,0.0,52856.43,0
5401,15760849,Walker,676,Germany,Male,29.0,2,107604.66,1,0.0,0.0,126172.11,0
5405,15648455,Ch'iu,685,Germany,Female,46.0,4,137964.51,1,0.0,0.0,17744.72,1
5409,15671299,Onwuatuegwu,615,Germany,Female,44.0,9,139562.08,2,1.0,1.0,141872.05,0
5410,15583371,Azubuike,552,Germany,Male,46.0,8,178317.6,1,1.0,1.0,197428.64,0
5415,15750015,Sagese,724,Germany,Male,42.0,10,141137.85,1,1.0,0.0,156921.04,1
5417,15772381,Yeh,627,Germany,Female,40.0,5,118569.73,1,1.0,0.0,122021.43,0
5425,15703264,Chukwufumnanya,735,Germany,Male,44.0,9,120681.63,1,1.0,0.0,74836.34,0
5431,15792994,Onyemauchechukwu,803,Germany,Female,51.0,6,105962.79,3,1.0,1.0,100183.05,1
5437,15771417,Okwudiliolisa,709,Germany,Male,37.0,5,128932.4,1,1.0,1.0,164064.44,0
5442,15686959,Nkemakolam,591,Germany,Male,42.0,6,146776.73,1,0.0,0.0,131501.49,1
5447,15658052,Chinomso,594,Germany,Male,37.0,9,141819.07,1,1.0,0.0,90977.43,0
5454,15610105,Smith,727,Germany,Male,54.0,0,154974.42,3,1.0,0.0,102799.41,1
5456,15754588,P'eng,535,Germany,Female,52.0,3,109844.81,1,1.0,1.0,141501.45,1
5457,15725882,Chijindum,633,Germany,Male,39.0,3,81811.71,1,1.0,1.0,77866.91,0
5461,15612193,Pisano,562,Germany,Female,44.0,10,122314.5,2,0.0,1.0,68574.88,0
5471,15683544,Onwumelu,634,Germany,Female,38.0,2,144773.29,2,1.0,1.0,60905.51,0
5475,15702499,Chidiebere,595,Germany,Female,25.0,4,95834.71,2,1.0,0.0,143950.4,0
5479,15685920,Hsia,646,Germany,Male,36.0,2,148384.64,2,1.0,1.0,55859.27,0
5486,15786792,Mazzanti,693,Germany,Female,35.0,3,119960.29,2,1.0,0.0,99692.65,0
5492,15738291,Onwuamaeze,571,Germany,Female,34.0,4,144733.84,2,1.0,1.0,40962.63,0
5495,15772862,Ponomarev,703,Germany,Male,44.0,3,147510.49,1,0.0,1.0,176436.45,1
5496,15727138,Genovese,768,Germany,Female,36.0,5,142475.87,1,1.0,0.0,107848.24,1
5497,15697534,Zetticci,732,Germany,Female,28.0,1,122314.7,1,1.0,1.0,124625.09,0
5503,15605067,Calabresi,752,Germany,Female,35.0,5,141546.36,2,1.0,0.0,146056.29,0
5516,15799128,Milanesi,579,Germany,Male,41.0,9,106196.33,1,1.0,1.0,108891.2,0
5521,15626322,Teng,776,Germany,Female,30.0,8,72309.3,2,1.0,0.0,163295.87,0
5523,15682048,Milne,758,Germany,Male,44.0,10,142876.88,2,1.0,0.0,183963.34,0
5528,15722072,Hou,630,Germany,Male,53.0,5,138053.67,1,1.0,1.0,114110.97,0
5531,15810227,Yang,623,Germany,Male,33.0,2,80002.33,1,0.0,0.0,93767.03,0
5535,15606397,Cameron,772,Germany,Female,26.0,1,152086.15,1,0.0,1.0,44719.5,0
5542,15750335,Kao,737,Germany,Female,41.0,7,141082.88,1,1.0,0.0,133050.27,0
5544,15754084,Shaffer,735,Germany,Female,39.0,0,145988.65,2,1.0,1.0,140166.95,0
5546,15693577,Blesing,630,Germany,Male,38.0,5,92341.68,2,1.0,0.0,180652.02,0
5553,15659064,Hsia,614,Germany,Male,29.0,4,121854.45,1,1.0,0.0,23481.69,0
5554,15631756,Lo,634,Germany,Female,39.0,1,128743.8,1,1.0,0.0,163550.58,1
5559,15752915,Hsueh,681,Germany,Female,64.0,5,128644.46,2,0.0,0.0,181224.56,1
5566,15795564,Fraser,749,Germany,Female,40.0,5,102395.79,1,1.0,0.0,119368.99,1
5570,15660611,Gallo,717,Germany,Male,40.0,3,123403.85,1,0.0,0.0,80134.65,0
5578,15809509,Lombardo,821,Germany,Male,29.0,6,132615.7,1,1.0,1.0,172618.52,0
5584,15681709,Biryukov,682,Germany,Male,36.0,4,155423.23,2,1.0,1.0,91843.71,0
5592,15705639,Onyemauchechukwu,656,Germany,Female,28.0,5,146566.01,1,1.0,1.0,159830.58,0
5596,15777046,Parry,614,Germany,Female,32.0,7,125167.74,1,1.0,1.0,136071.05,0
5597,15731751,Mazzi,554,Germany,Female,54.0,7,129810.6,1,0.0,0.0,149575.59,1
5601,15626233,Rooke,594,Germany,Female,32.0,0,152092.44,1,1.0,1.0,83508.93,0
5603,15589147,Nkemakonam,683,Germany,Female,37.0,0,120530.13,1,0.0,1.0,170829.77,1
5608,15781535,Hs?,633,Germany,Female,55.0,2,102773.2,1,1.0,0.0,185541.2,1
5610,15650059,K'ung,762,Germany,Female,37.0,7,100260.88,2,1.0,0.0,120818.47,0
5616,15661670,Chidozie,524,Germany,Female,31.0,8,107818.63,1,1.0,0.0,199725.39,0
5622,15778155,Onyekachukwu,479,Germany,Female,30.0,5,109570.21,1,1.0,0.0,109041.53,0
5623,15778936,Onwumelu,562,Germany,Male,31.0,3,148962.46,2,1.0,0.0,88837.15,0
5626,15797960,Tien,743,Germany,Female,41.0,9,102945.01,1,1.0,1.0,180318.6,0
5632,15747222,Ch'eng,605,Germany,Male,31.0,6,102338.88,2,0.0,0.0,113657.86,0
5633,15651052,McMillan,399,Germany,Male,28.0,2,127655.22,2,1.0,1.0,139994.68,0
5635,15571940,Shih,581,Germany,Female,42.0,5,133377.8,1,1.0,1.0,188343.05,1
5646,15809905,Koger,682,Germany,Male,46.0,1,139973.65,2,1.0,0.0,30807.02,0
5647,15781589,Martin,693,Germany,Female,42.0,8,116295.29,1,1.0,0.0,113410.89,1
5648,15670066,Yeh,641,Germany,Female,39.0,4,146329.73,1,1.0,0.0,167969.15,1
5653,15773858,Ch'en,751,Germany,Female,32.0,6,123379.46,1,1.0,1.0,143477.98,0
5662,15724186,Hsueh,707,Germany,Female,49.0,2,102630.76,3,1.0,1.0,109563.61,1
5668,15623202,Ugoji,665,Germany,Female,36.0,6,131769.04,1,1.0,0.0,118974.77,0
5669,15654733,Hsieh,794,Germany,Male,47.0,2,117056.46,1,1.0,0.0,93336.3,1
5670,15710404,McGill,754,Germany,Female,45.0,10,151855.33,1,1.0,0.0,68794.15,1
5673,15633950,Calabrese,763,Germany,Female,67.0,0,172393.46,1,0.0,1.0,179608.12,0
5674,15794479,Shih,713,Germany,Male,35.0,4,141501.33,1,0.0,1.0,129964.94,0
5676,15714080,Goliwe,566,Germany,Female,40.0,2,97001.36,2,1.0,1.0,154486.01,0
5677,15749671,K?,775,Germany,Male,35.0,6,109676.52,1,1.0,1.0,68730.91,0
5682,15776631,Yobachi,573,Germany,Male,32.0,7,123971.51,2,0.0,1.0,135088.58,0
5688,15764072,Fetherstonhaugh,697,Germany,Male,35.0,3,133636.02,1,1.0,1.0,96660.41,0
5689,15665634,Colombo,669,Germany,Male,51.0,3,121702.73,1,1.0,0.0,106564.88,1
5691,15586966,Iadanza,826,Germany,Female,39.0,8,113905.48,2,0.0,1.0,174043.4,1
5699,15717164,Chukwujamuike,695,Germany,Female,32.0,2,122949.14,2,1.0,1.0,162599.51,0
5703,15775124,Nucci,644,Germany,Female,36.0,8,141581.08,1,1.0,0.0,168034.9,1
5706,15682995,Nnabuife,758,Germany,Female,34.0,2,122793.96,2,1.0,1.0,61636.22,0
5707,15573893,Palerma,632,Germany,Female,54.0,9,143571.52,1,0.0,1.0,145558.42,1
5708,15573456,Fanucci,651,Germany,Male,39.0,8,118989.23,1,1.0,1.0,4389.82,0
5710,15597945,Nwokike,607,Germany,Female,46.0,3,103818.79,1,1.0,0.0,48924.73,1
5718,15651460,Hsieh,525,Germany,Male,46.0,6,118087.68,1,1.0,0.0,163504.33,1
5737,15590993,Findlay,579,Germany,Male,37.0,5,152212.88,2,0.0,0.0,120219.14,0
5747,15636089,Hs?,526,Germany,Female,51.0,3,145751.03,2,0.0,0.0,109718.44,1
5757,15591628,Hsiung,687,Germany,Female,33.0,8,110483.86,1,1.0,0.0,62845.04,1
5770,15774696,Cole,640,Germany,Female,75.0,4,106307.91,1,1.0,0.0,113428.77,1
5783,15702919,Hargreaves,727,Germany,Female,53.0,0,182888.08,1,1.0,0.0,145796.49,1
5785,15682454,L?,736,Germany,Male,43.0,3,120911.75,1,0.0,1.0,135962.02,0
5787,15758051,Tsao,598,Germany,Female,46.0,6,139756.48,2,0.0,0.0,133617.15,0
5793,15671748,Ebelechukwu,748,Germany,Male,32.0,7,127864.4,2,1.0,0.0,113581.97,0
5794,15785576,Kao,476,Germany,Female,45.0,2,119496.87,4,1.0,0.0,125848.88,1
5806,15656471,Oluchukwu,653,Germany,Female,29.0,0,122403.56,2,1.0,0.0,124589.66,0
5815,15775888,Greece,554,Germany,Female,44.0,5,128663.81,2,1.0,1.0,125083.29,0
5819,15781530,Hsieh,674,Germany,Male,21.0,8,125470.81,1,1.0,1.0,174536.17,0
5821,15768945,Chibueze,627,Germany,Female,40.0,8,62094.71,1,0.0,1.0,105887.04,0
5825,15664734,T'ao,634,Germany,Female,25.0,3,108244.82,2,1.0,0.0,103573.96,1
5831,15673372,Frewin,559,Germany,Male,43.0,6,141078.28,2,1.0,0.0,170138.66,1
5844,15590828,Chidubem,749,Germany,Male,39.0,4,116969.35,2,0.0,1.0,175722.61,1
5846,15720636,Chinagorom,706,Germany,Female,37.0,4,120530.34,2,1.0,1.0,166586.99,0
5848,15671345,Chukwualuka,544,Germany,Female,44.0,5,137726.55,1,1.0,1.0,153564.8,0
5859,15627395,Manners,643,Germany,Female,41.0,7,154902.66,1,1.0,1.0,49667.28,0
5876,15705918,Howells,775,Germany,Male,36.0,2,169831.46,2,1.0,1.0,27758.36,0
5879,15632801,Chukwubuikem,833,Germany,Female,31.0,4,92887.12,2,1.0,1.0,156906.49,0
5887,15576077,Chikezie,706,Germany,Male,42.0,1,136576.02,1,1.0,0.0,193309.58,0
5889,15576623,Goliwe,757,Germany,Female,53.0,0,106687.76,1,1.0,0.0,57589.29,1
5896,15796764,Bruno,684,Germany,Male,38.0,3,127585.98,1,1.0,1.0,80593.49,0
5899,15791871,Ting,752,Germany,Male,47.0,3,123916.84,1,1.0,0.0,25684.42,0
5907,15614877,Tuan,694,Germany,Female,44.0,6,102277.47,2,1.0,1.0,49424.18,0
5909,15669219,Wilson,588,Germany,Male,35.0,0,104356.38,1,1.0,0.0,94498.82,1
5919,15750141,Reichard,721,Germany,Female,40.0,3,65253.07,2,1.0,0.0,28737.78,1
5931,15781875,Chia,685,Germany,Male,59.0,9,128306.83,1,0.0,1.0,167558.28,0
5936,15665062,Nkemdirim,769,Germany,Male,41.0,7,122311.71,1,1.0,1.0,61240.09,0
5940,15577515,Olisaemeka,691,Germany,Male,33.0,1,142331.47,2,1.0,1.0,103693.83,0
5942,15567893,Yobanna,616,Germany,Female,32.0,3,125907.33,1,1.0,0.0,135837.34,0
5944,15775192,Rounsevell,616,Germany,Male,48.0,4,109978.83,1,1.0,1.0,120852.85,0
5957,15677920,Udinesi,681,Germany,Male,39.0,8,133837.37,2,1.0,1.0,85584.18,0
5972,15769346,Oguejiofor,700,Germany,Male,34.0,4,143330.58,2,1.0,1.0,134483.94,0
5974,15750056,Hsia,679,Germany,Female,48.0,9,114519.57,1,0.0,1.0,75860.01,1
5977,15723339,Chidiebere,591,Germany,Female,35.0,7,126608.32,1,1.0,0.0,74900.4,1
5980,15779974,Chukwubuikem,683,Germany,Female,35.0,3,106821.47,1,1.0,0.0,173929.4,1
5983,15624451,Tuan,619,Germany,Male,37.0,2,125857.93,2,0.0,1.0,114448.79,0
5986,15703563,Sagese,635,Germany,Female,42.0,4,114512.59,1,1.0,0.0,174721.44,1
5989,15680234,Bray,667,Germany,Male,29.0,2,138032.15,1,1.0,0.0,166317.71,0
6001,15807597,Piazza,543,Germany,Female,29.0,5,122501.54,2,1.0,1.0,163482.99,0
6003,15699389,Ch'ien,590,Germany,Male,35.0,7,108410.87,3,1.0,0.0,91429.74,1
6011,15648067,Ch'ang,584,Germany,Male,43.0,9,103570.78,1,1.0,1.0,86416.07,1
6012,15595827,L?,703,Germany,Female,38.0,5,104719.58,1,1.0,1.0,105712.01,0
6015,15566563,Chigozie,585,Germany,Male,34.0,9,106603.4,1,0.0,0.0,84869.13,0
6036,15665629,Chiang,590,Germany,Female,33.0,1,121898.58,1,1.0,0.0,61829.89,0
6048,15605059,Mackie,567,Germany,Male,37.0,1,148843.56,1,1.0,0.0,69414.13,0
6055,15798424,Ch'ang,687,Germany,Male,36.0,9,135096.03,1,1.0,1.0,141210.5,1
6058,15659236,Yobanna,559,Germany,Male,39.0,7,93716.73,2,1.0,0.0,121151.1,0
6065,15588090,Ferri,726,Germany,Female,51.0,8,107494.86,2,1.0,0.0,140937.91,0
6073,15700540,Barrera,557,Germany,Female,38.0,2,129893.56,1,1.0,0.0,102076.03,0
6074,15662532,Holmes,757,Germany,Male,39.0,8,149085.9,2,1.0,1.0,197077.36,0
6078,15747534,Scott,583,Germany,Female,38.0,1,157761.57,2,0.0,1.0,5949.0,0
6080,15714493,L?,562,Germany,Female,42.0,6,115061.74,1,1.0,1.0,160589.15,1
6085,15656937,Chinonyelum,572,Germany,Male,27.0,8,79954.47,1,0.0,1.0,100720.03,0
6090,15703968,Hsueh,678,Germany,Male,42.0,4,148054.87,3,0.0,1.0,133871.51,1
6094,15580227,Moss,803,Germany,Male,33.0,6,0.0,2,0.0,0.0,115676.61,0
6098,15752588,Brown,637,Germany,Male,41.0,3,125801.93,1,1.0,0.0,45956.05,0
6106,15652626,Nwabugwu,584,Germany,Male,46.0,9,139848.17,1,1.0,0.0,176924.21,1
6109,15790935,Johnson,657,Germany,Female,38.0,7,70258.88,2,1.0,1.0,139607.61,0
6113,15769312,Ts'ao,671,Germany,Female,31.0,1,87541.06,2,1.0,1.0,159049.61,0
6114,15795759,Bergamaschi,699,Germany,Female,52.0,1,107906.75,1,1.0,0.0,168886.39,1
6117,15651264,Onyemauchechukwu,641,Germany,Female,37.0,10,123544.21,1,1.0,1.0,172495.81,1
6118,15702464,Obijiaku,570,Germany,Female,42.0,1,137580.69,2,1.0,1.0,55775.84,1
6122,15656096,Ch'ien,521,Germany,Male,45.0,7,139183.09,4,1.0,0.0,93844.86,1
6126,15723858,Mott,780,Germany,Male,74.0,5,94108.54,2,1.0,1.0,177235.23,0
6131,15672447,H?,646,Germany,Male,33.0,10,123365.38,1,1.0,0.0,173498.45,1
6132,15802570,Chukwufumnanya,592,Germany,Male,35.0,6,121571.19,2,1.0,1.0,160968.97,0
6138,15728078,Chiang,662,Germany,Male,41.0,5,119769.77,2,1.0,0.0,28280.8,0
6145,15594084,Duncan,638,Germany,Male,43.0,8,151553.19,1,0.0,0.0,44946.29,1
6154,15591179,Skelton,702,Germany,Male,30.0,2,135067.52,2,1.0,1.0,145537.32,0
6157,15684318,McMillan,543,Germany,Female,20.0,6,149713.61,2,1.0,1.0,124830.11,0
6165,15795895,Dyer,683,Germany,Female,27.0,2,97157.97,2,1.0,1.0,76621.49,0
6174,15764314,Goliwe,629,Germany,Female,42.0,1,107597.28,2,1.0,1.0,1795.84,0
6182,15644297,Austin,614,Germany,Male,38.0,7,178787.54,1,1.0,1.0,195760.53,0
6189,15709920,Ekechukwu,576,Germany,Male,37.0,9,115409.18,2,0.0,0.0,69361.95,0
6190,15740283,Ewing,850,Germany,Male,29.0,1,0.0,2,0.0,0.0,152996.89,0
6192,15752047,Hsueh,462,Germany,Female,39.0,4,161814.64,1,1.0,1.0,169381.9,1
6199,15744045,Chukwuebuka,757,Germany,Female,39.0,5,114020.68,1,1.0,1.0,143980.51,0
6210,15616666,Chukwudi,703,Germany,Male,33.0,8,126808.68,2,0.0,1.0,143585.29,0
6217,15579894,Manna,543,Germany,Female,48.0,4,139998.54,3,1.0,0.0,78970.75,1
6225,15749019,Wong,545,Germany,Male,45.0,6,93796.42,1,1.0,1.0,162321.26,0
6229,15626474,Hsieh,718,Germany,Female,28.0,3,157731.85,1,0.0,1.0,73069.43,0
6238,15593510,Capon,666,Germany,Female,38.0,5,129335.65,2,1.0,1.0,56585.2,0
6249,15643397,Tseng,694,Germany,Male,31.0,3,96106.33,2,1.0,0.0,103316.49,1
6270,15802381,Tseng,656,Germany,Female,41.0,6,161525.88,1,1.0,1.0,80619.58,0
6273,15632051,Hsing,677,Germany,Male,34.0,7,145605.44,2,1.0,0.0,48673.18,0
6282,15731460,P'eng,644,Germany,Male,38.0,1,137841.05,1,1.0,0.0,56794.62,1
6291,15572415,Macgroarty,667,Germany,Male,32.0,2,128137.42,1,1.0,1.0,133653.38,0
6292,15656829,Genovese,603,Germany,Male,45.0,1,126817.65,1,1.0,1.0,14073.11,1
6297,15799479,Chiemela,591,Germany,Male,39.0,4,113481.97,1,1.0,0.0,169654.56,1
6300,15584591,Nwoye,666,Germany,Female,48.0,8,132627.57,1,1.0,1.0,89938.91,1
6309,15815420,Hsueh,542,Germany,Female,37.0,6,155062.8,2,1.0,0.0,143859.66,0
6324,15789425,Chuang,613,Germany,Female,36.0,4,102772.67,1,1.0,1.0,134526.57,0
6327,15576360,Ch'in,600,Germany,Male,40.0,8,141136.79,1,1.0,0.0,67803.83,1
6333,15764351,Yuryeva,668,Germany,Female,27.0,5,120170.07,1,0.0,1.0,50454.8,0
6335,15569682,Chinweike,761,Germany,Female,38.0,7,120530.13,2,1.0,0.0,109394.62,0
6338,15581292,L?,748,Germany,Male,43.0,2,129974.79,1,1.0,0.0,131662.47,1
6346,15770039,Fiorentino,493,Germany,Female,42.0,5,112290.22,1,1.0,0.0,183492.9,1
6348,15646810,Yobachi,554,Germany,Female,30.0,9,111233.59,1,1.0,1.0,102076.92,1
6349,15792626,Hsing,632,Germany,Female,26.0,5,132867.22,1,1.0,1.0,128882.89,0
6355,15613880,Ma,642,Germany,Male,43.0,6,120481.69,1,1.0,0.0,61793.47,1
6372,15744279,Ch'ien,579,Germany,Female,29.0,6,117028.69,2,0.0,1.0,105986.33,0
6375,15789862,Chidiebele,442,Germany,Female,35.0,0,139979.07,2,0.0,1.0,51637.57,0
6377,15662021,Smith,678,Germany,Male,37.0,8,148610.41,2,1.0,1.0,104382.11,0
6379,15702919,Tien,698,Germany,Male,35.0,3,143835.47,1,0.0,1.0,130846.79,0
6381,15711378,Willis,705,Germany,Male,38.0,4,96709.07,1,1.0,0.0,163484.8,0
6386,15777060,Chukwujekwu,645,Germany,Female,35.0,9,113034.31,2,1.0,1.0,107181.22,0
6399,15695792,Ch'iu,719,Germany,Female,30.0,9,153610.61,2,1.0,0.0,93844.89,0
6414,15583550,Mazzanti,593,Germany,Female,36.0,6,119315.75,1,1.0,0.0,79577.38,1
6418,15756638,Aksenov,648,Germany,Female,54.0,2,114421.28,1,1.0,1.0,116692.93,0
6437,15575498,Dickinson,562,Germany,Female,31.0,9,92618.62,1,1.0,1.0,101139.3,0
6438,15625698,McIntyre,683,Germany,Male,45.0,6,132088.66,1,0.0,0.0,131665.25,1
6449,15733581,Duncan,814,Germany,Male,32.0,6,80262.66,1,1.0,0.0,194867.78,0
6455,15769412,Horsfall,562,Germany,Male,33.0,0,152087.59,2,1.0,1.0,26229.74,0
6465,15763171,Manna,667,Germany,Female,33.0,9,124577.15,2,0.0,1.0,77330.35,0
6466,15742272,T'ien,589,Germany,Male,38.0,5,92674.94,2,0.0,0.0,62368.33,0
6471,15587562,Tien,671,Germany,Female,47.0,3,113657.83,1,1.0,1.0,52796.31,1
6475,15591388,Yefremov,567,Germany,Male,66.0,6,125870.13,1,1.0,1.0,161349.51,0
6481,15731166,Hsieh,521,Germany,Male,30.0,7,112949.71,2,1.0,1.0,174822.35,0
6489,15785819,Ijendu,794,Germany,Male,48.0,1,65971.61,1,1.0,0.0,113848.53,1
6491,15597394,Rhodes,669,Germany,Female,37.0,9,130622.34,2,0.0,0.0,128499.94,0
6494,15595842,Ugochukwu,666,Germany,Male,55.0,6,133463.1,1,0.0,1.0,78101.29,1
6501,15642099,Lombardo,725,Germany,Male,43.0,4,111348.15,1,0.0,0.0,63833.09,0
6505,15711219,Chiawuotu,612,Germany,Male,28.0,8,131834.8,1,1.0,0.0,95718.32,0
6507,15777772,Yermakov,717,Germany,Male,25.0,9,73212.03,2,0.0,0.0,113499.98,0
6512,15765322,Grieve,594,Germany,Male,50.0,6,109528.28,1,1.0,1.0,189414.74,1
6523,15732644,Martin,580,Germany,Male,27.0,9,136622.55,1,0.0,0.0,46791.09,1
6524,15738497,Trevisani,647,Germany,Male,43.0,8,131569.73,1,1.0,0.0,80181.12,0
6525,15785542,Kornilova,572,Germany,Female,26.0,5,118287.01,2,1.0,0.0,60427.3,1
6528,15788776,Landor,588,Germany,Male,32.0,6,132623.76,1,1.0,1.0,36292.94,0
6531,15587735,Maclean,510,Germany,Female,42.0,9,133636.16,1,0.0,1.0,103379.31,1
6533,15792250,Nnabuife,616,Germany,Female,45.0,4,122793.96,2,1.0,0.0,62002.04,1
6535,15772482,Iloerika,807,Germany,Male,37.0,8,83415.04,2,1.0,1.0,104876.8,0
6543,15584862,Chin,595,Germany,Female,34.0,7,117715.94,2,1.0,1.0,54865.61,0
6551,15763980,Hsia,667,Germany,Male,36.0,1,124577.26,2,0.0,1.0,12706.67,0
6554,15771529,Genovese,627,Germany,Male,43.0,9,103599.88,2,1.0,1.0,53320.07,0
6563,15707913,Ch'in,714,Germany,Female,44.0,2,141581.71,1,1.0,0.0,175844.79,1
6569,15723032,Kaur,584,Germany,Male,36.0,9,131863.78,1,1.0,1.0,163565.83,0
6574,15679611,Chigolum,697,Germany,Female,44.0,8,132084.66,1,1.0,0.0,136796.38,1
6575,15656822,Ch'iu,644,Germany,Female,47.0,6,122570.03,1,1.0,0.0,173365.55,1
6588,15683403,Lombardi,611,Germany,Male,52.0,10,120586.54,1,0.0,1.0,73585.18,1
6594,15570086,Udegbulam,555,Germany,Female,32.0,7,115563.71,2,1.0,0.0,166516.24,0
6595,15672481,L?,708,Germany,Female,55.0,4,141792.61,3,1.0,0.0,55868.91,1
6598,15809800,Chiang,755,Germany,Female,41.0,8,138881.04,2,1.0,1.0,52861.89,0
6607,15590078,Burns,622,Germany,Male,27.0,9,139834.93,1,1.0,1.0,152733.89,0
6619,15654519,Yudin,680,Germany,Male,43.0,5,123959.97,2,1.0,1.0,76821.24,0
6622,15809585,Baryshnikov,756,Germany,Female,57.0,8,112281.6,2,0.0,0.0,56214.09,1
6625,15802381,Chiang,591,Germany,Male,31.0,8,132726.17,1,1.0,0.0,49553.47,0
6629,15615430,Adams,537,Germany,Female,48.0,8,129646.91,1,0.0,0.0,184125.1,1
6639,15787204,Obielumani,520,Germany,Male,38.0,6,119839.69,1,1.0,1.0,132468.76,0
6645,15582914,Palerma,614,Germany,Male,39.0,8,135422.37,2,1.0,0.0,148814.54,1
6647,15585823,Chukwufumnanya,703,Germany,Male,37.0,5,82844.33,1,1.0,0.0,90177.3,0
6650,15585892,Chiemenam,613,Germany,Female,25.0,7,96956.1,2,1.0,1.0,135083.73,0
6657,15659092,Martin,697,Germany,Male,41.0,7,91835.19,1,0.0,0.0,132870.15,0
6659,15722578,McIntyre,746,Germany,Male,45.0,7,115730.71,1,0.0,1.0,173511.72,1
6660,15666043,Mancini,744,Germany,Female,43.0,9,106603.74,1,1.0,0.0,93629.66,1
6667,15629155,Lai,602,Germany,Male,34.0,5,150679.22,2,0.0,0.0,66929.41,0
6668,15765173,Nkemjika,646,Germany,Female,48.0,0,142326.48,1,0.0,0.0,171364.18,1
6680,15736413,John,619,Germany,Female,33.0,8,95900.04,1,1.0,0.0,145567.34,1
6683,15706394,T'ao,698,Germany,Male,46.0,8,117300.02,1,1.0,1.0,41970.72,1
6699,15799641,Chinweuba,605,Germany,Female,35.0,6,181166.44,2,0.0,1.0,53710.22,0
6701,15700650,T'ao,637,Germany,Female,45.0,2,124829.38,1,1.0,0.0,124775.88,1
6709,15660301,Dellucci,491,Germany,Male,27.0,8,148745.92,2,1.0,1.0,17818.33,0
6714,15764431,Hicks,791,Germany,Female,35.0,3,163700.78,1,1.0,1.0,35600.25,0
6715,15618391,Nnaife,565,Germany,Male,52.0,7,125870.5,1,1.0,0.0,180329.83,1
6716,15630106,Lu,652,Germany,Male,22.0,6,117325.53,1,1.0,0.0,143980.28,0
6721,15613471,Onyemauchechukwu,604,Germany,Male,49.0,9,108716.69,1,1.0,0.0,164835.29,1
6723,15649418,Repina,764,Germany,Male,24.0,4,98148.61,1,1.0,0.0,119446.64,1
6724,15779586,Olisaemeka,657,Germany,Female,36.0,1,94047.75,2,1.0,0.0,34749.65,0
6731,15798885,Rischbieth,631,Germany,Female,51.0,1,128100.28,1,1.0,0.0,107839.03,1
6732,15813911,Hayes-Williams,705,Germany,Female,38.0,1,115518.07,1,0.0,0.0,76544.9,0
6745,15771942,Tsao,658,Germany,Male,50.0,8,93716.72,1,1.0,0.0,171060.01,1
6754,15597594,Chien,704,Germany,Female,43.0,3,127510.88,1,1.0,0.0,163426.68,1
6756,15772030,Yevseyev,633,Germany,Male,41.0,4,141749.74,2,0.0,1.0,90928.02,0
6757,15601503,Iadanza,773,Germany,Female,32.0,7,83348.89,2,1.0,1.0,116816.54,0
6764,15685500,Ch'ien,632,Germany,Male,37.0,2,142882.49,2,1.0,0.0,51871.95,0
6775,15770091,Edwards,684,Germany,Male,28.0,9,160858.13,2,0.0,0.0,27149.27,0
6783,15665790,Hsia,727,Germany,Female,38.0,2,116270.72,1,1.0,1.0,110560.16,0
6784,15691785,Buccho,613,Germany,Female,41.0,8,90757.64,1,1.0,1.0,169183.66,0
6791,15705001,Milne,775,Germany,Female,47.0,8,143595.87,1,1.0,1.0,83617.51,0
6794,15731865,Tuan,681,Germany,Female,34.0,4,137712.01,1,1.0,0.0,103945.58,0
6799,15685500,Smith,644,Germany,Female,41.0,7,120875.15,2,0.0,0.0,92840.21,0
6800,15705403,Seleznyova,682,Germany,Female,52.0,4,106521.49,1,0.0,1.0,86587.37,1
6802,15580149,Ch'ang,596,Germany,Female,42.0,1,121525.5,1,1.0,1.0,140553.53,1
6811,15672481,Kelly,600,Germany,Male,67.0,2,141428.99,1,1.0,1.0,136934.91,0
6816,15710315,Chukwukadibia,681,Germany,Male,41.0,1,146202.93,2,1.0,1.0,93783.0,0
6824,15591257,Liao,725,Germany,Female,24.0,0,143330.56,1,1.0,1.0,113810.12,0
6826,15570076,Tsao,646,Germany,Female,35.0,8,114318.41,1,1.0,1.0,44214.81,0
6830,15763274,Ch'in,661,Germany,Male,48.0,3,120320.54,1,0.0,0.0,96463.25,1
6837,15651581,Bischof,746,Germany,Male,28.0,6,127122.79,2,1.0,1.0,183868.01,0
6842,15590810,Mazzanti,749,Germany,Female,44.0,1,123845.56,1,1.0,1.0,59905.29,1
6844,15699384,Zikoranachidimma,653,Germany,Male,57.0,0,104789.52,1,1.0,0.0,119996.64,0
6854,15629279,Tipton,685,Germany,Female,42.0,9,108477.49,2,1.0,0.0,112771.95,0
6855,15690958,Cantrell,575,Germany,Male,23.0,2,139542.82,1,1.0,1.0,28038.28,0
6862,15750602,Hixson,526,Germany,Female,46.0,9,125155.84,1,1.0,1.0,69291.84,0
6869,15750181,Chukwujamuike,769,Germany,Male,29.0,9,149814.54,1,1.0,1.0,10598.29,1
6877,15772363,Hilton,772,Germany,Male,33.0,0,101979.16,1,1.0,0.0,90928.48,1
6878,15763415,Hsia,597,Germany,Female,54.0,8,114450.19,1,1.0,0.0,71249.29,1
6885,15637476,Alexandrova,583,Germany,Male,57.0,9,124548.99,2,0.0,0.0,9221.78,0
6897,15717191,Chia,792,Germany,Male,39.0,8,127785.39,1,1.0,0.0,152290.59,0
6899,15698510,Fan,696,Germany,Male,44.0,4,119499.42,1,1.0,0.0,174027.3,1
6903,15758025,Ts'ai,657,Germany,Female,58.0,9,126384.42,1,1.0,0.0,179175.79,1
6906,15781554,McGregor,583,Germany,Male,37.0,2,123537.28,1,1.0,0.0,182065.65,1
6908,15693893,Davis,625,Germany,Male,59.0,9,122451.46,2,1.0,1.0,15807.07,0
6911,15572390,Ch'in,551,Germany,Female,32.0,9,81287.18,1,0.0,0.0,59961.97,1
6918,15658067,Ts'ai,706,Germany,Male,36.0,6,174851.9,2,0.0,1.0,82951.12,0
6919,15802869,Ball,737,Germany,Female,46.0,2,99169.67,2,1.0,0.0,78650.95,1
6922,15689268,Fitzpatrick,595,Germany,Male,36.0,9,0.0,1,1.0,1.0,105818.51,0
6930,15612103,Oguejiofor,627,Germany,Female,35.0,7,109632.85,2,1.0,1.0,16149.13,0
6932,15696733,Chinedum,706,Germany,Male,39.0,9,147531.82,1,1.0,0.0,64345.61,0
6935,15658890,Nnachetam,509,Germany,Male,55.0,4,103902.52,1,1.0,0.0,120830.83,1
6943,15757837,King,778,Germany,Female,35.0,5,148088.11,2,0.0,1.0,53949.98,0
6948,15791174,Nwankwo,705,Germany,Female,51.0,1,102730.17,1,0.0,1.0,91561.96,1
6966,15784124,Emenike,494,Germany,Male,25.0,2,93925.3,1,1.0,1.0,123982.14,0
6972,15650018,Ch'eng,714,Germany,Male,47.0,1,101827.51,1,1.0,0.0,146652.01,1
6981,15623478,Maslova,676,Germany,Female,36.0,2,131753.41,1,1.0,1.0,134942.45,0
6993,15804787,Ndukaku,644,Germany,Male,32.0,2,134936.05,1,0.0,1.0,187905.85,0
6997,15691828,Uchenna,679,Germany,Male,25.0,6,97624.04,2,1.0,0.0,131300.24,0
6998,15685300,Yevdokimova,683,Germany,Male,30.0,3,128306.7,2,0.0,0.0,103832.58,0
7007,15677712,Ch'iu,573,Germany,Female,36.0,1,111743.6,2,1.0,0.0,52851.27,0
7008,15669994,Greece,651,Germany,Male,31.0,1,128663.81,2,1.0,1.0,121555.51,0
7014,15722090,Cameron,607,Germany,Male,41.0,3,98365.33,2,1.0,0.0,114514.64,0
7015,15744240,Shen,688,Germany,Female,46.0,0,74458.25,1,0.0,0.0,6866.31,1
7017,15713604,Rossi,425,Germany,Male,37.0,2,166776.6,2,0.0,1.0,172646.88,0
7023,15588923,T'ien,593,Germany,Female,29.0,3,129980.72,1,1.0,0.0,145700.22,1
7030,15720463,Ts'ui,676,Germany,Female,39.0,1,122501.23,1,1.0,0.0,80553.92,1
7036,15606861,Teng,586,Germany,Male,47.0,1,121798.87,1,0.0,0.0,141449.31,0
7055,15571867,White,578,Germany,Male,39.0,7,122785.17,2,1.0,0.0,50777.37,0
7057,15612109,Hao,652,Germany,Male,43.0,8,105473.74,1,1.0,1.0,50839.17,0
7071,15772996,Rooke,659,Germany,Male,42.0,0,152092.44,2,1.0,0.0,83508.93,1
7075,15668058,Chinwendu,661,Germany,Male,35.0,6,124098.54,1,1.0,0.0,86678.48,0
7083,15800793,St Clair,477,Germany,Female,40.0,4,95858.37,2,0.0,1.0,185853.51,0
7085,15614034,Martin,607,Germany,Male,25.0,1,164523.5,2,1.0,1.0,35786.76,0
7088,15672977,Mault,641,Germany,Male,25.0,10,144244.84,2,1.0,0.0,140800.86,0
7092,15634267,Yudin,434,Germany,Male,42.0,5,92616.64,2,1.0,0.0,172618.52,1
7094,15772363,Hilton,772,Germany,Female,42.0,1,101979.16,1,1.0,0.0,90928.48,1
7096,15596575,Rowntree,623,Germany,Male,39.0,7,92805.72,1,1.0,0.0,113868.4,0
7102,15776725,Kerr,724,Germany,Male,39.0,8,172192.49,1,1.0,1.0,136902.01,0
7109,15589224,Martin,648,Germany,Male,48.0,3,108716.59,2,1.0,0.0,136491.72,1
7110,15712121,Ch'iu,712,Germany,Male,48.0,1,132767.66,1,1.0,1.0,26628.88,1
7113,15634949,Hay,593,Germany,Female,47.0,5,161434.36,1,1.0,0.0,65532.17,0
7119,15757911,Chukwualuka,724,Germany,Female,58.0,3,135067.02,3,1.0,1.0,180622.43,1
7122,15697318,Ifeatu,771,Germany,Male,32.0,9,77487.2,1,1.0,1.0,33143.04,0
7123,15729279,Hsia,739,Germany,Female,48.0,2,147661.47,1,1.0,0.0,118862.08,1
7128,15684469,Manna,738,Germany,Male,45.0,9,139542.82,2,1.0,0.0,177747.03,0
7134,15663921,Hao,704,Germany,Male,57.0,5,93547.24,1,1.0,0.0,108891.02,1
7136,15806945,Hs?,637,Germany,Female,39.0,2,138014.4,2,1.0,1.0,140298.24,0
7139,15736146,Ch'ang,481,Germany,Male,38.0,2,113923.34,1,0.0,0.0,100843.87,0
7141,15586133,Pisano,666,Germany,Female,44.0,2,122314.5,1,1.0,0.0,68574.88,0
7143,15799720,Biryukova,616,Germany,Male,48.0,3,101713.84,1,1.0,0.0,100919.36,1
7145,15589614,Chuang,556,Germany,Female,66.0,4,123070.23,1,1.0,1.0,177783.93,1
7149,15711249,Hsing,686,Germany,Male,38.0,3,121355.99,1,0.0,0.0,133672.61,1
7151,15778936,Nnachetam,581,Germany,Male,49.0,1,107871.52,1,1.0,0.0,134527.96,1
7158,15727408,Koo,624,Germany,Male,27.0,8,61688.61,2,0.0,0.0,147059.16,0
7159,15607837,Chukwuemeka,592,Germany,Male,40.0,8,142319.03,1,1.0,1.0,143030.09,0
7165,15593672,Chiekwugo,727,Germany,Male,36.0,5,166066.01,1,1.0,1.0,25887.28,0
7167,15655213,Ch'iu,679,Germany,Female,49.0,9,96652.89,4,1.0,0.0,125079.65,1
7174,15644796,Chukwualuka,685,Germany,Female,31.0,5,152462.79,1,1.0,0.0,187976.55,1
7177,15768367,Liao,731,Germany,Female,31.0,8,118635.94,1,1.0,0.0,180969.55,0
7179,15754537,Chukwukadibia,676,Germany,Female,34.0,9,125437.71,1,1.0,1.0,171045.65,1
7185,15781626,O'Sullivan,616,Germany,Male,23.0,3,111669.68,1,1.0,1.0,121798.52,0
7206,15677732,Wan,554,Germany,Female,39.0,1,118897.1,2,0.0,1.0,45611.51,0
7209,15612187,Maclean,681,Germany,Male,33.0,4,145988.55,1,1.0,1.0,145900.23,0
7221,15653776,Ch'eng,704,Germany,Female,50.0,4,134740.24,1,1.0,1.0,180736.24,1
7226,15581748,Bellucci,699,Germany,Male,57.0,1,101134.87,2,0.0,1.0,70954.41,0
7234,15794868,Chidiebere,554,Germany,Female,28.0,1,162657.64,2,0.0,1.0,138380.11,0
7238,15718507,Su,647,Germany,Male,37.0,5,116509.99,1,1.0,1.0,149517.71,0
7241,15614137,Y?an,594,Germany,Female,63.0,7,102708.77,1,1.0,1.0,161241.65,1
7248,15574331,Alexeeva,591,Germany,Female,62.0,3,118233.81,1,0.0,1.0,24765.53,1
7250,15794448,Hsu,595,Germany,Female,36.0,5,139561.04,1,1.0,1.0,60729.72,1
7252,15798749,Davidson,712,Germany,Female,43.0,3,152063.59,2,0.0,1.0,97910.06,0
7254,15782756,Chin,675,Germany,Male,39.0,2,121588.43,2,1.0,0.0,67749.67,0
7255,15777076,Chigolum,713,Germany,Male,36.0,4,122552.34,1,1.0,1.0,69428.79,0
7259,15740602,Boyle,674,Germany,Female,32.0,8,111568.01,2,0.0,1.0,22026.18,0
7260,15772574,Hsueh,744,Germany,Male,39.0,1,123917.5,1,1.0,1.0,85890.65,0
7261,15783026,Chin,743,Germany,Male,30.0,9,119565.92,2,1.0,1.0,7905.06,0
7262,15576945,Chiu,648,Germany,Female,47.0,6,63663.94,1,1.0,0.0,64375.5,1
7269,15654611,Parry,698,Germany,Male,25.0,8,81732.88,2,0.0,0.0,136497.28,0
7277,15656592,Liu,689,Germany,Female,45.0,7,104449.8,1,0.0,1.0,140579.17,1
7280,15690772,Munro,634,Germany,Female,39.0,3,109387.9,2,1.0,1.0,155721.15,0
7290,15606915,Ugorji,775,Germany,Male,44.0,4,96553.52,2,1.0,1.0,143952.24,0
7294,15678427,Genovese,696,Germany,Female,41.0,3,121558.46,2,1.0,1.0,5983.7,0
7300,15813412,Ch'ien,690,Germany,Male,40.0,8,72835.56,1,1.0,0.0,103379.31,1
7315,15582903,Greece,625,Germany,Male,49.0,5,128504.76,1,1.0,0.0,126812.63,1
7319,15800227,Gorman,553,Germany,Male,49.0,10,95556.31,1,1.0,0.0,182624.93,0
7323,15790829,Hsieh,656,Germany,Female,45.0,6,117494.72,1,1.0,0.0,171452.02,1
7332,15808930,Chukwudi,717,Germany,Female,36.0,3,118098.62,1,0.0,0.0,193209.11,1
7344,15624388,Henderson,619,Germany,Female,50.0,0,110148.49,1,0.0,1.0,56793.02,1
7345,15722061,Tuan,728,Germany,Female,35.0,5,113557.76,1,0.0,0.0,170622.49,1
7348,15657342,Dawson,850,Germany,Male,33.0,4,147972.19,1,1.0,0.0,60708.72,0
7349,15781589,Onyemauchechukwu,726,Germany,Male,27.0,7,157780.69,1,1.0,1.0,72762.62,0
7350,15809836,Aksenov,595,Germany,Male,34.0,3,145537.47,2,1.0,1.0,160527.77,0
7353,15693877,She,646,Germany,Female,48.0,8,113811.85,2,0.0,0.0,189271.9,1
7391,15781023,Ch'iu,637,Germany,Male,29.0,6,126433.59,2,1.0,1.0,172895.52,0
7393,15585867,Romani,435,Germany,Female,32.0,3,92041.87,1,1.0,0.0,43595.9,1
7401,15580912,Onwuamaeze,583,Germany,Male,23.0,2,100315.1,2,1.0,1.0,81298.09,0
7407,15654519,Chia,648,Germany,Male,34.0,7,72945.34,1,1.0,0.0,823.36,1
7410,15715047,Nwokezuike,542,Germany,Male,31.0,6,140745.33,2,1.0,1.0,187834.91,0
7412,15693817,K'ung,636,Germany,Male,48.0,8,119492.4,1,1.0,1.0,131827.98,1
7414,15644882,Watson,557,Germany,Female,36.0,9,78249.53,1,1.0,0.0,136934.91,0
7420,15793049,Chinwendu,803,Germany,Female,54.0,5,122552.34,1,0.0,0.0,179964.55,1
7421,15792781,Tien,744,Germany,Female,32.0,6,145737.03,1,1.0,1.0,184976.48,0
7425,15603840,Fiorentino,719,Germany,Male,54.0,6,142905.57,1,0.0,1.0,65864.4,1
7438,15779913,Lo,679,Germany,Male,35.0,5,110837.73,1,1.0,0.0,176858.5,0
7441,15604515,Ukaegbunam,724,Germany,Female,30.0,8,133040.24,2,1.0,1.0,173576.6,0
7443,15703778,Hughes,668,Germany,Male,40.0,3,134446.04,3,0.0,1.0,111249.62,1
7446,15708063,Hsieh,584,Germany,Male,46.0,10,111760.4,2,1.0,0.0,105732.9,0
7447,15574783,Hsing,850,Germany,Female,40.0,7,116968.91,2,1.0,0.0,149188.41,1
7448,15772337,Lawrence,687,Germany,Female,49.0,0,153855.52,1,1.0,1.0,180862.26,0
7450,15790717,Ch'en,674,Germany,Male,59.0,9,125785.23,1,0.0,0.0,172450.04,1
7458,15779515,Chiemenam,627,Germany,Female,60.0,1,81677.81,1,0.0,0.0,131501.72,1
7466,15782566,Ch'eng,850,Germany,Female,33.0,2,107141.17,1,1.0,1.0,1408.68,0
7482,15802486,Oluchukwu,581,Germany,Male,40.0,4,66592.98,2,1.0,1.0,60774.46,0
7484,15659320,Onyemauchechukwu,594,Germany,Female,38.0,4,149363.02,2,0.0,0.0,92888.62,1
7502,15631072,Schofield,609,Germany,Female,30.0,9,113914.17,2,1.0,0.0,132152.32,0
7504,15646372,Outhwaite,637,Germany,Female,30.0,1,135842.89,1,1.0,1.0,183840.51,0
7509,15702561,Ch'ang,634,Germany,Female,34.0,1,107174.61,1,1.0,1.0,182531.74,0
7510,15677597,T'ang,679,Germany,Male,45.0,2,135041.36,1,1.0,0.0,130486.89,0
7511,15765266,Manna,732,Germany,Male,44.0,3,123760.68,1,1.0,0.0,71672.86,1
7512,15687959,Chia,593,Germany,Male,39.0,9,106022.0,1,1.0,0.0,62830.7,0
7516,15769356,Walker,710,Germany,Female,29.0,2,117035.89,1,1.0,1.0,135077.01,0
7517,15580147,Chia,590,Germany,Female,52.0,4,161207.04,1,0.0,1.0,99844.84,1
7518,15715117,Martin,627,Germany,Male,46.0,2,106045.28,2,1.0,0.0,149814.71,1
7527,15569526,Chu,745,Germany,Female,38.0,6,118546.7,2,1.0,1.0,52449.11,0
7529,15733581,Duncan,831,Germany,Male,32.0,8,80262.66,1,1.0,0.0,194867.78,0
7531,15782390,Ozioma,558,Germany,Male,44.0,4,127980.32,2,1.0,0.0,74850.95,1
7540,15643392,H?,661,Germany,Female,36.0,4,95822.1,1,1.0,0.0,65782.25,0
7544,15670103,Nnachetam,726,Germany,Male,53.0,3,126444.08,1,1.0,1.0,6078.46,1
7549,15798895,Chia,644,Germany,Male,42.0,6,121345.88,1,1.0,1.0,163587.9,0
7551,15800874,Chukwuemeka,668,Germany,Female,36.0,2,99097.85,2,1.0,1.0,94711.66,0
7555,15800326,Ndubueze,850,Germany,Female,48.0,3,145578.28,3,1.0,1.0,166520.96,1
7557,15771059,Welch,756,Germany,Female,34.0,7,148200.72,1,0.0,1.0,194584.48,0
7562,15644832,Ts'ui,728,Germany,Female,47.0,2,98630.31,1,0.0,1.0,173516.71,1
7569,15682722,Hsia,738,Germany,Male,42.0,3,124411.52,2,1.0,1.0,116848.0,0
7571,15690744,Ts'ai,597,Germany,Female,48.0,1,132405.52,2,1.0,0.0,158036.72,1
7572,15640521,Chidumaga,591,Germany,Male,28.0,3,144961.97,1,1.0,1.0,58844.84,0
7573,15671322,Chien,724,Germany,Male,30.0,7,115315.04,1,1.0,0.0,15216.53,0
7582,15814772,Adams,645,Germany,Male,42.0,4,160133.88,1,0.0,1.0,88391.29,0
7585,15749019,Manna,681,Germany,Female,40.0,4,129860.37,1,0.0,0.0,142331.85,1
7592,15654772,Teng,695,Germany,Female,47.0,1,125552.96,1,0.0,0.0,9984.4,1
7595,15692259,Biryukova,686,Germany,Female,28.0,7,105086.74,1,1.0,1.0,184520.0,0
7596,15727059,Hsia,713,Germany,Female,56.0,6,115076.02,2,1.0,0.0,169964.45,1
7603,15658670,Chigolum,516,Germany,Female,40.0,9,111501.66,2,0.0,1.0,160526.36,0
7607,15581733,Ts'ai,537,Germany,Male,55.0,0,123348.56,1,0.0,0.0,64448.02,1
7610,15799785,Ikemefuna,679,Germany,Female,45.0,5,77949.69,1,1.0,1.0,121151.46,1
7611,15793724,Onwuatuegwu,653,Germany,Female,29.0,9,106511.85,1,0.0,1.0,181499.77,0
7612,15785542,Kornilova,579,Germany,Male,26.0,4,118287.01,1,0.0,1.0,60427.3,0
7618,15799720,Y?,653,Germany,Male,44.0,2,125789.75,1,1.0,1.0,6923.4,0
7622,15675203,Shih,563,Germany,Male,35.0,5,90727.12,1,1.0,0.0,67739.35,1
7626,15703541,Wang,772,Germany,Female,25.0,3,143930.92,2,1.0,1.0,46675.51,0
7628,15643966,Udinesi,685,Germany,Female,36.0,2,117899.86,2,1.0,1.0,92634.41,0
7630,15643359,Cullen,736,Germany,Male,49.0,7,139959.55,2,1.0,1.0,189875.83,0
7632,15702300,Hsing,625,Germany,Male,34.0,8,124576.65,1,1.0,0.0,53353.36,0
7637,15750838,Pirozzi,693,Germany,Female,29.0,0,116622.35,2,1.0,1.0,59679.5,0
7644,15692226,Onwumelu,615,Germany,Male,41.0,9,181627.14,2,1.0,1.0,175399.14,0
7667,15694859,McIntyre,844,Germany,Female,49.0,9,132934.89,1,1.0,0.0,1710.89,0
7669,15681068,Cattaneo,632,Germany,Male,40.0,6,122550.05,2,1.0,1.0,170518.83,0
7675,15774536,Turnbull,783,Germany,Female,43.0,0,106640.5,1,1.0,0.0,133699.82,1
7676,15803682,Hsia,618,Germany,Male,46.0,8,122471.09,1,1.0,0.0,15798.7,1
7677,15741643,Knight,593,Germany,Male,50.0,7,171740.69,1,1.0,0.0,20893.61,0
7680,15643394,Ch'iu,555,Germany,Female,33.0,5,137822.18,1,1.0,1.0,176913.87,0
7682,15636428,Manna,545,Germany,Male,26.0,7,133889.26,2,1.0,0.0,157791.57,0
7693,15811389,Eluemuno,763,Germany,Female,60.0,6,128366.44,1,1.0,0.0,93524.22,1
7696,15739248,Golubev,756,Germany,Female,31.0,9,132932.14,1,0.0,1.0,100791.36,0
7697,15571550,Calabrese,681,Germany,Male,44.0,10,105206.7,2,0.0,0.0,163558.36,0
7705,15791533,T'ien,749,Germany,Female,49.0,6,145879.18,1,1.0,0.0,174034.0,1
7715,15593710,Kambinachi,743,Germany,Male,35.0,5,133666.26,1,1.0,0.0,116547.07,0
7716,15693501,Hs?,733,Germany,Male,31.0,7,141581.81,2,1.0,0.0,86950.74,0
7723,15679284,Hs?,606,Germany,Male,54.0,10,144705.87,1,0.0,0.0,156476.36,1
7737,15698732,Tien,652,Germany,Female,37.0,3,104356.38,2,1.0,0.0,94498.82,0
7738,15641694,Nwankwo,706,Germany,Female,43.0,1,127421.47,2,1.0,1.0,143598.56,0
7755,15663873,Maclean,553,Germany,Female,47.0,7,99883.16,2,0.0,1.0,134906.47,0
7756,15660263,Yang,558,Germany,Male,25.0,10,111363.1,2,0.0,1.0,197264.35,0
7760,15728012,H?,684,Germany,Female,43.0,8,127815.85,1,1.0,0.0,120892.96,1
7762,15684011,Miller,577,Germany,Male,49.0,8,110463.25,1,0.0,1.0,173629.78,1
7766,15707559,Mazzanti,699,Germany,Male,34.0,8,162378.61,1,1.0,1.0,167723.25,0
7770,15658713,Chukwuemeka,662,Germany,Male,27.0,1,122291.1,2,0.0,0.0,187976.4,0
7776,15782210,K'ung,724,Germany,Male,42.0,1,154870.28,1,1.0,0.0,152167.79,1
7778,15788367,Lettiere,633,Germany,Female,35.0,3,95858.39,1,1.0,0.0,66462.84,1
7780,15643386,Kaur,683,Germany,Female,30.0,5,113590.28,1,1.0,1.0,6078.92,0
7781,15633227,Kenechukwu,613,Germany,Female,48.0,8,96679.71,2,0.0,0.0,163147.99,1
7783,15762937,Sung,648,Germany,Male,27.0,2,147435.96,1,1.0,0.0,187508.06,0
7794,15812517,Yuryeva,635,Germany,Male,33.0,8,152296.84,1,1.0,0.0,109659.12,0
7795,15593959,Beavers,732,Germany,Female,19.0,9,113905.48,1,1.0,0.0,176137.2,1
7798,15641688,Ritchie,587,Germany,Male,45.0,4,134498.01,1,1.0,0.0,171344.02,1
7801,15637954,Miller,693,Germany,Male,57.0,8,93594.0,1,1.0,1.0,63769.02,1
7818,15621453,Kibble,675,Germany,Male,32.0,10,129742.4,1,0.0,1.0,86793.42,0
7819,15648005,Russell,632,Germany,Male,33.0,5,130538.77,1,1.0,1.0,157527.6,1
7823,15673180,Onyekaozulu,727,Germany,Female,18.0,2,93816.7,2,1.0,1.0,126172.11,0
7824,15623450,Ch'eng,775,Germany,Female,45.0,6,122338.21,1,0.0,1.0,72330.46,1
7827,15671512,T'ien,588,Germany,Female,42.0,9,123401.57,1,0.0,0.0,103781.73,1
7831,15701488,Ndubueze,667,Germany,Female,42.0,8,141913.96,1,1.0,0.0,100557.88,0
7836,15660840,Chin,735,Germany,Male,40.0,8,147974.06,2,1.0,0.0,140810.48,0
7842,15623072,Nwoye,549,Germany,Female,41.0,1,156771.68,1,1.0,0.0,141148.21,0
7845,15626485,Brown,705,Germany,Male,37.0,2,61907.96,1,1.0,1.0,91820.8,0
7850,15803526,Eremenko,849,Germany,Male,30.0,3,113657.41,1,0.0,1.0,135067.02,1
7851,15803365,Palerma,588,Germany,Female,39.0,2,121629.22,1,0.0,0.0,79997.14,1
7853,15690209,Hsiao,745,Germany,Female,38.0,3,142557.11,1,1.0,0.0,42831.11,1
7855,15712199,Ijendu,655,Germany,Male,61.0,2,183997.7,2,1.0,1.0,161217.18,0
7859,15633378,Ch'ien,646,Germany,Male,41.0,5,139914.17,1,1.0,0.0,163989.66,1
7866,15652069,Hs?,745,Germany,Female,42.0,2,127559.3,1,1.0,0.0,61539.8,1
7868,15744327,Hs?eh,850,Germany,Male,35.0,2,117707.18,1,1.0,1.0,162453.06,0
7873,15799480,O'Brien,539,Germany,Female,61.0,1,119624.6,2,0.0,1.0,177896.92,0
7874,15636562,K'ung,773,Germany,Female,41.0,8,115007.09,1,1.0,1.0,171573.5,0
7876,15744544,Hsiao,717,Germany,Female,47.0,4,109783.69,2,0.0,1.0,163830.64,1
7879,15777599,Hsu,665,Germany,Male,38.0,9,106648.98,2,1.0,0.0,52471.86,0
7882,15775335,Walker,686,Germany,Male,39.0,9,143966.2,1,1.0,1.0,186489.95,0
7887,15593795,Linton,516,Germany,Female,53.0,5,156674.2,2,1.0,0.0,118502.34,0
7894,15690829,Ch'ang,603,Germany,Male,36.0,5,126679.69,2,1.0,0.0,99792.82,0
7901,15611247,McKenzie,481,Germany,Female,29.0,3,137964.51,1,0.0,1.0,174570.55,0
7902,15653857,Obidimkpa,584,Germany,Male,23.0,8,122528.65,1,1.0,1.0,90967.18,0
7909,15655229,Ulyanova,559,Germany,Female,33.0,1,114493.07,2,1.0,0.0,72909.75,0
7914,15674554,Smith,571,Germany,Male,29.0,5,105356.89,2,1.0,1.0,59601.62,0
7916,15726774,Cattaneo,662,Germany,Female,44.0,6,106648.94,1,1.0,0.0,182691.75,1
7920,15593499,Lucchese,663,Germany,Female,40.0,1,142400.77,1,0.0,1.0,171718.76,0
7921,15663839,Ch'in,558,Germany,Male,38.0,8,116324.53,1,1.0,0.0,136537.08,1
7923,15750141,Ts'ao,546,Germany,Female,44.0,9,86351.85,2,0.0,0.0,57380.13,0
7938,15585198,K'ung,526,Germany,Male,45.0,8,113680.53,1,1.0,1.0,116781.68,1
7947,15611544,Ibeamaka,707,Germany,Male,35.0,1,95448.32,2,1.0,0.0,189085.07,0
7957,15596971,Ch'in,646,Germany,Male,55.0,7,114421.05,1,1.0,1.0,71492.95,1
7959,15688498,Chu,595,Germany,Female,21.0,2,87096.82,2,1.0,1.0,168186.11,0
7965,15785831,Ch'eng,646,Germany,Female,62.0,1,122218.89,1,0.0,1.0,141364.27,1
7968,15756125,Tsao,597,Germany,Male,26.0,5,137715.66,2,1.0,0.0,82547.01,0
7969,15814268,Ugochukwutubelum,713,Germany,Female,57.0,3,122550.05,1,1.0,0.0,138555.46,1
7973,15658032,Nwankwo,651,Germany,Female,34.0,6,132876.55,1,1.0,1.0,158890.99,0
7981,15593499,Chukwufumnanya,735,Germany,Male,37.0,9,162482.19,2,0.0,1.0,100950.67,0
7984,15772491,Ch'eng,622,Germany,Female,36.0,8,149961.01,2,1.0,0.0,156791.91,0
7985,15624744,Tai,622,Germany,Female,42.0,1,115766.26,2,1.0,0.0,72155.85,0
7997,15684868,Toscani,748,Germany,Female,32.0,1,115761.51,2,1.0,1.0,73564.44,0
7999,15631693,McIntyre,663,Germany,Male,56.0,5,122403.24,1,1.0,0.0,47848.56,1
8007,15680430,Obidimkpa,516,Germany,Male,41.0,8,143350.96,2,1.0,1.0,115262.73,0
8008,15724181,Mironova,668,Germany,Female,26.0,7,97738.97,1,0.0,1.0,151146.67,1
8010,15578515,Nwagugheuzo,653,Germany,Male,55.0,4,157559.96,1,1.0,1.0,54444.1,0
8011,15651075,Chien,524,Germany,Male,34.0,1,141525.55,2,1.0,0.0,180969.55,0
8018,15627839,Pirozzi,586,Germany,Male,35.0,7,157691.98,2,1.0,1.0,142331.39,1
8020,15651369,Hao,785,Germany,Male,39.0,9,105525.04,1,1.0,0.0,55829.25,1
8021,15724336,Rueda,752,Germany,Female,42.0,5,121063.89,1,0.0,1.0,187811.81,1
8027,15792650,Bergamaschi,543,Germany,Male,33.0,5,121206.86,1,1.0,1.0,85578.67,0
8029,15707559,Galkin,584,Germany,Female,40.0,8,106494.55,2,1.0,1.0,46775.52,0
8033,15790810,Genovesi,730,Germany,Female,41.0,7,151636.24,1,1.0,1.0,137096.54,1
8034,15768163,Monaldo,623,Germany,Female,37.0,7,124053.03,2,1.0,0.0,118591.67,0
8042,15640078,Chambers,739,Germany,Male,50.0,3,135134.99,1,1.0,0.0,173683.0,1
8043,15763874,Ho,635,Germany,Female,46.0,2,96863.13,2,1.0,1.0,60739.16,0
8045,15759805,Nucci,582,Germany,Female,64.0,1,137715.66,1,1.0,0.0,59668.81,1
8057,15640059,Smith,606,Germany,Male,40.0,5,140306.38,1,1.0,1.0,63531.19,0
8059,15773469,Kolesnikova,575,Germany,Female,52.0,3,98638.13,1,1.0,0.0,46875.58,0
8068,15738191,Maclean,732,Germany,Male,25.0,8,122531.86,1,1.0,1.0,180829.99,0
8073,15648069,Ozerova,695,Germany,Female,32.0,3,137910.45,1,0.0,0.0,62845.64,0
8074,15753871,Davide,597,Germany,Female,40.0,5,141252.18,1,1.0,0.0,177740.58,1
8079,15569595,Walker,678,Germany,Female,50.0,6,122021.92,1,1.0,0.0,187929.43,0
8084,15756932,Kao,639,Germany,Female,48.0,10,110031.09,2,1.0,0.0,133995.59,1
8090,15637650,Chia,562,Germany,Female,33.0,9,161937.62,2,1.0,1.0,95583.45,0
8091,15798895,Ogochukwu,758,Germany,Female,47.0,4,117469.94,1,0.0,0.0,129975.94,1
8093,15633181,Swinton,794,Germany,Male,31.0,6,71269.89,2,0.0,1.0,38984.37,0
8095,15603665,Lombardo,687,Germany,Female,22.0,0,122318.1,1,1.0,1.0,157557.82,1
8103,15751177,Genovese,714,Germany,Male,31.0,1,56580.32,3,1.0,0.0,162597.4,1
8109,15623644,K?,653,Germany,Male,32.0,3,116082.08,2,1.0,1.0,173495.87,0
8115,15686670,Fanucci,637,Germany,Female,30.0,5,130806.92,2,0.0,1.0,131501.53,0
8123,15795895,Hsiung,738,Germany,Male,35.0,7,139825.53,2,1.0,0.0,140765.57,0
8124,15692430,Milano,678,Germany,Male,36.0,2,123601.56,2,1.0,0.0,103557.85,0
8128,15714397,Martin,543,Germany,Male,41.0,3,143958.95,2,1.0,1.0,93747.72,0
8131,15674851,McGregor,590,Germany,Male,63.0,9,110972.3,1,1.0,1.0,63736.17,1
8145,15742821,Nnamdi,632,Germany,Female,30.0,2,75915.17,2,1.0,1.0,181227.65,0
8148,15702571,Gant,540,Germany,Male,49.0,0,111695.62,1,1.0,1.0,103898.59,1
8162,15642996,Nkemakonam,710,Germany,Male,38.0,4,128743.8,1,1.0,1.0,176925.69,0
8163,15586800,Onyemauchechukwu,646,Germany,Female,31.0,1,121899.83,2,1.0,0.0,110114.49,0
8164,15751177,Fiorentino,699,Germany,Male,29.0,2,110942.9,1,1.0,1.0,152884.85,0
8168,15686983,Rohu,596,Germany,Female,25.0,7,76968.12,2,0.0,1.0,131501.72,0
8182,15652937,Mao,531,Germany,Female,48.0,4,131646.43,1,1.0,0.0,109291.22,1
8186,15624866,Scott,624,Germany,Female,37.0,3,141859.12,2,1.0,0.0,92727.42,1
8190,15736112,Wallace,628,Germany,Female,50.0,4,135871.5,3,1.0,1.0,65612.12,1
8199,15604832,Nkemakonam,621,Germany,Male,36.0,6,116726.22,2,1.0,1.0,27149.27,0
8200,15643770,Dike,693,Germany,Male,36.0,1,125889.3,2,1.0,1.0,97640.2,0
8203,15661833,Ch'en,655,Germany,Female,42.0,5,141918.07,2,1.0,0.0,175836.07,1
8204,15671407,Chiganu,710,Germany,Male,35.0,8,127770.78,1,0.0,0.0,105760.99,0
8212,15732778,Hao,663,Germany,Male,35.0,4,118889.76,1,1.0,1.0,166477.22,1
8216,15806941,Cameron,707,Germany,Male,41.0,7,190409.34,1,1.0,1.0,138361.48,0
8220,15756539,Marshall,585,Germany,Female,39.0,7,165610.41,1,0.0,0.0,131852.01,0
8223,15783883,Chidiegwu,775,Germany,Female,48.0,8,114543.43,1,1.0,0.0,96877.72,1
8235,15685226,Sal,645,Germany,Female,33.0,1,117864.85,2,1.0,0.0,99800.87,1
8239,15658306,Lo,693,Germany,Male,68.0,3,97705.99,1,1.0,1.0,105997.25,0
8240,15692931,Ch'iu,739,Germany,Male,42.0,3,132906.88,2,0.0,1.0,134417.31,0
8244,15588928,Davide,569,Germany,Female,42.0,5,83347.25,1,1.0,0.0,100137.7,1
8246,15800773,Chidubem,581,Germany,Male,42.0,9,108393.35,3,1.0,0.0,103560.98,1
8257,15752409,Mancini,649,Germany,Male,35.0,8,104763.41,1,1.0,1.0,71865.31,0
8264,15655025,Lo Duca,699,Germany,Female,44.0,5,128916.51,1,1.0,0.0,138526.96,1
8266,15673520,Dyer,652,Germany,Female,24.0,4,102540.72,1,1.0,0.0,119348.31,0
8267,15585284,Boulger,841,Germany,Female,33.0,8,116393.59,2,1.0,0.0,89899.94,0
8269,15783615,Ramos,630,Germany,Female,50.0,6,129370.91,2,1.0,0.0,47775.34,0
8278,15678058,Martin,584,Germany,Male,41.0,9,104584.11,1,1.0,1.0,176678.72,0
8284,15782429,Hsiung,634,Germany,Female,54.0,2,96652.08,1,1.0,0.0,98830.03,1
8300,15570086,Okwudiliolisa,776,Germany,Male,34.0,10,103773.26,2,1.0,0.0,61787.05,0
8301,15691840,Lucchesi,709,Germany,Male,32.0,7,139914.6,1,1.0,0.0,49848.86,0
8307,15593601,Ch'ang,628,Germany,Female,56.0,2,93578.13,1,1.0,0.0,141862.57,1
8315,15641582,Chibugo,545,Germany,Male,43.0,10,123180.01,2,1.0,1.0,196673.28,0
8316,15738220,K'ung,594,Germany,Male,44.0,1,119496.25,1,1.0,1.0,141501.45,1
8317,15695585,P'eng,675,Germany,Female,44.0,3,114268.85,3,1.0,1.0,187800.63,1
8329,15637954,Lewis,637,Germany,Female,35.0,9,155470.55,2,1.0,1.0,103557.85,0
8330,15609511,Okwudiliolisa,562,Germany,Male,33.0,5,121245.65,1,1.0,1.0,62987.31,1
8335,15574860,Chuang,554,Germany,Male,33.0,8,115451.07,1,1.0,1.0,133672.06,0
8336,15691823,Mai,622,Germany,Female,29.0,4,86920.86,2,1.0,1.0,57553.02,0
8362,15776223,Davide,595,Germany,Female,47.0,4,166297.89,1,1.0,0.0,123535.05,1
8371,15738889,Nwachukwu,619,Germany,Female,41.0,2,166833.86,2,1.0,0.0,71862.79,0
8381,15752300,Sagese,607,Germany,Male,38.0,1,148826.32,1,0.0,1.0,79450.61,0
8399,15773852,Hayes,658,Germany,Male,42.0,5,70362.52,2,1.0,1.0,104189.46,0
8405,15742681,Liao,595,Germany,Female,31.0,8,126444.08,2,1.0,1.0,82709.8,0
8407,15715715,P'eng,656,Germany,Female,41.0,7,127785.17,1,1.0,1.0,179269.79,0
8408,15726747,Mairinger,682,Germany,Male,48.0,1,117726.33,1,0.0,1.0,159576.75,0
8412,15568449,Y?an,646,Germany,Female,45.0,4,76968.12,2,0.0,1.0,75574.48,0
8419,15692916,Obidimkpa,589,Germany,Female,36.0,7,174853.99,2,1.0,1.0,163868.69,1
8423,15757981,Loggia,748,Germany,Male,66.0,6,88046.88,1,1.0,1.0,163331.65,0
8424,15756610,Dancy,638,Germany,Male,44.0,1,116099.82,1,1.0,1.0,60917.24,1
8441,15617507,Wilson,732,Germany,Female,28.0,1,95984.21,1,0.0,1.0,74322.85,0
8451,15704581,Uchenna,706,Germany,Female,37.0,6,111432.77,2,1.0,0.0,161579.85,0
8452,15666095,Chukwuemeka,529,Germany,Male,37.0,7,86055.17,2,1.0,0.0,113781.99,0
8454,15678058,Ikedinachukwu,648,Germany,Male,37.0,9,105473.65,1,1.0,1.0,153497.8,0
8457,15623062,Loane,749,Germany,Male,38.0,5,85089.3,1,1.0,0.0,705.18,0
8463,15742091,Chiekwugo,714,Germany,Male,36.0,2,99818.47,1,0.0,0.0,141210.65,1
8467,15640846,Chibueze,546,Germany,Female,58.0,3,106458.31,2,1.0,1.0,128881.87,0
8474,15693637,Brown,678,Germany,Female,48.0,8,116922.92,2,1.0,0.0,137720.57,1
8475,15653562,Chia,594,Germany,Male,30.0,3,116886.59,1,0.0,1.0,131304.45,1
8477,15679062,Morrison,744,Germany,Female,46.0,1,123593.22,1,0.0,0.0,82422.97,1
8480,15603065,Nnamdi,600,Germany,Male,63.0,2,118412.19,1,1.0,1.0,184312.64,1
8481,15757737,Hsueh,667,Germany,Male,39.0,5,111565.91,1,1.0,1.0,184980.23,0
8484,15722037,Alvarez,610,Germany,Male,36.0,7,115462.02,1,1.0,0.0,42581.04,0
8491,15662758,Nwankwo,634,Germany,Male,34.0,9,116248.11,1,0.0,0.0,106977.53,0
8516,15585985,Brown,738,Germany,Male,29.0,8,116756.14,2,1.0,1.0,75562.47,0
8518,15758085,Calabrese,695,Germany,Male,34.0,4,125918.1,1,0.0,0.0,177613.19,0
8530,15641250,Shubin,751,Germany,Female,43.0,3,95853.39,2,0.0,0.0,82970.69,0
8533,15598883,King,599,Germany,Female,27.0,7,135020.21,2,1.0,1.0,183840.51,0
8535,15614778,Chiu,611,Germany,Male,37.0,1,96340.81,1,1.0,1.0,147055.87,0
8536,15744127,Chikwendu,580,Germany,Female,33.0,8,151853.87,1,1.0,0.0,155700.22,1
8559,15798834,Dellucci,685,Germany,Male,43.0,7,108589.47,1,0.0,1.0,194808.51,0
8564,15737265,Nwokeocha,728,Germany,Male,35.0,6,152182.83,1,0.0,0.0,161203.6,0
8565,15746880,Onwumelu,630,Germany,Male,41.0,8,99846.6,1,0.0,1.0,69055.36,0
8569,15591295,Hsieh,724,Germany,Female,50.0,6,117356.35,1,1.0,0.0,143980.4,1
8581,15743478,Zito,534,Germany,Male,28.0,8,127320.36,2,1.0,1.0,47775.34,0
8582,15763579,Castro,713,Germany,Male,36.0,4,112281.7,1,0.0,0.0,35865.44,1
8584,15665460,Nixon,732,Germany,Male,67.0,1,117864.85,2,0.0,1.0,177783.04,0
8585,15732943,Okwudiliolisa,574,Germany,Female,36.0,4,77967.5,1,1.0,1.0,167066.95,0
8594,15783030,Tien,569,Germany,Female,38.0,8,133953.87,2,1.0,0.0,186498.95,0
8596,15789955,Hu,698,Germany,Female,56.0,7,112414.81,1,1.0,1.0,93982.02,0
8600,15729087,Ritchie,850,Germany,Female,35.0,2,83347.25,2,1.0,0.0,86480.29,0
8610,15643024,Huang,479,Germany,Female,48.0,4,138718.92,1,1.0,1.0,47251.79,0
8627,15775750,Monaldo,577,Germany,Male,44.0,7,95830.43,2,1.0,0.0,91340.02,0
8628,15647203,Hs?eh,654,Germany,Female,51.0,5,126147.84,1,0.0,1.0,103914.4,0
8633,15569452,P'eng,754,Germany,Female,46.0,6,118907.93,1,1.0,0.0,45424.37,1
8634,15781326,Maughan,575,Germany,Male,29.0,2,104255.2,2,1.0,0.0,91514.86,0
8643,15717898,Udinese,670,Germany,Male,32.0,8,84266.44,2,1.0,0.0,48984.95,0
8644,15756056,Chiu,543,Germany,Male,46.0,4,144775.14,1,1.0,0.0,170819.27,0
8647,15642391,Lettiere,621,Germany,Female,26.0,4,109978.83,1,0.0,0.0,177740.58,0
8650,15656300,Sandefur,676,Germany,Female,61.0,9,69459.05,1,1.0,0.0,82970.69,1
8656,15782778,Gallagher,841,Germany,Male,34.0,9,81733.74,2,0.0,0.0,198017.05,0
8660,15602735,Kuo,693,Germany,Female,32.0,7,152296.83,1,1.0,0.0,108040.86,0
8663,15804919,Fiorentino,659,Germany,Male,32.0,8,78885.88,2,1.0,0.0,71905.77,0
8664,15596074,Koehler,665,Germany,Male,42.0,8,133598.53,1,1.0,1.0,125440.34,0
8665,15734578,Zikoranachidimma,762,Germany,Male,54.0,7,121207.42,1,0.0,1.0,181840.27,0
8666,15681026,Zikoranachidimma,794,Germany,Male,39.0,1,116537.6,1,1.0,0.0,29239.29,1
8671,15781274,Chukwudi,735,Germany,Male,38.0,8,93578.47,2,1.0,1.0,147090.39,0
8677,15576045,Nwachinemelu,712,Germany,Female,53.0,8,95858.26,1,1.0,0.0,92377.21,1
8681,15586039,Skelton,741,Germany,Female,37.0,3,136912.2,1,1.0,1.0,168816.73,0
8689,15772383,Chukwumaobim,646,Germany,Male,37.0,5,142289.28,2,1.0,1.0,173776.5,0
8690,15758031,Nwabugwu,642,Germany,Male,32.0,6,96847.13,2,1.0,0.0,96429.58,0
8698,15594408,Bergamaschi,639,Germany,Female,48.0,3,102562.23,1,0.0,0.0,90878.13,1
8715,15803005,Wallace,570,Germany,Female,57.0,5,86568.75,1,0.0,1.0,103660.31,1
8716,15663478,Esposito,732,Germany,Male,30.0,5,114421.55,1,0.0,1.0,180598.28,0
8734,15753871,Onyekachi,611,Germany,Male,46.0,4,127545.74,2,1.0,1.0,141748.96,0
8738,15663410,Chiemenam,686,Germany,Female,30.0,4,82344.84,2,1.0,1.0,115268.86,0
8744,15708053,Chidiebere,581,Germany,Female,42.0,7,93821.31,2,1.0,1.0,182633.63,0
8759,15663438,Ebelechukwu,469,Germany,Male,53.0,3,122268.21,1,1.0,0.0,167773.55,1
8763,15655229,Craig,850,Germany,Female,37.0,7,114285.2,2,0.0,1.0,125877.22,0
8768,15581440,Christie,692,Germany,Female,48.0,6,110463.25,2,1.0,0.0,80552.11,0
8769,15771873,Shih,707,Germany,Male,24.0,1,139762.06,2,1.0,0.0,64488.79,0
8771,15657778,Jefferson,657,Germany,Male,33.0,1,84309.57,2,1.0,0.0,103914.4,0
8776,15718242,Wollstonecraft,725,Germany,Female,48.0,1,104887.43,1,0.0,0.0,86622.56,1
8783,15692823,Nwankwo,748,Germany,Female,42.0,3,139782.52,2,1.0,1.0,79178.44,0
8785,15797595,Greenhalgh,709,Germany,Female,40.0,9,131569.63,1,1.0,1.0,103970.58,0
8787,15709232,McKay,586,Germany,Female,47.0,1,157099.47,2,1.0,1.0,65481.86,0
8794,15570194,Manna,705,Germany,Male,36.0,1,108977.57,1,1.0,0.0,151747.02,1
8797,15744691,Chidozie,778,Germany,Female,60.0,6,92833.89,1,1.0,0.0,172097.4,1
8805,15647566,Loewenthal,696,Germany,Female,24.0,4,141789.66,2,1.0,1.0,103539.21,0
8810,15646539,Chukwuhaenye,644,Germany,Female,50.0,2,152084.99,1,1.0,0.0,120853.83,1
8814,15771750,Sawtell,655,Germany,Female,36.0,10,122314.39,1,0.0,0.0,9181.66,1
8820,15795954,Smith,584,Germany,Female,35.0,1,130463.25,2,1.0,0.0,162719.69,0
8821,15657342,Chukwuma,446,Germany,Male,25.0,3,136202.78,2,0.0,1.0,176743.51,0
8831,15631162,Hsia,438,Germany,Male,33.0,9,152576.25,1,1.0,0.0,77330.35,0
8834,15785215,Chia,763,Germany,Female,39.0,1,105522.0,1,1.0,0.0,125870.81,1
8835,15664615,Nnachetam,537,Germany,Female,39.0,5,136650.89,1,1.0,0.0,41865.72,1
8836,15687094,Calabresi,717,Germany,Female,38.0,2,82498.14,1,0.0,0.0,40437.67,1
8839,15594864,Kennedy,544,Germany,Male,30.0,4,81523.38,1,1.0,1.0,36885.85,0
8842,15704788,O'Callaghan,753,Germany,Female,24.0,2,63723.18,1,0.0,0.0,164478.28,0
8845,15805909,Maclean,548,Germany,Male,30.0,5,92476.47,2,0.0,0.0,26691.97,0
8864,15699225,Macdonald,790,Germany,Male,38.0,9,118520.93,1,1.0,0.0,98640.79,0
8874,15657829,Fanucci,584,Germany,Male,47.0,2,168085.38,1,1.0,0.0,85028.36,1
8885,15706899,Ndubueze,648,Germany,Female,44.0,5,139973.65,1,1.0,1.0,66721.98,0
8888,15603741,Scott,735,Germany,Male,30.0,4,118051.43,2,1.0,0.0,108301.72,0
8891,15642391,He,585,Germany,Male,50.0,6,137239.17,1,1.0,1.0,31708.53,1
8897,15598536,Onuchukwu,736,Germany,Female,26.0,1,84587.9,1,1.0,1.0,188037.76,0
8903,15647838,Davison,752,Germany,Female,51.0,2,116574.84,2,1.0,0.0,4121.04,0
8916,15735060,Ts'ui,597,Germany,Male,30.0,3,142861.57,3,1.0,1.0,175739.86,1
8923,15657396,Marshall,806,Germany,Male,41.0,9,123575.51,1,0.0,1.0,140168.36,0
8931,15735222,Ngozichukwuka,620,Germany,Female,40.0,8,155619.58,4,1.0,1.0,110114.19,1
8944,15799384,Fiorentini,759,Germany,Male,49.0,4,111095.58,2,0.0,0.0,141075.51,1
8945,15674620,Dilibe,679,Germany,Female,77.0,8,77373.87,2,0.0,1.0,174873.09,0
8953,15709994,Ni,598,Germany,Male,46.0,5,90547.48,1,1.0,1.0,64515.5,0
8954,15762048,Biryukov,611,Germany,Male,32.0,4,127157.97,2,1.0,1.0,130197.59,0
8957,15670552,Genovesi,786,Germany,Male,35.0,3,121250.04,1,1.0,0.0,53832.03,0
8959,15795519,MacDevitt,584,Germany,Female,37.0,5,114493.79,2,1.0,0.0,131834.45,1
8961,15585595,Kirby,522,Germany,Male,38.0,9,138233.24,1,1.0,0.0,129697.99,0
8962,15631217,Quinn,697,Germany,Male,44.0,8,108128.96,3,1.0,0.0,146785.44,1
8963,15755869,Martin,639,Germany,Male,33.0,1,102800.72,1,1.0,1.0,100720.03,0
8967,15761047,Nkemakolam,705,Germany,Male,40.0,5,140418.81,2,1.0,0.0,19720.08,0
8970,15694404,Nnamdi,748,Germany,Male,48.0,10,119547.43,1,0.0,0.0,50578.5,0
8971,15784868,Hsueh,635,Germany,Male,41.0,7,154558.41,1,1.0,1.0,92983.03,1
8976,15687913,Chiang,732,Germany,Female,43.0,3,104449.8,1,0.0,0.0,173365.89,1
8981,15634891,Chiu,712,Germany,Female,31.0,6,132623.6,2,1.0,0.0,124210.53,0
8986,15566988,Iqbal,818,Germany,Female,46.0,7,141535.52,2,1.0,0.0,50595.15,1
8989,15691792,Yefimova,741,Germany,Male,35.0,9,127837.54,1,1.0,0.0,142680.64,0
8991,15787025,Tsou,707,Germany,Female,33.0,9,162923.85,2,1.0,0.0,171733.45,0
8993,15591698,P'eng,849,Germany,Female,49.0,9,132934.89,1,1.0,1.0,171056.65,0
8998,15589431,Su,686,Germany,Female,38.0,2,90547.48,1,1.0,1.0,180962.32,1
8999,15588933,Chukwualuka,683,Germany,Male,45.0,6,91554.04,1,1.0,0.0,51636.1,0
9003,15652782,Chibuzo,602,Germany,Male,39.0,10,113599.74,2,1.0,1.0,149517.71,0
9007,15776091,Martin,711,Germany,Female,29.0,4,150116.46,2,1.0,0.0,169122.39,0
9008,15771299,Ch'ang,681,Germany,Male,29.0,7,126526.98,2,1.0,1.0,62280.89,0
9015,15801466,Chukwueloka,678,Germany,Female,45.0,6,134264.04,1,0.0,0.0,1276.87,1
9021,15783883,Quinn,771,Germany,Female,41.0,2,121240.76,1,0.0,1.0,92914.67,0
9030,15661275,Ting,721,Germany,Female,28.0,2,130420.2,1,1.0,0.0,2560.11,0
9031,15680201,Marcelo,608,Germany,Female,27.0,5,102773.15,2,1.0,0.0,56793.02,1
9032,15736077,Aitken,677,Germany,Male,48.0,1,152284.79,1,0.0,0.0,73939.24,0
9035,15576945,Oluchukwu,706,Germany,Male,35.0,1,115217.15,1,1.0,1.0,71042.8,0
9042,15658158,Sullivan,672,Germany,Female,23.0,9,110741.56,1,1.0,0.0,156598.23,0
9049,15746802,Smith,586,Germany,Male,33.0,10,114835.43,2,1.0,1.0,103934.11,0
9051,15602845,Hsia,644,Germany,Male,48.0,5,136847.01,1,1.0,1.0,138051.79,0
9054,15672928,Ch'ien,691,Germany,Male,27.0,4,109044.3,2,1.0,0.0,126479.17,0
9062,15635141,Miller,642,Germany,Male,59.0,9,118210.42,2,0.0,1.0,81514.06,0
9064,15770258,Chien,744,Germany,Male,49.0,7,117199.68,2,1.0,0.0,101433.76,1
9072,15583580,Chin,673,Germany,Male,37.0,6,131411.64,2,1.0,1.0,43479.77,0
9077,15667938,West,692,Germany,Male,43.0,1,118588.83,1,1.0,1.0,161241.65,1
9079,15593943,Manna,516,Germany,Female,23.0,6,114754.08,1,1.0,1.0,136050.44,0
9081,15758513,T'ang,704,Germany,Female,34.0,9,96474.97,2,1.0,1.0,28698.17,0
9084,15709016,Yefimova,556,Germany,Female,39.0,9,122552.48,1,1.0,0.0,47251.79,0
9089,15658956,Tuan,505,Germany,Male,40.0,6,47869.69,2,0.0,0.0,155061.97,0
9091,15636407,Nwachinemelu,773,Germany,Female,39.0,2,164523.5,1,1.0,0.0,153783.0,0
9094,15671490,Chiemenam,601,Germany,Female,35.0,8,150302.84,2,0.0,1.0,99061.75,0
9096,15747927,Chukwujamuike,595,Germany,Male,63.0,4,155739.76,1,1.0,0.0,171552.02,1
9097,15608968,Chibugo,695,Germany,Male,35.0,4,109799.55,3,0.0,0.0,141872.05,1
9102,15635396,Thompson,738,Germany,Female,29.0,3,139106.19,1,1.0,0.0,141872.52,0
9103,15815040,Tao,667,Germany,Male,24.0,3,103362.14,1,0.0,1.0,186841.71,0
9105,15696989,Yeh,716,Germany,Male,45.0,6,106192.1,1,1.0,0.0,54487.43,1
9107,15591036,Nwankwo,594,Germany,Male,35.0,4,122301.7,1,1.0,1.0,172497.67,0
9110,15597909,Kao,803,Germany,Male,35.0,4,121276.32,1,0.0,1.0,121537.91,0
9117,15584899,Tien,542,Germany,Female,44.0,2,139914.27,2,0.0,0.0,140763.18,1
9119,15793366,Pai,466,Germany,Male,47.0,5,102085.72,1,1.0,1.0,183536.24,0
9132,15704819,Ositadimma,758,Germany,Female,40.0,0,134204.67,1,1.0,0.0,72876.43,1
9140,15602282,Kao,709,Germany,Female,31.0,8,134980.74,2,1.0,1.0,123309.57,0
9143,15704586,Chidiegwu,627,Germany,Male,50.0,3,116537.4,1,1.0,0.0,121537.67,1
9144,15783882,Ch'eng,646,Germany,Female,43.0,9,122570.87,1,1.0,1.0,100940.91,1
9150,15660602,Ch'en,464,Germany,Male,33.0,8,164284.72,1,1.0,0.0,3710.34,0
9152,15607753,Alexandrova,765,Germany,Female,47.0,2,108711.57,1,0.0,1.0,9087.81,0
9153,15586974,Chukwudi,657,Germany,Male,33.0,8,108432.88,2,1.0,1.0,51636.7,0
9160,15654489,Ku,567,Germany,Female,40.0,4,83889.03,1,1.0,0.0,157558.26,1
9163,15599272,Akobundu,609,Germany,Male,54.0,8,138032.51,1,1.0,0.0,142331.99,1
9164,15618239,Toscani,641,Germany,Female,53.0,9,104498.59,1,1.0,0.0,152876.22,1
9167,15625944,Ch'in,709,Germany,Male,22.0,2,132696.59,1,1.0,0.0,126241.4,0
9169,15615245,Ch'eng,538,Germany,Female,55.0,10,104763.41,3,1.0,0.0,51761.57,1
9173,15759475,Chidumaga,769,Germany,Male,38.0,7,127739.25,1,1.0,0.0,168882.95,0
9180,15668767,Chukwualuka,744,Germany,Female,55.0,2,123883.58,1,1.0,0.0,141053.85,1
9183,15756050,Onwudiwe,565,Germany,Female,39.0,3,68468.43,2,1.0,1.0,62368.74,0
9184,15724269,Franz,670,Germany,Male,38.0,1,115341.55,1,1.0,1.0,93524.22,0
9187,15758031,Chidozie,646,Germany,Male,36.0,8,141806.0,2,1.0,0.0,137037.97,0
9188,15664547,Fiorentini,841,Germany,Male,43.0,4,114655.24,3,1.0,1.0,149503.21,1
9189,15662091,Ritchie,573,Germany,Female,49.0,5,115095.58,1,1.0,0.0,142963.35,1
9196,15771573,Okagbue,542,Germany,Female,43.0,5,137843.8,1,1.0,1.0,117622.8,0
9201,15782736,Jose,573,Germany,Female,44.0,7,152522.47,1,1.0,0.0,164038.07,1
9209,15653575,Ch'ang,479,Germany,Female,37.0,7,137491.23,1,1.0,1.0,139953.94,1
9211,15643394,L?,679,Germany,Male,33.0,6,118560.06,1,1.0,1.0,126555.8,0
9212,15770548,Lucchese,453,Germany,Female,28.0,6,139986.65,1,1.0,0.0,136846.75,0
9214,15674551,Iadanza,678,Germany,Male,42.0,7,141787.31,2,0.0,0.0,59890.29,0
9215,15621435,Milanesi,636,Germany,Female,33.0,1,144587.9,1,1.0,0.0,188402.26,1
9218,15588955,Mazzi,581,Germany,Female,41.0,5,93259.57,1,0.0,1.0,141035.65,0
9221,15745621,Wenz,640,Germany,Female,48.0,9,118879.35,2,1.0,0.0,103660.31,1
9223,15651554,Anenechukwu,746,Germany,Female,54.0,4,118449.21,1,1.0,0.0,133573.29,0
9227,15694566,Hsieh,565,Germany,Male,33.0,6,140139.56,1,1.0,1.0,74564.41,0
9228,15645956,Fanucci,697,Germany,Female,43.0,4,161889.15,1,0.0,0.0,69767.14,1
9233,15762928,Ts'ao,620,Germany,Female,28.0,5,141441.75,1,1.0,1.0,16278.97,0
9234,15682532,Kornilova,535,Germany,Female,33.0,0,107134.33,1,1.0,0.0,109153.11,0
9235,15709741,Tung,711,Germany,Female,42.0,5,134796.04,1,1.0,1.0,94774.12,0
9249,15568819,Chikezie,717,Germany,Male,42.0,3,132796.04,1,1.0,1.0,191821.35,0
9251,15772887,Hsiung,651,Germany,Male,41.0,4,128743.69,1,1.0,1.0,143356.33,0
9252,15649616,Udokamma,773,Germany,Male,37.0,3,122449.31,2,1.0,1.0,143683.75,0
9259,15576096,Onwuamaeze,516,Germany,Male,35.0,8,111263.85,1,0.0,1.0,93715.92,0
9263,15759991,Tung,576,Germany,Male,32.0,10,174958.5,1,1.0,0.0,174098.8,0
9265,15600700,Ch'eng,484,Germany,Female,21.0,9,87095.85,1,1.0,0.0,107938.39,0
9267,15763612,Ch'ang,702,Germany,Male,48.0,3,121250.04,1,0.0,1.0,91673.6,1
9269,15597914,Yobachi,682,Germany,Male,41.0,5,121703.43,1,1.0,0.0,179861.79,0
9272,15610105,Nwankwo,850,Germany,Male,29.0,6,122781.51,1,1.0,1.0,65465.45,0
9281,15618258,Ts'ai,826,Germany,Male,39.0,2,102723.35,1,1.0,0.0,6977.09,0
9284,15737265,Hsia,757,Germany,Male,36.0,3,83549.71,1,0.0,1.0,123866.68,0
9288,15751412,Trevisano,718,Germany,Female,32.0,1,79706.25,2,1.0,1.0,160574.09,0
9291,15797910,Zetticci,775,Germany,Male,51.0,4,123783.91,1,1.0,0.0,134901.57,0
9301,15579915,Yobachukwu,593,Germany,Female,44.0,1,124581.04,1,0.0,1.0,1276.84,1
9303,15742835,Pirozzi,591,Germany,Female,38.0,1,58820.38,1,1.0,0.0,98820.06,1
9308,15741718,Ch'ang,678,Germany,Male,24.0,8,167948.81,2,1.0,1.0,28370.95,0
9309,15797767,Ts'ai,663,Germany,Female,43.0,7,98630.31,1,0.0,1.0,143357.07,1
9315,15682548,Tien,636,Germany,Male,42.0,6,136850.19,1,1.0,0.0,147056.75,1
9324,15751297,O'Donnell,687,Germany,Female,43.0,4,119027.25,2,0.0,1.0,50908.91,0
9336,15685829,Chidi,592,Germany,Female,41.0,7,97440.03,2,1.0,1.0,171430.16,0
9337,15686909,Hayes,779,Germany,Female,31.0,0,75499.24,2,1.0,0.0,115268.86,0
9343,15667932,Nnamutaezinwa,644,Germany,Female,40.0,8,123873.33,2,1.0,1.0,86764.46,1
9346,15700826,Ko,648,Germany,Female,43.0,2,129971.19,1,1.0,0.0,144532.85,0
9363,15807263,Zikoranachidimma,592,Germany,Female,47.0,1,102968.78,2,1.0,0.0,162983.99,0
9378,15596808,Ch'eng,639,Germany,Male,36.0,4,161450.03,1,1.0,1.0,96961.0,0
9381,15690130,Wyatt,714,Germany,Female,29.0,4,137649.47,2,1.0,1.0,198714.29,0
9397,15805050,Onyemachukwu,711,Germany,Male,33.0,9,106731.92,2,1.0,1.0,169919.97,0
9399,15673570,Chiemenam,613,Germany,Male,31.0,4,112211.61,1,1.0,0.0,79450.61,0
9402,15672056,Kenenna,710,Germany,Female,43.0,2,140080.32,3,1.0,1.0,157908.19,1
9409,15583067,Nnonso,597,Germany,Male,31.0,9,145875.74,1,1.0,0.0,173586.63,0
9411,15575428,Chiang,706,Germany,Female,30.0,2,117438.92,1,1.0,1.0,16910.98,0
9416,15773073,Chizuoke,562,Germany,Female,35.0,8,127715.72,1,0.0,1.0,131283.39,1
9418,15675794,Hsing,645,Germany,Male,27.0,9,152076.93,1,1.0,0.0,121840.2,0
9434,15595842,Fan,646,Germany,Male,24.0,0,92398.08,1,1.0,0.0,18897.29,1
9435,15657566,T'ao,516,Germany,Female,41.0,1,119799.27,2,1.0,0.0,174777.98,0
9437,15702956,Trevisani,569,Germany,Male,35.0,7,127099.08,1,0.0,1.0,147075.93,0
9439,15637138,Ukaegbunam,686,Germany,Female,35.0,3,163825.35,1,1.0,0.0,57553.97,1
9447,15652084,Chinweike,710,Germany,Female,29.0,5,118994.75,2,1.0,0.0,48559.19,0
9448,15635870,Shih,579,Germany,Female,37.0,5,117721.02,1,0.0,1.0,192146.63,1
9450,15660271,Ch'ang,687,Germany,Female,48.0,1,103516.87,1,0.0,1.0,189366.04,1
9452,15792329,Whitehouse,770,Germany,Female,36.0,4,101851.8,3,1.0,0.0,47777.15,1
9456,15789563,Martin,644,Germany,Female,58.0,6,122088.67,1,0.0,0.0,157064.83,1
9467,15589437,Greco,667,Germany,Male,32.0,7,131834.76,1,1.0,0.0,126494.2,0
9468,15621227,Hs?eh,578,Germany,Male,46.0,7,110182.54,1,1.0,0.0,74858.3,1
9469,15580068,Obijiaku,648,Germany,Female,33.0,0,122314.5,2,1.0,0.0,171364.18,0
9472,15607877,Manna,495,Germany,Male,38.0,5,155447.65,1,1.0,0.0,51871.95,1
9473,15743193,Yevseyev,681,Germany,Male,42.0,5,102979.43,1,0.0,0.0,137822.36,0
9480,15632462,Genovese,646,Germany,Male,40.0,7,166779.68,2,1.0,1.0,173681.06,0
9486,15657535,Obialo,590,Germany,Male,31.0,2,62610.96,2,1.0,0.0,146033.52,1
9488,15808760,Ch'iu,712,Germany,Male,50.0,0,144587.7,1,1.0,0.0,78896.95,1
9489,15778157,Ohearn,610,Germany,Female,42.0,8,151915.83,2,0.0,1.0,89513.88,0
9490,15750156,Ch'en,762,Germany,Female,48.0,0,115463.09,1,1.0,0.0,111180.9,1
9496,15712403,Maclean,727,Germany,Male,32.0,5,122501.43,1,1.0,0.0,131778.51,0
9499,15578928,Teng,582,Germany,Male,55.0,2,117438.94,2,1.0,1.0,69227.6,0
9503,15650488,Uwaezuoke,636,Germany,Male,31.0,5,140733.74,1,1.0,1.0,116378.82,0
9505,15694859,Creswell,652,Germany,Female,37.0,2,142721.52,2,0.0,1.0,127939.19,0
9513,15597914,Lu,845,Germany,Female,37.0,2,81733.74,2,1.0,0.0,199761.29,0
9514,15809143,White,456,Germany,Male,32.0,9,133060.63,1,1.0,0.0,125167.92,0
9527,15643674,Lo Duca,686,Germany,Female,47.0,4,106198.5,1,1.0,0.0,116944.4,1
9528,15687914,Fan,598,Germany,Male,33.0,9,99792.95,2,1.0,0.0,47722.72,0
9531,15778320,Teng,616,Germany,Female,40.0,5,148495.64,2,1.0,0.0,158853.98,0
9532,15605327,Tsao,581,Germany,Male,43.0,8,125845.66,2,0.0,1.0,114659.81,0
9534,15591279,Gray,734,Germany,Male,41.0,6,147833.3,1,1.0,1.0,105746.94,0
9538,15721462,Yudina,705,Germany,Female,35.0,9,116933.15,1,1.0,1.0,123846.59,0
9547,15806081,Fleming,811,Germany,Female,32.0,8,127763.24,2,1.0,0.0,100130.95,1
9559,15684890,Tung,653,Germany,Female,34.0,3,136496.85,2,0.0,1.0,93982.56,0
9561,15607598,Chukwufumnanya,667,Germany,Female,39.0,4,130142.79,2,0.0,0.0,58854.88,0
9566,15586091,White,567,Germany,Male,43.0,1,116244.98,1,1.0,0.0,175843.38,0
9567,15782405,Mironova,473,Germany,Male,55.0,4,120867.18,1,1.0,1.0,130789.6,1
9571,15655252,Piazza,520,Germany,Male,27.0,9,127864.81,1,1.0,1.0,124443.99,0
9573,15686670,Tien,686,Germany,Female,49.0,7,113680.53,1,1.0,0.0,143980.53,1
9585,15807120,Oluchukwu,841,Germany,Female,52.0,3,112383.03,1,1.0,1.0,85516.37,0
9588,15638989,Nwabugwu,805,Germany,Female,21.0,3,135071.12,2,1.0,1.0,135071.12,0
9595,15793425,Hsiung,705,Germany,Male,29.0,3,61297.05,1,1.0,0.0,117616.29,1
9612,15807923,Young,716,Germany,Female,39.0,8,115301.31,1,1.0,0.0,43527.4,1
9614,15573851,Fiorentini,554,Germany,Male,44.0,2,102368.78,1,1.0,0.0,166310.71,1
9628,15718507,Su,647,Germany,Male,37.0,7,116509.99,2,1.0,1.0,149517.71,0
9630,15660524,Hu,545,Germany,Female,54.0,9,97382.53,1,1.0,1.0,195771.95,0
9634,15709917,Martin,559,Germany,Male,48.0,4,114888.74,2,1.0,1.0,66721.98,0
9647,15679297,Lei,588,Germany,Male,33.0,2,129731.64,2,1.0,0.0,125848.88,0
9653,15694376,Mazzi,699,Germany,Female,36.0,1,107303.8,1,1.0,0.0,70540.48,0
9657,15720284,Smith,645,Germany,Male,31.0,4,167545.32,1,1.0,0.0,161571.79,0
9659,15803681,Chimezie,659,Germany,Female,41.0,2,165848.52,2,1.0,0.0,114077.85,0
9660,15813850,Christian,439,Germany,Male,52.0,5,125860.2,2,0.0,1.0,14781.12,0
9663,15621611,Gibson,742,Germany,Male,45.0,5,155196.17,2,1.0,0.0,121207.66,0
9664,15718789,Ni,607,Germany,Male,37.0,5,87070.23,2,0.0,0.0,155818.71,1
9667,15759874,Nwokeocha,642,Germany,Male,34.0,1,124576.65,1,1.0,0.0,54871.02,1
9669,15752312,Lombardo,526,Germany,Female,37.0,1,115518.07,1,1.0,1.0,171768.76,0
9674,15592761,Yost,540,Germany,Female,48.0,6,96166.88,2,1.0,0.0,137793.35,0
9677,15632859,T'ang,450,Germany,Male,37.0,6,113574.61,2,0.0,0.0,103396.08,0
9680,15803816,Pugh,539,Germany,Male,38.0,6,118772.61,2,1.0,0.0,62282.61,0
9683,15702601,Ting,762,Germany,Male,28.0,0,75915.43,2,1.0,1.0,5069.3,0
9691,15647570,Lucchesi,693,Germany,Female,42.0,2,128306.7,2,1.0,0.0,137791.18,1
9693,15701280,Nwankwo,749,Germany,Male,36.0,1,122311.1,1,1.0,1.0,70529.0,1
9694,15790282,Trentino,595,Germany,Female,50.0,6,114327.59,3,1.0,0.0,42831.11,1
9700,15641710,Mancini,593,Germany,Male,37.0,6,123859.5,1,1.0,1.0,102299.14,0
9712,15672082,Palmerston,552,Germany,Female,56.0,3,111769.14,2,1.0,0.0,55859.27,1
9724,15645572,Calabresi,743,Germany,Female,40.0,2,0.0,1,1.0,0.0,28280.8,1
9725,15711843,Pisani,613,Germany,Female,37.0,1,147856.82,3,1.0,0.0,107961.11,0
9734,15809616,Alleyne,807,Germany,Female,30.0,4,165260.98,2,1.0,0.0,16870.2,1
9744,15669946,Yashina,445,Germany,Male,38.0,2,111568.01,1,1.0,1.0,94774.12,0
9748,15587419,Christie,648,Germany,Male,33.0,5,139973.65,1,1.0,1.0,667.66,1
9753,15602574,Ch'iu,674,Germany,Female,33.0,6,136689.66,1,1.0,1.0,103726.71,0
9754,15750055,Ts'ui,651,Germany,Male,35.0,4,109646.83,2,1.0,1.0,162501.83,0
9770,15692692,Chinomso,604,Germany,Male,50.0,1,120599.27,1,1.0,0.0,90977.42,1
9771,15672966,Ch'ang,714,Germany,Female,41.0,2,130334.35,2,1.0,1.0,71553.94,0
9778,15756655,Pirozzi,512,Germany,Female,28.0,2,132558.26,1,1.0,1.0,131886.46,0
9781,15573725,Nnonso,678,Germany,Female,51.0,3,164701.68,1,1.0,0.0,86657.48,1
9792,15753861,Hao,627,Germany,Male,32.0,4,123764.95,2,1.0,0.0,166310.42,0
9794,15705521,Chinweuba,605,Germany,Female,43.0,7,128352.45,1,1.0,1.0,101954.78,0
9799,15665766,Ch'ang,684,Germany,Female,27.0,8,116322.27,4,1.0,0.0,35640.12,1
9800,15793366,Humphries,667,Germany,Male,31.0,8,76597.79,1,1.0,1.0,183051.6,1
9801,15683483,Chidiegwu,605,Germany,Female,43.0,2,90536.81,1,1.0,1.0,76510.46,1
9806,15647975,Vida,648,Germany,Female,21.0,5,147037.32,2,0.0,0.0,141763.26,0
9807,15591169,Obidimkpa,732,Germany,Male,56.0,7,107784.65,1,1.0,0.0,116951.1,1
9811,15593250,Smith,718,Germany,Female,35.0,5,123067.63,2,1.0,1.0,98162.44,0
9821,15607753,Iloerika,634,Germany,Female,32.0,5,98635.77,1,1.0,0.0,199357.24,0
9828,15682463,Hao,663,Germany,Female,55.0,1,98683.47,1,1.0,0.0,133591.11,1
9844,15678057,Ponomaryov,682,Germany,Male,43.0,7,107963.38,1,0.0,1.0,198134.9,0
9847,15763053,Fiorentini,678,Germany,Male,26.0,1,116318.28,1,1.0,0.0,67440.05,0
9851,15609913,Ch'en,747,Germany,Female,35.0,4,132863.56,1,1.0,1.0,85909.63,0
9854,15572356,Yeh,729,Germany,Female,54.0,8,127787.69,1,1.0,1.0,118312.38,1
9862,15576774,Onyinyechukwuka,680,Germany,Female,30.0,6,123709.46,2,0.0,0.0,172459.19,0
9864,15756539,Ch'eng,607,Germany,Male,36.0,2,122028.65,1,1.0,1.0,152212.07,0
9865,15677369,Milani,754,Germany,Male,62.0,6,98854.34,1,0.0,0.0,86920.97,0
9874,15772363,Hilton,772,Germany,Male,42.0,4,101979.16,1,0.0,1.0,90928.48,0
9878,15765300,Trevisani,646,Germany,Female,35.0,1,143391.74,1,1.0,0.0,141804.14,1
9881,15680706,Balashov,579,Germany,Female,48.0,1,131834.8,1,1.0,0.0,166476.95,1
9882,15611579,Sutherland,790,Germany,Female,28.0,3,153538.13,1,1.0,1.0,110776.01,1
9890,15766787,Watson,649,Germany,Female,28.0,8,107192.78,1,1.0,1.0,49725.48,1
9892,15574910,Ferguson,524,Germany,Female,42.0,4,131402.21,1,0.0,0.0,193668.49,1
9896,15810203,Manning,499,Germany,Male,41.0,4,146781.24,1,0.0,1.0,10958.18,0
9900,15633233,Ch'ien,695,Germany,Male,37.0,10,121231.39,2,1.0,1.0,114448.77,0
9901,15628303,Chukwuebuka,516,Germany,Male,54.0,3,82647.61,1,1.0,0.0,158527.17,1
9903,15607576,Fanucci,687,Germany,Female,30.0,1,118098.53,2,1.0,0.0,58854.79,0
9909,15793095,Genovesi,714,Germany,Female,38.0,6,143390.51,3,1.0,1.0,176692.87,1
9913,15717290,Onyekaozulu,639,Germany,Male,36.0,2,146587.3,2,1.0,1.0,89874.82,0
9922,15636658,Rozhkova,587,Germany,Male,23.0,3,92366.72,2,0.0,1.0,120661.71,1
9928,15607312,Bergamaschi,628,Germany,Male,44.0,4,83568.55,1,0.0,1.0,199484.96,1
9933,15721426,Milne,606,Germany,Male,65.0,9,126306.64,2,1.0,0.0,7861.68,0
9935,15631756,Ts'ui,696,Germany,Male,29.0,1,102968.69,2,1.0,1.0,151794.45,0
9946,15662294,Lucchesi,599,Germany,Female,56.0,6,102773.2,1,1.0,1.0,37266.43,0
9954,15635141,Maclean,621,Germany,Male,33.0,4,160541.13,2,0.0,1.0,94722.86,0
9956,15612109,Lettiere,632,Germany,Male,51.0,4,108432.88,4,1.0,0.0,175072.47,1
9957,15747677,Echezonachukwu,611,Germany,Female,37.0,4,135096.05,1,1.0,0.0,56518.0,1
9965,15709861,He,766,Germany,Male,30.0,4,127786.28,1,1.0,1.0,28879.3,1
9970,15790599,De Bernales,568,Germany,Male,41.0,5,122485.99,1,1.0,1.0,80553.96,0
9972,15794890,Yobachukwu,751,Germany,Male,42.0,9,105770.28,2,1.0,1.0,116848.56,0
9974,15791313,Tung,556,Germany,Female,43.0,7,152212.88,1,1.0,1.0,108528.72,1
9979,15581550,Nwebube,644,Germany,Female,34.0,4,128647.71,1,1.0,0.0,124749.71,0
9985,15705777,Burtch,749,Germany,Male,41.0,2,110822.9,2,1.0,1.0,139946.68,0
9989,15723043,Onyekaozulu,656,Germany,Female,22.0,2,161768.81,2,0.0,0.0,181890.06,0
9996,15674720,Smith,667,Germany,Female,37.0,7,123067.63,1,0.0,1.0,98162.44,0
10003,15781534,Hsing,667,Germany,Male,41.0,3,116565.53,2,1.0,1.0,103557.16,0
10019,15750811,Nucci,848,Germany,Female,40.0,0,148495.64,1,0.0,1.0,158853.98,1
10022,15656613,Martin,632,Germany,Male,41.0,1,90194.54,1,1.0,1.0,103563.65,1
10025,15768887,Ch'iu,682,Germany,Male,28.0,9,96252.98,2,1.0,1.0,70783.61,0
10031,15607269,Costa,456,Germany,Female,43.0,3,151249.45,2,0.0,0.0,167237.94,0
10034,15731553,Yuryeva,685,Germany,Female,46.0,4,130404.66,1,0.0,0.0,93478.89,1
10038,15686936,Hsing,596,Germany,Female,28.0,9,117005.57,2,1.0,1.0,73564.44,1
10040,15703778,Ch'ang,695,Germany,Male,33.0,7,96462.74,1,1.0,0.0,72462.95,0
10053,15788367,Ellis,487,Germany,Female,48.0,6,61691.45,1,1.0,0.0,53087.98,1
10061,15689953,Lombardi,641,Germany,Female,35.0,2,137453.43,2,1.0,0.0,123954.15,1
10065,15732937,Tien,693,Germany,Male,36.0,4,160982.07,2,1.0,1.0,174937.94,0
10068,15807563,Ulyanov,535,Germany,Female,41.0,0,123322.15,1,1.0,1.0,136330.32,0
10072,15783659,Cattaneo,528,Germany,Female,23.0,9,146777.44,2,1.0,0.0,170262.97,1
10076,15571305,Hargreaves,773,Germany,Male,32.0,1,121260.19,2,1.0,1.0,184856.89,0
10078,15581197,Nucci,644,Germany,Male,22.0,7,97910.71,2,0.0,1.0,164966.57,0
10079,15681439,Tsou,532,Germany,Female,26.0,1,142755.25,1,0.0,0.0,34231.48,0
10089,15718281,Chia,683,Germany,Male,32.0,2,118448.15,2,0.0,1.0,135853.62,0
10093,15662091,O'Donnell,656,Germany,Female,42.0,1,129855.58,1,1.0,0.0,109638.27,1
10100,15595874,Nwachinemelu,687,Germany,Male,57.0,1,80538.56,1,1.0,1.0,66561.6,1
10102,15696514,Calabrese,587,Germany,Female,37.0,6,104414.03,1,0.0,1.0,192026.02,0
10108,15605036,Y?,479,Germany,Female,32.0,2,142531.22,1,1.0,1.0,176678.31,0
10117,15653522,Chigolum,713,Germany,Female,40.0,3,123192.58,1,0.0,1.0,130376.97,0
10119,15661036,Davis,644,Germany,Female,46.0,2,127675.39,1,1.0,0.0,74260.16,1
10122,15702292,Smith,660,Germany,Female,20.0,7,104786.47,2,0.0,0.0,120189.43,0
10125,15687529,Hsu,581,Germany,Male,33.0,8,139561.58,2,1.0,0.0,166737.06,0
10128,15792668,Hsieh,666,Germany,Male,44.0,10,71269.89,1,1.0,0.0,170980.86,0
10130,15657830,Onuora,850,Germany,Male,40.0,7,104449.8,1,0.0,1.0,747.88,0
10131,15746664,Ting,478,Germany,Female,58.0,5,109740.62,2,0.0,1.0,127506.76,0
10135,15743032,Nwachinemelu,611,Germany,Female,29.0,5,110153.46,2,1.0,0.0,146448.52,0
10136,15567446,Onyemere,592,Germany,Female,59.0,0,118402.57,1,1.0,0.0,121166.89,1
10142,15609637,Nwora,537,Germany,Female,37.0,9,70417.79,1,1.0,1.0,19370.73,0
10146,15683841,Tsao,834,Germany,Female,35.0,1,136953.29,1,1.0,0.0,84475.13,1
10163,15799785,Ikemefuna,721,Germany,Male,38.0,5,148507.24,2,1.0,1.0,79329.7,0
10178,15593948,Li Fonti,713,Germany,Female,36.0,3,123845.86,1,0.0,0.0,85898.13,1
10185,15757541,Ch'in,646,Germany,Male,35.0,3,121411.9,2,0.0,1.0,166677.35,0
10189,15623658,Trevisani,637,Germany,Male,42.0,2,142876.56,2,1.0,0.0,187911.74,0
10191,15583049,Wallace,643,Germany,Female,34.0,7,160426.07,1,1.0,1.0,188533.11,0
10193,15785869,Pisano,594,Germany,Male,25.0,9,108380.72,2,0.0,1.0,124071.71,0
10203,15613772,Moore,705,Germany,Male,33.0,1,133776.86,1,0.0,0.0,55857.48,0
10212,15651802,Udokamma,721,Germany,Female,66.0,8,105473.74,1,1.0,1.0,181603.6,1
10215,15778884,Jamieson,809,Germany,Female,38.0,2,154763.21,2,1.0,1.0,174800.31,0
10221,15711742,Miller,768,Germany,Male,50.0,7,142882.49,1,0.0,1.0,173629.78,0
10224,15687946,Ch'en,527,Germany,Female,38.0,2,131063.22,1,1.0,1.0,147964.57,1
10232,15697606,Sturdee,754,Germany,Female,26.0,1,125712.2,1,0.0,0.0,175072.47,1
10242,15669922,Martin,744,Germany,Female,31.0,4,130812.91,1,1.0,0.0,27231.26,1
10243,15575247,Chiekwugo,567,Germany,Female,47.0,1,126447.4,1,1.0,0.0,165558.71,1
10245,15570895,Ch'in,835,Germany,Male,56.0,5,163548.07,1,0.0,0.0,38866.85,1
10269,15684440,Monaldo,536,Germany,Male,31.0,2,92895.56,1,1.0,0.0,126033.9,0
10271,15774551,Chidozie,635,Germany,Female,31.0,8,127560.42,1,1.0,1.0,157791.02,0
10295,15670066,Ch'iu,686,Germany,Female,49.0,3,117700.86,1,1.0,0.0,64400.08,1
10301,15730150,Nnaife,637,Germany,Female,40.0,3,144961.97,1,1.0,0.0,182728.8,1
10309,15638751,Ch'eng,557,Germany,Female,26.0,4,151762.65,1,0.0,0.0,80552.51,1
10311,15814032,Hsieh,807,Germany,Female,31.0,3,93460.47,1,0.0,0.0,172782.69,0
10312,15770041,Rizzo,627,Germany,Male,46.0,9,95900.04,1,1.0,0.0,189430.74,1
10321,15658768,Fetherstonhaugh,742,Germany,Male,51.0,4,75592.43,1,1.0,1.0,157959.02,0
10323,15798960,Chiazagomekpere,718,Germany,Male,28.0,1,106948.41,2,0.0,1.0,151912.92,0
10325,15701605,Mazzanti,663,Germany,Female,37.0,6,129837.72,1,1.0,1.0,177025.79,1
10328,15804919,Chinomso,774,Germany,Male,32.0,4,152325.85,1,1.0,1.0,168816.22,0
10329,15726088,Nucci,622,Germany,Male,59.0,5,156678.58,1,1.0,1.0,57569.98,1
10332,15749472,Brown,718,Germany,Female,44.0,8,128663.31,1,1.0,1.0,101311.95,0
10333,15741181,Ulyanov,731,Germany,Male,38.0,7,89750.06,1,1.0,0.0,75932.3,1
10338,15632439,Folliero,644,Germany,Female,45.0,5,108004.64,1,0.0,0.0,49503.5,1
10340,15791958,Whitehead,726,Germany,Female,30.0,9,123971.5,1,0.0,1.0,26170.24,0
10345,15706217,P'eng,717,Germany,Male,28.0,1,117466.03,2,1.0,1.0,34490.06,0
10347,15782530,Chialuka,659,Germany,Female,28.0,4,121376.39,2,1.0,1.0,96891.79,0
10354,15786904,Maclean,529,Germany,Male,27.0,9,125928.71,1,1.0,1.0,52865.01,0
10355,15622897,Sharpe,646,Germany,Female,35.0,7,94762.16,3,1.0,1.0,92243.94,1
10359,15608886,Okwudiliolisa,679,Germany,Female,33.0,7,0.0,1,0.0,0.0,69608.48,0
10372,15683522,Calabrese,667,Germany,Male,55.0,4,123744.28,1,0.0,1.0,177524.19,1
10374,15728693,McWilliams,584,Germany,Female,41.0,4,141784.02,1,1.0,1.0,52367.29,0
10384,15570990,Chuang,620,Germany,Male,37.0,0,98926.49,1,1.0,0.0,65416.38,1
10388,15677336,Aitken,557,Germany,Female,61.0,1,120043.13,1,1.0,0.0,132370.75,1
10389,15582977,Chuang,537,Germany,Female,43.0,7,123082.83,1,0.0,0.0,54239.71,1
10390,15690169,Tien,652,Germany,Male,51.0,4,148061.89,1,0.0,1.0,177740.58,1
10391,15785879,Yobachukwu,645,Germany,Female,30.0,4,142929.16,2,0.0,0.0,156774.94,0
10393,15760446,Hsing,519,Germany,Female,34.0,9,128743.55,1,1.0,0.0,134869.93,1
10409,15715512,Chang,850,Germany,Male,59.0,1,154640.41,1,1.0,0.0,164039.51,1
10420,15810942,Chiemela,445,Germany,Female,62.0,2,137655.31,1,0.0,1.0,29909.84,0
10426,15597901,Tuan,850,Germany,Female,40.0,9,121428.51,1,1.0,0.0,92913.28,0
10427,15651093,Chien,684,Germany,Female,55.0,1,177626.77,1,0.0,0.0,54409.48,0
10430,15591717,Chiang,628,Germany,Female,51.0,8,103817.19,1,1.0,1.0,44001.11,1
10436,15624755,Pepper,706,Germany,Female,27.0,8,122531.86,1,1.0,1.0,35179.18,0
10437,15622575,Nnaife,739,Germany,Female,31.0,1,152092.44,2,1.0,0.0,187905.12,0
10442,15814675,Chien,642,Germany,Female,39.0,9,128264.03,2,1.0,1.0,61792.76,0
10447,15683818,Maclean,709,Germany,Male,29.0,5,91955.56,2,1.0,1.0,65979.54,0
10449,15693817,Yobanna,697,Germany,Female,33.0,3,121542.57,2,1.0,1.0,86767.48,0
10455,15605325,Houghton,594,Germany,Female,52.0,3,102955.16,2,0.0,1.0,179144.01,0
10459,15761733,Lo Duca,838,Germany,Female,38.0,4,62812.17,1,1.0,1.0,118897.56,1
10462,15638610,Kennedy,635,Germany,Female,65.0,5,117325.54,1,1.0,1.0,155799.86,0
10470,15638047,Ozerova,576,Germany,Female,26.0,6,88837.09,1,1.0,1.0,133572.41,0
10472,15735078,Onwughara,705,Germany,Male,33.0,9,142905.51,1,0.0,1.0,12913.92,0
10475,15581525,Chiemeka,632,Germany,Male,45.0,4,124695.72,2,1.0,0.0,187194.15,0
10477,15735263,Isaacs,714,Germany,Female,54.0,3,118449.21,1,1.0,0.0,125424.42,0
10478,15606158,Wood,707,Germany,Female,33.0,7,106807.64,2,0.0,0.0,37140.2,0
10481,15756036,Trevisani,775,Germany,Male,55.0,9,90721.71,3,0.0,0.0,158049.37,1
10483,15681220,Chijioke,722,Germany,Female,39.0,5,128504.76,2,1.0,0.0,124411.08,0
10492,15694765,Hao,558,Germany,Female,55.0,3,126776.3,1,1.0,0.0,171035.38,1
10496,15707571,Hsieh,686,Germany,Male,37.0,2,126442.56,2,1.0,1.0,147090.65,0
10499,15601184,Manna,512,Germany,Female,49.0,6,105799.32,2,1.0,1.0,169156.64,1
10501,15650313,Okonkwo,629,Germany,Male,35.0,9,129472.33,1,1.0,1.0,85179.48,0
10502,15681439,Marshall,649,Germany,Male,36.0,9,129834.67,1,1.0,0.0,172363.52,1
10507,15792986,T'ao,580,Germany,Male,24.0,1,133811.78,2,1.0,1.0,17185.95,0
10514,15706071,Hsia,586,Germany,Male,46.0,1,141461.06,2,1.0,0.0,116858.2,1
10518,15743478,Johnson,659,Germany,Female,39.0,8,52106.33,1,1.0,1.0,107964.36,0
10519,15593470,Tu,564,Germany,Male,23.0,8,103522.75,2,1.0,1.0,3430.38,0
10524,15581525,Milano,479,Germany,Male,34.0,3,133936.05,1,1.0,0.0,51364.25,1
10525,15765461,Grant,596,Germany,Male,38.0,3,123544.21,2,1.0,1.0,120314.75,0
10535,15600912,Chidubem,584,Germany,Female,46.0,1,117438.92,1,1.0,0.0,116766.79,1
10537,15700627,Chiekwugo,684,Germany,Male,41.0,1,88977.52,1,1.0,0.0,52337.58,1
10548,15716605,Chukwufumnanya,634,Germany,Female,24.0,7,103099.17,2,1.0,0.0,173276.62,0
10549,15592846,She,683,Germany,Male,64.0,2,128751.65,2,1.0,0.0,189353.37,0
10551,15804053,Maclean,748,Germany,Male,33.0,5,146851.79,1,1.0,0.0,177738.96,1
10553,15737047,Cremonesi,677,Germany,Female,36.0,7,122552.48,2,1.0,0.0,53581.19,0
10558,15592078,Davide,577,Germany,Female,43.0,8,123599.49,1,1.0,0.0,1676.92,1
10562,15659399,Hughes,600,Germany,Female,50.0,5,143734.01,2,1.0,1.0,175043.69,0
10564,15659486,Y?,632,Germany,Female,50.0,7,106518.76,2,0.0,0.0,176725.98,1
10567,15765322,Chibueze,743,Germany,Male,36.0,9,141791.77,2,1.0,1.0,133051.21,0
10571,15649418,Repina,739,Germany,Male,45.0,2,119148.55,2,1.0,1.0,149740.22,0
10574,15783522,Nkemjika,651,Germany,Female,32.0,4,107592.89,2,1.0,1.0,43982.41,0
10591,15792862,Otutodilinna,724,Germany,Male,23.0,5,102772.67,2,1.0,0.0,117832.39,0
10599,15769005,Pisani,770,Germany,Male,60.0,2,99812.88,2,1.0,1.0,57945.45,0
10600,15756481,McGregor,745,Germany,Male,28.0,4,133658.24,2,0.0,1.0,177025.79,0
10601,15620507,Siciliani,689,Germany,Male,30.0,7,151510.17,1,0.0,1.0,27011.8,0
10618,15775886,Ives,743,Germany,Female,52.0,7,103060.63,1,1.0,1.0,74850.84,1
10621,15596022,Liao,775,Germany,Male,40.0,3,127723.33,2,1.0,0.0,120830.81,0
10622,15641675,Hsieh,628,Germany,Female,49.0,1,89800.16,1,1.0,0.0,162987.86,1
10626,15698902,Lucchese,739,Germany,Male,29.0,9,140931.99,1,0.0,0.0,63795.36,0
10627,15662501,Chikwado,601,Germany,Male,49.0,2,148843.07,1,1.0,1.0,47774.44,0
10634,15687959,Tsou,662,Germany,Male,35.0,4,127660.79,2,1.0,1.0,84770.97,0
10643,15762045,Fanucci,643,Germany,Male,49.0,3,108269.2,2,0.0,0.0,173365.39,1
10667,15643487,Martin,459,Germany,Female,39.0,1,161588.81,2,0.0,1.0,141023.01,0
10678,15681411,Hsueh,718,Germany,Male,35.0,2,139874.51,2,1.0,0.0,109899.27,0
10682,15772501,Ch'ang,653,Germany,Female,45.0,5,122347.54,1,1.0,1.0,45424.03,1
10689,15652289,Ch'iu,667,Germany,Female,61.0,3,121389.06,1,1.0,0.0,77951.84,1
10699,15806917,Hsing,683,Germany,Female,49.0,6,156692.68,2,1.0,0.0,86619.06,1
10702,15581323,White,488,Germany,Female,28.0,3,139246.22,2,1.0,0.0,106799.49,0
10704,15623369,Tung,850,Germany,Male,32.0,7,124182.37,2,0.0,1.0,46784.11,0
10707,15656627,Lin,637,Germany,Male,34.0,1,124532.78,1,1.0,0.0,74425.41,0
10710,15784092,Fanucci,614,Germany,Female,47.0,5,109699.08,1,1.0,1.0,166520.96,1
10711,15705676,Ch'iu,721,Germany,Female,44.0,5,101827.51,2,1.0,0.0,79618.07,0
10714,15719348,Chukwualuka,547,Germany,Male,33.0,6,143360.34,2,0.0,0.0,127616.48,0
10720,15753895,Martin,564,Germany,Female,42.0,7,122031.55,1,1.0,0.0,147545.65,1
10724,15791944,Ni,472,Germany,Male,48.0,7,172645.8,2,1.0,0.0,109783.15,1
10725,15721469,Mach,492,Germany,Male,45.0,1,170295.04,2,0.0,0.0,164741.81,0
10729,15616380,T'ien,612,Germany,Male,40.0,1,130142.79,2,1.0,0.0,174918.46,0
10736,15597536,Nkemdilim,614,Germany,Male,45.0,3,133658.24,1,0.0,0.0,135244.87,0
10738,15793842,Chin,687,Germany,Female,34.0,6,134740.38,1,1.0,1.0,104076.82,0
10742,15587913,Palerma,637,Germany,Female,41.0,1,152143.89,2,1.0,0.0,132368.47,0
10743,15584576,Chukwuma,727,Germany,Female,29.0,8,121728.8,1,1.0,0.0,103839.89,1
10750,15803976,Hoelscher,535,Germany,Male,23.0,8,112044.72,1,1.0,0.0,6076.62,1
10753,15692977,Chiemenam,700,Germany,Female,59.0,1,137648.41,1,1.0,0.0,130686.59,0
10757,15676353,Etheridge,598,Germany,Female,35.0,8,114212.6,1,1.0,1.0,74322.85,1
10766,15680278,Goliwe,706,Germany,Female,59.0,5,97041.16,2,1.0,0.0,171706.66,1
10769,15680772,Mackey,777,Germany,Male,50.0,2,150777.0,2,1.0,1.0,76622.45,0
10775,15771573,Okagbue,481,Germany,Female,37.0,9,137843.8,1,1.0,1.0,117622.8,0
10779,15776717,Chimaobim,705,Germany,Male,44.0,2,101868.51,1,1.0,1.0,60728.51,0
10784,15743617,T'ao,648,Germany,Female,39.0,4,149940.04,2,1.0,1.0,149913.84,0
10789,15800268,Chiawuotu,594,Germany,Male,46.0,6,132906.88,1,1.0,1.0,93429.95,0
10796,15780909,Caffyn,769,Germany,Male,39.0,7,115101.5,1,0.0,0.0,57841.89,1
10804,15659501,Shih,649,Germany,Female,40.0,5,127545.94,1,1.0,0.0,90876.95,0
10805,15803764,Stanley,629,Germany,Female,28.0,3,78833.15,2,1.0,1.0,37196.15,0
10810,15803654,Begum,755,Germany,Female,50.0,1,119741.77,2,0.0,0.0,58965.04,1
10813,15656471,Udinesi,707,Germany,Female,39.0,4,123894.43,1,1.0,1.0,92865.46,0
10823,15573077,Cattaneo,714,Germany,Female,37.0,6,152827.99,1,1.0,1.0,26136.89,1
10836,15774551,Liao,553,Germany,Male,31.0,5,139825.53,2,0.0,1.0,103726.71,0
10838,15643359,Ch'en,656,Germany,Male,32.0,1,105770.7,1,1.0,0.0,57558.95,0
10843,15595874,Paramor,775,Germany,Female,49.0,8,119688.81,1,1.0,0.0,142783.98,0
10844,15793901,Chibueze,551,Germany,Female,45.0,7,133656.95,2,1.0,0.0,96498.14,0
10846,15735222,Ignatieff,705,Germany,Female,37.0,4,139972.18,1,0.0,0.0,143665.44,1
10848,15594039,Milano,652,Germany,Female,32.0,9,117412.19,1,0.0,0.0,184524.74,0
10855,15799720,Ruggiero,556,Germany,Male,31.0,3,115895.22,1,0.0,1.0,153871.54,1
10858,15806796,Brown,711,Germany,Female,23.0,6,131023.76,2,1.0,1.0,135825.19,0
10859,15568088,Parkin,684,Germany,Male,48.0,3,73309.38,1,0.0,1.0,21228.34,0
10860,15751207,Hs?eh,675,Germany,Male,53.0,5,134954.87,1,1.0,0.0,134876.01,1
10865,15658057,Toscani,658,Germany,Female,42.0,2,121765.37,2,1.0,1.0,166516.84,0
10875,15642996,Ijendu,678,Germany,Female,39.0,9,113386.53,2,1.0,1.0,162515.17,0
10876,15741092,Greece,711,Germany,Female,36.0,7,55417.62,2,1.0,0.0,136902.01,0
10879,15615016,Cremonesi,602,Germany,Male,32.0,6,184715.86,2,0.0,1.0,141798.98,0
10881,15642391,Lettiere,621,Germany,Male,51.0,4,137946.39,1,1.0,0.0,174540.59,1
10892,15812832,Jideofor,526,Germany,Male,33.0,2,135470.9,1,0.0,1.0,172576.43,0
10906,15570205,Lo Duca,655,Germany,Female,50.0,7,84722.44,1,1.0,0.0,84700.82,1
10908,15726487,Ting,580,Germany,Female,45.0,0,121588.18,1,0.0,1.0,183580.39,1
10912,15775886,Timms,670,Germany,Female,24.0,4,119624.54,1,1.0,1.0,110472.12,0
10916,15651581,Mazzi,793,Germany,Male,34.0,9,114430.18,2,0.0,1.0,80130.54,0
10925,15652782,Chin,638,Germany,Male,43.0,6,148962.76,1,1.0,1.0,102628.56,0
10926,15687310,Hsia,628,Germany,Male,51.0,7,125773.25,1,0.0,0.0,131778.58,1
10933,15752091,Cattaneo,687,Germany,Male,28.0,3,128927.93,1,1.0,1.0,163511.6,0
10938,15571261,Yobanna,629,Germany,Female,37.0,6,107794.22,1,1.0,0.0,74800.97,1
10939,15644295,Nwabugwu,850,Germany,Female,50.0,8,133800.98,4,0.0,0.0,96832.82,1
10951,15657779,Chidozie,663,Germany,Female,43.0,3,109895.16,1,1.0,0.0,137028.97,1
10963,15583857,Macleod,597,Germany,Male,33.0,7,134571.3,1,1.0,0.0,127977.66,0
10964,15605455,Hsia,584,Germany,Female,38.0,9,93577.3,1,0.0,0.0,115068.99,1
10966,15706458,Blesing,634,Germany,Male,38.0,2,151260.89,2,1.0,0.0,186985.12,0
10974,15776936,Okwudilichukwu,692,Germany,Female,41.0,9,120825.7,1,1.0,0.0,95957.09,1
10983,15753888,O'Donnell,569,Germany,Female,34.0,4,137714.25,2,1.0,1.0,143960.72,0
10989,15668774,Chiemenam,758,Germany,Male,58.0,8,122739.1,1,1.0,1.0,102460.84,0
10991,15598940,Achebe,681,Germany,Male,36.0,6,181804.34,2,1.0,1.0,57517.71,0
10993,15809302,Uwaezuoke,678,Germany,Male,32.0,3,139844.0,1,1.0,1.0,92708.0,0
10995,15671591,Hao,647,Germany,Female,30.0,6,132615.73,1,1.0,1.0,54776.64,0
11008,15649033,Liao,545,Germany,Male,35.0,6,127095.14,2,1.0,0.0,120893.85,0
11011,15603665,Onyemere,638,Germany,Male,40.0,2,138053.79,1,1.0,0.0,74564.41,0
11015,15602851,Manna,658,Germany,Male,53.0,6,136674.55,1,1.0,0.0,58879.31,1
11017,15764293,Clements,663,Germany,Female,31.0,7,93920.68,2,1.0,0.0,152899.14,0
11019,15682955,Yuriev,679,Germany,Female,32.0,7,142711.81,1,1.0,0.0,98896.06,0
11021,15794396,Salas,695,Germany,Female,44.0,3,119558.35,3,1.0,0.0,54129.89,1
11037,15704769,Ndukaku,585,Germany,Female,27.0,0,121063.63,2,1.0,0.0,93781.79,0
11047,15634896,Ch'eng,512,Germany,Male,29.0,10,107751.68,2,0.0,0.0,163830.64,0
11055,15772329,Fiorentino,580,Germany,Male,45.0,0,103741.14,1,1.0,0.0,47428.73,1
11059,15592736,Skelton,641,Germany,Female,62.0,6,133050.67,1,0.0,0.0,178291.02,1
11067,15586970,Ch'ang,695,Germany,Male,52.0,8,103023.26,1,1.0,1.0,22485.64,0
11073,15572360,Marcelo,722,Germany,Male,32.0,5,106807.64,1,1.0,1.0,76998.69,1
11075,15631871,Leckie,600,Germany,Female,37.0,9,108309.0,1,1.0,0.0,41788.37,1
11089,15706799,Tseng,678,Germany,Female,26.0,2,153549.8,1,1.0,0.0,163435.3,0
11092,15769412,Ts'ao,550,Germany,Male,21.0,1,121827.43,2,1.0,1.0,99818.31,0
11093,15612505,Ch'eng,482,Germany,Female,40.0,6,113000.38,2,1.0,1.0,88840.54,0
11098,15657747,Chiganu,678,Germany,Female,49.0,7,151766.71,1,1.0,1.0,57549.65,1
11100,15674720,Smith,791,Germany,Female,37.0,6,123067.63,1,0.0,1.0,98162.44,0
11103,15788480,Pagnotto,786,Germany,Female,48.0,0,122325.58,1,0.0,0.0,34712.34,1
11107,15794916,Genovese,710,Germany,Female,55.0,3,118546.71,1,1.0,0.0,187946.55,1
11125,15745307,Martin,683,Germany,Male,32.0,7,121887.91,1,1.0,1.0,176570.46,0
11134,15641298,Hsieh,678,Germany,Male,40.0,8,136855.24,1,1.0,0.0,78670.52,0
11139,15772421,Teng,705,Germany,Female,30.0,7,100885.93,2,1.0,1.0,38772.65,1
11155,15649033,Milani,610,Germany,Male,30.0,9,71843.15,2,0.0,0.0,61843.73,0
11159,15777743,Shubin,636,Germany,Female,45.0,8,121540.9,1,0.0,0.0,75825.53,1
11161,15660646,Hsueh,681,Germany,Female,31.0,8,98710.89,2,1.0,0.0,125961.48,0
11172,15643654,Fennell,782,Germany,Male,33.0,4,141426.84,2,1.0,0.0,148828.13,0
11174,15751177,Hales,672,Germany,Female,27.0,3,169025.83,2,1.0,0.0,169137.24,0
11178,15617116,McElhone,581,Germany,Female,34.0,7,110150.55,1,1.0,1.0,93717.71,1
11186,15650288,Scott,731,Germany,Female,40.0,4,91522.06,1,0.0,0.0,141872.05,0
11190,15664555,Hughes,581,Germany,Male,42.0,8,144386.32,1,1.0,0.0,32919.42,0
11194,15687634,T'ien,707,Germany,Female,50.0,5,115920.62,1,0.0,0.0,160546.58,1
11197,15569641,Sung,637,Germany,Female,45.0,6,130701.29,1,1.0,0.0,59354.24,1
11200,15589725,Hsia,714,Germany,Female,21.0,1,141806.09,1,0.0,1.0,172031.22,0
11215,15586870,Chukwuemeka,653,Germany,Female,56.0,2,147726.65,2,1.0,1.0,161573.66,0
11220,15643967,Nwokezuike,569,Germany,Male,56.0,1,141749.74,1,1.0,0.0,93736.73,1
11227,15782941,Sagese,681,Germany,Male,30.0,6,121702.73,1,1.0,1.0,169964.12,0
11230,15689412,Lucciano,834,Germany,Male,24.0,6,132403.56,2,1.0,0.0,166520.96,0
11233,15661409,Hsing,663,Germany,Male,34.0,1,122450.54,1,0.0,1.0,199203.71,0
11235,15581388,Pinto,677,Germany,Male,42.0,4,113635.43,3,1.0,0.0,101057.95,1
11236,15656029,Houghton,644,Germany,Male,38.0,5,148843.59,2,1.0,1.0,92898.15,0
11245,15581811,Chukwukere,678,Germany,Male,30.0,1,139676.95,2,0.0,1.0,16146.0,0
11246,15724443,Taylor,703,Germany,Female,29.0,3,122084.63,1,0.0,0.0,83983.39,1
11258,15706268,Smith,697,Germany,Male,35.0,1,147910.3,1,1.0,1.0,53581.14,0
11260,15618245,Chukwumaobim,684,Germany,Male,31.0,1,117020.08,1,1.0,1.0,64436.16,0
11263,15649523,Ukaegbunam,635,Germany,Female,57.0,8,114756.08,1,1.0,0.0,138880.24,1
11265,15569446,Hs?,667,Germany,Male,46.0,3,104356.76,1,1.0,0.0,64516.8,1
11266,15711602,Ni,745,Germany,Male,43.0,6,111907.97,2,0.0,1.0,1055.65,1
11271,15812720,Ch'in,807,Germany,Male,37.0,10,130110.45,2,0.0,1.0,172097.4,0
11272,15793693,Nwagugheuzo,543,Germany,Male,32.0,9,133855.33,1,1.0,1.0,151314.96,0
11282,15592707,H?,720,Germany,Female,47.0,3,103907.28,1,1.0,0.0,99154.86,1
11284,15753837,Mazzi,649,Germany,Female,31.0,10,141581.71,1,1.0,0.0,85901.89,1
11291,15585835,Ch'iu,714,Germany,Male,35.0,7,119499.67,2,1.0,1.0,88729.84,0
11292,15591428,Miles,674,Germany,Male,43.0,8,85957.88,1,1.0,0.0,8757.39,0
11298,15607577,Vasilyeva,677,Germany,Male,35.0,2,85089.3,2,1.0,1.0,71638.0,0
11300,15584092,Ts'ai,705,Germany,Male,35.0,4,118913.55,2,0.0,1.0,87412.45,0
11301,15803462,Ts'ai,637,Germany,Male,35.0,7,151310.58,2,1.0,0.0,102665.91,0
11309,15753332,Loftus,401,Germany,Male,48.0,5,81026.77,2,1.0,0.0,175753.55,0
11315,15811314,Ejimofor,775,Germany,Female,52.0,3,129834.59,4,1.0,1.0,104079.62,1
11317,15706054,Ch'en,573,Germany,Female,32.0,4,161371.12,1,0.0,1.0,117929.24,0
11330,15593976,Farber,578,Germany,Female,33.0,5,143258.85,1,0.0,0.0,192721.98,1
11334,15776936,O'Toole,597,Germany,Male,40.0,4,112896.86,3,1.0,1.0,185827.74,1
11341,15794360,Kline,683,Germany,Female,34.0,10,170833.46,1,0.0,0.0,137783.85,0
11357,15725835,Shih,785,Germany,Female,39.0,10,124493.03,2,1.0,0.0,52583.79,0
11360,15761733,Okwuadigbo,751,Germany,Female,32.0,3,148874.04,1,1.0,0.0,168516.17,0
11370,15621210,Angelo,599,Germany,Female,39.0,9,123444.72,2,1.0,1.0,31368.08,0
11375,15704950,Pagnotto,748,Germany,Male,33.0,8,134740.24,1,1.0,1.0,141038.98,0
11376,15573854,Shih,727,Germany,Male,62.0,8,119839.69,2,1.0,0.0,51016.02,1
11379,15752097,Palermo,552,Germany,Male,40.0,6,152581.06,1,1.0,0.0,71408.63,0
11380,15645839,Onyemachukwu,673,Germany,Female,57.0,7,113322.35,2,1.0,1.0,72991.15,0
11384,15705521,Chukwudi,679,Germany,Male,40.0,4,140891.08,1,1.0,1.0,126555.7,0
11386,15794182,Olisaemeka,850,Germany,Male,42.0,9,106573.81,1,1.0,0.0,56864.0,0
11387,15697035,Chiawuotu,590,Germany,Male,31.0,10,102983.91,2,1.0,0.0,136610.02,0
11388,15629128,Lai,706,Germany,Female,27.0,8,111868.52,2,1.0,0.0,176778.28,0
11398,15572265,Chizoba,699,Germany,Female,42.0,3,121513.19,2,1.0,0.0,187936.43,1
11409,15782802,Beneventi,735,Germany,Male,26.0,7,114450.32,1,1.0,1.0,14081.64,0
11412,15742632,Fanucci,628,Germany,Female,53.0,0,116772.23,1,1.0,0.0,129890.97,1
11413,15764294,Ifeatu,683,Germany,Male,41.0,4,98899.91,2,1.0,1.0,47832.82,0
11419,15684419,Hs?,632,Germany,Male,32.0,5,141404.06,1,1.0,0.0,131905.95,1
11424,15700965,Yefimov,633,Germany,Male,40.0,7,127406.34,1,0.0,0.0,107569.01,1
11425,15578908,Li,605,Germany,Male,42.0,7,74988.59,1,0.0,0.0,79928.41,0
11434,15699467,Hsiung,651,Germany,Male,45.0,0,170600.78,2,1.0,1.0,103921.43,0
11439,15682612,Lu,644,Germany,Male,39.0,0,107974.75,1,0.0,0.0,185543.26,0
11444,15578671,Sergeyeva,584,Germany,Male,43.0,2,109698.41,1,1.0,1.0,88391.29,1
11445,15592662,Kao,694,Germany,Male,50.0,4,147974.85,2,0.0,1.0,143681.54,0
11447,15739357,Milani,710,Germany,Male,57.0,0,141441.75,1,0.0,0.0,155870.82,1
11448,15780042,Tung,727,Germany,Female,44.0,3,100374.98,1,1.0,1.0,54954.51,0
11449,15640846,Manna,546,Germany,Female,58.0,3,106458.31,1,0.0,0.0,128881.87,0
11451,15652069,Milani,687,Germany,Male,39.0,2,138306.01,2,1.0,0.0,92920.27,0
11455,15580252,Kao,751,Germany,Male,39.0,7,187861.16,1,1.0,0.0,79623.31,1
11462,15665421,Dyson,794,Germany,Female,50.0,10,110755.03,2,1.0,1.0,119059.13,0
11473,15705735,Ts'ai,676,Germany,Female,28.0,4,133432.59,2,1.0,1.0,171344.09,0
11478,15739189,Ts'ai,828,Germany,Male,46.0,10,113865.26,2,1.0,0.0,131625.32,0
11481,15789936,Miller,729,Germany,Female,36.0,1,151957.91,1,1.0,1.0,110359.68,1
11484,15661409,Nkemdirim,633,Germany,Male,37.0,3,152979.43,2,1.0,0.0,167749.76,0
11488,15579914,Miller,594,Germany,Female,35.0,10,121255.24,2,1.0,0.0,121552.08,1
11490,15615177,Dalton,606,Germany,Female,47.0,0,129646.91,1,0.0,0.0,53784.22,1
11506,15783526,Scott,769,Germany,Male,32.0,8,91562.6,2,1.0,1.0,141501.34,0
11509,15761487,Chukwuebuka,580,Germany,Female,42.0,10,125909.85,1,1.0,1.0,120830.73,1
11511,15637194,Onyemauchechukwu,636,Germany,Male,36.0,5,123953.33,2,1.0,1.0,161854.98,0
11517,15703728,Chieloka,700,Germany,Female,47.0,4,133745.44,1,1.0,0.0,121798.52,0
11519,15629551,Chidiebele,678,Germany,Female,44.0,1,139859.23,1,1.0,0.0,54949.73,1
11523,15642391,Y?,745,Germany,Male,42.0,5,94108.54,1,1.0,0.0,177235.21,1
11525,15746199,Eluemuno,658,Germany,Male,38.0,4,131406.56,3,1.0,1.0,73656.38,0
11532,15580148,Bellucci,533,Germany,Female,47.0,1,117641.43,1,1.0,0.0,43852.05,1
11536,15623499,Holman,548,Germany,Female,49.0,9,108437.89,1,0.0,1.0,127022.87,0
11551,15788776,Chukwuebuka,637,Germany,Female,59.0,5,123593.22,1,1.0,1.0,151210.5,1
11552,15754578,Okeke,640,Germany,Female,39.0,0,118613.34,1,1.0,0.0,165849.49,1
11553,15746872,Fiorentini,567,Germany,Female,34.0,5,142400.28,1,1.0,0.0,137895.59,0
11558,15690452,Tung,605,Germany,Male,52.0,1,63349.75,1,1.0,0.0,108887.44,1
11559,15782442,Dancy,730,Germany,Female,39.0,4,117468.91,1,0.0,1.0,85421.84,0
11560,15712769,Nevzorova,633,Germany,Female,39.0,1,150905.03,2,1.0,1.0,102758.43,0
11562,15596713,Christie,786,Germany,Male,37.0,7,165896.22,2,1.0,1.0,66977.68,0
11563,15714215,Ojiofor,594,Germany,Male,48.0,6,103557.57,1,1.0,0.0,93914.6,0
11572,15718893,Genovese,681,Germany,Female,33.0,2,126812.61,1,1.0,0.0,54487.04,0
11578,15772528,Mishin,750,Germany,Female,47.0,7,121376.15,2,0.0,0.0,54473.6,0
11583,15586880,T'ao,597,Germany,Female,32.0,4,126495.57,1,1.0,0.0,57961.81,0
11584,15791365,Kenechi,715,Germany,Male,42.0,5,127806.91,1,0.0,1.0,103760.53,0
11589,15794356,Toscani,751,Germany,Female,36.0,3,121765.37,1,1.0,0.0,166516.84,1
11595,15657107,P'eng,563,Germany,Female,41.0,2,106171.68,2,0.0,1.0,163145.5,0
11601,15568487,Hsueh,717,Germany,Male,36.0,2,125927.51,1,1.0,0.0,80149.27,1
11603,15741643,Nkemakonam,695,Germany,Male,44.0,8,133950.36,1,1.0,1.0,127977.66,0
11613,15773798,Lo,656,Germany,Male,62.0,9,123407.69,3,0.0,1.0,138700.69,1
11614,15782630,Cattaneo,652,Germany,Female,35.0,5,128707.33,1,1.0,1.0,141872.08,0
11619,15809901,Nwachinemelu,705,Germany,Male,40.0,4,84495.04,1,1.0,0.0,105818.49,1
11622,15776433,O'Donnell,682,Germany,Male,38.0,3,136576.19,2,1.0,0.0,131312.8,1
11623,15772381,Chibueze,645,Germany,Male,36.0,4,133801.34,2,1.0,0.0,127587.31,0
11627,15611325,Wood,682,Germany,Male,44.0,9,57929.81,2,1.0,0.0,53134.3,0
11638,15622834,Stevenson,578,Germany,Female,54.0,6,115280.49,1,1.0,0.0,125518.32,1
11641,15652782,Chibuzo,627,Germany,Male,48.0,2,101099.9,2,0.0,1.0,193476.04,0
11643,15627377,Shih,639,Germany,Female,49.0,5,111395.53,1,1.0,1.0,136902.01,0
11649,15646810,Quinn,603,Germany,Male,21.0,8,108122.39,2,1.0,1.0,108488.33,0
11656,15705512,Welch,668,Germany,Female,37.0,6,167864.4,1,0.0,1.0,115638.29,0
11660,15621870,Miller,592,Germany,Male,44.0,4,131355.44,1,1.0,0.0,182855.74,0
11661,15640409,Carpenter,817,Germany,Female,46.0,0,89087.89,1,0.0,1.0,87941.85,0
11665,15663410,Onwumelu,743,Germany,Female,29.0,2,99785.28,1,1.0,0.0,48984.89,0
11691,15721591,Mazzi,709,Germany,Male,33.0,8,157989.13,1,1.0,1.0,122547.02,0
11692,15583033,McMillan,659,Germany,Female,36.0,4,98899.76,1,1.0,0.0,86190.34,0
11698,15714046,Hsueh,710,Germany,Female,35.0,9,121778.51,2,0.0,1.0,70810.68,0
11701,15779176,Chibueze,585,Germany,Male,40.0,4,148962.46,2,0.0,0.0,93524.19,0
11705,15765532,Ts'ai,651,Germany,Female,31.0,9,89974.09,1,1.0,1.0,157552.08,1
11710,15811490,French,600,Germany,Male,33.0,5,0.0,1,1.0,0.0,103737.82,1
11712,15737778,Hargreaves,602,Germany,Male,58.0,5,108881.29,1,1.0,1.0,134901.59,0
11717,15809279,Nwebube,638,Germany,Female,39.0,4,81231.85,2,0.0,0.0,171766.73,0
11732,15644297,Austin,740,Germany,Male,34.0,5,178787.54,1,1.0,1.0,195760.53,0
11734,15631392,T'ao,592,Germany,Male,34.0,1,126645.13,1,1.0,0.0,179435.21,0
11736,15747345,Dilibe,584,Germany,Male,26.0,1,129398.58,2,1.0,1.0,158580.91,0
11739,15583076,Welch,756,Germany,Female,36.0,6,148200.72,1,1.0,0.0,194584.48,0
11743,15780498,Chiawuotu,569,Germany,Female,52.0,7,115465.86,1,1.0,1.0,149915.28,1
11745,15651563,K'ung,549,Germany,Male,42.0,3,125900.28,1,1.0,0.0,147090.41,1
11751,15702469,Burdekin,649,Germany,Male,71.0,9,111871.51,2,0.0,1.0,171045.17,0
11764,15794870,Sal,639,Germany,Male,37.0,9,73023.17,2,1.0,1.0,78770.86,0
11768,15694859,McLean,751,Germany,Female,31.0,5,143930.92,1,1.0,1.0,46630.47,0
11776,15694852,Chiang,682,Germany,Female,42.0,8,112088.04,1,1.0,1.0,184524.74,1
11780,15777060,Dyer,594,Germany,Male,30.0,4,141252.13,2,1.0,1.0,145789.71,0
11782,15757549,Hsiao,647,Germany,Male,45.0,1,128270.22,1,1.0,0.0,110317.41,1
11783,15746035,Iweobiegbunam,635,Germany,Male,43.0,0,127122.79,2,1.0,0.0,83700.66,0
11793,15685576,Tsou,773,Germany,Female,51.0,5,116197.65,1,1.0,1.0,86701.4,1
11798,15794413,Ch'iu,586,Germany,Female,32.0,2,91057.28,2,1.0,1.0,180598.86,0
11799,15702641,Hsia,599,Germany,Male,39.0,5,75212.28,1,1.0,0.0,38772.45,1
11800,15626474,Zetticci,687,Germany,Female,36.0,9,145974.79,2,1.0,1.0,183963.34,0
11804,15724868,L?,692,Germany,Female,31.0,8,162702.75,2,1.0,0.0,152967.44,0
11811,15592777,Hsia,632,Germany,Male,59.0,5,102363.69,1,1.0,1.0,120596.16,1
11830,15603631,Teng,683,Germany,Female,29.0,5,119492.62,2,1.0,1.0,135067.88,0
11831,15696514,Golubev,527,Germany,Female,57.0,10,133501.36,1,0.0,1.0,15607.27,1
11833,15753830,Ejimofor,749,Germany,Male,32.0,3,122524.61,1,1.0,0.0,62732.65,0
11834,15756695,Milani,648,Germany,Male,55.0,1,127842.4,2,1.0,1.0,131768.58,0
11851,15588456,Hsueh,651,Germany,Female,37.0,4,99806.85,2,1.0,1.0,164652.02,0
11853,15683552,Ugochukwutubelum,589,Germany,Male,36.0,1,122021.17,2,0.0,1.0,134878.58,0
11857,15711254,Martin,598,Germany,Male,35.0,9,106116.56,2,1.0,1.0,121210.09,0
11858,15767891,Findlay,619,Germany,Female,40.0,6,99152.73,2,1.0,1.0,48475.12,0
11874,15742126,Teng,554,Germany,Male,35.0,9,99167.54,2,1.0,1.0,88728.47,0
11891,15663933,K'ung,765,Germany,Male,42.0,2,165947.99,1,1.0,1.0,168816.22,0
11895,15672356,Brown,757,Germany,Female,31.0,9,114513.66,2,1.0,0.0,147964.35,0
11896,15645095,Chinweike,697,Germany,Male,25.0,8,106416.31,1,1.0,1.0,138527.57,0
11898,15640855,Chinagorom,539,Germany,Male,50.0,0,104760.82,1,1.0,1.0,96833.0,1
11904,15637411,Chinweuba,734,Germany,Male,40.0,7,135889.13,2,0.0,0.0,121866.87,0
11910,15758048,Okonkwo,556,Germany,Male,32.0,3,97665.61,1,1.0,0.0,105898.79,0
11912,15567839,Ch'in,501,Germany,Male,49.0,9,114631.23,1,0.0,1.0,91429.74,0
11914,15761131,Ch'ien,744,Germany,Female,40.0,9,128929.88,2,1.0,0.0,48725.68,0
11916,15766896,Chidumaga,793,Germany,Male,34.0,9,151772.63,1,1.0,0.0,194867.78,0
11932,15731463,Tsou,613,Germany,Male,36.0,8,91285.32,2,1.0,0.0,81763.94,0
11933,15723886,Watkins,698,Germany,Female,57.0,8,138456.03,1,1.0,0.0,12048.67,1
11938,15682527,Y?,667,Germany,Male,34.0,0,125557.51,2,0.0,1.0,103832.6,0
11945,15734491,Pagnotto,709,Germany,Male,46.0,10,135927.07,2,1.0,0.0,103908.51,1
11948,15589975,Deleon,588,Germany,Female,41.0,6,106116.56,1,1.0,1.0,198766.61,1
11960,15638610,Kennedy,635,Germany,Male,65.0,9,117325.54,1,1.0,1.0,155799.86,0
11962,15800434,Burgess,811,Germany,Male,51.0,10,81954.6,1,0.0,0.0,146359.81,1
11963,15793337,Ejimofor,553,Germany,Female,37.0,0,91522.56,1,0.0,0.0,52411.55,1
11970,15617166,Mamelu,542,Germany,Female,35.0,2,142717.52,1,1.0,1.0,35418.39,0
11977,15798888,Pisano,605,Germany,Female,51.0,1,117992.59,1,1.0,1.0,183598.77,1
11995,15576044,Chukwudi,692,Germany,Female,34.0,10,127847.75,1,1.0,0.0,132719.15,0
12004,15765532,Horton,617,Germany,Female,31.0,1,61592.14,1,1.0,1.0,191468.78,1
12009,15580845,Nnaife,685,Germany,Male,57.0,1,101868.51,1,0.0,1.0,113483.96,0
12010,15581647,Fiorentino,777,Germany,Female,43.0,1,117637.19,1,1.0,0.0,120849.52,1
12016,15785819,Y?an,562,Germany,Male,28.0,9,123974.85,1,1.0,1.0,77500.68,0
12017,15592773,Chibueze,680,Germany,Male,58.0,7,108449.23,3,1.0,0.0,88372.69,1
12020,15622985,Chukwuhaenye,638,Germany,Male,36.0,3,131354.36,1,1.0,1.0,54954.51,1
12023,15778005,Kemp,687,Germany,Male,34.0,2,146943.38,2,1.0,1.0,183494.87,0
12024,15718507,Kao,706,Germany,Female,48.0,8,71667.97,1,1.0,0.0,145789.71,1
12027,15567452,Chiu,605,Germany,Male,28.0,6,132436.04,1,1.0,0.0,125762.95,0
12028,15656917,Manna,569,Germany,Male,35.0,1,117791.07,1,1.0,0.0,55902.93,1
12038,15572022,Udegbunam,683,Germany,Male,44.0,4,118097.87,1,1.0,1.0,125762.95,0
12041,15750769,Ch'ang,597,Germany,Female,35.0,5,122522.32,2,1.0,0.0,157871.55,0
12043,15742210,Oguejiofor,699,Germany,Female,40.0,2,109681.61,1,1.0,0.0,198376.02,1
12047,15669253,Y?an,680,Germany,Female,37.0,5,156773.78,1,0.0,1.0,117832.39,1
12050,15754577,Nucci,807,Germany,Female,48.0,1,144961.97,1,1.0,0.0,64746.07,1
12059,15730161,Ts'ao,748,Germany,Male,30.0,1,125961.74,1,1.0,1.0,158750.53,0
12061,15591386,Nwabugwu,537,Germany,Female,61.0,3,122334.26,1,1.0,1.0,51113.14,1
12065,15607178,Welch,850,Germany,Male,38.0,3,54901.01,1,1.0,0.0,140075.55,0
12075,15766683,Sal,635,Germany,Female,29.0,8,83693.34,2,1.0,0.0,142783.98,0
12081,15589210,Adamson,564,Germany,Female,24.0,8,72835.56,1,1.0,0.0,20515.72,0
12084,15664448,Romano,679,Germany,Male,30.0,7,70731.07,2,1.0,0.0,171430.16,0
12092,15750839,Burns,649,Germany,Male,29.0,1,45022.23,2,1.0,1.0,173425.68,0
12093,15603465,Dunn,665,Germany,Female,35.0,5,155447.65,2,0.0,1.0,51871.95,0
12096,15686164,Trevisano,850,Germany,Female,41.0,5,135643.0,1,1.0,0.0,72876.43,0
12099,15585748,Onyemauchechukwu,793,Germany,Female,29.0,6,165896.0,1,1.0,1.0,79577.4,0
12100,15607986,Chidubem,773,Germany,Male,31.0,2,115563.71,1,1.0,0.0,162960.02,0
12102,15590810,Zhirov,679,Germany,Male,39.0,6,123599.48,2,1.0,0.0,183656.45,0
12112,15687413,Nkemdirim,725,Germany,Female,38.0,5,148368.02,1,1.0,1.0,82662.73,1
12113,15734987,Lo Duca,602,Germany,Male,62.0,2,113657.41,1,1.0,1.0,102021.39,0
12123,15743532,Genovese,670,Germany,Female,58.0,7,141573.55,1,1.0,0.0,136886.46,1
12127,15594923,Ch'in,706,Germany,Female,42.0,7,125534.6,2,1.0,1.0,95985.04,0
12128,15642996,Chimezie,649,Germany,Male,36.0,1,89750.21,3,1.0,1.0,116696.77,1
12138,15683820,Estrada,624,Germany,Female,31.0,6,81711.41,2,0.0,0.0,154857.9,0
12143,15670496,Schwartz,655,Germany,Male,25.0,9,122874.74,1,0.0,1.0,108008.65,1
12148,15651022,Ibezimako,678,Germany,Female,36.0,2,137781.65,2,1.0,1.0,99818.41,0
12160,15738247,Ch'iu,644,Germany,Male,38.0,0,121063.88,2,0.0,1.0,102076.02,1
12165,15681433,Chigolum,781,Germany,Female,52.0,1,102287.43,1,0.0,1.0,163570.22,1
12194,15704378,Patterson,655,Germany,Male,31.0,9,121342.24,1,1.0,1.0,180241.44,0
12213,15736413,Chia,706,Germany,Male,32.0,6,119496.64,2,1.0,1.0,141763.28,0
12214,15802560,Okonkwo,637,Germany,Male,38.0,1,104853.36,2,1.0,1.0,79915.17,0
12216,15786418,Chidubem,679,Germany,Male,36.0,8,108586.86,2,1.0,0.0,158887.09,0
12217,15690546,Ch'in,645,Germany,Male,45.0,8,121205.99,1,1.0,0.0,96891.02,1
12221,15652883,Hsu,706,Germany,Female,32.0,3,127631.62,2,1.0,1.0,147545.65,0
12223,15595842,Hsueh,712,Germany,Female,39.0,1,158266.42,1,0.0,0.0,23702.42,0
12225,15686835,Ch'ang,662,Germany,Female,34.0,6,126534.6,1,1.0,1.0,171045.65,0
12238,15732020,Rutherford,508,Germany,Male,57.0,6,106938.11,2,1.0,1.0,138510.01,0
12239,15772996,McIntyre,739,Germany,Female,64.0,5,128707.31,1,0.0,1.0,168516.16,1
12240,15635784,Horsfall,627,Germany,Female,52.0,4,142705.95,1,1.0,0.0,148528.24,1
12241,15726310,Hsu,597,Germany,Male,30.0,5,141551.29,1,1.0,0.0,48466.94,0
12250,15752372,Chigolum,588,Germany,Male,26.0,10,148061.89,1,1.0,0.0,94767.77,0
12252,15737173,Ch'iu,559,Germany,Male,29.0,7,69459.05,1,1.0,0.0,128461.29,0
12253,15710206,Larson,591,Germany,Female,44.0,7,150500.64,1,0.0,0.0,14928.8,1
12254,15708504,Smith,615,Germany,Male,71.0,5,107379.68,2,1.0,1.0,24210.56,0
12259,15799300,Tien,579,Germany,Female,28.0,4,117152.09,3,1.0,0.0,105818.77,1
12261,15802362,Ch'iu,592,Germany,Female,49.0,3,91760.11,2,1.0,0.0,137037.97,1
12271,15696900,Aitken,634,Germany,Female,44.0,8,168069.74,1,0.0,1.0,170819.43,0
12273,15740476,Hsu,544,Germany,Female,48.0,5,110654.03,3,0.0,1.0,76511.44,1
12278,15672447,Ulyanov,641,Germany,Male,34.0,3,127940.47,1,1.0,1.0,45309.24,0
12290,15703588,Palerma,665,Germany,Male,37.0,5,153611.83,2,0.0,1.0,35321.65,0
12291,15764916,Rowley,616,Germany,Male,56.0,9,95984.21,1,0.0,1.0,115262.54,1
12296,15593683,Nwankwo,716,Germany,Female,40.0,2,109646.83,2,0.0,0.0,147964.99,1
12304,15808689,Dominguez,563,Germany,Male,34.0,6,140133.13,2,1.0,1.0,103469.45,0
12305,15662091,K'ung,680,Germany,Female,40.0,7,113688.1,2,1.0,1.0,85890.05,0
12306,15623471,Hale,696,Germany,Male,23.0,6,92366.72,2,1.0,0.0,120661.71,0
12307,15788183,Okwudiliolisa,747,Germany,Female,44.0,3,111537.23,2,1.0,1.0,59747.13,1
12315,15586976,Chukwumaobim,479,Germany,Female,33.0,9,122311.88,1,1.0,1.0,92811.2,1
12321,15704586,Onyemere,597,Germany,Male,42.0,7,133701.07,3,1.0,1.0,101069.71,1
12331,15784526,Davila,645,Germany,Male,35.0,5,166883.07,2,1.0,0.0,194467.23,1
12333,15627195,Parry,628,Germany,Male,59.0,5,154377.3,1,1.0,1.0,51721.52,0
12339,15621544,Ponomaryov,521,Germany,Male,34.0,8,71187.67,2,0.0,0.0,180954.74,0
12345,15632830,Clements,659,Germany,Female,24.0,9,122314.5,1,1.0,1.0,113079.19,0
12346,15584928,Iadanza,753,Germany,Female,49.0,1,105103.33,1,1.0,0.0,184399.76,1
12360,15753531,Chukwudi,714,Germany,Female,23.0,10,123889.19,2,0.0,1.0,79871.54,0
12365,15578722,Bradley,554,Germany,Female,39.0,4,131402.21,1,0.0,0.0,193668.49,1
12369,15762729,Cattaneo,729,Germany,Male,34.0,5,123845.36,2,0.0,0.0,49829.8,0
12370,15748123,Walker,684,Germany,Male,39.0,5,125921.73,2,1.0,0.0,11302.7,0
12372,15782247,Yeh,540,Germany,Male,22.0,4,133845.28,2,1.0,1.0,186233.26,0
12374,15802486,Chukwualuka,537,Germany,Male,58.0,9,112755.34,2,1.0,1.0,132945.43,1
12376,15765415,Ch'eng,547,Germany,Female,36.0,9,129855.85,2,1.0,1.0,61811.1,0
12386,15682890,Woronoff,585,Germany,Male,38.0,5,65095.41,2,1.0,1.0,140197.42,0
12389,15777217,T'ien,724,Germany,Male,50.0,4,123537.07,1,1.0,0.0,119425.94,1
12390,15680141,Onwubiko,652,Germany,Male,25.0,8,118024.05,2,0.0,0.0,121311.12,0
12395,15617655,Stewart,649,Germany,Male,51.0,4,129776.72,2,0.0,1.0,143544.48,1
12400,15705458,Yefimova,675,Germany,Male,67.0,1,108477.27,1,1.0,0.0,167522.19,1
12402,15605036,T'ien,652,Germany,Female,54.0,9,73348.04,1,1.0,0.0,87976.84,1
12403,15584580,Chinwendu,645,Germany,Male,33.0,5,141359.37,2,0.0,0.0,75860.01,0
12404,15793311,Ndubueze,603,Germany,Female,41.0,3,116324.39,1,1.0,1.0,184524.65,1
12413,15606386,Wang,753,Germany,Female,46.0,3,111512.75,1,1.0,0.0,159576.75,0
12416,15683544,Gallo,652,Germany,Male,45.0,3,131354.39,1,1.0,0.0,120663.57,1
12434,15592765,Chinwemma,731,Germany,Male,65.0,8,123378.2,1,1.0,1.0,6076.62,1
12442,15759250,Barnett,745,Germany,Female,51.0,4,99183.9,1,1.0,0.0,28922.25,1
12444,15651140,Smith,706,Germany,Male,52.0,5,92512.18,1,1.0,1.0,84872.66,0
12446,15662397,Kao,736,Germany,Male,60.0,1,120568.41,2,1.0,1.0,131312.38,1
12451,15658067,Walker,729,Germany,Male,48.0,3,120568.41,1,1.0,0.0,190160.04,0
12453,15679963,Mackenzie,667,Germany,Female,29.0,7,105204.01,1,1.0,1.0,138490.03,0
12457,15762927,Black,517,Germany,Female,36.0,6,113146.98,2,1.0,0.0,123535.05,0
12460,15693904,Chiang,691,Germany,Female,30.0,6,125428.37,1,1.0,0.0,194691.95,0
12462,15661907,White,589,Germany,Male,49.0,9,91810.86,1,0.0,1.0,91638.56,0
12463,15815271,Ritchie,755,Germany,Male,43.0,6,165048.5,2,1.0,0.0,16929.41,1
12475,15595039,Martin,755,Germany,Female,37.0,8,114754.08,1,1.0,0.0,136050.44,0
12476,15582033,Kornilova,734,Germany,Female,34.0,1,131938.58,2,0.0,0.0,198402.12,1
12481,15757559,Chukwujamuike,609,Germany,Female,38.0,3,150148.51,1,1.0,1.0,117841.06,1
12487,15700965,Toscano,724,Germany,Female,32.0,6,0.0,2,1.0,1.0,150026.79,0
12491,15675518,Bulgakov,703,Germany,Male,34.0,5,108410.87,2,1.0,0.0,102908.91,0
12494,15699507,Genovese,581,Germany,Female,35.0,2,138171.1,1,1.0,0.0,147527.3,0
12496,15642934,Chuter,516,Germany,Male,29.0,3,145166.09,2,0.0,0.0,111421.45,0
12502,15681410,Y?an,581,Germany,Male,28.0,3,98088.09,1,1.0,1.0,26687.22,0
12508,15656937,Chigolum,724,Germany,Male,44.0,2,129269.27,1,0.0,1.0,132498.39,1
12511,15605023,Chia,627,Germany,Male,45.0,9,95668.95,1,0.0,0.0,140136.38,0
12515,15596962,Ritchie,538,Germany,Male,43.0,3,148042.97,1,1.0,0.0,91652.43,1
12518,15787907,McGregor,707,Germany,Male,55.0,3,122823.34,1,1.0,0.0,51636.7,1
12519,15704144,Ann,812,Germany,Male,33.0,2,127154.14,2,0.0,1.0,105383.49,0
12521,15792668,Mao,584,Germany,Female,47.0,5,131778.08,1,1.0,0.0,8982.75,1
12524,15575486,Okoli,529,Germany,Female,28.0,1,132954.64,2,1.0,1.0,37769.98,0
12527,15602282,Fiorentini,646,Germany,Male,74.0,1,160858.13,1,0.0,1.0,158610.89,0
12529,15652048,Chibueze,729,Germany,Male,35.0,3,145807.59,2,1.0,1.0,74637.57,0
12530,15589872,Iloerika,613,Germany,Female,68.0,3,113086.31,1,0.0,0.0,178361.89,1
12535,15792922,Udinese,593,Germany,Male,41.0,6,158414.85,1,1.0,1.0,131300.68,0
12536,15703199,Ritchie,563,Germany,Female,38.0,9,96152.68,1,1.0,0.0,98994.92,0
12537,15711489,Williamson,700,Germany,Male,82.0,4,139723.9,4,0.0,1.0,182055.36,1
12541,15686983,Shcherbakov,739,Germany,Male,34.0,1,143576.36,2,1.0,1.0,164768.33,0
12543,15700946,Smith,587,Germany,Male,47.0,2,152926.6,1,1.0,0.0,53394.12,0
12545,15751177,Yao,733,Germany,Female,42.0,2,150561.03,2,0.0,1.0,14725.36,0
12551,15738448,Sanford,651,Germany,Female,25.0,9,145215.43,1,1.0,0.0,164040.94,0
12556,15695098,Nwabugwu,628,Germany,Male,33.0,5,113311.01,2,1.0,0.0,142517.99,0
12560,15605826,Korovina,635,Germany,Male,34.0,10,121063.49,3,1.0,0.0,151481.86,1
12562,15644832,Udinese,721,Germany,Male,41.0,7,115142.9,1,0.0,0.0,86480.29,1
12568,15647975,Onyekaozulu,705,Germany,Female,43.0,6,146547.78,3,1.0,0.0,10072.55,1
12570,15803378,Biryukov,575,Germany,Male,44.0,2,109528.16,2,1.0,0.0,55857.48,0
12572,15786433,Aitken,650,Germany,Male,35.0,4,165982.43,2,0.0,1.0,24482.16,1
12573,15748854,Sung,698,Germany,Female,27.0,5,91938.31,1,1.0,0.0,143481.85,0
12582,15746490,Nwankwo,707,Germany,Female,32.0,8,133486.78,2,1.0,0.0,124592.84,0
12585,15690182,Kapustin,635,Germany,Male,37.0,7,113488.68,1,0.0,0.0,95611.74,1
12586,15761043,Chu,506,Germany,Male,41.0,10,0.0,2,1.0,1.0,7611.61,0
12588,15571261,Ch'ien,656,Germany,Male,37.0,2,123974.45,1,1.0,0.0,164040.24,0
12591,15599552,L?,664,Germany,Male,31.0,9,150249.71,1,1.0,0.0,170526.65,0
12592,15646921,T'ao,638,Germany,Female,50.0,4,79954.61,2,1.0,0.0,80552.12,0
12603,15695844,Tretyakova,633,Germany,Female,42.0,5,74483.92,1,1.0,1.0,60582.48,1
12604,15582910,Hsia,713,Germany,Male,32.0,9,156811.74,2,1.0,1.0,141946.92,0
12616,15584560,Chin,684,Germany,Male,43.0,1,115414.19,1,1.0,0.0,140889.33,0
12628,15627377,Chibuzo,742,Germany,Female,31.0,6,113657.83,1,1.0,0.0,123309.57,0
12629,15621653,Kesteven,758,Germany,Female,34.0,4,125191.69,2,0.0,0.0,65612.12,0
12632,15579915,Lo,591,Germany,Male,39.0,6,140197.31,2,1.0,0.0,138053.24,0
12633,15783025,Nebeolisa,706,Germany,Male,45.0,9,95556.31,1,1.0,0.0,176450.19,1
12640,15578788,Chidiegwu,684,Germany,Female,42.0,9,108449.23,2,1.0,0.0,129892.93,0
12648,15594917,Chiang,718,Germany,Female,48.0,6,124445.58,1,1.0,0.0,103737.82,1
12649,15705050,Hsiao,648,Germany,Female,38.0,9,133656.54,1,1.0,0.0,93787.07,0
12655,15794142,Hsieh,627,Germany,Female,37.0,5,123070.89,2,1.0,0.0,176882.08,0
12657,15690526,Tuan,720,Germany,Male,33.0,8,138306.34,2,0.0,0.0,141031.08,0
12659,15571302,Chukwukadibia,648,Germany,Female,34.0,9,127772.38,1,1.0,1.0,90547.73,0
12660,15769641,Mancini,774,Germany,Male,29.0,2,101168.91,2,1.0,0.0,47318.45,0
12666,15737506,Hao,682,Germany,Male,30.0,7,129440.3,2,1.0,1.0,177737.09,0
12672,15778418,Eluemuno,721,Germany,Male,35.0,3,122924.55,2,1.0,0.0,64869.33,0
12690,15631217,Hsieh,815,Germany,Female,60.0,5,142929.16,1,1.0,1.0,105887.04,1
12691,15591552,Ts'ui,697,Germany,Female,40.0,5,131287.68,2,1.0,0.0,59374.82,0
12693,15598782,Pinto,755,Germany,Female,30.0,6,154221.37,2,1.0,0.0,62688.55,0
12694,15672796,McIntyre,595,Germany,Male,46.0,2,117738.76,2,1.0,0.0,143301.58,1
12699,15730448,Lucchesi,707,Germany,Male,36.0,1,148074.13,2,1.0,0.0,67531.16,0
12701,15734659,Hirst,545,Germany,Female,44.0,6,103421.45,1,1.0,0.0,67789.99,1
12706,15753639,Gibson,521,Germany,Male,37.0,2,146093.39,1,1.0,0.0,160593.41,0
12730,15750155,Brown,636,Germany,Female,36.0,2,140889.17,2,1.0,1.0,179761.36,0
12733,15658813,Hsia,661,Germany,Male,38.0,1,121442.4,1,1.0,1.0,50368.63,0
12738,15573319,Piazza,735,Germany,Male,54.0,7,129848.57,1,1.0,0.0,99812.16,1
12741,15602811,Chidiebele,651,Germany,Male,43.0,9,124551.29,1,0.0,0.0,131407.07,1
12744,15791268,Mann,478,Germany,Male,43.0,4,127649.64,4,1.0,0.0,177378.66,1
12747,15658813,Howard,689,Germany,Female,48.0,5,129965.18,1,0.0,0.0,10070.4,1
12752,15803685,Ch'ang,850,Germany,Female,46.0,5,121898.52,1,0.0,0.0,131804.64,1
12755,15766172,Kang,699,Germany,Male,34.0,5,125845.66,2,1.0,0.0,10137.34,0
12762,15779906,Kao,684,Germany,Male,36.0,1,81260.06,2,1.0,1.0,46729.46,0
12764,15645103,Su,612,Germany,Male,49.0,2,88915.85,1,1.0,0.0,49133.45,1
12767,15667934,Chibueze,679,Germany,Male,35.0,4,116546.59,1,1.0,1.0,174434.06,1
12778,15706799,Chiang,676,Germany,Female,60.0,3,127616.56,1,1.0,0.0,141706.43,1
12779,15723307,Obiajulu,730,Germany,Female,44.0,8,106870.12,1,1.0,1.0,137903.54,0
12780,15693582,Eluemuno,577,Germany,Female,29.0,8,116870.58,1,1.0,1.0,94487.86,0
12785,15591289,Ch'iu,558,Germany,Male,50.0,8,122318.14,1,0.0,0.0,187985.49,1
12786,15654562,L?,663,Germany,Female,50.0,7,118342.82,1,1.0,0.0,152871.02,1
12789,15768124,Chidimma,534,Germany,Male,34.0,0,106901.94,1,1.0,0.0,137916.49,0
12793,15610711,Eluemuno,757,Germany,Male,59.0,3,187013.13,1,1.0,0.0,73686.75,1
12795,15589204,Zikoranaudodimma,594,Germany,Male,42.0,2,145580.61,1,1.0,0.0,14073.11,0
12796,15692226,Hsing,607,Germany,Female,39.0,4,133501.66,1,1.0,1.0,79577.3,1
12800,15742534,Ch'iu,628,Germany,Female,34.0,9,122549.64,1,1.0,1.0,152872.39,0
12807,15664270,Tsao,571,Germany,Male,41.0,4,71026.77,2,0.0,0.0,78780.86,0
12818,15683027,Chang,570,Germany,Male,29.0,4,122028.65,1,1.0,1.0,173792.77,0
12823,15657449,Chukwuma,696,Germany,Male,26.0,3,136202.78,1,1.0,0.0,176743.51,0
12828,15739248,Golubeva,619,Germany,Female,44.0,8,112755.34,2,1.0,0.0,102195.16,0
12829,15803982,Onwuemelie,544,Germany,Male,36.0,6,136623.26,2,1.0,0.0,71416.16,0
12834,15565996,Chiazagomekpere,594,Germany,Female,43.0,9,106936.97,1,1.0,0.0,116652.11,1
12835,15691624,Chigolum,733,Germany,Male,27.0,9,111369.79,2,1.0,1.0,91947.74,0
12844,15743817,Pirozzi,559,Germany,Male,33.0,5,124233.24,1,1.0,0.0,152418.66,0
12846,15726103,Tsou,689,Germany,Female,55.0,2,76296.81,1,0.0,1.0,42364.75,0
12855,15762331,Y?an,796,Germany,Female,43.0,1,110928.51,1,1.0,0.0,193008.52,1
12870,15640491,Shih,651,Germany,Female,49.0,1,141074.59,1,1.0,0.0,149853.89,1
12876,15601116,Hsing,581,Germany,Male,51.0,6,136835.53,1,1.0,0.0,166535.96,1
12879,15764405,Chiu,622,Germany,Female,40.0,2,109044.29,2,1.0,0.0,116522.01,0
12885,15668830,Fyodorov,744,Germany,Male,42.0,6,108585.16,2,0.0,1.0,156594.79,0
12888,15611191,Hao,749,Germany,Male,44.0,4,121428.04,2,1.0,1.0,52404.01,0
12906,15647975,Koo,678,Germany,Male,43.0,7,91246.53,1,0.0,1.0,167984.72,0
12907,15576077,Kelly,610,Germany,Female,28.0,9,159561.93,2,1.0,0.0,103381.47,0
12908,15634218,O'Loghlin,739,Germany,Female,30.0,8,99097.33,2,1.0,1.0,86619.77,0
12910,15803801,Lucchesi,622,Germany,Female,52.0,2,93590.47,1,0.0,1.0,116893.87,1
12915,15674929,Ch'ien,589,Germany,Male,44.0,5,92526.15,2,1.0,0.0,136902.01,0
12918,15686963,Tsao,643,Germany,Female,23.0,1,125919.35,1,1.0,0.0,101240.08,0
12919,15687634,Uspensky,728,Germany,Male,29.0,10,114774.55,2,1.0,0.0,27468.13,0
12931,15806486,Cattaneo,667,Germany,Male,36.0,4,108508.76,1,1.0,1.0,125870.89,0
12934,15711352,Hsu,751,Germany,Male,20.0,7,96947.14,2,0.0,0.0,141533.19,0
12950,15665534,Ch'ang,647,Germany,Male,41.0,4,121233.38,1,1.0,0.0,53954.21,1
12956,15794137,Nevzorova,751,Germany,Female,37.0,2,141535.52,1,1.0,1.0,109309.29,0
12959,15772777,Chiu,638,Germany,Female,46.0,1,105701.91,1,1.0,1.0,146411.6,1
12962,15652884,Chibuzo,758,Germany,Female,38.0,5,138515.72,2,1.0,0.0,86413.51,0
12963,15623357,Onio,683,Germany,Male,24.0,2,120596.93,1,0.0,1.0,180490.53,0
12965,15774250,Reilly,585,Germany,Male,40.0,1,109342.82,2,1.0,1.0,86044.98,0
12968,15798872,Macrossan,571,Germany,Female,37.0,10,110942.75,1,0.0,0.0,135078.47,1
12970,15747000,Ch'en,711,Germany,Male,42.0,3,118201.41,1,1.0,0.0,173498.45,1
12973,15604072,Hsieh,583,Germany,Female,35.0,1,165536.4,2,1.0,1.0,51553.53,0
12981,15640865,Chibuzo,624,Germany,Male,46.0,6,119787.76,1,0.0,0.0,29995.83,1
12994,15645025,Akhtar,589,Germany,Female,43.0,6,109974.69,2,0.0,1.0,79871.95,1
12999,15767231,Kent,696,Germany,Male,44.0,6,88109.81,1,0.0,1.0,32825.5,0
13000,15806808,Hope,834,Germany,Female,57.0,5,112281.7,1,0.0,0.0,140225.14,0
13007,15750458,Nwebube,716,Germany,Female,62.0,3,107548.94,1,1.0,0.0,70954.41,1
13014,15638247,Burdekin,637,Germany,Female,29.0,10,126547.8,1,1.0,0.0,44114.88,0
13017,15740458,DeRose,714,Germany,Male,36.0,8,87847.84,1,1.0,0.0,102073.29,0
13025,15593795,Linton,516,Germany,Female,28.0,1,156674.2,1,1.0,0.0,118502.34,1
13030,15695792,Onyemauchechi,627,Germany,Male,39.0,7,122570.07,2,1.0,1.0,115023.02,0
13042,15570134,Henry,683,Germany,Male,41.0,6,131156.76,2,1.0,0.0,37976.36,1
13043,15637461,Wang,571,Germany,Male,25.0,2,106431.97,2,1.0,1.0,177747.03,0
13052,15598883,Manna,743,Germany,Female,44.0,1,124577.33,1,1.0,0.0,83983.39,1
13053,15586699,K'ung,694,Germany,Male,29.0,5,98765.84,2,1.0,1.0,110317.39,0
13070,15570194,Maclean,587,Germany,Male,51.0,8,121402.56,1,1.0,1.0,62989.57,0
13079,15569682,Gartrell,651,Germany,Female,41.0,0,141069.89,2,1.0,1.0,62796.55,0
13085,15698031,Romano,693,Germany,Female,45.0,6,101851.8,2,1.0,0.0,7103.71,0
13088,15683683,White,699,Germany,Female,37.0,8,123773.23,2,1.0,1.0,136868.19,0
13096,15672185,Liu,590,Germany,Male,38.0,1,138515.02,1,0.0,0.0,171768.76,1
13104,15680243,Brown,637,Germany,Male,28.0,10,106723.28,1,1.0,1.0,183536.24,0
13108,15697249,Lettiere,546,Germany,Female,25.0,2,132837.7,1,1.0,0.0,131647.31,0
13112,15669664,Dettmann,608,Germany,Female,64.0,2,99607.37,1,1.0,1.0,35877.03,1
13113,15773876,Chin,643,Germany,Male,37.0,7,136596.79,1,1.0,0.0,75868.94,0
13116,15583480,Belonwu,565,Germany,Male,46.0,4,98899.76,2,1.0,1.0,86190.34,0
13118,15661288,Uspensky,652,Germany,Male,40.0,4,85867.58,1,1.0,0.0,85801.68,0
13119,15762855,Illingworth,487,Germany,Female,24.0,8,92760.55,2,1.0,0.0,112239.03,0
13122,15612207,Lo Duca,707,Germany,Female,45.0,1,123711.73,1,1.0,0.0,140941.47,1
13125,15648032,P'an,705,Germany,Male,35.0,5,126679.69,1,1.0,1.0,123587.83,1
13126,15660301,Dellucci,665,Germany,Female,61.0,8,140745.33,1,1.0,1.0,17818.33,1
13127,15649457,Ritchie,684,Germany,Female,29.0,3,118520.26,1,0.0,1.0,173498.45,1
13138,15731519,Zito,742,Germany,Male,45.0,9,67726.56,1,1.0,0.0,178342.63,1
13140,15766185,She,578,Germany,Male,31.0,3,146587.3,2,0.0,0.0,89874.82,1
13148,15766374,Leak,632,Germany,Female,42.0,4,119624.6,2,1.0,1.0,195978.86,1
13151,15569410,Tang,601,Germany,Male,33.0,6,114430.18,1,1.0,1.0,25885.72,1
13156,15691396,Cremonesi,638,Germany,Male,36.0,8,119655.77,1,0.0,1.0,180932.46,0
13158,15661655,Chukwufumnanya,653,Germany,Male,27.0,2,156773.78,1,0.0,1.0,178373.43,0
13163,15671708,Palerma,789,Germany,Male,32.0,8,144581.83,2,0.0,1.0,74833.56,0
13166,15746749,Boyle,493,Germany,Female,48.0,8,109019.65,2,1.0,0.0,33693.78,1
13182,15623082,Iweobiegbunam,582,Germany,Male,34.0,7,120829.74,2,0.0,0.0,143679.35,0
13188,15791743,Chinomso,767,Germany,Male,26.0,1,101868.52,1,1.0,0.0,143347.19,0
13192,15677369,Nwachukwu,637,Germany,Male,35.0,2,151922.94,2,0.0,1.0,151349.35,0
13203,15653306,Fraser,679,Germany,Female,32.0,7,88335.05,1,0.0,0.0,159584.81,0
13215,15659425,Ozerova,774,Germany,Female,41.0,1,150956.71,1,1.0,0.0,62449.75,0
13217,15631392,Hargrave,578,Germany,Female,37.0,4,115934.74,1,1.0,1.0,54487.43,0
13238,15772528,Ch'iu,526,Germany,Male,50.0,6,118627.06,1,1.0,0.0,180934.67,1
13240,15733491,Ch'iu,572,Germany,Male,42.0,4,124573.33,1,1.0,1.0,35786.76,1
13244,15700540,Barrera,557,Germany,Male,37.0,1,129893.56,1,0.0,0.0,102076.03,1
13247,15697480,Molineux,573,Germany,Female,43.0,1,132084.66,1,0.0,0.0,85421.0,1
13255,15652999,Okeke,744,Germany,Male,37.0,9,140725.98,2,0.0,0.0,99503.03,0
13256,15777784,Chinwendu,726,Germany,Male,47.0,5,113034.22,1,1.0,1.0,4989.33,1
13265,15639665,Iheatu,696,Germany,Male,32.0,5,77910.23,1,1.0,1.0,100862.36,0
13267,15783338,Nwachinemelu,665,Germany,Female,39.0,7,116326.07,1,1.0,0.0,182728.8,1
13269,15725166,Fanucci,634,Germany,Male,32.0,4,121345.88,2,1.0,1.0,88695.38,0
13276,15667424,Ikedinachukwu,545,Germany,Female,49.0,6,131694.52,1,0.0,1.0,57553.62,1
13278,15716781,Cocci,773,Germany,Female,24.0,7,171922.72,2,0.0,0.0,178028.96,0
13285,15777901,H?,611,Germany,Female,37.0,9,137657.25,1,0.0,1.0,24207.86,1
13288,15629078,Wilson,628,Germany,Male,38.0,2,156267.59,1,1.0,0.0,134417.31,1
13290,15806901,Chinwendu,549,Germany,Male,35.0,6,112392.45,2,1.0,1.0,83611.45,0
13296,15671930,Yefremova,535,Germany,Male,47.0,7,127913.56,1,1.0,0.0,97465.89,1
13297,15740557,Dickson,681,Germany,Female,31.0,4,116473.32,2,1.0,1.0,93769.97,0
13304,15673578,Ch'iu,537,Germany,Male,42.0,6,128415.45,1,1.0,1.0,145537.32,0
13309,15659149,DeRose,850,Germany,Male,32.0,3,107955.61,2,1.0,0.0,47764.33,0
13310,15684861,Obielumani,687,Germany,Female,47.0,4,126674.81,1,1.0,0.0,124170.9,1
13312,15576425,Kaeppel,662,Germany,Male,49.0,4,53573.18,1,1.0,0.0,142513.5,0
13313,15792629,Eluemuno,681,Germany,Female,40.0,0,133468.02,1,1.0,1.0,55775.81,0
13319,15592779,Udinesi,707,Germany,Male,33.0,3,137986.07,1,1.0,0.0,50777.46,1
13322,15586522,Hsueh,669,Germany,Male,38.0,8,121801.72,2,1.0,0.0,177719.88,0
13328,15704586,Ts'ui,652,Germany,Male,47.0,9,104379.81,1,1.0,1.0,64872.56,0
13330,15644356,King,658,Germany,Male,31.0,4,92199.84,1,0.0,0.0,1528.4,0
13338,15692826,Ugochukwu,695,Germany,Male,39.0,8,155736.82,1,1.0,0.0,156680.71,0
13340,15705078,Ch'iu,483,Germany,Female,29.0,8,125724.5,1,1.0,0.0,38260.89,0
13342,15748231,Chukwujamuike,687,Germany,Male,32.0,1,93723.47,1,1.0,1.0,49722.46,0
13345,15798849,Tretiakova,731,Germany,Female,41.0,6,107712.65,2,1.0,1.0,78858.15,0
13346,15593470,Jen,663,Germany,Female,46.0,2,141726.88,3,1.0,1.0,58257.23,1
13363,15691906,Hsieh,669,Germany,Female,39.0,9,118098.52,1,1.0,1.0,81297.65,0
13367,15628117,Chukwuemeka,488,Germany,Female,37.0,5,102318.06,1,0.0,0.0,70760.97,1
13373,15672499,Docherty,571,Germany,Male,48.0,6,96048.55,1,0.0,1.0,74510.65,0
13374,15583392,Ibezimako,684,Germany,Male,50.0,6,146098.43,1,1.0,0.0,143614.01,1
13376,15808960,Ch'iu,653,Germany,Female,43.0,9,118713.27,2,1.0,1.0,53667.33,1
13383,15603135,Boni,734,Germany,Male,59.0,5,121418.62,1,0.0,0.0,94978.1,0
13397,15715643,Ch'iu,733,Germany,Male,49.0,3,121240.51,1,1.0,0.0,147700.82,1
13398,15619116,Hs?,482,Germany,Female,49.0,4,92760.55,1,0.0,0.0,70774.97,1
13399,15663487,Ch'ang,665,Germany,Female,39.0,3,173773.05,1,1.0,0.0,134590.53,1
13404,15694644,Lettiere,694,Germany,Male,53.0,4,104483.08,1,1.0,0.0,172400.28,1
13405,15707593,Yeh,850,Germany,Male,37.0,1,104425.57,1,0.0,1.0,73321.35,0
13406,15804052,Chizoba,755,Germany,Male,31.0,2,136422.22,1,1.0,0.0,162523.66,1
13421,15690153,Sun,464,Germany,Female,37.0,3,85679.25,2,1.0,1.0,164104.74,0
13434,15573520,Galkin,661,Germany,Female,41.0,5,145118.83,1,1.0,1.0,69381.05,0
13436,15715199,Lucchesi,617,Germany,Female,20.0,0,152303.66,2,1.0,1.0,164741.05,0
13444,15753549,Hs?,633,Germany,Male,55.0,8,114027.7,1,1.0,0.0,177613.19,1
13447,15798885,Ch'ien,644,Germany,Male,32.0,8,106022.73,1,0.0,0.0,137959.0,0
13453,15669219,Wilson,569,Germany,Male,35.0,3,104356.38,1,1.0,0.0,94498.82,0
13469,15629298,Maclean,573,Germany,Female,48.0,3,127559.4,1,1.0,0.0,57862.93,1
13471,15732299,Y?,767,Germany,Male,30.0,1,132576.06,2,1.0,1.0,173419.55,0
13479,15663783,Ch'iu,774,Germany,Male,50.0,4,142558.5,1,0.0,0.0,27380.11,1
13480,15588515,Chukwufumnanya,725,Germany,Male,45.0,6,124737.63,2,0.0,1.0,79377.21,0
13494,15634141,She,779,Germany,Female,41.0,4,188614.07,2,1.0,0.0,172097.95,0
13495,15656426,Iadanza,624,Germany,Female,30.0,9,122552.51,2,1.0,0.0,175310.82,0
13508,15578865,Brookes,775,Germany,Female,26.0,2,130922.81,2,0.0,0.0,2186.83,0
13509,15723989,Tikhonov,620,Germany,Male,48.0,8,148962.76,2,1.0,1.0,92378.54,0
13518,15777797,Galkina,749,Germany,Male,31.0,1,128468.69,1,1.0,1.0,149922.39,0
13526,15612615,Hao,766,Germany,Male,41.0,9,151933.63,1,1.0,1.0,164040.94,0
13533,15609521,Hs?,642,Germany,Female,43.0,5,127258.86,1,0.0,0.0,124908.82,1
13535,15735346,Wallace,527,Germany,Female,44.0,10,136733.24,1,1.0,0.0,57589.29,1
13538,15734058,Anayochukwu,592,Germany,Male,31.0,9,131778.66,1,1.0,1.0,159268.67,0
13544,15775430,Tsou,691,Germany,Male,31.0,7,138008.06,2,1.0,0.0,129912.74,0
13552,15665374,Ku,618,Germany,Male,45.0,6,161802.29,2,1.0,0.0,50839.81,1
13555,15635964,Summerville,558,Germany,Female,36.0,7,129810.6,1,1.0,1.0,172363.52,0
13558,15742632,Y?,778,Germany,Male,42.0,0,122394.0,1,1.0,1.0,171707.93,1
13561,15581526,Calabresi,678,Germany,Male,25.0,3,84445.68,2,1.0,0.0,135815.38,0
13562,15660390,T'ien,685,Germany,Male,36.0,3,128393.68,1,1.0,0.0,95562.83,1
13572,15624343,Chinwemma,447,Germany,Female,45.0,2,127537.43,2,1.0,1.0,128882.53,0
13579,15784890,Chiawuotu,735,Germany,Male,42.0,10,102773.15,1,1.0,0.0,146056.29,1
13589,15758813,Wright,682,Germany,Male,39.0,6,133050.97,1,1.0,0.0,48869.67,0
13592,15603096,Grant,638,Germany,Male,25.0,5,122661.39,1,1.0,1.0,65618.01,0
13594,15728505,Y?,575,Germany,Male,49.0,1,141787.31,1,1.0,1.0,134878.19,1
13597,15611189,Onwudiwe,489,Germany,Male,42.0,4,93816.7,1,1.0,1.0,172618.52,0
13599,15738954,Ch'ang,637,Germany,Male,30.0,9,136855.56,1,1.0,1.0,132404.64,0
13600,15661248,Hsia,539,Germany,Male,45.0,3,146033.62,1,1.0,0.0,120107.5,1
13606,15715750,Okeke,687,Germany,Female,39.0,0,113063.83,2,1.0,0.0,53072.49,1
13619,15635776,Trevisani,686,Germany,Female,43.0,5,154846.24,1,1.0,1.0,151903.6,0
13634,15615141,Mao,850,Germany,Male,55.0,6,133866.22,2,1.0,1.0,121408.55,1
13637,15670562,Tikhonov,627,Germany,Female,35.0,5,101979.16,2,0.0,1.0,182867.84,0
13642,15670103,Hsia,564,Germany,Female,40.0,1,111205.85,1,1.0,0.0,102083.02,1
13643,15658852,McGregor,676,Germany,Female,49.0,3,124421.95,1,1.0,0.0,48606.93,1
13648,15645103,Chinweike,602,Germany,Female,42.0,6,158414.85,1,1.0,1.0,131886.46,0
13651,15655875,T'ien,584,Germany,Female,58.0,4,139959.55,2,1.0,1.0,121299.29,0
13654,15657321,Milano,850,Germany,Female,31.0,1,148863.31,1,1.0,0.0,91943.94,0
13659,15799300,Onyemere,653,Germany,Female,28.0,2,132623.88,1,1.0,0.0,51636.1,0
13662,15718465,Sadler,739,Germany,Male,54.0,4,121898.82,1,0.0,0.0,167553.06,1
13670,15757871,Hsu,684,Germany,Male,38.0,1,141796.85,2,1.0,1.0,19244.67,0
13671,15806523,Ch'ang,850,Germany,Female,46.0,5,129775.7,1,1.0,0.0,120586.29,1
13676,15806447,Chiemezie,611,Germany,Female,47.0,2,123331.36,1,0.0,0.0,109843.16,0
13678,15587584,Nebeuwa,565,Germany,Male,33.0,5,111362.76,2,0.0,0.0,21645.06,0
13682,15779973,Gibbons,684,Germany,Female,35.0,3,99967.76,1,1.0,0.0,176882.08,1
13685,15683618,Dyer,727,Germany,Female,57.0,6,122451.46,1,1.0,0.0,15796.66,1
13690,15772421,Tretiakov,591,Germany,Male,24.0,6,123082.08,1,1.0,1.0,25310.82,0
13691,15578865,Kuo,594,Germany,Male,51.0,2,172325.67,1,0.0,0.0,163714.92,1
13693,15643828,McKay,573,Germany,Male,43.0,5,125851.93,1,1.0,1.0,193362.99,1
13696,15811032,Gambrell,477,Germany,Female,58.0,1,145984.92,1,1.0,0.0,24564.7,1
13701,15644295,Hs?,652,Germany,Female,34.0,2,129255.2,2,0.0,1.0,113428.77,0
13709,15640034,Genovesi,700,Germany,Male,40.0,3,121408.64,2,1.0,0.0,152977.54,0
13712,15578722,Ni,554,Germany,Male,39.0,8,151391.68,1,1.0,0.0,163295.87,0
13714,15684042,Blair,698,Germany,Female,38.0,0,126428.38,2,0.0,0.0,57850.1,0
13716,15792481,Fanucci,735,Germany,Female,57.0,2,134976.04,1,1.0,0.0,151879.85,1
13720,15746338,Ibeabuchi,744,Germany,Female,65.0,3,122773.5,3,1.0,0.0,74838.64,1
13722,15688069,Chuang,678,Germany,Female,36.0,4,156845.64,1,1.0,1.0,51549.94,0
13740,15605698,Brown,733,Germany,Male,33.0,7,106854.21,2,1.0,1.0,151843.54,0
13743,15697307,Nnachetam,537,Germany,Male,34.0,10,134571.5,1,1.0,0.0,79078.91,0
13747,15658614,K?,565,Germany,Female,38.0,8,145400.69,1,1.0,1.0,83844.79,1
13748,15642336,Shaw,669,Germany,Female,40.0,5,139973.65,1,0.0,0.0,64599.64,1
13750,15749177,Nwankwo,677,Germany,Female,50.0,7,115587.49,1,1.0,0.0,162858.29,1
13751,15694566,Ndukaku,697,Germany,Female,30.0,10,122295.17,1,1.0,1.0,114565.35,0
13755,15800856,Tsui,586,Germany,Male,34.0,3,74309.81,2,1.0,1.0,15034.93,0
13759,15703908,Lucchese,693,Germany,Male,35.0,2,134958.46,2,1.0,1.0,136620.5,0
13761,15751175,Onyemaechi,735,Germany,Male,37.0,6,91536.88,1,0.0,0.0,85421.36,0
13763,15576723,Tung,616,Germany,Male,35.0,1,111677.52,2,1.0,0.0,60905.48,0
13765,15652999,Blair,721,Germany,Male,33.0,5,40105.51,1,1.0,1.0,53534.8,0
13792,15611021,Udegbulam,765,Germany,Male,41.0,8,99705.55,1,1.0,0.0,79706.55,0
13793,15583764,Fiorentino,698,Germany,Male,46.0,9,140137.15,1,0.0,0.0,125870.5,1
13796,15616365,Nebechukwu,651,Germany,Female,22.0,9,139432.55,1,1.0,1.0,72467.99,1
13801,15768387,Nott,679,Germany,Female,36.0,6,109471.79,1,0.0,0.0,45422.89,0
13806,15712199,Ijendu,655,Germany,Female,61.0,2,183997.7,1,1.0,1.0,161217.18,1
13818,15674000,Cattaneo,702,Germany,Male,26.0,9,104552.72,2,0.0,1.0,166707.22,0
13824,15808868,Nwokeocha,665,Germany,Female,28.0,3,103653.51,2,1.0,0.0,136846.75,0
13827,15602844,Niu,667,Germany,Female,38.0,3,97459.06,1,0.0,0.0,189175.71,1
13828,15608886,Ch'ang,726,Germany,Male,40.0,5,93867.19,2,1.0,0.0,71811.9,0
13837,15781272,Hsu,753,Germany,Male,36.0,1,96152.68,2,0.0,1.0,171413.66,0
13842,15568506,Forbes,572,Germany,Female,31.0,10,67238.98,1,1.0,1.0,161811.23,0
13846,15800116,Bowman,738,Germany,Male,47.0,4,145605.44,1,1.0,0.0,93883.53,1
13850,15653857,T'ien,771,Germany,Male,28.0,10,156067.05,2,1.0,1.0,152567.62,0
13859,15693764,Carr,771,Germany,Female,48.0,6,135290.42,2,1.0,1.0,72985.61,0
13864,15672327,Walker,648,Germany,Male,33.0,9,164848.31,1,1.0,0.0,108891.81,0
13865,15703059,Scott,526,Germany,Female,34.0,6,125552.96,1,0.0,1.0,96.27,0
13866,15735263,Teng,526,Germany,Female,34.0,2,128393.29,1,1.0,0.0,198269.08,0
13871,15763083,Lo,850,Germany,Female,53.0,3,115462.07,2,0.0,1.0,125710.63,1
13876,15663933,Jamieson,625,Germany,Female,35.0,5,86147.46,1,1.0,0.0,163440.8,1
13880,15606849,Chiawuotu,613,Germany,Female,37.0,6,126670.37,1,1.0,0.0,164064.44,1
13884,15800434,Chiu,743,Germany,Male,43.0,6,140576.11,1,1.0,0.0,46630.47,1
13885,15797764,Hs?eh,729,Germany,Female,43.0,6,129668.81,1,1.0,0.0,143980.33,1
13886,15662091,Chukwueloka,720,Germany,Female,41.0,5,107604.66,2,1.0,1.0,82900.25,0
13891,15621021,Mistry,575,Germany,Female,37.0,10,57568.94,1,1.0,1.0,63452.18,1
13895,15684921,Chiang,687,Germany,Female,38.0,1,108345.69,1,1.0,0.0,152852.24,1
13899,15647975,Chiu,565,Germany,Male,61.0,3,135827.33,1,1.0,1.0,134720.51,0
13901,15658852,Ts'ui,706,Germany,Female,29.0,5,123870.07,1,1.0,1.0,131287.96,0
13907,15671148,Chukwubuikem,596,Germany,Male,41.0,2,114212.22,1,1.0,1.0,171365.57,0
13909,15769948,Palerma,681,Germany,Female,35.0,0,133377.8,1,1.0,0.0,64050.19,0
13930,15784594,Raff,809,Germany,Male,41.0,10,131341.53,1,1.0,0.0,88837.11,0
13940,15578865,Palerma,608,Germany,Female,38.0,3,135071.12,1,1.0,1.0,60941.27,0
13942,15643752,Buccho,850,Germany,Female,37.0,4,154309.67,1,1.0,0.0,136934.91,0
13944,15570060,Ch'in,696,Germany,Female,36.0,2,110666.42,2,1.0,1.0,124906.46,0
13954,15589358,Stanley,637,Germany,Male,30.0,4,90018.45,2,1.0,0.0,193132.98,0
13955,15656096,Chukwuraenye,753,Germany,Female,39.0,2,116712.54,1,1.0,0.0,166943.51,0
13968,15685920,Ch'iu,656,Germany,Male,39.0,10,115062.61,2,1.0,0.0,154598.58,0
13971,15645323,Hsiung,603,Germany,Female,31.0,4,135842.89,2,1.0,1.0,82422.91,0
13977,15673971,Yuryeva,617,Germany,Female,28.0,7,146498.76,1,1.0,0.0,53954.24,0
13981,15591550,Tretiakova,633,Germany,Female,55.0,7,135096.77,1,0.0,0.0,143635.01,1
13983,15733429,Chou,520,Germany,Female,34.0,8,120018.86,2,1.0,0.0,343.38,0
13988,15739123,Hs?,651,Germany,Female,29.0,6,134946.07,1,1.0,1.0,102908.49,1
13989,15752815,Lucciano,828,Germany,Male,29.0,4,124495.98,2,1.0,1.0,106851.7,0
13991,15794510,Udegbunam,719,Germany,Female,35.0,8,131778.66,2,0.0,1.0,93922.84,1
13994,15730287,Wilson,850,Germany,Male,44.0,1,111096.91,1,0.0,0.0,76611.12,1
13996,15655658,Ts'ui,613,Germany,Male,38.0,9,120599.13,1,1.0,1.0,111249.35,0
13998,15675320,Hsiao,603,Germany,Male,33.0,1,173340.83,1,1.0,0.0,162511.55,0
14003,15566988,Udokamma,696,Germany,Male,64.0,5,129742.75,2,0.0,1.0,119899.02,0
14005,15788189,Chia,627,Germany,Male,32.0,2,127258.73,2,1.0,0.0,172782.69,0
14016,15804787,Ch'in,754,Germany,Female,47.0,6,94970.82,2,1.0,1.0,67788.49,0
14026,15652030,Hs?,662,Germany,Female,42.0,9,90540.1,2,0.0,1.0,75787.63,0
14033,15688071,Trevisano,681,Germany,Male,38.0,2,100359.44,1,0.0,1.0,54474.52,0
14034,15682467,Chia,633,Germany,Female,39.0,3,103362.14,1,1.0,0.0,139048.0,1
14035,15587959,Chiazagomekpere,586,Germany,Female,50.0,9,122224.14,1,0.0,0.0,59103.13,1
14036,15794396,Newbold,731,Germany,Female,38.0,7,174937.64,1,1.0,0.0,40084.32,0
14043,15576085,Gentry,667,Germany,Male,50.0,1,106854.21,3,0.0,1.0,116885.59,1
14050,15813504,Onyemachukwu,543,Germany,Female,25.0,7,146566.01,1,0.0,1.0,161407.48,0
14069,15758831,Kable,800,Germany,Male,32.0,7,108007.36,1,0.0,0.0,47161.25,0
14071,15693906,Yobachi,537,Germany,Female,25.0,7,133656.01,2,1.0,0.0,83022.91,0
14082,15607637,H?,535,Germany,Female,32.0,10,149003.58,2,1.0,1.0,187915.45,1
14088,15764033,P'eng,691,Germany,Male,26.0,4,117020.08,1,0.0,1.0,180829.99,0
14091,15651823,Nkemjika,590,Germany,Female,60.0,6,147751.75,1,1.0,0.0,88206.04,1
14093,15724641,Ndubuisi,741,Germany,Female,34.0,9,126444.85,1,1.0,0.0,169156.81,1
14115,15725151,Dickson,555,Germany,Male,32.0,4,108185.94,2,1.0,0.0,111573.4,0
14120,15762228,Evans,580,Germany,Male,39.0,4,119688.81,1,1.0,0.0,137041.26,0
14123,15676521,Trevisano,705,Germany,Male,46.0,3,116591.46,1,1.0,1.0,107841.77,0
14124,15678057,Genovese,625,Germany,Female,37.0,9,115301.31,2,1.0,1.0,131177.22,0
14126,15783463,Yao,741,Germany,Male,36.0,1,116993.43,2,1.0,0.0,168816.22,0
14134,15732774,Okorie,707,Germany,Female,34.0,3,123544.0,1,1.0,0.0,72993.65,0
14135,15714397,Ts'ui,685,Germany,Male,30.0,8,121898.54,1,1.0,1.0,94978.1,0
14142,15681220,Chou,850,Germany,Female,37.0,8,69608.14,2,1.0,1.0,97893.32,0
14149,15757837,Chukwujamuike,628,Germany,Female,41.0,2,146777.44,1,1.0,0.0,100564.37,1
14150,15735388,Chidiegwu,669,Germany,Female,31.0,1,100548.5,1,1.0,1.0,157907.52,0
14153,15651883,Genovesi,794,Germany,Female,55.0,2,115796.7,1,1.0,0.0,160526.36,0
14156,15654553,Nwachukwu,569,Germany,Female,47.0,3,123974.29,1,1.0,0.0,119348.66,1
14157,15765311,Zhirov,642,Germany,Male,34.0,8,0.0,2,1.0,0.0,72085.1,0
14159,15773973,Chikezie,710,Germany,Female,38.0,4,92914.71,2,1.0,1.0,189641.11,0
14161,15590146,Onyeoruru,706,Germany,Male,51.0,4,141581.76,2,1.0,0.0,118023.9,1
14163,15793070,Fiorentino,494,Germany,Male,41.0,2,69974.66,2,0.0,0.0,188426.13,1
14172,15579109,Zetticci,831,Germany,Male,37.0,1,125724.95,1,1.0,1.0,11205.5,0
14174,15729201,Fiorentini,790,Germany,Female,48.0,9,102989.35,1,1.0,0.0,65832.8,1
14175,15663917,Iweobiegbunam,619,Germany,Male,64.0,5,102721.52,2,1.0,1.0,176710.71,0
14180,15604818,Shih,619,Germany,Female,47.0,3,93816.54,1,1.0,0.0,70778.62,1
14182,15571281,Chukwukadibia,705,Germany,Male,46.0,6,125724.95,1,0.0,1.0,28226.15,1
14185,15811026,Norman,505,Germany,Male,26.0,5,136855.94,1,1.0,0.0,171070.52,0
14192,15741633,Chiang,777,Germany,Male,33.0,5,122917.69,1,1.0,1.0,76169.68,0
14195,15665784,She,581,Germany,Male,38.0,6,110483.86,2,1.0,1.0,72467.99,0
14198,15672955,Chiang,578,Germany,Male,53.0,6,123599.49,1,1.0,1.0,93959.96,0
14202,15600912,Chukwuebuka,671,Germany,Male,36.0,5,153590.51,2,1.0,0.0,143619.52,0
14206,15694644,Chiazagomekpere,634,Germany,Male,42.0,6,118079.32,1,0.0,0.0,145792.28,1
14211,15603098,Nwachukwu,579,Germany,Male,33.0,2,92899.13,2,1.0,0.0,138700.28,0
14218,15606435,O'Sullivan,718,Germany,Female,28.0,5,129733.3,1,1.0,1.0,141359.11,0
14226,15701175,Hsieh,584,Germany,Male,30.0,0,100781.54,1,1.0,1.0,160979.01,0
14230,15729224,Ch'ang,719,Germany,Female,35.0,8,123805.03,1,1.0,0.0,168035.86,0
14231,15658195,Biryukov,598,Germany,Female,26.0,1,141796.43,2,1.0,0.0,180801.97,0
14232,15791373,Nwabugwu,597,Germany,Female,42.0,2,113922.47,3,1.0,0.0,65986.48,1
14239,15671510,Niu,692,Germany,Male,43.0,2,108731.99,1,0.0,0.0,95963.39,1
14241,15715297,Yuan,580,Germany,Female,52.0,8,103023.26,1,1.0,1.0,22485.64,0
14244,15781298,Chin,653,Germany,Male,42.0,0,69518.95,2,0.0,1.0,121151.1,0
14249,15809585,Obiajulu,508,Germany,Female,30.0,8,121063.9,2,0.0,1.0,150839.85,0
14254,15775804,K?,565,Germany,Female,41.0,5,108764.82,1,0.0,0.0,161203.5,1
14260,15650288,Summers,634,Germany,Male,35.0,6,116269.01,1,1.0,1.0,129964.94,0
14262,15668032,P'eng,721,Germany,Male,48.0,2,82327.96,1,1.0,0.0,198802.5,1
14266,15566790,Lori,589,Germany,Female,38.0,8,81076.8,1,1.0,0.0,187636.06,0
14273,15806081,Sung,850,Germany,Male,54.0,4,98710.89,1,1.0,0.0,83617.17,0
14278,15686958,Ch'ien,735,Germany,Female,43.0,8,111827.17,1,1.0,0.0,74856.64,1
14279,15742674,Pugh,627,Germany,Female,38.0,9,163726.02,2,1.0,0.0,93717.53,1
14285,15766908,Obiuto,452,Germany,Male,30.0,9,114540.38,1,1.0,0.0,99017.34,0
14287,15697035,Lujan,712,Germany,Female,39.0,7,105818.71,1,1.0,1.0,178361.04,1
14292,15670163,Thompson,639,Germany,Male,35.0,7,109044.3,1,1.0,1.0,116747.63,0
14294,15573520,Onio,678,Germany,Female,33.0,6,145737.98,1,1.0,1.0,177747.04,1
14298,15662494,Ch'ien,809,Germany,Female,39.0,3,127738.75,2,0.0,1.0,177740.58,0
14300,15602034,Hsiung,605,Germany,Female,55.0,5,139825.34,1,0.0,1.0,143681.97,1
14313,15654891,Ch'eng,646,Germany,Female,44.0,3,131778.66,1,1.0,1.0,107876.2,1
14315,15781242,Chukwufumnanya,850,Germany,Male,34.0,1,116537.87,1,1.0,1.0,83090.05,0
14322,15732625,Eluemuno,660,Germany,Male,35.0,3,123816.35,2,1.0,0.0,91580.96,0
14323,15639217,Chidozie,703,Germany,Female,37.0,9,108289.28,2,1.0,0.0,146895.74,0
14326,15737795,Trevisani,651,Germany,Male,26.0,6,142669.93,1,1.0,1.0,147720.52,0
14329,15631159,O'Sullivan,728,Germany,Male,34.0,1,105599.28,1,0.0,0.0,93983.97,0
14331,15631359,Yudina,730,Germany,Male,37.0,1,125510.96,1,1.0,1.0,141175.92,0
14342,15797246,Terry,621,Germany,Female,34.0,8,91258.52,2,1.0,0.0,44857.4,1
14344,15660608,Chikelu,549,Germany,Female,33.0,9,140004.96,1,1.0,1.0,94670.77,0
14358,15774738,Chukwuemeka,636,Germany,Male,47.0,9,127638.34,1,1.0,0.0,160162.39,1
14359,15695095,Chia,805,Germany,Male,33.0,5,61671.48,2,1.0,0.0,181852.12,0
14370,15597951,Okagbue,812,Germany,Male,57.0,6,154575.76,1,1.0,1.0,162719.39,1
14380,15569079,Hagins,632,Germany,Male,44.0,6,126066.26,1,0.0,1.0,64345.61,0
14398,15580366,Okechukwu,566,Germany,Male,48.0,5,118614.6,1,1.0,1.0,172601.62,1
14403,15664521,Efremov,554,Germany,Male,43.0,1,99812.39,1,0.0,0.0,105558.25,1
14412,15815428,Hsu,756,Germany,Female,39.0,10,89728.86,2,1.0,0.0,9217.55,0
14415,15793316,Tien,641,Germany,Female,31.0,2,127476.39,1,0.0,0.0,72854.99,0
14420,15733597,Zito,520,Germany,Female,53.0,2,92936.74,2,1.0,0.0,176924.04,0
14425,15581748,Shen,754,Germany,Male,57.0,4,101134.87,1,1.0,0.0,70954.41,1
14430,15660403,Chidiegwu,708,Germany,Female,43.0,0,118994.84,1,1.0,1.0,181499.77,0
14431,15755798,H?,675,Germany,Female,36.0,9,136674.55,2,1.0,1.0,107125.79,0
14433,15804950,Nwabugwu,649,Germany,Male,49.0,1,119530.52,1,1.0,0.0,51536.4,0
14437,15774328,Boni,654,Germany,Male,40.0,1,144757.97,2,1.0,1.0,166656.18,1
14443,15783594,Genovese,832,Germany,Female,55.0,2,114446.87,1,1.0,0.0,52894.01,1
14453,15572657,Chiu,558,Germany,Male,42.0,6,129722.57,1,1.0,1.0,132404.64,0
14457,15670163,Y?,656,Germany,Female,34.0,9,121532.5,2,1.0,0.0,121151.1,0
14464,15763662,Russell,703,Germany,Female,47.0,2,131908.35,3,1.0,0.0,72500.68,1
14473,15640454,Parkhill,614,Germany,Male,40.0,0,120711.73,1,0.0,0.0,27345.18,0
14474,15694129,Summers,569,Germany,Male,28.0,3,100032.52,1,1.0,1.0,5159.21,0
14476,15598940,Achebe,681,Germany,Female,38.0,4,181804.34,2,1.0,1.0,57517.71,0
14480,15694381,Kaeppel,689,Germany,Female,41.0,9,123845.28,2,1.0,0.0,27862.58,0
14483,15611365,Nwora,762,Germany,Female,31.0,3,131151.09,1,1.0,0.0,79415.78,0
14489,15772329,McIntosh,651,Germany,Male,41.0,2,171490.78,1,0.0,1.0,150468.35,0
14490,15675256,Kambinachi,584,Germany,Male,42.0,0,141581.71,2,1.0,1.0,51705.06,0
14491,15612087,Biryukov,704,Germany,Female,27.0,2,142905.51,2,1.0,1.0,131259.6,0
14499,15745455,Shih,681,Germany,Male,51.0,4,132623.76,1,1.0,0.0,95583.45,1
14501,15659931,H?,663,Germany,Male,33.0,3,166031.45,1,1.0,0.0,131736.23,0
14507,15589805,Onyekachi,621,Germany,Male,29.0,8,127585.98,2,1.0,0.0,51548.14,0
14520,15743532,Ball,728,Germany,Male,33.0,9,147004.34,1,1.0,0.0,64381.33,1
14524,15783487,Tsao,713,Germany,Male,39.0,5,136815.26,2,0.0,1.0,170886.88,0
14527,15760774,Smith,627,Germany,Male,35.0,2,106856.46,2,0.0,1.0,132430.17,0
14530,15728693,McWilliams,511,Germany,Male,35.0,3,149726.08,1,1.0,0.0,52462.25,0
14532,15585595,Shih,762,Germany,Male,32.0,3,102703.62,2,1.0,1.0,185821.41,0
14534,15758031,Chukwufumnanya,646,Germany,Male,40.0,1,123697.56,1,1.0,1.0,177099.71,0
14546,15720919,Pirozzi,599,Germany,Female,45.0,4,105957.44,1,1.0,0.0,144181.48,1
14551,15733111,Akubundu,729,Germany,Male,52.0,1,102025.72,2,0.0,1.0,1801.49,1
14556,15782096,Fitch,639,Germany,Male,37.0,8,117438.92,2,1.0,0.0,138021.36,0
14565,15704081,Findlay,595,Germany,Female,30.0,9,130682.11,2,1.0,0.0,57862.88,0
14567,15709459,Moore,648,Germany,Female,42.0,5,141525.55,2,1.0,1.0,171463.83,0
14572,15785490,Okeke,771,Germany,Male,50.0,3,105229.72,1,1.0,0.0,16281.68,1
14573,15741275,Calabrese,681,Germany,Female,38.0,8,106967.18,2,1.0,1.0,20289.13,0
14577,15625945,Cremonesi,669,Germany,Male,35.0,4,151762.76,1,1.0,0.0,171036.05,0
14580,15804771,Ch'iu,677,Germany,Female,45.0,9,122933.13,1,1.0,0.0,52876.61,1
14581,15572467,Ts'ui,679,Germany,Male,27.0,9,126679.69,2,1.0,0.0,146680.28,0
14586,15664754,Ch'en,637,Germany,Male,32.0,3,117700.23,2,1.0,1.0,86619.41,0
14589,15581289,Tien,711,Germany,Male,42.0,5,131581.56,2,1.0,1.0,178291.05,0
14590,15698042,Hsu,576,Germany,Female,29.0,9,109832.41,1,1.0,1.0,115186.71,0
14592,15718369,Kaodilinakachukwu,686,Germany,Female,46.0,5,115062.61,1,0.0,1.0,165574.54,0
14598,15651020,Ts'ai,571,Germany,Female,41.0,1,141786.78,1,1.0,1.0,44220.4,0
14609,15793341,Okwudilichukwu,728,Germany,Male,35.0,5,117849.57,1,1.0,1.0,126423.57,0
14618,15623346,Lombardo,538,Germany,Male,40.0,9,122314.5,1,1.0,1.0,149535.44,1
14624,15693483,Kao,554,Germany,Female,40.0,4,124922.21,1,0.0,0.0,79871.02,1
14630,15798850,Hsueh,643,Germany,Male,46.0,7,114354.95,1,1.0,1.0,139919.38,1
14638,15634267,Ch'iu,706,Germany,Female,25.0,9,153739.16,1,0.0,1.0,47848.56,1
14647,15710743,Onwuamaeze,621,Germany,Female,32.0,10,135067.52,1,0.0,1.0,133831.37,0
14650,15761347,Obidimkpa,712,Germany,Male,38.0,8,149117.71,2,0.0,0.0,100995.99,0
14652,15669411,Nwabugwu,678,Germany,Male,35.0,5,142526.88,2,1.0,0.0,173486.39,0
14673,15576723,Chukwudi,683,Germany,Male,37.0,0,112572.53,1,1.0,1.0,105570.79,0
14686,15583591,Ugorji,629,Germany,Female,48.0,7,127735.24,2,1.0,1.0,118023.7,0
14694,15795586,Pinto,615,Germany,Female,47.0,1,121405.04,1,0.0,0.0,132770.11,1
14695,15654074,Fan,594,Germany,Female,32.0,3,122964.88,2,1.0,0.0,112366.98,0
14697,15599552,Conway,711,Germany,Female,54.0,2,144848.74,2,1.0,1.0,53843.71,0
14704,15765461,Ch'eng,738,Germany,Male,42.0,10,131365.37,1,0.0,0.0,48226.76,1
14710,15581237,Biryukov,573,Germany,Male,32.0,2,160777.9,1,1.0,1.0,149536.15,0
14715,15774586,West,692,Germany,Male,43.0,10,118588.83,2,1.0,1.0,161241.65,0
14718,15761670,Genovese,584,Germany,Female,37.0,5,134171.8,1,1.0,1.0,70618.0,0
14725,15593394,Genovesi,695,Germany,Female,35.0,10,112949.71,2,1.0,0.0,125083.09,0
14728,15662232,Teng,498,Germany,Female,31.0,5,139432.53,1,1.0,1.0,162453.33,1
14735,15729763,Brown,652,Germany,Male,33.0,0,122922.23,2,1.0,1.0,172576.51,0
14738,15593694,Chiazagomekpere,679,Germany,Female,34.0,1,141787.96,2,1.0,1.0,140139.17,0
14741,15624471,Piazza,554,Germany,Male,49.0,8,111729.47,1,0.0,1.0,146652.07,1
14747,15793331,Brown,562,Germany,Female,31.0,4,116120.19,2,1.0,1.0,123722.96,0
14749,15782454,Ndubuagha,736,Germany,Female,46.0,4,128504.76,1,1.0,1.0,173870.39,1
14750,15670584,Nkemakolam,682,Germany,Male,38.0,1,125566.9,1,0.0,1.0,121504.18,0
14759,15642785,Watson,576,Germany,Male,34.0,7,132906.88,1,0.0,0.0,149384.43,0
14778,15591512,Cattaneo,586,Germany,Male,35.0,2,106938.11,2,1.0,1.0,170122.22,0
14780,15601351,Shao,817,Germany,Male,48.0,0,110624.99,1,1.0,0.0,137784.25,1
14783,15782089,Yefremov,850,Germany,Male,53.0,9,136674.51,1,0.0,1.0,167522.19,1
14786,15743865,Tsao,681,Germany,Male,24.0,1,125726.38,2,0.0,0.0,62442.38,0
14794,15585867,Ch'iu,709,Germany,Female,32.0,4,90544.0,2,1.0,1.0,133692.63,0
14796,15809847,Tseng,699,Germany,Female,34.0,2,85819.29,2,1.0,1.0,89891.3,0
14802,15790846,Chienezie,606,Germany,Male,40.0,9,119948.09,1,0.0,0.0,149912.28,1
14803,15751032,Chiemenam,756,Germany,Female,28.0,1,113546.9,1,1.0,1.0,120586.59,0
14804,15629002,Herrera,742,Germany,Male,37.0,1,121250.04,1,0.0,1.0,79691.4,0
14805,15608688,Miller,499,Germany,Female,35.0,6,131033.76,1,1.0,0.0,68343.08,1
14806,15594404,Sholes,633,Germany,Male,25.0,3,139443.75,1,1.0,0.0,55775.82,0
14809,15709117,Obiajulu,622,Germany,Male,44.0,6,127864.26,1,1.0,1.0,113033.73,1
14814,15642394,Ibeamaka,561,Germany,Female,36.0,10,142289.28,2,1.0,1.0,142223.94,0
14816,15572374,Hs?,683,Germany,Male,41.0,9,131762.94,1,1.0,1.0,131281.28,0
14821,15713559,Nwachukwu,705,Germany,Female,39.0,5,106506.5,1,1.0,1.0,139971.04,1
14822,15749365,Goliwe,599,Germany,Male,38.0,9,118924.79,1,1.0,0.0,122933.96,1
14827,15789865,Nnaife,627,Germany,Male,47.0,10,91522.04,2,1.0,1.0,133051.64,0
14833,15654891,Yobanna,516,Germany,Male,33.0,9,111213.64,1,1.0,1.0,115818.51,0
14834,15719508,Davis,650,Germany,Female,37.0,8,117153.0,1,1.0,1.0,168080.53,0
14837,15637138,Ugorji,735,Germany,Female,35.0,8,139859.0,2,1.0,1.0,162924.99,0
14838,15609913,Pagnotto,619,Germany,Female,32.0,3,103522.75,1,1.0,1.0,73371.65,1
14843,15703588,Akobundu,493,Germany,Male,35.0,2,166527.88,1,1.0,0.0,147913.56,0
14846,15592736,Lucchese,731,Germany,Male,43.0,2,102994.04,1,1.0,0.0,176680.16,0
14847,15692599,O'Donnell,697,Germany,Male,34.0,0,150463.11,2,0.0,0.0,167564.81,0
14849,15576039,Obiajulu,645,Germany,Male,37.0,9,93521.85,1,1.0,1.0,38131.71,0
14850,15692291,Hs?,526,Germany,Female,53.0,6,156674.2,1,1.0,0.0,118502.34,1
14851,15568878,Fanucci,684,Germany,Male,42.0,0,121092.47,2,0.0,1.0,99654.13,0
14853,15625761,Hyde,689,Germany,Female,59.0,5,108585.35,1,1.0,1.0,192127.22,0
14855,15806958,Ch'eng,588,Germany,Male,33.0,9,167988.55,2,0.0,0.0,152899.7,0
14859,15725068,Ch'ien,727,Germany,Female,35.0,1,154872.08,2,1.0,0.0,186489.95,0
14866,15758901,Bray,613,Germany,Female,30.0,6,126803.34,2,1.0,0.0,161133.4,0
14875,15679733,Nnamdi,586,Germany,Female,41.0,4,114722.35,1,1.0,1.0,130862.11,1
14876,15602797,Okwudilichukwu,645,Germany,Female,59.0,5,139480.18,1,1.0,1.0,142977.05,1
14882,15793343,Ch'eng,545,Germany,Female,36.0,5,132576.08,1,1.0,1.0,121558.5,0
14883,15624180,Udinesi,714,Germany,Female,34.0,0,104584.81,2,0.0,1.0,198402.51,0
14889,15690169,Ch'in,661,Germany,Female,33.0,8,120107.42,2,1.0,1.0,52319.29,0
14895,15665088,McGregor,724,Germany,Male,24.0,5,138023.79,2,0.0,0.0,119882.86,0
14900,15794874,Shah,604,Germany,Male,40.0,7,155455.43,1,1.0,0.0,113581.85,1
14903,15724453,T'ien,689,Germany,Male,43.0,5,125860.2,2,1.0,1.0,82709.8,0
14912,15790744,Lucchese,690,Germany,Female,37.0,4,91622.31,1,0.0,1.0,112928.74,0
14914,15589435,Pedder,662,Germany,Female,47.0,1,171937.27,2,1.0,0.0,65636.92,0
14917,15779586,Olisaemeka,501,Germany,Female,46.0,3,115074.02,1,1.0,0.0,26249.86,0
14924,15756475,Smith,685,Germany,Female,52.0,4,113923.81,1,1.0,0.0,64872.55,1
14933,15755818,Mamelu,598,Germany,Female,35.0,3,137832.26,2,1.0,1.0,91557.66,0
14934,15734659,Sozonov,640,Germany,Female,41.0,5,107978.4,3,1.0,0.0,155876.06,1
14938,15792228,Uspensky,632,Germany,Female,37.0,9,117864.42,1,1.0,1.0,823.51,1
14939,15642093,Ch'eng,710,Germany,Female,44.0,2,100548.5,2,0.0,0.0,86791.9,0
14940,15814664,Su,740,Germany,Female,33.0,4,126524.11,1,1.0,0.0,136869.31,0
14942,15732266,Nwankwo,648,Germany,Male,45.0,1,131233.56,1,1.0,0.0,121053.9,1
14944,15692631,Ch'iu,636,Germany,Male,33.0,4,148962.46,2,1.0,0.0,166472.81,0
14954,15795564,O'Donnell,587,Germany,Male,39.0,4,74488.75,1,1.0,0.0,171677.67,1
14961,15575748,Hsueh,677,Germany,Female,50.0,8,82531.11,1,1.0,0.0,128882.66,1
14967,15755863,Farmer,637,Germany,Male,40.0,7,156948.41,1,0.0,1.0,49865.04,0
14970,15677871,Chikelu,512,Germany,Female,42.0,10,146580.69,2,1.0,1.0,131807.14,0
14973,15762718,Hsing,850,Germany,Male,38.0,6,141533.28,2,1.0,0.0,162511.33,0
14975,15740411,Molle,636,Germany,Male,30.0,7,108797.63,1,1.0,0.0,109685.61,0
14977,15676934,Bellucci,766,Germany,Male,40.0,5,116474.57,1,1.0,0.0,161579.85,0
14984,15583076,Ozuluonye,689,Germany,Female,42.0,7,139541.58,2,1.0,0.0,80607.33,0
14985,15655232,Lai,437,Germany,Male,35.0,6,126803.34,2,1.0,1.0,161133.4,0
14997,15575409,Rozhkova,705,Germany,Male,31.0,3,116891.72,1,1.0,0.0,107137.3,1
15003,15570060,Chiawuotu,655,Germany,Female,50.0,3,115895.52,1,1.0,0.0,51703.52,1
15012,15690007,Ts'ai,434,Germany,Female,43.0,9,125801.03,2,0.0,1.0,60891.8,0
15016,15603846,Chiawuotu,638,Germany,Female,40.0,6,117070.21,1,0.0,0.0,90876.95,1
15017,15585328,Chidubem,558,Germany,Male,36.0,5,143396.56,1,1.0,0.0,110784.42,1
15022,15756975,Chukwualuka,661,Germany,Female,49.0,4,133656.01,1,1.0,0.0,84775.48,1
15023,15610446,Toscani,686,Germany,Female,49.0,4,129837.95,2,1.0,0.0,79414.0,1
15031,15746490,Chiedozie,707,Germany,Female,35.0,9,108166.09,1,1.0,0.0,117948.0,1
15032,15636069,Scott,667,Germany,Male,35.0,5,133656.93,2,0.0,1.0,144415.5,0
15034,15798816,Ponomarev,752,Germany,Female,35.0,6,130830.24,1,1.0,0.0,114448.1,1
15042,15794356,Toscani,651,Germany,Male,46.0,3,121765.37,2,1.0,1.0,166513.49,0
15045,15574886,T'ang,683,Germany,Male,34.0,4,136444.25,2,1.0,1.0,113050.92,0
15053,15648876,Milano,728,Germany,Female,34.0,9,105903.85,2,1.0,1.0,82452.97,0
15054,15807989,K'ung,726,Germany,Male,39.0,9,124547.13,1,1.0,1.0,141872.05,0
15055,15590146,Genovese,850,Germany,Male,37.0,6,133701.07,1,1.0,1.0,125898.39,0
15056,15617079,L?,824,Germany,Female,39.0,2,126147.74,1,1.0,1.0,44008.48,0
15061,15782210,Gadsdon,775,Germany,Male,33.0,0,109946.54,2,1.0,1.0,119377.21,0
15065,15703544,H?,806,Germany,Female,32.0,9,72788.03,1,1.0,1.0,10908.33,0
15071,15657535,Chikwendu,547,Germany,Female,46.0,8,105770.7,2,0.0,1.0,5459.07,0
15079,15785782,Chien,622,Germany,Female,44.0,3,123544.0,1,1.0,1.0,125962.02,1
15084,15600813,Trevisano,632,Germany,Female,41.0,2,176678.36,2,0.0,0.0,70810.5,0
15091,15638159,Ugochukwu,733,Germany,Female,39.0,2,150923.74,1,1.0,0.0,182055.36,1
15096,15638463,Shih,697,Germany,Female,52.0,8,132796.04,3,0.0,1.0,163581.67,1
15097,15614778,Onyemauchechukwu,598,Germany,Female,41.0,8,108915.85,2,1.0,0.0,180551.76,0
15107,15671139,Kozlova,523,Germany,Female,68.0,0,143903.11,1,1.0,1.0,118711.75,1
15110,15777893,Hsia,693,Germany,Male,27.0,5,139561.74,2,1.0,0.0,59354.24,0
15112,15751137,Yudin,850,Germany,Female,36.0,2,169025.83,1,1.0,0.0,174235.06,1
15117,15694395,Ch'eng,662,Germany,Male,46.0,8,98894.24,2,0.0,1.0,93716.78,0
15119,15697129,Hsieh,643,Germany,Female,43.0,3,108877.76,2,0.0,1.0,64716.08,0
15123,15679961,Chukwuemeka,705,Germany,Male,49.0,7,103399.14,1,1.0,1.0,170819.35,1
15124,15796230,Morley,590,Germany,Female,37.0,2,124495.98,3,1.0,1.0,57904.22,1
15143,15612092,Palmer,646,Germany,Male,32.0,6,105397.8,1,1.0,0.0,78111.84,0
15156,15618245,Uwakwe,488,Germany,Female,36.0,1,94607.08,1,1.0,1.0,47848.56,0
15162,15752984,Ch'en,688,Germany,Female,57.0,2,107871.77,1,1.0,1.0,166677.35,1
15163,15585879,Onuchukwu,729,Germany,Male,25.0,6,131160.85,2,1.0,1.0,158973.85,0
15165,15651868,Okonkwo,585,Germany,Female,47.0,9,137986.15,1,1.0,0.0,143556.32,1
15172,15708713,Shih,674,Germany,Male,44.0,9,132876.23,1,1.0,1.0,151411.5,0
15174,15751180,H?,590,Germany,Male,47.0,3,120962.59,1,0.0,1.0,118029.08,1
15178,15622305,Martin,746,Germany,Female,45.0,2,107868.14,1,1.0,0.0,146192.4,1
15184,15780134,Ch'ang,550,Germany,Male,31.0,0,139530.17,1,1.0,0.0,59679.9,1
15186,15635500,Hs?eh,724,Germany,Female,27.0,2,157780.67,1,1.0,0.0,124071.77,0
15188,15654574,Onyeorulu,850,Germany,Male,36.0,5,102882.4,2,1.0,0.0,35989.41,1
15190,15710108,Akobundu,632,Germany,Male,33.0,7,109349.74,1,1.0,1.0,131139.57,1
15199,15642736,Chidumaga,679,Germany,Female,42.0,7,112746.54,2,1.0,0.0,166937.07,0
15201,15783875,Tien,682,Germany,Male,35.0,1,123699.28,2,1.0,1.0,62627.55,0
15211,15725772,Ch'in,654,Germany,Female,43.0,4,148055.74,1,1.0,0.0,146652.11,0
15218,15793665,Ch'iu,589,Germany,Male,43.0,2,160982.83,1,0.0,1.0,92920.53,1
15219,15595039,Manna,565,Germany,Female,38.0,8,114754.08,1,1.0,1.0,136050.44,0
15222,15592925,Yudina,598,Germany,Male,38.0,2,93722.47,1,1.0,1.0,84920.49,0
15227,15593900,Hsia,597,Germany,Female,40.0,2,105529.17,1,1.0,0.0,100791.35,1
15237,15632899,Achebe,704,Germany,Female,32.0,5,135979.05,1,0.0,1.0,74898.8,0
15238,15578888,Onyemauchechukwu,656,Germany,Male,33.0,1,118882.6,1,1.0,0.0,168035.93,0
15239,15571529,Genovese,605,Germany,Male,46.0,0,99152.73,2,1.0,1.0,134441.6,0
15242,15742879,Clements,579,Germany,Male,36.0,3,129745.1,1,1.0,1.0,72402.0,0
15244,15677539,White,667,Germany,Male,36.0,9,134936.26,2,1.0,1.0,91776.51,0
15245,15657529,Chien,627,Germany,Male,33.0,2,112940.08,2,1.0,0.0,182099.74,1
15248,15589872,Dominguez,635,Germany,Male,31.0,6,153538.51,2,1.0,0.0,196257.69,0
15255,15709920,Ni,653,Germany,Male,41.0,6,157731.6,2,0.0,1.0,50783.88,0
15257,15629390,Wilson,705,Germany,Male,37.0,4,127758.09,2,1.0,1.0,143393.24,0
15259,15681446,Cayley,583,Germany,Female,55.0,4,132311.71,1,1.0,0.0,15462.84,1
15266,15775888,Chukwudi,553,Germany,Female,26.0,1,143391.07,1,1.0,0.0,147530.06,0
15279,15623082,Ch'ang,576,Germany,Female,65.0,4,114268.85,2,1.0,0.0,27239.28,1
15284,15648775,Lucciano,624,Germany,Male,32.0,5,83348.43,2,1.0,1.0,119924.8,0
15285,15703037,Edwards,850,Germany,Female,39.0,6,96693.66,1,0.0,1.0,22102.25,1
15286,15589969,T'ang,693,Germany,Female,35.0,8,123372.3,2,0.0,1.0,74870.99,0
15287,15645045,Hsing,790,Germany,Female,41.0,5,124954.94,1,1.0,1.0,84760.32,1
15300,15610801,Pan,648,Germany,Female,49.0,4,123070.89,1,0.0,1.0,5066.76,1
15301,15752547,O'Donnell,734,Germany,Female,45.0,7,93590.92,1,1.0,0.0,38772.84,1
15311,15779627,Chukwudi,648,Germany,Female,50.0,2,115924.89,1,0.0,1.0,121098.65,1
15312,15654574,Nwankwo,675,Germany,Female,34.0,3,80922.75,2,1.0,0.0,107873.39,0
15317,15727198,Koo,850,Germany,Male,43.0,6,87612.64,2,1.0,0.0,194245.29,1
15325,15663478,Anderson,632,Germany,Female,37.0,0,126212.64,1,1.0,1.0,171707.93,0
15332,15591428,Ch'eng,648,Germany,Male,33.0,10,130110.45,1,1.0,0.0,172097.4,0
15336,15804771,Smith,597,Germany,Male,48.0,1,117294.12,1,0.0,0.0,74858.3,1
15343,15678067,Udegbulam,637,Germany,Female,33.0,5,111743.8,1,1.0,0.0,188227.38,0
15347,15626143,Okwuoma,575,Germany,Female,32.0,4,130806.99,1,1.0,1.0,88815.25,0
15357,15662408,Ukaegbunam,717,Germany,Male,31.0,8,108881.57,1,1.0,0.0,109622.88,0
15361,15673878,Ch'ang,749,Germany,Male,60.0,1,107949.21,1,1.0,0.0,117946.6,1
15371,15705860,Toscani,696,Germany,Male,35.0,1,108577.97,2,0.0,0.0,143301.49,0
15376,15578783,Mai,620,Germany,Female,44.0,0,76989.97,2,1.0,0.0,17242.79,1
15378,15674583,Ukaegbunam,724,Germany,Male,27.0,1,112896.86,1,1.0,0.0,143635.55,0
15381,15654733,Hsieh,794,Germany,Male,57.0,2,117056.46,2,1.0,0.0,93336.93,0
15389,15802823,Maslova,756,Germany,Female,39.0,7,100717.85,1,1.0,1.0,73406.04,1
15390,15682211,Chukwudi,604,Germany,Female,46.0,3,104783.41,1,1.0,0.0,88827.67,1
15394,15673908,Smith,744,Germany,Female,27.0,8,140170.61,2,1.0,1.0,188484.52,0
15401,15731760,Nwachinemelu,586,Germany,Male,30.0,2,124577.15,1,1.0,0.0,898.2,0
15407,15671410,Smith,673,Germany,Male,41.0,3,116684.79,2,1.0,0.0,126835.52,0
15414,15721469,T'ang,752,Germany,Male,31.0,8,123328.96,1,1.0,0.0,73477.28,1
15415,15596761,Maclean,636,Germany,Female,41.0,2,121093.98,2,1.0,1.0,93844.47,1
15416,15777591,Manna,682,Germany,Female,27.0,5,111577.01,1,1.0,1.0,182055.21,0
15420,15676909,Chin,675,Germany,Male,24.0,8,142400.27,1,1.0,0.0,137020.17,0
15425,15672299,Chiagoziem,809,Germany,Female,52.0,8,145984.59,1,1.0,1.0,49865.92,1
15428,15741417,Yegorova,631,Germany,Male,39.0,7,129205.49,2,1.0,0.0,56214.09,1
15436,15808566,Cunningham,582,Germany,Female,56.0,3,127539.3,1,1.0,1.0,46775.28,0
15437,15573319,Ch'ien,621,Germany,Male,39.0,8,151218.98,2,1.0,1.0,61602.42,0
15439,15632789,Linton,627,Germany,Female,48.0,9,126589.12,1,1.0,0.0,142977.05,1
15442,15611191,Scott,505,Germany,Male,37.0,10,122453.97,2,1.0,1.0,52693.99,0
15444,15612140,Duncan,721,Germany,Male,26.0,8,146133.39,1,1.0,1.0,175296.76,0
15446,15656417,Griffin,602,Germany,Female,40.0,7,141074.59,1,1.0,0.0,7278.57,1
15451,15775750,Ugorji,695,Germany,Female,44.0,7,134493.07,2,1.0,1.0,162478.11,0
15452,15702377,Chukwufumnanya,731,Germany,Female,33.0,3,138476.31,1,1.0,0.0,46771.09,1
15457,15752433,Lettiere,718,Germany,Male,27.0,3,92615.56,1,1.0,0.0,92865.22,0
15458,15574071,Ch'iu,613,Germany,Male,52.0,1,90544.0,1,0.0,0.0,56787.8,1
15459,15653696,Goliwe,769,Germany,Male,51.0,9,148846.39,1,1.0,1.0,192831.67,1
15468,15707473,Hs?eh,608,Germany,Male,76.0,7,91057.37,2,1.0,0.0,13455.43,0
15480,15686610,Ijendu,554,Germany,Female,43.0,7,151607.43,2,1.0,0.0,181204.3,1
15482,15783029,Nkemakolam,525,Germany,Male,43.0,5,105204.99,2,1.0,0.0,182912.07,1
15488,15683615,Fleming,716,Germany,Female,47.0,7,116891.27,1,1.0,0.0,185555.66,1
15491,15621644,Lombardi,739,Germany,Female,52.0,6,123356.63,1,0.0,0.0,92934.41,1
15494,15667216,Onyekaozulu,624,Germany,Male,33.0,8,107814.67,1,1.0,1.0,60429.43,0
15500,15691871,Millar,577,Germany,Male,42.0,9,153279.39,1,1.0,1.0,151336.96,0
15502,15596074,Bergamaschi,684,Germany,Female,54.0,10,142643.54,1,1.0,0.0,120892.96,1
15505,15649738,Manna,833,Germany,Male,45.0,8,117833.3,1,1.0,1.0,173425.68,0
15511,15742238,Teng,554,Germany,Male,25.0,9,139914.7,1,1.0,0.0,129964.94,0
15530,15647842,Chidubem,636,Germany,Male,38.0,7,101242.98,2,1.0,1.0,178045.97,0
15540,15785899,Ch'en,516,Germany,Male,33.0,9,151607.56,1,1.0,0.0,4389.4,0
15558,15698902,Chukwufumnanya,590,Germany,Female,42.0,9,104469.38,1,1.0,0.0,175072.02,1
15561,15691871,Black,688,Germany,Male,41.0,1,125141.24,2,1.0,0.0,148537.07,1
15565,15669414,Y?,486,Germany,Female,30.0,1,110357.0,1,1.0,0.0,141977.54,0
15566,15806945,Pagnotto,598,Germany,Male,41.0,1,113599.69,1,1.0,0.0,53512.16,1
15572,15742116,Torres,671,Germany,Female,48.0,7,116711.06,2,0.0,0.0,76373.38,1
15578,15669327,Hsieh,645,Germany,Female,33.0,2,139959.0,1,1.0,0.0,123365.85,1
15579,15805954,Ubanwa,727,Germany,Male,39.0,3,109730.22,2,1.0,1.0,143022.32,0
15590,15615016,Chukwubuikem,678,Germany,Male,46.0,4,139914.7,1,1.0,1.0,129912.13,1
15595,15796413,Goliwe,685,Germany,Male,37.0,5,144237.7,2,1.0,1.0,109638.78,0
15596,15620338,Tuan,648,Germany,Female,38.0,4,131032.88,1,1.0,1.0,125870.5,0
15600,15644856,Ch'in,615,Germany,Female,32.0,4,124496.87,2,0.0,1.0,137519.33,0
15602,15684516,Demidov,632,Germany,Male,38.0,4,105957.44,1,1.0,0.0,82967.97,0
15604,15681075,Calabresi,731,Germany,Female,37.0,9,82498.14,1,1.0,1.0,40437.67,0
15612,15658475,Fiorentini,695,Germany,Male,25.0,9,133383.66,2,1.0,1.0,162501.8,0
15634,15641416,Luffman,648,Germany,Female,39.0,8,159397.75,2,1.0,0.0,55972.56,0
15635,15742116,Barry,779,Germany,Female,48.0,10,118614.6,1,1.0,1.0,163581.67,1
15636,15690670,Yermakov,663,Germany,Male,31.0,6,111855.04,1,1.0,1.0,172467.13,0
15639,15720291,Ekechukwu,656,Germany,Male,33.0,1,102908.56,2,1.0,1.0,112395.98,0
15642,15672626,Chukwuemeka,709,Germany,Male,33.0,8,117866.2,1,1.0,0.0,117813.87,0
15649,15682355,Chukwubuikem,635,Germany,Male,30.0,9,115115.39,1,1.0,0.0,124902.72,0
15655,15779913,Davidson,725,Germany,Male,33.0,5,152797.9,1,1.0,1.0,172810.51,0
15657,15641389,Pisani,748,Germany,Male,46.0,8,103711.35,2,1.0,1.0,143680.56,0
15659,15803406,P'an,634,Germany,Male,35.0,1,119152.1,2,1.0,1.0,38152.01,0
15664,15602034,Ma,637,Germany,Male,37.0,7,126477.43,1,0.0,0.0,70954.87,0
15666,15777060,Trevisano,762,Germany,Male,33.0,6,115171.71,1,1.0,0.0,138552.74,0
15669,15775231,Ch'eng,653,Germany,Female,34.0,6,131287.06,1,0.0,1.0,82222.85,1
15672,15576641,Crawford,733,Germany,Male,41.0,5,125725.02,2,1.0,1.0,50783.1,0
15674,15779620,Sinclair,696,Germany,Female,31.0,8,121669.23,1,0.0,1.0,78854.57,0
15675,15700864,Dickson,695,Germany,Female,29.0,8,106070.89,1,0.0,0.0,121053.19,0
15677,15586699,Palerma,711,Germany,Male,34.0,7,133550.67,1,1.0,0.0,82820.85,0
15678,15802268,Manna,718,Germany,Male,40.0,8,100654.07,2,1.0,0.0,114513.96,0
15680,15723006,Scott,599,Germany,Female,28.0,1,129847.51,2,1.0,0.0,165577.7,0
15681,15803032,Chikelu,833,Germany,Male,39.0,0,126605.14,2,1.0,0.0,176750.81,0
15689,15602909,Uchechukwu,588,Germany,Female,33.0,4,127864.28,1,0.0,1.0,10072.55,0
15691,15797748,Pagnotto,656,Germany,Male,36.0,9,109130.96,1,1.0,0.0,158887.09,1
15692,15792649,Uchenna,678,Germany,Female,42.0,5,126873.52,1,0.0,0.0,169781.45,1
15697,15779586,Y?an,705,Germany,Male,34.0,3,176024.05,1,1.0,0.0,134901.54,0
15698,15702430,K'ung,656,Germany,Male,40.0,4,133658.24,1,0.0,1.0,116547.76,0
15706,15691627,O'Meara,683,Germany,Male,40.0,4,121525.59,2,1.0,1.0,91561.96,0
15708,15705521,Lai,684,Germany,Female,34.0,9,122453.37,2,0.0,1.0,138882.98,0
15711,15774847,Mazzanti,711,Germany,Female,38.0,8,127216.31,1,1.0,1.0,171345.02,0
15715,15590828,Teng,634,Germany,Male,40.0,6,145988.65,1,0.0,0.0,64350.8,0
15717,15778861,Chukwufumnanya,686,Germany,Male,46.0,7,141581.08,1,1.0,0.0,59553.34,1
15718,15691625,Yudina,735,Germany,Male,58.0,4,137326.45,1,1.0,1.0,40250.82,0
15719,15787189,Tai,824,Germany,Male,60.0,0,134250.17,1,0.0,0.0,153046.16,1
15722,15695846,Uwaezuoke,762,Germany,Male,29.0,5,95507.12,1,0.0,0.0,188193.25,0
15727,15801188,K'ung,576,Germany,Female,55.0,4,169742.8,1,1.0,1.0,139435.96,1
15731,15717156,Sokolov,580,Germany,Male,30.0,3,143391.07,1,1.0,1.0,898.51,0
15732,15578825,Kornilova,663,Germany,Male,33.0,9,123345.85,2,1.0,0.0,57320.92,1
15733,15766066,Ch'in,741,Germany,Female,27.0,6,103522.75,2,1.0,1.0,131736.23,0
15737,15789546,Ku,539,Germany,Female,39.0,8,131519.49,2,1.0,1.0,164966.27,1
15738,15648367,Lo,600,Germany,Female,29.0,6,74430.1,2,1.0,0.0,96051.1,0
15746,15684696,Lei,452,Germany,Male,26.0,9,116576.45,1,0.0,0.0,157567.37,1
15748,15786589,P'an,635,Germany,Male,34.0,1,81811.71,2,0.0,1.0,148848.22,0
15754,15617982,Onyemere,850,Germany,Female,45.0,4,152041.48,1,0.0,1.0,179978.76,0
15760,15577751,Toscani,679,Germany,Female,41.0,1,129855.32,1,1.0,0.0,142839.82,0
15761,15808760,Long,836,Germany,Female,45.0,1,98592.88,2,1.0,1.0,96734.15,0
15765,15713819,Ijendu,667,Germany,Female,29.0,8,135540.67,1,1.0,1.0,181430.91,0
15772,15681757,Y?an,656,Germany,Female,33.0,0,119654.03,2,1.0,0.0,105533.56,0
15773,15706170,Trevisan,625,Germany,Female,41.0,3,125829.39,1,1.0,0.0,175021.73,1
15774,15644296,Ch'iu,771,Germany,Female,27.0,4,93844.79,2,1.0,1.0,71071.47,0
15775,15776987,Hsu,671,Germany,Female,37.0,1,118392.75,1,1.0,1.0,129934.96,0
15779,15676958,Zito,765,Germany,Female,34.0,2,86055.17,2,1.0,1.0,104220.5,0
15780,15615991,Ozoemena,578,Germany,Male,31.0,8,77846.9,1,1.0,0.0,122022.89,0
15807,15598884,Chiedozie,662,Germany,Male,52.0,7,108867.18,2,1.0,1.0,175750.21,0
15811,15643361,Ch'iu,577,Germany,Female,38.0,2,134950.19,1,1.0,0.0,143882.25,1
15824,15641694,Chiemenam,581,Germany,Female,30.0,7,142704.65,2,1.0,0.0,146033.08,0
15825,15775335,Ni,762,Germany,Male,47.0,0,137854.51,1,0.0,0.0,67539.25,1
15828,15662758,Chibugo,671,Germany,Female,53.0,8,109330.06,2,1.0,0.0,103570.8,1
15829,15605827,Hsiung,634,Germany,Male,57.0,6,130700.92,2,1.0,0.0,131093.99,1
15836,15643024,Ch'ien,453,Germany,Male,33.0,4,131834.76,1,1.0,0.0,8949.2,0
15837,15759387,McIntyre,598,Germany,Male,38.0,1,101487.18,1,1.0,1.0,75959.1,0
15845,15671610,Onyemauchechukwu,724,Germany,Male,33.0,2,135984.16,2,1.0,1.0,90877.76,0
15846,15762228,Barrera,673,Germany,Male,37.0,4,130575.26,1,1.0,1.0,187599.8,0
15850,15693737,T'ang,652,Germany,Male,40.0,1,132730.17,1,1.0,0.0,81861.1,0
15851,15737489,Mancini,593,Germany,Male,47.0,5,106116.66,2,1.0,1.0,62746.32,0
15856,15793881,Chikezie,579,Germany,Female,30.0,9,123049.21,2,1.0,0.0,81482.5,0
15860,15763065,Houghton,762,Germany,Male,60.0,3,118716.59,1,1.0,0.0,174770.14,1
15861,15592994,Onyemauchechukwu,494,Germany,Male,36.0,8,108882.69,2,1.0,0.0,184976.55,0
15868,15793322,Ch'en,735,Germany,Female,29.0,4,135290.36,2,1.0,1.0,155796.64,0
15870,15733169,Li Fonti,716,Germany,Male,34.0,1,128793.63,1,1.0,0.0,173837.09,0
15873,15705620,Walker,709,Germany,Male,56.0,3,121581.56,2,0.0,1.0,132498.39,0
15876,15781598,Onwuamaeze,778,Germany,Female,31.0,6,123372.3,2,1.0,0.0,69227.42,0
15880,15801920,Christian,712,Germany,Male,37.0,5,80615.46,2,0.0,0.0,180962.32,0
15885,15700300,White,598,Germany,Female,37.0,3,151858.98,2,0.0,0.0,119368.99,0
15887,15596671,Chinedum,712,Germany,Male,37.0,6,141952.07,2,1.0,0.0,172668.39,0
15892,15792988,Chiang,662,Germany,Female,48.0,5,125822.21,1,1.0,0.0,165574.54,1
15893,15709295,Brown,567,Germany,Female,43.0,5,121952.75,2,1.0,1.0,167553.06,0
15894,15676094,Horsley,642,Germany,Male,35.0,3,157974.21,2,1.0,0.0,133871.83,0
15896,15673439,Maughan,647,Germany,Male,23.0,2,114514.71,2,1.0,0.0,152567.75,0
15904,15655436,Ritchie,678,Germany,Female,61.0,8,104920.51,1,0.0,1.0,146615.08,0
15910,15738291,Maccallum,723,Germany,Male,29.0,7,79563.31,3,1.0,0.0,168034.89,1
15912,15777893,Onyemauchechi,733,Germany,Female,49.0,7,113599.55,1,1.0,1.0,142331.56,1
15914,15809462,Lu,746,Germany,Male,37.0,6,152882.61,1,1.0,0.0,113481.02,0
15918,15681081,Chinagorom,697,Germany,Female,35.0,6,112330.83,1,1.0,1.0,73551.44,0
15919,15761168,Manna,769,Germany,Female,38.0,4,109786.82,1,1.0,0.0,139712.81,0
15922,15574071,Ch'ien,632,Germany,Female,45.0,1,107961.11,1,0.0,0.0,139297.71,1
15935,15704588,Trevisani,739,Germany,Male,37.0,6,145018.93,2,1.0,1.0,116957.09,0
15940,15760988,Liu,683,Germany,Male,33.0,9,124573.33,1,0.0,0.0,683.37,1
15950,15715709,Shih,654,Germany,Male,43.0,4,114091.38,1,0.0,0.0,159165.7,0
15957,15682523,Ugochukwu,749,Germany,Female,40.0,2,81574.89,1,1.0,1.0,169653.32,0
15958,15748123,L?,645,Germany,Female,50.0,5,132623.9,2,0.0,1.0,115525.31,0
15960,15702462,Benson,558,Germany,Male,36.0,6,190409.34,1,1.0,1.0,57549.65,0
15967,15742538,Kolesnikova,613,Germany,Male,36.0,7,140700.61,2,1.0,0.0,187946.36,0
15977,15666095,Ch'iu,709,Germany,Male,32.0,5,123969.12,2,1.0,0.0,172363.66,0
15986,15709928,Onyemachukwu,743,Germany,Female,35.0,6,99818.12,1,1.0,1.0,106761.9,0
15991,15794560,Aitken,712,Germany,Male,20.0,9,115371.94,2,1.0,0.0,97468.44,0
15993,15746695,Gebhart,611,Germany,Female,35.0,7,121457.13,2,0.0,1.0,86619.43,0
15995,15810942,Chiemela,445,Germany,Female,61.0,2,137655.31,1,0.0,0.0,29909.84,1
15998,15652626,Grave,826,Germany,Female,45.0,4,115285.85,1,1.0,0.0,140126.17,0
16005,15790744,Chuang,636,Germany,Female,52.0,8,108825.75,1,1.0,1.0,163584.29,1
16012,15769917,Ritchie,786,Germany,Female,29.0,6,137275.36,1,1.0,1.0,132905.89,0
16023,15642063,Ch'iu,716,Germany,Male,33.0,6,122822.0,1,1.0,1.0,176713.47,0
16027,15572291,Efremova,584,Germany,Female,31.0,2,123870.07,2,1.0,1.0,184399.76,0
16032,15660147,Piazza,648,Germany,Female,41.0,3,141786.78,4,1.0,0.0,93736.69,1
16034,15685290,Wall,595,Germany,Male,35.0,7,142360.62,2,0.0,1.0,48421.4,0
16036,15581252,Ts'ui,583,Germany,Female,40.0,8,127609.59,1,1.0,0.0,138526.96,1
16037,15578297,Ebelegbulam,737,Germany,Female,47.0,1,91246.53,1,1.0,1.0,72924.56,0
16038,15588928,Milano,579,Germany,Female,31.0,1,129776.72,1,0.0,1.0,45610.63,0
16040,15661830,Johnstone,662,Germany,Male,31.0,5,132571.67,1,1.0,1.0,31686.33,0
16051,15682355,Milano,653,Germany,Female,48.0,3,122552.34,1,0.0,0.0,162719.69,1
16054,15730433,Nakayama,580,Germany,Female,38.0,1,128218.47,1,1.0,0.0,125953.83,0
16060,15679760,Chukwudi,556,Germany,Female,35.0,1,108947.43,1,1.0,0.0,160548.51,1
16063,15649744,McIntyre,645,Germany,Male,47.0,2,134936.97,1,1.0,0.0,58879.31,1
16067,15691703,Cremonesi,682,Germany,Female,45.0,5,130747.1,3,1.0,0.0,138380.74,1
16068,15651335,Chidozie,549,Germany,Female,39.0,1,119496.75,1,0.0,0.0,79919.13,1
16070,15574119,Chu,641,Germany,Female,58.0,8,62979.93,1,1.0,1.0,152273.57,0
16072,15631839,Nwebube,763,Germany,Male,36.0,6,130170.82,1,0.0,1.0,151310.17,0
16085,15806318,Wright,676,Germany,Female,48.0,2,124442.38,1,1.0,1.0,15068.53,0
16088,15585256,Ratten,593,Germany,Male,49.0,2,91547.84,2,1.0,0.0,97767.34,1
16089,15652981,Scott,683,Germany,Male,30.0,2,119755.0,2,1.0,1.0,21852.91,0
16098,15572706,Hsieh,590,Germany,Male,47.0,6,133845.88,1,0.0,0.0,169278.51,1
16104,15641110,Fanucci,732,Germany,Female,35.0,2,84720.99,1,1.0,0.0,59129.72,1
16107,15792180,Chiekwugo,576,Germany,Male,37.0,4,144954.75,2,1.0,1.0,102246.0,0
16111,15624993,Teng,676,Germany,Female,37.0,4,93680.43,2,1.0,0.0,129826.89,0
16113,15648898,Rozhkova,711,Germany,Male,36.0,4,148666.99,1,1.0,0.0,90977.48,1
16116,15671512,Chin,651,Germany,Female,46.0,9,81636.44,1,1.0,0.0,142453.97,1
16119,15661723,Ritchie,554,Germany,Male,36.0,3,136836.94,1,1.0,0.0,116471.29,0
16135,15594815,Achebe,681,Germany,Male,34.0,2,133432.59,2,0.0,1.0,175399.14,0
16141,15659557,Nwabugwu,577,Germany,Male,38.0,4,135536.39,1,1.0,0.0,49503.5,1
16143,15651450,Gerasimov,528,Germany,Male,32.0,1,121159.65,1,1.0,0.0,118913.53,0
16152,15632185,P'eng,739,Germany,Female,33.0,8,139859.54,1,1.0,1.0,134878.18,0
16155,15704769,Udinese,595,Germany,Male,34.0,6,124540.24,1,0.0,0.0,86634.3,1
16159,15636330,Chidozie,584,Germany,Female,26.0,4,107363.73,1,0.0,1.0,187900.81,0
16168,15594896,Nwankwo,586,Germany,Female,32.0,1,144895.04,1,1.0,0.0,89048.46,1
16172,15654060,P'eng,850,Germany,Female,49.0,6,165413.43,1,1.0,0.0,103315.74,1
16174,15810593,Heard,703,Germany,Male,28.0,7,145984.92,2,1.0,0.0,86622.56,0
16180,15595153,Ch'in,654,Germany,Female,49.0,8,105864.6,1,0.0,0.0,124071.71,1
16183,15662494,Hsing,579,Germany,Male,45.0,1,105599.67,1,0.0,0.0,127875.1,1
16185,15679770,Ts'ui,684,Germany,Female,39.0,1,130147.98,2,0.0,0.0,153373.71,0
16187,15615444,Trevisano,498,Germany,Male,29.0,4,111827.27,1,1.0,1.0,90877.76,0
16189,15752588,Onyemauchechukwu,639,Germany,Female,51.0,6,131778.08,1,1.0,1.0,171457.06,1
16194,15648069,Ndubuagha,707,Germany,Male,33.0,5,124442.38,2,1.0,0.0,125167.92,0
16195,15649423,Clements,586,Germany,Male,32.0,9,107558.73,2,0.0,1.0,182355.31,0
16196,15769586,Ch'ien,684,Germany,Female,43.0,1,122351.29,1,1.0,1.0,71216.6,1
16197,15751032,Yobanna,587,Germany,Male,32.0,5,76962.9,1,1.0,0.0,117033.39,0
16202,15768342,Mazzanti,595,Germany,Male,26.0,6,145747.54,2,0.0,0.0,64872.45,0
16207,15644297,White,728,Germany,Male,39.0,1,115341.19,1,1.0,0.0,107674.3,1
16208,15591244,Chinedum,703,Germany,Male,43.0,8,114443.39,2,0.0,0.0,12096.72,0
16211,15718289,Bradley,553,Germany,Male,47.0,3,82291.1,1,1.0,1.0,112549.99,0
16215,15681758,Smith,758,Germany,Female,37.0,5,102773.35,2,1.0,0.0,123877.22,0
16216,15647782,Uwaezuoke,608,Germany,Female,41.0,8,141827.33,2,1.0,0.0,182960.46,0
16217,15591489,Miles,720,Germany,Male,28.0,9,85957.88,1,0.0,0.0,8757.39,0
16218,15682355,Sabbatini,772,Germany,Male,38.0,7,75075.31,2,1.0,1.0,92888.52,0
16220,15735636,Chidumaga,558,Germany,Male,38.0,4,135310.41,1,1.0,0.0,147040.25,0
16222,15690546,Hs?,727,Germany,Male,51.0,7,141334.08,1,1.0,0.0,187908.45,1
16223,15566292,Udinese,633,Germany,Female,33.0,5,137851.31,1,1.0,1.0,117626.9,1
16241,15706587,Knowles,584,Germany,Male,50.0,4,132591.36,2,1.0,1.0,177747.03,0
16249,15768095,Mistry,567,Germany,Female,36.0,8,96769.96,1,1.0,0.0,141558.04,0
16267,15783029,K?,539,Germany,Male,42.0,10,125013.72,1,1.0,0.0,70954.41,1
16268,15589380,Fraser,664,Germany,Male,40.0,3,114446.84,1,1.0,0.0,87308.18,1
16275,15750407,Hunt,667,Germany,Female,43.0,2,129264.05,2,0.0,0.0,19150.14,0
16279,15627999,Tien,584,Germany,Female,31.0,10,138292.52,1,1.0,1.0,85413.87,1
16280,15778897,Trevisani,657,Germany,Female,46.0,7,136525.99,2,1.0,0.0,158537.57,0
16296,15770101,Chuang,705,Germany,Male,44.0,2,118334.44,1,1.0,0.0,180800.42,1
16302,15772337,O'Neill,641,Germany,Female,36.0,9,128881.79,2,1.0,0.0,140941.47,0
16316,15673074,Obidimkpa,738,Germany,Male,30.0,6,126663.51,1,1.0,1.0,162267.91,0
16319,15770406,Onyekachukwu,719,Germany,Male,35.0,4,72664.3,1,1.0,0.0,127557.33,0
16320,15665629,Udokamma,714,Germany,Female,39.0,0,148826.32,1,1.0,0.0,123868.01,0
16326,15799763,Chukwujekwu,716,Germany,Male,32.0,9,134470.88,1,1.0,0.0,108577.8,0
16346,15741092,Marino,495,Germany,Female,34.0,5,155455.43,1,1.0,1.0,116069.24,0
16348,15621207,Hs?,516,Germany,Male,33.0,8,111432.13,2,1.0,1.0,199862.44,0
16355,15709135,Pirozzi,691,Germany,Male,34.0,1,101231.77,2,0.0,0.0,156529.44,0
16357,15753895,Ch'iu,726,Germany,Female,32.0,5,139395.08,1,1.0,1.0,158750.28,0
16361,15676571,Hsing,694,Germany,Female,45.0,7,97339.64,2,1.0,1.0,170968.28,0
16364,15581811,Goliwe,684,Germany,Male,36.0,2,124788.11,2,1.0,1.0,162452.65,0
16370,15640074,Ts'ai,662,Germany,Male,37.0,4,144550.97,2,1.0,1.0,84870.23,0
16372,15643439,Chiang,703,Germany,Female,44.0,5,141789.14,1,1.0,0.0,91514.62,0
16374,15584776,Hs?,628,Germany,Female,48.0,4,95857.86,1,1.0,1.0,174064.8,1
16378,15765014,Folliero,641,Germany,Female,41.0,4,117721.03,1,1.0,0.0,100835.19,1
16393,15758056,Trevisan,653,Germany,Female,58.0,1,123338.51,2,1.0,1.0,90957.86,1
16394,15664708,Yefremova,709,Germany,Female,38.0,8,113922.63,1,1.0,1.0,159418.92,0
16396,15591036,Walker,574,Germany,Female,31.0,8,141453.76,1,1.0,1.0,58854.18,0
16397,15575410,Chidiegwu,667,Germany,Female,43.0,5,83765.35,1,0.0,0.0,118358.54,1
16408,15629603,Smith,683,Germany,Female,25.0,1,148827.56,2,1.0,0.0,38691.78,0
16412,15764444,Chukwuebuka,632,Germany,Female,32.0,2,132876.23,2,1.0,1.0,121409.06,0
16416,15658339,Lombardo,598,Germany,Female,57.0,6,97086.4,1,0.0,0.0,48228.1,1
16419,15689322,Nwachinemelu,667,Germany,Female,32.0,2,145127.85,2,1.0,0.0,16402.11,1
16420,15783629,Ch'eng,669,Germany,Male,40.0,7,139979.07,1,1.0,0.0,28367.21,1
16433,15677310,Burns,667,Germany,Male,62.0,4,98854.34,1,1.0,1.0,66721.98,0
16434,15577064,Palerma,562,Germany,Female,44.0,4,114715.71,1,1.0,0.0,74850.84,1
16436,15614420,Gerasimova,531,Germany,Female,32.0,0,109570.21,3,1.0,0.0,172049.84,1
16441,15683403,Johnston,611,Germany,Male,57.0,1,111063.73,1,0.0,0.0,73585.18,1
16444,15799300,McGregor,678,Germany,Male,52.0,1,125918.79,2,1.0,1.0,150784.44,1
16451,15698321,Yobanna,648,Germany,Male,34.0,5,95039.73,3,1.0,1.0,147055.87,1
16460,15726589,Lock,652,Germany,Male,48.0,10,82531.11,1,0.0,1.0,114092.52,1
16461,15747458,O'Donnell,553,Germany,Male,35.0,5,115743.44,1,1.0,0.0,180968.55,0
16464,15778024,P'eng,645,Germany,Male,61.0,4,121365.39,1,1.0,1.0,4595.05,0
16493,15604813,T'ao,613,Germany,Male,41.0,2,121206.96,2,1.0,1.0,65611.01,0
16497,15621075,Dickson,662,Germany,Female,41.0,4,112755.34,2,0.0,1.0,60721.4,0
16501,15643942,Chiazagomekpere,714,Germany,Male,34.0,4,121151.05,2,1.0,0.0,48545.1,0
16525,15623595,Fanucci,597,Germany,Male,24.0,4,92786.04,1,1.0,0.0,90905.44,0
16535,15759034,Pisano,751,Germany,Male,49.0,1,77846.9,1,0.0,1.0,113868.2,1
16541,15787598,Ting,627,Germany,Male,50.0,10,129574.99,2,0.0,0.0,175713.24,1
16547,15815460,Longo,832,Germany,Female,55.0,3,104339.11,3,1.0,1.0,134626.3,1
16557,15654975,Ukaegbunam,681,Germany,Male,29.0,5,118907.6,1,0.0,1.0,116692.8,0
16567,15810716,Kerr,750,Germany,Male,37.0,8,151836.36,2,1.0,0.0,68695.38,0
16570,15763381,Fanucci,648,Germany,Male,41.0,9,160680.41,1,0.0,1.0,30886.35,0
16573,15717348,Nkemakonam,627,Germany,Male,47.0,5,107949.67,1,0.0,0.0,152994.98,1
16577,15642726,Woods,774,Germany,Female,34.0,1,76914.21,1,1.0,1.0,13614.01,0
16579,15697702,Ainsworth,682,Germany,Male,31.0,6,99897.24,1,1.0,1.0,62634.45,0
16585,15762728,Pinto,669,Germany,Male,40.0,9,118889.35,1,1.0,0.0,166580.29,1
16589,15604073,Tseng,627,Germany,Male,36.0,5,112281.9,1,1.0,1.0,66449.82,0
16592,15743153,Romano,666,Germany,Male,35.0,4,161207.0,1,1.0,1.0,52411.47,1
16596,15790594,L?,628,Germany,Female,51.0,4,122453.97,1,1.0,0.0,6554.97,1
16597,15591167,Hsia,593,Germany,Female,62.0,6,115563.58,1,1.0,1.0,127939.5,1
16601,15745605,Trevisani,479,Germany,Male,33.0,9,84673.17,2,0.0,1.0,84569.13,0
16603,15679453,Hung,614,Germany,Female,39.0,8,125997.22,1,1.0,1.0,128049.34,0
16605,15750335,Paterson,850,Germany,Male,43.0,0,95448.32,1,1.0,0.0,184044.8,0
16607,15758048,Golubev,694,Germany,Male,31.0,6,109052.59,2,1.0,0.0,19448.93,0
16609,15646717,Kuznetsova,553,Germany,Female,40.0,5,117356.63,1,0.0,0.0,64595.79,1
16612,15695097,Ch'ang,669,Germany,Female,45.0,7,127864.4,1,1.0,0.0,141180.66,1
16617,15593694,Hsia,596,Germany,Male,46.0,2,121897.74,1,0.0,0.0,63908.87,1
16624,15719809,Endrizzi,642,Germany,Female,30.0,3,145166.09,2,1.0,1.0,111421.45,0
16625,15772798,Chikezie,707,Germany,Female,24.0,5,95441.27,1,1.0,0.0,93959.96,1
16628,15791149,Y?,497,Germany,Female,42.0,3,143350.54,1,1.0,0.0,119446.66,1
16635,15684952,Chidiegwu,723,Germany,Female,35.0,6,126426.27,1,0.0,0.0,103513.51,1
16637,15673180,Onyekaozulu,727,Germany,Female,18.0,2,93816.7,1,1.0,1.0,126172.11,1
16645,15648075,Lucchesi,594,Germany,Male,37.0,4,132387.91,1,1.0,1.0,57975.8,0
16650,15793694,Onyeoruru,633,Germany,Male,49.0,1,153573.99,1,1.0,0.0,101839.34,1
16653,15779176,Dike,602,Germany,Female,58.0,6,108888.24,1,0.0,1.0,135875.51,0
16657,15758755,Beneventi,729,Germany,Male,34.0,9,132121.71,1,0.0,1.0,105409.31,1
16662,15675185,Okechukwu,592,Germany,Female,29.0,10,117864.87,1,0.0,0.0,136844.72,0
16668,15784082,T'ao,606,Germany,Female,25.0,6,152301.29,1,1.0,1.0,127558.26,0
16670,15636444,Lei,715,Germany,Male,30.0,7,75225.53,1,1.0,0.0,141364.27,0
16676,15644849,Ch'ang,711,Germany,Male,37.0,7,104783.82,1,1.0,1.0,90983.68,0
16678,15678944,K'ung,732,Germany,Male,53.0,3,129845.26,1,1.0,0.0,199293.01,1
16681,15707963,Li Fonti,662,Germany,Female,49.0,1,104784.55,1,1.0,0.0,45610.58,1
16682,15724223,Bergamaschi,594,Germany,Female,58.0,1,104356.94,1,0.0,1.0,75562.47,1
16684,15575399,Conti,554,Germany,Male,37.0,6,92316.31,2,1.0,1.0,48869.67,0
16688,15626147,Iloerika,485,Germany,Male,29.0,1,157955.37,2,1.0,1.0,66795.78,0
16692,15723654,Onochie,718,Germany,Female,38.0,6,119963.88,2,1.0,0.0,57380.59,0
16700,15775116,Eluemuno,743,Germany,Male,38.0,2,143350.96,1,1.0,1.0,185555.66,0
16707,15784092,Chiu,624,Germany,Male,38.0,8,113882.6,1,1.0,0.0,75869.96,0
16710,15735080,Frolova,613,Germany,Female,45.0,3,116933.96,4,1.0,0.0,174098.6,1
16716,15667418,Macdonald,746,Germany,Female,32.0,7,105627.97,2,1.0,1.0,135067.97,0
16719,15623521,Sozonov,838,Germany,Female,43.0,9,123105.88,2,1.0,1.0,145765.83,1
16725,15771636,Tung,540,Germany,Male,43.0,6,116881.7,2,1.0,0.0,172572.64,1
16737,15786563,Milanesi,601,Germany,Male,40.0,5,104488.19,2,1.0,1.0,122219.24,0
16749,15756992,Chukwukere,701,Germany,Male,37.0,5,107601.79,1,1.0,0.0,18922.18,0
16752,15603594,Ch'iu,591,Germany,Female,31.0,2,116968.91,2,1.0,1.0,141476.56,1
16758,15658964,Ch'eng,659,Germany,Female,37.0,7,156580.62,1,1.0,1.0,115288.24,0
16764,15593601,Hsing,697,Germany,Female,38.0,2,139756.12,2,0.0,1.0,135851.3,0
16765,15585768,Cameron,582,Germany,Male,51.0,6,70349.48,2,0.0,0.0,178074.04,1
16778,15577423,Ch'eng,593,Germany,Male,34.0,2,123760.68,2,1.0,1.0,131301.74,0
16782,15595726,Calabrese,556,Germany,Male,43.0,10,138843.8,2,1.0,1.0,158325.87,0
16787,15592028,Yevseyev,659,Germany,Male,47.0,1,137714.25,2,1.0,0.0,80618.41,0
16791,15592583,Piazza,593,Germany,Male,31.0,6,139825.34,2,1.0,1.0,166677.35,0
16794,15646942,Calabrese,472,Germany,Female,50.0,2,118098.62,1,1.0,0.0,100720.02,1
16795,15663939,Chia,579,Germany,Male,56.0,1,121406.04,2,1.0,1.0,143783.39,1
16797,15658822,Chimaobim,697,Germany,Female,41.0,10,133618.44,1,0.0,0.0,125870.78,1
16801,15764033,Onyekachi,616,Germany,Female,33.0,6,147906.44,2,1.0,0.0,162858.29,0
16817,15786539,Hsiung,743,Germany,Male,35.0,6,102961.9,1,1.0,0.0,100433.83,1
16818,15802486,Yevseyev,585,Germany,Female,42.0,10,78833.15,2,1.0,0.0,158887.09,0
16821,15604345,Teng,703,Germany,Female,34.0,1,97331.19,1,1.0,0.0,63717.49,0
16831,15611217,Onio,596,Germany,Male,34.0,8,105700.66,2,1.0,1.0,91347.56,0
16837,15716397,Ozerova,718,Germany,Female,41.0,7,136820.64,3,1.0,0.0,122268.61,1
16839,15721208,Milani,649,Germany,Male,31.0,8,136624.6,1,0.0,1.0,133692.88,0
16842,15753362,Zito,605,Germany,Female,41.0,5,145962.0,1,1.0,1.0,115779.48,1
16844,15684147,Chizuoke,678,Germany,Male,40.0,5,117325.23,1,1.0,1.0,114006.35,1
16850,15576723,Ulyanov,727,Germany,Female,44.0,3,125889.3,2,1.0,1.0,138615.32,1
16857,15671766,Vida,593,Germany,Female,39.0,1,62482.95,1,1.0,1.0,102758.43,0
16871,15675380,Kudryashova,687,Germany,Male,29.0,4,132576.24,2,0.0,0.0,152749.94,0
16872,15776467,Okwudiliolisa,488,Germany,Female,35.0,8,148045.45,2,0.0,1.0,174815.85,0
16875,15758031,Hao,743,Germany,Male,34.0,7,121525.65,2,0.0,1.0,137959.06,0
16876,15598175,Pinto,717,Germany,Female,40.0,6,97092.87,1,0.0,0.0,60920.03,1
16877,15682463,White,535,Germany,Female,38.0,1,105760.02,1,0.0,1.0,69586.29,0
16883,15751775,Chukwufumnanya,646,Germany,Male,42.0,8,143566.3,2,1.0,1.0,171922.92,0
16899,15702744,Nwachinemelu,585,Germany,Female,58.0,1,151755.63,2,1.0,1.0,162697.08,0
16904,15620268,Thomson,495,Germany,Male,43.0,3,212696.32,1,1.0,0.0,115268.86,0
16907,15652218,Tien,705,Germany,Female,39.0,4,104848.68,1,1.0,0.0,125877.22,1
16915,15593546,Nwachinemelu,606,Germany,Male,24.0,6,129776.72,1,0.0,0.0,73585.18,0
16916,15789939,Yegorov,669,Germany,Male,48.0,9,130795.52,2,1.0,0.0,76569.64,0
16920,15747649,Summerville,558,Germany,Male,36.0,0,126606.63,2,1.0,1.0,172363.41,0
16921,15745250,Lo,636,Germany,Male,29.0,9,144896.75,1,1.0,1.0,167822.64,0
16922,15572361,Uspenskaya,540,Germany,Male,31.0,6,116585.85,1,1.0,0.0,28805.09,0
16924,15589401,Chuang,534,Germany,Male,40.0,9,118636.92,1,1.0,1.0,73551.44,0
16934,15673599,Ch'iu,684,Germany,Male,48.0,8,102540.61,1,1.0,0.0,133617.57,1
16935,15585835,Chukwualuka,559,Germany,Male,46.0,6,134896.03,1,1.0,0.0,135078.02,1
16941,15673578,Page,611,Germany,Female,40.0,7,128486.91,2,1.0,1.0,10109.47,0
16943,15774936,Liang,580,Germany,Male,41.0,6,143350.41,1,1.0,1.0,192070.16,0
16947,15808526,Cartwright,645,Germany,Male,58.0,3,127539.3,2,1.0,1.0,96590.39,0
16955,15581811,Chidozie,678,Germany,Female,30.0,1,139676.95,1,0.0,1.0,16146.0,0
16956,15772421,Liao,590,Germany,Male,30.0,1,128927.93,1,1.0,1.0,2850.01,0
16959,15682454,Walker,706,Germany,Male,33.0,3,144961.97,2,1.0,0.0,177065.24,1
16962,15768233,Jenkins,537,Germany,Female,47.0,4,145215.43,1,1.0,0.0,166476.95,1
16969,15572762,Gibson,678,Germany,Female,36.0,8,158266.42,2,1.0,1.0,133692.88,1
16970,15736302,Folliero,699,Germany,Female,39.0,0,139493.54,2,1.0,1.0,113481.97,0
16971,15585388,Sherman,660,Germany,Male,31.0,9,125189.75,2,0.0,1.0,139874.43,1
16973,15723053,Mazzanti,635,Germany,Female,42.0,10,132038.28,2,1.0,1.0,141135.16,0
16990,15649060,Chia,580,Germany,Male,36.0,2,172381.8,2,0.0,0.0,61240.87,1
16992,15690796,Nucci,505,Germany,Female,47.0,6,102724.4,2,1.0,1.0,133801.41,0
16995,15659325,Trevisani,727,Germany,Female,37.0,4,150561.03,2,1.0,1.0,93524.19,0
17003,15590820,Yobachukwu,743,Germany,Female,61.0,2,121542.57,1,1.0,1.0,142548.33,1
17008,15638068,P'eng,708,Germany,Male,41.0,7,145860.98,1,1.0,1.0,52314.71,0
17013,15768495,Chukwufumnanya,704,Germany,Male,26.0,2,162532.75,2,1.0,0.0,105986.38,0
17016,15768219,Y?,613,Germany,Female,44.0,1,145737.32,1,1.0,0.0,100615.14,0
17017,15769991,O'Loughlin,625,Germany,Male,36.0,7,126820.68,1,1.0,0.0,159123.69,1
17020,15620557,Smith,549,Germany,Male,33.0,9,157841.52,1,0.0,0.0,74850.88,1
17021,15716357,Iheatu,667,Germany,Male,60.0,9,124593.23,1,0.0,0.0,171045.38,1
17023,15645355,Macleod,753,Germany,Male,34.0,4,126729.41,1,1.0,0.0,26106.39,0
17024,15606801,Iweobiegbunam,633,Germany,Female,29.0,3,114439.76,2,1.0,0.0,138536.36,0
17029,15642098,Onwuamaeze,716,Germany,Female,56.0,1,119266.69,1,1.0,1.0,89822.48,1
17032,15622454,Hsueh,535,Germany,Male,39.0,10,117866.92,2,0.0,0.0,161671.15,1
17038,15777056,Palermo,561,Germany,Female,39.0,0,145973.46,2,1.0,0.0,58965.89,0
17042,15785542,Kornilova,572,Germany,Male,26.0,4,118287.01,1,0.0,1.0,60427.3,1
17053,15671139,Brizendine,694,Germany,Male,39.0,2,97331.19,1,1.0,0.0,102284.2,0
17054,15674765,Chiekwugo,634,Germany,Male,20.0,2,123816.17,2,1.0,1.0,113557.3,0
17058,15721793,Chiu,510,Germany,Female,50.0,7,123936.54,1,1.0,0.0,23768.01,1
17066,15598892,Hsia,621,Germany,Female,37.0,3,131354.25,1,1.0,0.0,177614.17,1
17067,15793331,Ch'ang,607,Germany,Male,55.0,3,117413.85,1,1.0,1.0,53420.78,0
17070,15762418,Mancini,713,Germany,Female,48.0,5,164948.98,3,1.0,0.0,149457.81,1
17071,15735025,Houghton,634,Germany,Female,35.0,7,161591.11,1,1.0,0.0,113860.81,0
17078,15684722,Fraser,757,Germany,Female,35.0,6,122952.9,2,0.0,1.0,154360.97,0
17084,15654562,Nkemakonam,592,Germany,Female,37.0,3,120911.75,1,1.0,0.0,92816.86,0
17085,15591150,Pinto,567,Germany,Female,45.0,3,116711.06,1,1.0,0.0,167522.19,1
17088,15795737,She,646,Germany,Female,51.0,8,148962.46,1,1.0,1.0,107961.11,0
17089,15569572,Ch'ien,586,Germany,Male,33.0,3,185534.19,2,1.0,1.0,158048.52,0
17091,15743532,Onyekachukwu,705,Germany,Female,31.0,4,107712.57,2,1.0,0.0,174434.06,0
17095,15578908,Walker,785,Germany,Female,33.0,2,140510.89,2,1.0,0.0,173632.92,0
17096,15769312,Toth,717,Germany,Female,29.0,3,119912.46,1,1.0,0.0,143357.02,0
17097,15734850,Ts'ao,527,Germany,Male,34.0,1,96019.5,3,1.0,1.0,155786.57,1
17099,15749946,Baryshnikov,605,Germany,Female,48.0,9,112414.81,2,1.0,0.0,55701.62,1
17113,15793854,Shih,588,Germany,Female,40.0,8,103741.14,3,0.0,0.0,148516.79,1
17116,15608846,Chijindum,597,Germany,Male,38.0,6,116968.91,2,1.0,1.0,26170.08,1
17120,15705521,T'ien,724,Germany,Male,56.0,3,122703.5,1,1.0,1.0,155792.82,1
17123,15569917,Kuo,495,Germany,Female,40.0,4,137946.39,1,0.0,0.0,161657.57,0
17124,15570299,Martin,584,Germany,Female,37.0,6,152622.34,1,1.0,1.0,99298.8,0
17127,15683826,Chukwuemeka,627,Germany,Male,52.0,9,116537.96,1,1.0,0.0,166038.01,1
17128,15737521,Chukwueloka,767,Germany,Male,36.0,2,106967.28,1,0.0,0.0,68860.3,0
17132,15725169,Castiglione,526,Germany,Male,32.0,9,124233.24,1,1.0,1.0,159456.87,0
17138,15570194,Hsieh,646,Germany,Male,31.0,5,126077.42,2,1.0,0.0,94911.66,0
17140,15639265,Lettiere,713,Germany,Female,38.0,3,146880.56,1,0.0,1.0,171430.96,0
17145,15740487,Chien,584,Germany,Male,56.0,0,138847.3,1,1.0,1.0,171677.6,1
17149,15572073,Onyekachi,637,Germany,Male,27.0,2,131593.34,2,1.0,0.0,151679.28,0
17158,15590097,Chiazagomekpere,675,Germany,Male,42.0,8,93522.2,1,1.0,1.0,146585.53,1
17164,15806937,Ch'ang,762,Germany,Female,53.0,8,144551.96,1,1.0,0.0,170818.27,1
17172,15605375,Chidimma,729,Germany,Female,54.0,6,121164.18,1,1.0,0.0,61931.35,1
17179,15725776,Lazar,713,Germany,Male,35.0,7,101195.23,2,0.0,0.0,139735.54,0
17180,15621064,Greco,637,Germany,Male,46.0,2,170113.0,1,0.0,1.0,10494.64,0
17181,15694510,Udegbulam,578,Germany,Male,38.0,4,163894.35,2,1.0,1.0,64490.67,0
17185,15768471,Wagner,705,Germany,Female,39.0,6,108755.0,1,1.0,1.0,40914.32,1
17194,15640442,Mazzanti,599,Germany,Female,35.0,7,135096.05,2,1.0,1.0,146723.72,0
17203,15719352,Chukwudi,758,Germany,Female,32.0,6,143829.2,1,1.0,0.0,92982.61,0
17206,15578977,Chuang,678,Germany,Female,29.0,8,126473.99,2,1.0,0.0,181224.56,0
17208,15742824,Isayeva,696,Germany,Male,38.0,7,162318.61,1,1.0,0.0,121061.89,0
17217,15617166,Ritchie,610,Germany,Male,37.0,0,109528.28,1,1.0,0.0,114514.64,0
17221,15586029,Davis,806,Germany,Male,41.0,6,96152.68,1,1.0,0.0,143711.02,1
17227,15798439,Murray,731,Germany,Male,43.0,1,117438.17,1,1.0,0.0,74898.8,0
17229,15783029,Chukwufumnanya,667,Germany,Female,42.0,1,124497.53,1,0.0,1.0,86022.96,1
17230,15809143,White,456,Germany,Male,32.0,6,133060.63,1,1.0,0.0,125167.92,1
17231,15790750,Hsueh,605,Germany,Male,43.0,4,109472.47,1,1.0,1.0,131647.31,0
17237,15605968,Chukwubuikem,738,Germany,Female,57.0,1,106967.17,1,0.0,0.0,131312.56,1
17238,15751412,Archer,669,Germany,Female,40.0,1,115409.6,1,0.0,0.0,180456.8,0
17241,15775891,Trevisano,664,Germany,Male,26.0,8,102773.2,1,1.0,0.0,62674.42,1
17244,15656029,Shen,811,Germany,Female,43.0,8,98373.86,2,1.0,0.0,164040.94,0
17245,15690670,Nnonso,656,Germany,Male,40.0,4,142765.8,2,1.0,1.0,186418.85,0
17249,15650591,Calabrese,727,Germany,Male,50.0,9,118098.62,1,1.0,1.0,100720.02,1
17253,15791958,Houghton,725,Germany,Female,48.0,6,132571.67,1,1.0,0.0,177747.03,1
17257,15766272,Folliero,521,Germany,Female,28.0,0,125193.96,2,1.0,0.0,109356.53,0
17261,15803964,Maclean,584,Germany,Male,35.0,3,124577.53,1,1.0,1.0,131713.43,0
17268,15795246,Chukwuebuka,572,Germany,Female,27.0,4,119787.76,1,0.0,0.0,93816.53,1
17276,15616471,Hsieh,678,Germany,Female,43.0,10,113980.21,1,0.0,0.0,168034.9,1
17277,15653776,Mazzanti,576,Germany,Female,35.0,5,103858.39,2,1.0,1.0,187943.6,0
17283,15609737,T'ien,604,Germany,Female,37.0,2,130274.19,2,0.0,1.0,115818.52,0
17285,15578865,Thorpe,708,Germany,Female,42.0,2,137479.13,1,1.0,1.0,25669.1,0
17286,15691387,Ch'iu,732,Germany,Male,35.0,2,132767.66,2,1.0,1.0,162668.33,0
17289,15771742,Bufkin,757,Germany,Male,36.0,9,139994.88,1,1.0,0.0,88827.08,0
17304,15806926,Zikoranachidimma,709,Germany,Female,31.0,0,120911.75,2,1.0,1.0,79176.09,0
17315,15592631,Hsia,633,Germany,Male,38.0,7,150956.71,1,1.0,0.0,102083.78,1
17316,15786463,Frolova,683,Germany,Female,23.0,6,139422.39,2,0.0,1.0,80792.63,0
17319,15690330,Trevisano,809,Germany,Male,33.0,1,152496.82,1,0.0,0.0,191734.67,1
17322,15777033,Eluemuno,685,Germany,Female,42.0,9,127801.88,2,1.0,1.0,166516.84,0
17326,15583456,Gardiner,745,Germany,Female,45.0,10,117231.63,2,1.0,1.0,122381.02,0
17328,15814690,Chukwujekwu,595,Germany,Female,64.0,5,105736.32,1,1.0,1.0,89935.73,0
17330,15731333,Fiorentini,645,Germany,Male,44.0,4,105618.01,1,1.0,1.0,172838.6,1
17333,15809846,Onyekachukwu,629,Germany,Male,42.0,4,132730.17,1,0.0,1.0,62454.01,0
17339,15576550,T'ien,707,Germany,Female,46.0,6,137847.41,1,1.0,0.0,171768.76,1
17343,15690526,Tuan,591,Germany,Male,31.0,2,137260.45,2,1.0,0.0,55387.28,1
17351,15748625,Napolitano,714,Germany,Male,37.0,4,152400.51,1,0.0,1.0,72496.05,0
17352,15571529,Kuo,710,Germany,Female,52.0,9,110063.74,3,1.0,0.0,136909.87,1
17365,15666983,Chinomso,752,Germany,Male,36.0,9,149961.43,2,0.0,0.0,67675.36,0
17368,15707362,Yin,659,Germany,Female,52.0,1,95556.31,2,1.0,1.0,199273.98,0
17371,15629273,L?,637,Germany,Male,43.0,7,137455.68,1,1.0,0.0,159456.29,1
17374,15772601,Bellucci,845,Germany,Female,41.0,2,81733.74,2,0.0,0.0,199761.29,0
17381,15657772,Tseng,702,Germany,Female,41.0,8,107247.49,2,1.0,0.0,178393.59,1
17382,15581237,Miller,698,Germany,Female,53.0,1,118735.61,1,0.0,1.0,91411.62,1
17390,15637051,Lu,657,Germany,Male,35.0,2,139859.24,1,1.0,0.0,102665.86,0
17397,15791342,Ts'ui,695,Germany,Female,22.0,8,93616.35,2,0.0,1.0,168886.31,0
17398,15797246,Terry,637,Germany,Female,34.0,2,91258.52,2,1.0,1.0,44857.4,0
17400,15700300,Okwudilichukwu,646,Germany,Male,36.0,3,108431.81,1,1.0,0.0,74430.0,0
17409,15683625,Maclean,633,Germany,Female,53.0,3,140894.06,1,1.0,0.0,72927.68,1
17412,15807909,Nwankwo,706,Germany,Male,40.0,10,137714.4,1,1.0,0.0,56794.39,1
17415,15806389,Walton,549,Germany,Female,55.0,5,137592.31,2,0.0,1.0,116548.02,1
17420,15626608,Cattaneo,652,Germany,Male,45.0,9,131762.94,1,0.0,0.0,185827.74,0
17421,15762405,Ejimofor,525,Germany,Female,45.0,4,136520.26,2,0.0,1.0,182794.66,0
17424,15733169,Craig,634,Germany,Female,30.0,8,158713.08,1,1.0,0.0,165257.31,0
17426,15768476,Chukwudi,631,Germany,Male,48.0,2,118317.27,3,0.0,1.0,78702.98,1
17427,15583853,Ikedinachukwu,553,Germany,Male,35.0,8,149950.19,1,1.0,0.0,103557.85,0
17432,15734491,Chia,605,Germany,Female,44.0,1,157761.8,1,1.0,0.0,140139.32,1
17440,15759872,L?,625,Germany,Female,22.0,9,121898.58,2,1.0,1.0,157072.91,0
17442,15804862,Toscani,734,Germany,Male,43.0,1,127146.68,1,1.0,0.0,137565.87,0
17445,15665963,Chukwuemeka,646,Germany,Female,35.0,1,152400.51,1,1.0,0.0,26793.82,1
17447,15758032,Ritchie,634,Germany,Male,26.0,2,124450.29,1,0.0,0.0,146652.01,0
17463,15567919,Griffiths,543,Germany,Male,41.0,10,144550.83,1,1.0,1.0,192070.16,1
17464,15812920,Nnaife,619,Germany,Male,50.0,4,90594.55,1,1.0,0.0,181598.25,1
17467,15568878,Cheng,697,Germany,Female,48.0,8,126061.51,1,1.0,0.0,107841.77,1
17476,15624995,Genovese,617,Germany,Female,50.0,8,126285.73,2,1.0,1.0,171707.93,0
17478,15583595,Ch'eng,739,Germany,Male,35.0,8,104822.45,3,0.0,0.0,49848.86,1
17481,15734609,Skinner,665,Germany,Female,35.0,8,133611.83,1,1.0,1.0,157959.02,1
17486,15763625,Fanucci,707,Germany,Female,33.0,8,87714.07,3,1.0,1.0,64532.37,1
17495,15767432,Ts'ai,789,Germany,Female,49.0,4,90544.0,1,1.0,0.0,61240.87,1
17505,15582149,Chukwudi,773,Germany,Male,41.0,4,129321.44,1,1.0,1.0,93624.55,0
17512,15665879,Macleod,646,Germany,Female,41.0,8,142644.64,1,0.0,0.0,7034.94,0
17519,15770405,Chukwubuikem,598,Germany,Male,44.0,9,71996.29,1,1.0,1.0,172495.81,0
17530,15591035,Ch'eng,775,Germany,Female,33.0,6,102772.67,2,0.0,1.0,62746.54,0
17537,15807305,Mancini,656,Germany,Male,36.0,2,76989.97,2,0.0,0.0,151912.49,0
17539,15686870,Walker,688,Germany,Male,59.0,8,121669.93,2,1.0,1.0,173776.5,0
17540,15669952,P'eng,593,Germany,Male,41.0,3,91711.59,2,1.0,1.0,56937.43,0
17541,15653762,Chidiebele,652,Germany,Male,44.0,9,116363.37,2,1.0,1.0,198059.16,0
17545,15797905,Hao,646,Germany,Female,29.0,4,117899.95,1,0.0,0.0,151924.9,1
17553,15777586,Uspensky,632,Germany,Female,40.0,2,98415.91,2,1.0,1.0,92865.58,0
17566,15812482,Young,575,Germany,Male,33.0,3,134318.21,2,1.0,0.0,99843.98,0
17571,15749401,O'Toole,732,Germany,Female,35.0,5,119499.42,1,0.0,1.0,103421.79,0
17578,15775108,Lo Duca,848,Germany,Male,34.0,1,99325.04,2,0.0,1.0,186052.15,1
17580,15796764,Bruno,540,Germany,Male,56.0,9,127585.98,1,1.0,1.0,80593.49,0
17581,15740165,Toscani,637,Germany,Female,50.0,4,113755.68,1,1.0,1.0,159414.2,1
17584,15752841,Ch'iu,685,Germany,Male,35.0,1,129855.72,1,0.0,0.0,158545.25,0
17590,15793883,Chukwujekwu,684,Germany,Male,30.0,2,145215.43,1,1.0,0.0,468.94,0
17591,15792722,Omeokachie,611,Germany,Female,34.0,9,64897.75,1,1.0,0.0,114996.33,0
17594,15797910,Shih,567,Germany,Male,38.0,4,118614.6,2,1.0,0.0,191746.23,1
17596,15670587,Boyle,708,Germany,Male,40.0,4,111568.01,1,1.0,1.0,22026.18,0
17600,15596863,Cardell,533,Germany,Male,40.0,7,153316.14,1,1.0,0.0,138552.74,0
17601,15802370,Trevisani,653,Germany,Male,36.0,4,133745.14,1,1.0,1.0,75825.57,0
17607,15572454,Chiganu,779,Germany,Male,33.0,8,134896.77,2,1.0,1.0,173365.8,0
17610,15598157,L?,797,Germany,Male,41.0,5,157780.84,1,1.0,1.0,81299.17,0
17614,15783842,Milano,705,Germany,Female,51.0,9,78885.88,1,1.0,0.0,91429.74,1
17617,15720644,Cremonesi,582,Germany,Male,44.0,4,117726.57,1,0.0,0.0,119882.86,1
17622,15774393,Yudina,580,Germany,Male,34.0,4,132835.3,1,1.0,1.0,143880.32,0
17624,15793331,Chikezie,718,Germany,Male,42.0,1,122453.97,2,1.0,0.0,181600.72,0
17631,15643967,Munro,708,Germany,Male,33.0,5,145387.32,1,1.0,1.0,132480.75,0
17647,15671274,Mazzanti,641,Germany,Male,35.0,8,123873.19,2,1.0,1.0,126743.33,0
17657,15648070,Onyeoruru,697,Germany,Male,31.0,9,116537.73,2,1.0,0.0,153383.71,0
17664,15575185,Clarke,546,Germany,Female,52.0,4,89122.3,1,1.0,1.0,194239.63,1
17668,15597914,Okeke,817,Germany,Male,31.0,5,139096.85,2,1.0,0.0,193408.43,0
17672,15685576,Norman,561,Germany,Female,52.0,6,134944.0,3,1.0,0.0,171036.65,1
17687,15649060,H?,633,Germany,Female,29.0,2,146834.52,1,1.0,1.0,108889.3,0
17698,15677522,Sagese,758,Germany,Female,56.0,5,121894.63,1,0.0,1.0,103792.53,1
17699,15593695,Chukwuemeka,848,Germany,Male,59.0,3,123697.05,1,1.0,1.0,14087.95,1
17701,15792250,Genovesi,694,Germany,Male,18.0,8,113447.04,2,1.0,0.0,74835.94,0
17703,15607269,Costa,492,Germany,Female,49.0,2,151249.45,1,1.0,1.0,167237.94,0
17708,15768006,Onyekaozulu,623,Germany,Male,32.0,2,123906.22,2,1.0,1.0,128881.87,0
17721,15619083,Chukwukere,646,Germany,Female,41.0,4,126273.95,1,1.0,1.0,70400.86,1
17723,15583755,McClemans,581,Germany,Female,57.0,9,156570.86,1,0.0,1.0,37141.62,1
17727,15592773,Chiganu,711,Germany,Male,43.0,7,132767.66,2,1.0,1.0,26628.88,0
17735,15653762,Chidiebele,501,Germany,Female,44.0,9,117301.66,1,0.0,0.0,182025.95,0
17736,15624388,Ngozichukwuka,608,Germany,Female,51.0,4,104774.42,3,1.0,0.0,143086.32,1
17741,15781129,Olisaemeka,677,Germany,Female,29.0,7,120145.66,2,1.0,1.0,176580.69,0
17745,15676869,Teng,659,Germany,Female,40.0,9,109730.2,2,0.0,1.0,89566.74,0
17756,15776211,Toscani,627,Germany,Female,32.0,2,138341.51,2,1.0,0.0,107712.42,0
17763,15743714,Ko,628,Germany,Female,55.0,6,108410.87,4,1.0,0.0,171766.87,1
17764,15790282,Trentino,817,Germany,Male,22.0,5,114327.59,2,0.0,1.0,42831.11,1
17765,15762928,Chidiegwu,705,Germany,Male,34.0,4,135067.02,1,1.0,1.0,60907.51,0
17770,15581229,Gregory,502,Germany,Female,32.0,1,173340.83,1,0.0,1.0,122763.95,1
17771,15759038,Chia,743,Germany,Female,34.0,5,152086.11,1,0.0,1.0,174968.41,0
17772,15757865,Pisano,634,Germany,Male,29.0,8,111061.57,1,1.0,1.0,37605.9,0
17773,15709511,Nwora,558,Germany,Female,39.0,8,135095.01,1,1.0,1.0,106969.05,1
17779,15713479,Okagbue,471,Germany,Female,48.0,7,140541.11,1,1.0,1.0,173686.01,0
17780,15683553,Chidubem,719,Germany,Female,40.0,5,124525.52,1,1.0,0.0,10963.04,1
17781,15782418,Ejimofor,684,Germany,Female,52.0,4,117468.67,1,1.0,0.0,80190.36,1
17789,15685300,Palerma,683,Germany,Male,41.0,2,143926.16,2,1.0,1.0,80149.27,0
17794,15697543,Mazzanti,694,Germany,Female,41.0,2,141806.54,2,1.0,1.0,121798.53,0
17804,15661974,Yip,573,Germany,Female,44.0,10,116060.08,1,1.0,0.0,121592.29,1
17805,15633461,Pai,639,Germany,Male,36.0,5,130170.82,1,1.0,1.0,149599.62,0
17808,15756535,Chibugo,563,Germany,Female,21.0,5,91562.99,2,1.0,1.0,93783.0,0
17810,15686957,Milani,709,Germany,Male,36.0,6,134740.24,2,0.0,1.0,48559.4,0
17811,15761149,Vasilyeva,614,Germany,Male,48.0,10,109472.47,1,0.0,1.0,157358.43,0
17820,15608968,Averyanov,714,Germany,Male,67.0,6,86402.52,2,0.0,0.0,27330.27,1
17821,15583090,Liao,652,Germany,Male,37.0,5,123475.14,2,1.0,0.0,164916.57,0
17823,15584749,P'eng,628,Germany,Female,52.0,2,139914.4,1,1.0,1.0,140949.74,1
17828,15620751,Maclean,765,Germany,Male,39.0,5,134950.19,1,1.0,1.0,177655.68,0
17829,15713596,K?,698,Germany,Female,35.0,9,124043.53,2,1.0,1.0,171413.73,0
17830,15804516,Chiemenam,644,Germany,Female,40.0,1,143936.36,1,1.0,0.0,71420.16,0
17832,15664808,Chiawuotu,755,Germany,Male,62.0,2,123835.52,3,1.0,1.0,72993.65,1
17840,15594878,Chukwuebuka,651,Germany,Male,34.0,2,135094.47,1,1.0,0.0,127547.17,0
17843,15704053,Milne,583,Germany,Male,52.0,5,104930.38,1,1.0,0.0,128882.66,1
17844,15573625,P'eng,682,Germany,Male,27.0,3,134954.37,1,1.0,0.0,38410.77,0
17849,15749381,Mazzanti,739,Germany,Female,41.0,6,122952.9,2,0.0,1.0,101274.13,0
17852,15676571,Zetticci,588,Germany,Male,46.0,6,125961.74,1,1.0,1.0,103557.91,1
17858,15581550,Mazzanti,581,Germany,Female,49.0,9,118590.35,1,1.0,1.0,82413.51,1
17859,15572294,Tung,675,Germany,Female,42.0,9,62078.21,2,1.0,0.0,103349.74,1
17869,15717231,Shih,533,Germany,Male,25.0,10,80442.06,2,0.0,1.0,12537.42,0
17880,15728885,Fiorentino,619,Germany,Female,45.0,2,102781.4,4,1.0,0.0,104886.2,1
17884,15677551,Nkemjika,729,Germany,Female,32.0,2,69414.03,2,1.0,0.0,91906.0,1
17885,15785586,T'ien,717,Germany,Male,42.0,4,130812.89,1,1.0,0.0,95985.64,0
17891,15802351,Li,467,Germany,Female,34.0,6,63663.93,1,1.0,1.0,167784.28,0
17911,15682890,Zikoranachidimma,745,Germany,Female,58.0,1,123544.01,1,1.0,0.0,140941.47,1
17913,15734987,Calabresi,686,Germany,Male,39.0,2,127122.79,2,1.0,1.0,107872.57,0
17915,15595350,Onyekachukwu,678,Germany,Female,38.0,0,116622.72,1,0.0,0.0,81483.64,0
17916,15663883,Baresi,483,Germany,Male,34.0,6,105701.91,2,0.0,1.0,67640.87,0
17917,15624374,Ts'ui,616,Germany,Female,36.0,4,91902.56,2,1.0,0.0,55867.38,0
17923,15691287,Ford,675,Germany,Female,33.0,5,141816.25,1,1.0,1.0,64815.05,0
17925,15571529,Liao,667,Germany,Male,29.0,1,141546.68,1,1.0,1.0,126353.13,0
17929,15749365,Chukwufumnanya,543,Germany,Male,36.0,4,125909.85,2,1.0,1.0,139435.11,0
17933,15576116,Ch'ang,644,Germany,Male,51.0,3,118890.81,1,1.0,0.0,8059.44,1
17935,15654964,Tung,696,Germany,Male,40.0,2,94486.47,1,1.0,0.0,166694.93,1
17939,15592979,Babbage,827,Germany,Female,31.0,7,133201.98,2,1.0,1.0,80593.49,0
17942,15702788,McIntyre,775,Germany,Female,31.0,7,123815.37,1,1.0,0.0,142629.54,1
17945,15735203,Hazon,447,Germany,Male,40.0,7,111183.53,1,0.0,0.0,165038.27,0
17951,15735578,Olisanugo,627,Germany,Female,41.0,1,103097.85,2,0.0,1.0,166850.57,0
17952,15779913,Davidson,584,Germany,Male,28.0,3,98205.77,2,1.0,1.0,192449.02,0
17953,15717286,Martin,830,Germany,Female,44.0,9,118097.87,2,1.0,1.0,82547.01,1
17962,15697567,Seleznyov,739,Germany,Male,52.0,4,114514.71,1,1.0,0.0,75562.47,1
17965,15628298,Shih,707,Germany,Female,53.0,2,135120.72,3,0.0,0.0,141706.43,1
17968,15592084,Hsing,694,Germany,Female,47.0,7,116822.6,1,1.0,0.0,120220.36,1
17970,15762682,Ch'in,545,Germany,Female,32.0,0,145081.73,1,1.0,1.0,185211.28,1
17975,15647800,Hsueh,553,Germany,Male,40.0,1,122450.58,1,1.0,0.0,82838.75,1
17979,15642996,Okeke,656,Germany,Female,56.0,2,121365.39,1,1.0,0.0,173498.45,1
17983,15693893,P'eng,724,Germany,Female,38.0,6,134956.02,1,1.0,0.0,171045.52,1
17987,15809909,Hsiung,652,Germany,Male,56.0,7,118547.74,1,1.0,1.0,170968.99,1
17989,15783030,Iadanza,728,Germany,Female,41.0,3,102773.4,2,0.0,1.0,107499.71,0
17990,15625461,Watson,573,Germany,Male,61.0,9,107561.41,1,0.0,1.0,172528.8,1
17993,15782300,Calabrese,583,Germany,Male,40.0,9,127205.04,2,1.0,0.0,171365.93,0
18001,15636407,Hsieh,696,Germany,Male,33.0,7,122540.61,1,0.0,1.0,143783.46,0
18002,15655007,Palerma,850,Germany,Female,41.0,2,137986.58,2,1.0,0.0,51016.02,0
18010,15567063,Manna,766,Germany,Female,34.0,10,106434.94,1,0.0,1.0,137995.66,1
18020,15745844,Chiemenam,666,Germany,Female,38.0,10,122739.1,2,1.0,1.0,102460.84,0
18021,15663917,Onyemere,584,Germany,Male,42.0,1,133537.71,1,1.0,0.0,131647.11,0
18025,15806467,Koehler,635,Germany,Female,39.0,1,122550.02,1,1.0,0.0,185580.76,1
18026,15716085,Chidubem,675,Germany,Male,41.0,8,135870.01,2,0.0,1.0,89048.46,0
18031,15742665,P'eng,709,Germany,Male,53.0,6,117468.28,1,1.0,0.0,83715.24,1
18037,15672467,T'an,631,Germany,Male,32.0,8,127772.1,1,1.0,0.0,74854.97,0
18041,15675092,Oluchi,719,Germany,Male,37.0,6,123737.95,2,1.0,1.0,175092.23,0
18046,15724200,Yobachukwu,496,Germany,Female,34.0,9,149961.64,2,1.0,1.0,38960.59,0
18049,15572773,Onwuka,669,Germany,Female,43.0,1,138713.71,1,1.0,0.0,101694.33,1
18050,15750547,Chukwuemeka,512,Germany,Female,40.0,3,71843.15,2,0.0,0.0,178067.33,0
18052,15649418,Ch'ien,607,Germany,Male,42.0,6,160979.68,2,0.0,0.0,6139.74,0
18053,15654851,Palerma,730,Germany,Male,32.0,6,81811.71,2,1.0,1.0,152577.33,0
18054,15586976,Ulyanova,627,Germany,Female,37.0,1,61592.14,2,1.0,0.0,61796.64,1
18055,15639368,Shao,576,Germany,Female,42.0,8,128663.81,1,1.0,1.0,125083.29,1
18062,15581282,Lu,591,Germany,Female,34.0,6,111634.34,2,1.0,1.0,160976.85,0
18068,15656613,Farrar,576,Germany,Male,52.0,10,72783.65,1,1.0,0.0,137907.11,1
18080,15732661,Horsfall,588,Germany,Male,49.0,1,133501.56,1,1.0,1.0,58965.09,1
18084,15604712,Chuang,619,Germany,Male,51.0,5,121519.27,1,1.0,1.0,143535.24,0
18094,15752838,Coffman,652,Germany,Male,50.0,9,119152.1,2,1.0,0.0,54560.79,0
18109,15784700,Chukwukadibia,727,Germany,Male,32.0,9,93301.72,1,1.0,0.0,106977.9,0
18114,15791040,Onyeoruru,627,Germany,Female,52.0,4,108914.17,1,1.0,0.0,140763.18,1
18116,15708003,Chukwudi,558,Germany,Female,29.0,9,132287.92,1,0.0,1.0,62852.84,0
18118,15580872,Chinweike,761,Germany,Female,38.0,1,120530.13,2,0.0,0.0,109394.62,0
18121,15642816,Okoli,782,Germany,Female,32.0,4,148061.89,2,1.0,0.0,26691.31,0
18122,15796864,Chukwumaobim,751,Germany,Female,34.0,3,142987.09,2,0.0,1.0,172719.8,0
18126,15626212,Zetticci,569,Germany,Female,29.0,2,169896.2,2,1.0,1.0,101397.76,0
18128,15682448,Cattaneo,717,Germany,Female,38.0,2,139825.53,1,1.0,0.0,175072.47,0
18130,15602731,Tung,506,Germany,Female,36.0,7,90194.34,2,1.0,0.0,184399.77,0
18145,15725665,Ch'in,705,Germany,Male,50.0,8,130170.94,1,0.0,0.0,140574.09,1
18148,15803832,Chukwujamuike,554,Germany,Male,31.0,9,134564.8,1,1.0,1.0,172865.93,0
18150,15610930,Mancini,589,Germany,Male,35.0,4,116968.91,2,1.0,0.0,149822.04,0
18153,15732621,Tsou,632,Germany,Female,36.0,7,115895.22,2,1.0,0.0,113316.77,0
18156,15654495,T'ien,712,Germany,Male,51.0,2,81586.97,2,0.0,1.0,135851.3,0
18160,15642824,Chinedum,745,Germany,Male,37.0,4,114431.04,1,1.0,0.0,126537.9,0
18162,15725028,Ch'ang,555,Germany,Male,35.0,4,150126.44,1,1.0,1.0,188343.05,1
18167,15780409,Ndubueze,850,Germany,Male,45.0,2,135855.21,1,1.0,0.0,187632.22,0
18170,15735078,Onwughara,724,Germany,Female,53.0,7,139687.66,2,1.0,0.0,12913.92,0
18173,15625141,Pugh,652,Germany,Male,41.0,5,143054.85,2,0.0,0.0,65801.44,0
18180,15698749,He,626,Germany,Female,23.0,6,85897.95,2,1.0,0.0,109742.55,0
18184,15670034,Uspenskaya,649,Germany,Male,24.0,10,137657.32,2,1.0,1.0,77965.85,0
18185,15679048,Koger,558,Germany,Male,41.0,8,124227.14,2,1.0,1.0,111184.67,0
18186,15813444,K'ung,668,Germany,Male,42.0,4,130110.45,1,1.0,0.0,172031.22,1
18189,15777892,Samsonova,721,Germany,Female,29.0,3,107720.64,1,1.0,1.0,158591.12,0
18190,15700946,Hovell,656,Germany,Male,42.0,7,126495.57,2,0.0,0.0,131760.76,0
18191,15792627,Yefremova,773,Germany,Female,29.0,0,132193.94,1,1.0,1.0,73669.94,1
18192,15811032,Chiemenam,477,Germany,Female,58.0,1,145984.92,1,1.0,1.0,24564.7,0
18203,15765283,Lombardo,737,Germany,Female,43.0,0,106434.94,1,1.0,0.0,53931.27,1
18204,15782311,Pai,670,Germany,Male,28.0,4,115037.74,1,1.0,1.0,69358.57,0
18214,15814236,Hsueh,554,Germany,Male,26.0,8,114370.73,1,0.0,1.0,186948.71,1
18218,15726167,Calabresi,684,Germany,Male,34.0,5,127745.66,2,1.0,1.0,149665.96,0
18228,15690169,Yudin,724,Germany,Female,31.0,1,131411.55,1,1.0,1.0,148887.34,1
18237,15572021,Tung,687,Germany,Female,42.0,2,132835.4,1,1.0,0.0,177822.64,0
18244,15690130,Clements,573,Germany,Female,48.0,1,108664.85,1,1.0,0.0,73981.68,1
18245,15717138,Maccallum,493,Germany,Male,47.0,7,114483.08,1,1.0,1.0,79972.64,1
18247,15596074,McGregor,616,Germany,Female,48.0,6,123204.88,1,1.0,0.0,172372.63,1
18248,15665416,Tsao,663,Germany,Female,31.0,8,127523.75,2,1.0,0.0,5983.5,1
18252,15692409,Onwumelu,547,Germany,Male,36.0,2,113348.4,2,1.0,0.0,111242.09,0
18255,15798942,Chinagorom,474,Germany,Male,32.0,9,122552.34,2,0.0,1.0,48606.92,0
18257,15585367,Onyemauchechukwu,717,Germany,Female,38.0,3,125547.53,1,0.0,0.0,131300.68,1
18258,15581551,Ch'ang,604,Germany,Male,36.0,5,80569.73,1,1.0,0.0,164815.59,1
18259,15605926,Sinclair,651,Germany,Male,70.0,1,116854.71,2,1.0,1.0,102547.56,0
18262,15747014,Ch'ang,571,Germany,Male,40.0,4,130334.18,1,1.0,0.0,176943.89,0
18268,15652999,Robinson,632,Germany,Male,30.0,4,105099.45,1,0.0,1.0,132801.57,0
18269,15686983,Rohu,717,Germany,Female,25.0,10,76968.12,2,0.0,1.0,131501.72,0
18276,15671032,H?,714,Germany,Male,61.0,5,107784.65,1,0.0,1.0,137720.56,1
18279,15674573,Nwankwo,588,Germany,Female,43.0,9,122029.15,1,1.0,0.0,184524.65,1
18282,15703437,Toscani,682,Germany,Male,60.0,3,104822.64,1,1.0,0.0,131894.31,1
18283,15743760,Ifeanacho,524,Germany,Male,59.0,9,91415.76,1,1.0,0.0,27965.0,0
18285,15696054,Hansen,596,Germany,Male,37.0,6,141546.35,1,1.0,1.0,113483.96,0
18288,15648858,Ch'iu,731,Germany,Male,37.0,5,153697.53,1,1.0,0.0,181224.24,1
18290,15800811,Pinto,850,Germany,Female,43.0,3,116948.78,3,1.0,0.0,72951.36,1
18299,15640855,T'ien,729,Germany,Male,40.0,5,113574.61,2,0.0,0.0,103396.08,1
18302,15751206,Nnamdi,599,Germany,Female,52.0,6,104901.65,1,1.0,0.0,128548.58,1
18305,15570194,Genovese,685,Germany,Female,36.0,4,125905.82,1,0.0,0.0,174770.14,0
18307,15776211,Toscani,678,Germany,Female,34.0,6,127095.14,2,0.0,1.0,124592.84,0
18308,15761053,Lei,665,Germany,Male,48.0,2,131326.47,1,0.0,1.0,1140.02,0
18309,15598577,Shao,707,Germany,Female,38.0,9,149887.16,1,1.0,0.0,49057.63,1
18318,15687056,Chinedum,724,Germany,Female,40.0,9,123844.28,1,1.0,0.0,143516.72,1
18321,15652999,Hsing,635,Germany,Female,47.0,4,102773.24,1,0.0,0.0,102763.38,1
18325,15575409,Rooke,592,Germany,Female,41.0,3,88594.93,1,0.0,0.0,178997.89,0
18328,15773098,Ts'ui,695,Germany,Male,43.0,0,125395.64,2,0.0,0.0,67422.84,0
18333,15646521,Yancy,648,Germany,Male,44.0,8,93577.3,1,1.0,0.0,180736.24,1
18334,15643359,Okonkwo,741,Germany,Male,48.0,4,166824.59,1,1.0,1.0,171096.2,0
18335,15679611,Chukwufumnanya,779,Germany,Male,31.0,7,141040.01,1,1.0,1.0,77830.36,0
18348,15681174,Chukwumaobim,743,Germany,Female,37.0,9,103898.54,1,1.0,1.0,86985.37,1
18353,15796334,Chukwualuka,558,Germany,Male,39.0,10,144757.02,1,1.0,1.0,22878.16,0
18356,15622230,T'ien,614,Germany,Female,32.0,8,154969.79,1,0.0,0.0,166470.44,0
18362,15612107,Milano,741,Germany,Male,30.0,8,134944.0,2,1.0,1.0,177738.76,0
18367,15736463,Ozerova,605,Germany,Female,42.0,2,135134.99,1,1.0,1.0,92811.2,0
18368,15577274,Chia,681,Germany,Male,39.0,4,96654.72,2,1.0,1.0,101728.46,0
18372,15581700,Ginikanwa,735,Germany,Male,43.0,4,130788.71,1,1.0,0.0,114957.22,1
18376,15611248,Chukwukadibia,543,Germany,Female,58.0,3,124976.29,3,1.0,0.0,94845.94,1
18386,15567063,Manna,766,Germany,Female,34.0,6,106434.94,1,0.0,0.0,137452.57,0
18387,15795958,Chiu,709,Germany,Male,56.0,10,126120.77,1,1.0,0.0,111698.0,1
18403,15658670,Chien,669,Germany,Female,48.0,6,81523.38,2,1.0,1.0,84049.16,0
18413,15639552,Ch'ien,731,Germany,Female,57.0,4,133966.5,1,0.0,0.0,83468.58,1
18415,15680340,Okechukwu,724,Germany,Female,29.0,5,93616.35,2,1.0,0.0,134586.78,0
18428,15771054,Nwokeocha,629,Germany,Male,45.0,5,83624.55,2,1.0,0.0,36899.62,0
18430,15665524,Ts'ai,685,Germany,Male,48.0,3,88977.39,1,0.0,1.0,163558.36,0
18431,15690169,Nwankwo,614,Germany,Male,25.0,4,142917.78,2,1.0,0.0,50908.97,0
18432,15690188,L?,628,Germany,Female,36.0,7,117337.54,2,1.0,1.0,130610.78,0
18444,15642515,McIntyre,478,Germany,Female,45.0,7,92310.54,1,1.0,0.0,145792.01,0
18448,15783025,Piazza,728,Germany,Male,37.0,6,94661.53,2,1.0,1.0,106977.53,0
18457,15581811,Chukwubuikem,678,Germany,Female,30.0,1,139676.95,2,1.0,1.0,16146.0,0
18461,15665790,Nnonso,587,Germany,Female,50.0,3,115895.52,2,1.0,0.0,164769.9,0
18468,15593399,Ch'ien,681,Germany,Male,34.0,9,123151.03,2,0.0,0.0,88890.75,0
18470,15658890,Mitchell,629,Germany,Male,34.0,2,148853.29,2,1.0,1.0,24411.02,0
18484,15704813,Nnanna,656,Germany,Female,41.0,2,106290.84,2,0.0,1.0,172668.69,0
18487,15814331,Okwuadigbo,543,Germany,Female,36.0,2,130170.03,2,0.0,1.0,103557.16,0
18495,15794941,Chibueze,850,Germany,Female,58.0,7,85906.65,1,1.0,1.0,189159.97,1
18502,15692929,Okwudilichukwu,663,Germany,Female,37.0,7,0.0,2,1.0,0.0,121846.81,0
18507,15642735,Trevisani,665,Germany,Female,56.0,3,146780.23,2,1.0,1.0,77551.23,0
18510,15586680,Chinweuba,665,Germany,Male,41.0,2,139854.19,2,0.0,1.0,35450.56,0
18516,15619340,H?,714,Germany,Female,38.0,3,102741.15,2,1.0,0.0,73564.88,0
18518,15610454,Poole,724,Germany,Female,33.0,7,119278.44,1,1.0,1.0,197148.24,0
18529,15772363,T'ang,772,Germany,Female,42.0,0,101979.16,1,1.0,0.0,90928.48,1
18542,15697020,Martin,827,Germany,Male,50.0,1,152685.4,1,1.0,0.0,157921.31,1
18552,15690954,Kao,762,Germany,Male,41.0,4,137367.94,2,1.0,0.0,123358.28,0
18554,15603111,H?,712,Germany,Male,37.0,3,134603.88,1,1.0,1.0,72496.05,0
18556,15774696,Clark,727,Germany,Male,75.0,1,106307.91,1,1.0,1.0,113428.77,0
18557,15647782,Brown,762,Germany,Female,33.0,9,152899.24,2,0.0,1.0,177130.33,0
18560,15792868,Milne,499,Germany,Female,36.0,1,111565.94,2,1.0,1.0,60954.45,0
18561,15664808,Nicoll,717,Germany,Male,39.0,9,138657.08,1,1.0,1.0,128815.33,0
18569,15581552,Lettiere,559,Germany,Male,28.0,2,127738.75,2,1.0,0.0,168080.43,0
18580,15639946,Genovesi,583,Germany,Male,41.0,4,57657.49,1,1.0,0.0,142538.31,0
18588,15673820,Hsieh,679,Germany,Male,41.0,9,105961.74,2,1.0,0.0,173835.53,0
18595,15756471,Okeke,792,Germany,Male,38.0,6,114370.82,2,1.0,0.0,88831.89,0
18598,15658306,Lo,741,Germany,Male,68.0,10,97705.99,1,1.0,1.0,61569.07,0
18606,15660541,Chukwufumnanya,720,Germany,Male,23.0,0,145578.28,2,1.0,0.0,119313.74,0
18607,15591766,Dodd,705,Germany,Female,25.0,3,103176.62,2,1.0,0.0,129590.18,0
18608,15668894,Ulyanova,590,Germany,Female,32.0,10,143829.2,1,1.0,0.0,141069.88,1
18617,15665536,Chukwudi,632,Germany,Male,29.0,5,133381.39,2,1.0,1.0,174770.25,0
18621,15591357,Cowger,498,Germany,Male,40.0,8,123372.3,2,1.0,0.0,115429.32,0
18625,15769959,Okwudiliolisa,599,Germany,Male,38.0,5,123544.21,2,1.0,0.0,85423.41,0
18627,15582910,Yermakova,704,Germany,Female,68.0,5,121260.11,3,1.0,0.0,149550.95,1
18628,15693205,Peng,604,Germany,Female,40.0,0,139290.41,1,1.0,0.0,182855.42,0
18631,15742229,Aksenov,679,Germany,Female,27.0,9,92474.05,2,1.0,0.0,132730.07,0
18634,15806230,Kao,701,Germany,Male,42.0,7,121681.82,2,0.0,1.0,23054.51,0
18635,15673837,Hsiung,730,Germany,Male,34.0,7,126872.6,1,1.0,1.0,90877.95,0
18636,15752321,Ch'eng,589,Germany,Male,26.0,5,119624.4,2,1.0,1.0,52311.1,0
18637,15656484,Chidumaga,645,Germany,Male,43.0,8,142702.65,2,0.0,1.0,97932.68,0
18639,15803526,Eremenko,697,Germany,Male,30.0,7,90536.81,2,1.0,1.0,78670.52,0
18649,15690589,Chia,646,Germany,Male,37.0,9,105522.06,1,1.0,0.0,128841.31,1
18651,15699467,Ts'ai,632,Germany,Female,31.0,3,127411.25,2,0.0,0.0,115029.9,0
18653,15683468,Chia,573,Germany,Female,33.0,1,106418.49,2,1.0,0.0,162599.28,0
18670,15601417,T'ang,681,Germany,Male,38.0,2,148863.17,1,1.0,1.0,90967.37,0
18674,15779991,Smith,776,Germany,Female,35.0,7,139994.59,1,0.0,0.0,144581.79,1
18675,15593715,Okechukwu,677,Germany,Female,41.0,7,58003.41,1,0.0,1.0,183682.09,0
18684,15644577,Wimble,579,Germany,Male,37.0,2,99773.85,1,1.0,0.0,54865.92,0
18685,15793070,Denisov,583,Germany,Male,48.0,5,106913.43,1,1.0,0.0,25881.0,1
18688,15763898,Ts'ui,685,Germany,Female,43.0,10,113034.31,1,1.0,1.0,90928.02,1
18689,15803005,Larionova,487,Germany,Male,38.0,10,63663.93,1,0.0,1.0,116537.96,0
18696,15810563,K?,678,Germany,Female,61.0,8,127847.86,2,1.0,1.0,159938.82,1
18697,15704910,Ma,599,Germany,Female,49.0,1,185544.36,1,1.0,1.0,170138.68,1
18699,15792489,Chien,579,Germany,Female,36.0,5,151762.74,1,1.0,1.0,45422.13,0
18703,15700965,Hsing,667,Germany,Female,36.0,2,104822.45,2,0.0,0.0,97465.44,0
18707,15706458,Pan,812,Germany,Male,39.0,5,115730.71,1,1.0,1.0,185599.34,0
18708,15593365,Ko,676,Germany,Male,49.0,8,82931.85,2,1.0,0.0,113860.81,0
18716,15650068,Johnson,511,Germany,Male,58.0,0,149117.31,1,1.0,1.0,162599.51,0
18717,15583549,Tien,850,Germany,Female,31.0,8,113657.71,1,0.0,0.0,182364.99,0
18727,15791279,Murray,701,Germany,Male,40.0,4,169742.64,1,1.0,1.0,153537.55,1
18728,15782335,Dike,706,Germany,Female,31.0,3,121435.22,2,1.0,1.0,155919.02,0
18731,15649523,Tien,724,Germany,Female,29.0,6,137602.29,1,1.0,0.0,43982.41,0
18734,15772073,L?,753,Germany,Male,34.0,2,136496.12,2,1.0,0.0,156476.05,0
18738,15802362,Newland,550,Germany,Male,45.0,0,160858.13,2,0.0,1.0,70399.71,0
18746,15591969,Kuo,809,Germany,Male,34.0,1,79706.25,2,1.0,0.0,165626.6,0
18750,15746490,Crocker,653,Germany,Male,24.0,6,117154.9,1,1.0,0.0,127744.02,1
18753,15683521,Chukwukadibia,644,Germany,Male,34.0,3,116927.43,2,1.0,0.0,172749.43,0
18756,15705034,Walker,718,Germany,Male,37.0,5,103563.93,2,1.0,1.0,236.45,0
18760,15697183,Uchenna,743,Germany,Male,42.0,5,102575.04,2,1.0,0.0,127022.87,1
18761,15756921,Lucchesi,588,Germany,Female,51.0,9,138847.06,1,0.0,0.0,598.2,1
18762,15690889,Chukwujamuike,762,Germany,Female,37.0,6,119963.45,1,1.0,0.0,73066.72,1
18766,15791321,Trentino,689,Germany,Female,46.0,4,91216.0,1,1.0,0.0,3449.22,1
18781,15777778,Chidiebere,732,Germany,Male,36.0,2,118235.7,2,0.0,1.0,178038.98,0
18787,15733888,Sells,718,Germany,Female,36.0,6,133868.21,1,1.0,1.0,27758.36,0
18788,15683338,Chia,581,Germany,Female,40.0,3,104902.58,1,1.0,0.0,155700.66,1
18791,15583857,Trevisan,749,Germany,Male,30.0,5,111375.32,2,0.0,0.0,2704.09,0
18792,15772381,H?,529,Germany,Male,38.0,5,134936.64,1,1.0,0.0,95859.19,1
18794,15593470,Nkemdilim,684,Germany,Male,25.0,8,125734.2,1,1.0,1.0,9241.83,0
18797,15689614,Piazza,547,Germany,Male,39.0,7,120145.93,2,1.0,1.0,129955.94,0
18799,15757577,Mironova,752,Germany,Male,43.0,8,107949.39,1,1.0,0.0,113656.85,1
18800,15812647,Scott,636,Germany,Male,32.0,1,135962.4,1,1.0,0.0,152298.28,0
18803,15673599,Zito,671,Germany,Female,47.0,8,109646.83,2,0.0,0.0,76373.38,0
18806,15631838,Hsiao,712,Germany,Male,40.0,6,102787.42,1,1.0,0.0,175853.64,1
18809,15617982,Fanucci,547,Germany,Male,41.0,8,82341.21,1,1.0,0.0,158650.16,1
18810,15768451,MacDonald,739,Germany,Male,40.0,5,149131.03,3,1.0,1.0,60036.99,0
18825,15613048,Ts'ai,669,Germany,Male,35.0,9,140197.18,2,1.0,1.0,88890.05,0
18842,15593943,Chukwunonso,723,Germany,Male,31.0,8,134740.24,2,1.0,1.0,110230.4,0
18850,15729083,Chidubem,814,Germany,Male,41.0,6,109528.28,2,1.0,1.0,179634.69,0
18851,15771573,Hsieh,699,Germany,Male,29.0,4,82647.15,2,1.0,1.0,168887.06,0
18858,15732269,Chidiebele,638,Germany,Female,44.0,9,144430.31,1,1.0,1.0,87066.89,1
18859,15582892,Nwokeocha,678,Germany,Male,49.0,10,122214.0,1,1.0,1.0,147530.06,0
18870,15785385,Milanesi,573,Germany,Male,24.0,8,118627.35,1,1.0,1.0,149853.85,0
18875,15793343,Yeh,549,Germany,Female,47.0,8,99219.47,2,1.0,1.0,122141.13,0
18882,15625698,Chialuka,489,Germany,Female,34.0,3,109541.55,1,1.0,0.0,113548.88,0
18889,15799186,Onyeorulu,478,Germany,Female,37.0,3,95741.75,1,1.0,1.0,126143.27,0
18896,15695819,Hsu,558,Germany,Male,44.0,3,121702.73,1,1.0,1.0,138051.19,0
18899,15641662,Enticknap,735,Germany,Male,39.0,5,117468.67,1,0.0,0.0,63705.9,1
18902,15663942,Ulyanov,786,Germany,Female,41.0,2,104336.43,2,0.0,0.0,159638.77,1
18912,15669922,Okeke,553,Germany,Male,53.0,3,138843.18,1,1.0,1.0,28415.8,0
18913,15742269,Maclean,643,Germany,Male,33.0,9,124209.02,1,0.0,1.0,50743.83,0
18914,15580203,Fetherstonhaugh,593,Germany,Male,66.0,7,101675.22,2,0.0,0.0,43821.56,1
18922,15738497,Chiu,707,Germany,Male,49.0,5,127560.46,2,1.0,1.0,153343.48,0
18925,15566030,Tu,493,Germany,Male,41.0,6,80542.81,1,0.0,0.0,88729.22,0
18934,15739972,Pinto,650,Germany,Female,45.0,4,152367.21,2,1.0,0.0,150835.21,0
18936,15583394,Lettiere,792,Germany,Female,32.0,2,120549.29,1,1.0,1.0,158973.45,1
18937,15588944,Sazonova,714,Germany,Female,28.0,5,182705.05,2,0.0,1.0,172363.41,0
18939,15569571,Davydova,584,Germany,Female,46.0,5,111063.73,1,1.0,0.0,120376.87,1
18941,15788068,Onwuamaegbu,651,Germany,Female,44.0,1,128131.73,1,0.0,0.0,101382.86,1
18943,15605926,Hs?,551,Germany,Female,42.0,1,106969.92,1,1.0,0.0,66561.89,1
18944,15808566,Ts'ai,598,Germany,Male,39.0,6,132767.74,1,1.0,0.0,143681.25,0
18947,15662461,Li,678,Germany,Male,38.0,1,119852.19,1,0.0,1.0,137789.64,1
18952,15762955,Nott,686,Germany,Male,29.0,8,126526.18,3,1.0,0.0,161457.88,1
18958,15670823,Hsueh,641,Germany,Female,42.0,1,116646.76,1,1.0,0.0,44731.8,1
18967,15583850,Davidson,672,Germany,Male,68.0,0,126061.51,1,1.0,1.0,184936.77,0
18969,15629299,Chinedum,704,Germany,Male,45.0,9,106937.06,1,1.0,0.0,163544.48,1
18970,15602551,Molineux,516,Germany,Male,22.0,3,102723.35,1,0.0,1.0,175894.24,1
18972,15619083,Martin,697,Germany,Female,43.0,9,115915.32,2,1.0,1.0,4777.87,1
18973,15711181,Nwankwo,731,Germany,Female,38.0,10,151513.9,1,1.0,1.0,193008.31,0
18990,15667932,DeRose,556,Germany,Female,41.0,5,132906.88,1,1.0,0.0,173486.39,1
18992,15603665,Colombo,638,Germany,Female,39.0,1,122501.28,2,1.0,1.0,95007.8,0
18998,15724334,Hsueh,591,Germany,Male,46.0,6,148074.79,1,1.0,0.0,172450.04,1
19000,15793311,O'Donnell,652,Germany,Male,44.0,3,107959.39,2,1.0,1.0,25650.04,0
19006,15652266,Ugorji,488,Germany,Male,39.0,7,152092.43,3,1.0,1.0,56908.41,1
19010,15661201,Chidumaga,822,Germany,Female,36.0,0,108883.1,1,1.0,0.0,70954.0,1
19011,15782336,Chiu,681,Germany,Female,32.0,1,109339.77,2,1.0,1.0,95562.84,0
19012,15786069,Sagese,670,Germany,Female,38.0,8,86948.9,1,1.0,0.0,176778.05,1
19015,15679048,Koger,558,Germany,Male,41.0,2,111589.67,1,1.0,0.0,150037.19,1
19018,15742210,Tuan,732,Germany,Female,52.0,4,84435.57,2,0.0,0.0,100919.41,0
19020,15798470,Wood,725,Germany,Male,57.0,3,103391.38,3,0.0,0.0,86622.56,1
19022,15598157,T'ang,659,Germany,Female,44.0,9,92833.89,1,1.0,0.0,94912.78,1
19026,15568819,Chikezie,711,Germany,Female,41.0,2,132796.04,2,1.0,1.0,191821.35,0
19028,15667871,Manna,685,Germany,Male,40.0,2,108735.38,2,1.0,1.0,78941.59,0
19030,15742638,Trevisani,438,Germany,Male,27.0,4,120596.93,3,0.0,0.0,107876.2,1
19032,15663987,Odinakachukwu,799,Germany,Male,41.0,9,88302.65,1,1.0,0.0,178373.93,0
19041,15787051,Hao,611,Germany,Female,36.0,1,126619.27,1,1.0,0.0,71178.09,1
19047,15604119,Johnstone,588,Germany,Male,58.0,0,152296.83,1,0.0,1.0,181490.42,0
19053,15630579,Austin,637,Germany,Male,40.0,7,122265.24,1,1.0,1.0,138552.74,0
19061,15742228,Yegorova,730,Germany,Male,38.0,4,110150.08,2,0.0,0.0,118948.96,0
19063,15674573,Chuang,594,Germany,Female,30.0,2,139835.94,2,1.0,0.0,166694.93,0
19067,15730657,Palerma,631,Germany,Male,47.0,5,102934.68,1,1.0,0.0,28280.8,1
19070,15776047,Ting,581,Germany,Female,49.0,4,102251.14,1,0.0,0.0,191070.01,1
19071,15775102,Onyemauchechukwu,516,Germany,Male,30.0,1,107772.96,2,1.0,1.0,166476.29,0
19081,15763055,Tisdall,655,Germany,Female,35.0,5,144852.21,1,1.0,1.0,158323.31,0
19083,15584930,Grimmett,734,Germany,Male,30.0,5,111375.32,2,1.0,0.0,2704.09,0
19084,15768201,Paterson,679,Germany,Female,47.0,7,110368.03,1,1.0,0.0,11384.45,1
19088,15723169,Fiorentino,850,Germany,Female,71.0,5,171283.91,2,0.0,1.0,136902.01,0
19102,15651823,Chin,735,Germany,Female,31.0,2,116197.25,2,1.0,0.0,56562.96,0
19109,15806467,Kao,569,Germany,Female,41.0,3,172325.67,1,0.0,0.0,103726.71,1
19117,15672945,Goliwe,694,Germany,Female,42.0,5,127397.34,1,0.0,0.0,91624.11,1
19119,15664543,Hs?,724,Germany,Male,28.0,7,102773.24,2,1.0,0.0,50679.62,0
19121,15626900,Yeh,721,Germany,Male,40.0,2,82531.05,1,0.0,1.0,173793.53,0
19124,15592787,Chiazagomekpere,652,Germany,Male,35.0,3,122314.55,1,1.0,1.0,76515.44,0
19144,15610454,Moore,499,Germany,Female,33.0,0,147187.84,1,0.0,0.0,14868.94,0
19151,15751022,Bowhay,737,Germany,Male,37.0,6,121532.17,1,1.0,0.0,73464.88,0
19163,15731463,Chukwuemeka,567,Germany,Female,33.0,5,81623.67,1,1.0,0.0,149913.82,1
19174,15649487,Sal,578,Germany,Female,38.0,4,113150.44,1,0.0,1.0,176712.59,0
19185,15689031,Yobanna,504,Germany,Male,40.0,0,89750.21,1,0.0,1.0,181204.5,0
19187,15798960,Hs?,564,Germany,Male,48.0,8,121355.99,1,0.0,0.0,181294.39,1
19193,15776947,Cattaneo,575,Germany,Female,36.0,8,112668.96,2,0.0,0.0,100538.8,0
19196,15577970,Clements,549,Germany,Male,35.0,3,122338.21,2,1.0,0.0,147090.9,0
19203,15806467,Mazzi,721,Germany,Male,34.0,1,139561.96,1,1.0,0.0,117060.2,0
19204,15629008,Chukwudi,639,Germany,Male,36.0,5,102530.27,1,1.0,0.0,167087.07,1
19208,15683471,Bitter,593,Germany,Female,38.0,2,80925.84,2,1.0,0.0,121409.09,1
19209,15814772,Chikelu,599,Germany,Female,26.0,7,113599.42,2,1.0,0.0,124071.71,0
19213,15699446,Manfrin,653,Germany,Female,31.0,5,128270.56,2,1.0,1.0,139356.3,0
19216,15801296,Chiang,850,Germany,Female,31.0,3,118724.81,2,1.0,1.0,88820.09,0
19218,15684319,Chukwueloka,651,Germany,Male,35.0,7,104339.11,1,1.0,1.0,72993.67,0
19219,15694644,Chukwujamuike,695,Germany,Female,47.0,3,121513.31,1,1.0,0.0,47468.56,1
19237,15734177,Genovese,711,Germany,Male,39.0,9,96863.13,1,1.0,1.0,199105.88,0
19238,15569452,Miller,579,Germany,Female,39.0,10,116353.2,2,1.0,0.0,193502.9,1
19240,15628893,McNeil,559,Germany,Male,31.0,0,136910.64,1,0.0,0.0,124597.59,0
19243,15587611,Ch'ang,680,Germany,Male,36.0,9,123177.01,2,1.0,1.0,175071.29,0
19244,15659175,Chiazagomekpere,632,Germany,Male,35.0,5,98993.55,2,1.0,0.0,126763.94,0
19248,15745324,Chukwudi,627,Germany,Female,49.0,7,123070.97,1,1.0,0.0,86678.51,1
19258,15749381,Onwumelu,531,Germany,Female,33.0,5,121151.05,2,0.0,0.0,182765.9,0
19260,15677064,T'ang,592,Germany,Female,41.0,9,102773.16,2,1.0,1.0,171770.23,0
19261,15625944,Genovesi,850,Germany,Male,38.0,9,138847.9,2,1.0,0.0,120511.03,0
19267,15662488,Chuang,850,Germany,Male,39.0,8,127723.25,2,0.0,0.0,122960.98,0
19275,15605855,Cattaneo,590,Germany,Female,39.0,4,123187.21,1,1.0,0.0,45418.25,0
19278,15726186,Chimaobim,578,Germany,Male,39.0,2,147602.25,2,1.0,0.0,92647.94,0
19283,15656522,Pirozzi,542,Germany,Male,26.0,8,121453.63,1,1.0,0.0,75732.25,1
19284,15694395,Shih,778,Germany,Female,37.0,1,107985.68,2,1.0,0.0,55324.08,0
19287,15627162,Blesing,623,Germany,Male,27.0,6,125552.96,1,1.0,1.0,105291.26,0
19293,15797900,Ting,706,Germany,Male,27.0,4,108555.07,2,1.0,1.0,71333.44,0
19299,15594812,Ch'ang,707,Germany,Male,48.0,4,128472.02,1,1.0,1.0,162968.97,0
19303,15718289,Hsing,651,Germany,Female,30.0,7,118627.59,1,1.0,1.0,120906.87,0
19308,15631872,Hsiao,638,Germany,Female,47.0,2,106070.89,2,1.0,1.0,182960.46,1
19317,15583764,Shih,669,Germany,Female,44.0,7,115137.26,1,0.0,1.0,44965.44,0
19319,15737542,Davey,611,Germany,Female,36.0,10,103294.56,2,1.0,1.0,160548.12,0
19320,15664523,Colombo,696,Germany,Female,43.0,8,122021.92,3,1.0,0.0,33828.64,1
19339,15595039,Manna,545,Germany,Male,37.0,8,114754.08,1,1.0,1.0,136050.44,0
19350,15767893,Chiu,471,Germany,Female,45.0,5,159037.32,1,0.0,1.0,96615.23,1
19361,15659031,Chidubem,687,Germany,Male,26.0,6,91716.64,1,1.0,0.0,166682.57,0
19367,15640377,Krichauff,587,Germany,Male,39.0,8,125962.83,2,1.0,0.0,65963.43,0
19372,15681439,Marshall,705,Germany,Female,36.0,4,154206.07,1,1.0,1.0,160162.42,0
19378,15794401,Smith,738,Germany,Female,29.0,1,116320.45,1,1.0,0.0,181177.9,1
19388,15755890,Fiorentini,632,Germany,Male,39.0,8,111362.77,1,1.0,0.0,145544.26,1
19390,15611371,Fetherstonhaugh,850,Germany,Female,44.0,9,111290.76,1,1.0,1.0,162763.15,0
19392,15615477,Ch'eng,639,Germany,Female,47.0,5,141806.0,2,1.0,0.0,103557.85,1
19404,15787026,Onwuatuegwu,627,Germany,Female,27.0,1,185267.45,2,1.0,1.0,77027.34,0
19411,15681990,Palmerston,497,Germany,Female,24.0,9,111743.43,2,1.0,0.0,55859.27,1
19415,15751167,Uspenskaya,709,Germany,Male,41.0,8,119496.25,2,1.0,0.0,70784.38,0
19417,15798424,Glover,699,Germany,Male,38.0,5,130878.75,1,1.0,1.0,51637.67,1
19423,15663964,Toscani,554,Germany,Male,30.0,2,110827.49,1,1.0,0.0,165675.01,1
19445,15679991,Kennedy,695,Germany,Male,29.0,6,146422.22,2,1.0,1.0,180934.67,0
19448,15596921,Ch'eng,714,Germany,Female,42.0,3,132403.56,2,1.0,0.0,9983.4,0
19451,15571668,Onochie,841,Germany,Female,29.0,9,167953.8,2,0.0,0.0,183872.0,0
19452,15755223,Ts'ao,696,Germany,Male,24.0,4,150926.99,2,0.0,1.0,119817.19,0
19453,15785542,Dann,593,Germany,Female,63.0,1,118233.81,1,0.0,1.0,24765.53,0
19463,15704586,Ritchie,624,Germany,Male,53.0,8,117020.09,1,1.0,0.0,148799.71,0
19468,15778154,Nnonso,628,Germany,Male,27.0,4,122227.71,2,1.0,1.0,14217.77,0
19474,15592461,Lo Duca,603,Germany,Male,26.0,4,109166.37,1,1.0,1.0,92840.67,0
19480,15709016,North,687,Germany,Female,40.0,1,91219.29,1,0.0,0.0,158845.49,0
19483,15590730,Chiemenam,636,Germany,Male,36.0,7,81732.88,2,1.0,0.0,140763.18,0
19485,15748552,Lord,664,Germany,Male,33.0,4,155393.32,2,0.0,0.0,143433.33,0
19490,15618950,Lo Duca,570,Germany,Female,35.0,8,102882.4,1,1.0,1.0,113051.57,0
19494,15671366,Akhtar,708,Germany,Female,47.0,3,93888.51,1,1.0,0.0,177638.78,1
19496,15600997,Ch'ang,681,Germany,Female,23.0,2,124954.94,2,1.0,0.0,120892.65,0
19503,15750264,Pinto,775,Germany,Male,30.0,6,139290.41,1,1.0,0.0,62980.96,1
19504,15781347,Okagbue,600,Germany,Male,41.0,2,99842.5,1,1.0,1.0,91196.67,1
19509,15706268,Ts'ao,686,Germany,Female,41.0,8,147910.3,1,1.0,1.0,53581.14,0
19511,15617482,Milanesi,489,Germany,Female,52.0,3,131441.51,1,1.0,1.0,37240.11,0
19514,15773421,Chigbogu,603,Germany,Female,48.0,1,133377.8,2,1.0,0.0,55701.62,1
19520,15784092,Ting,850,Germany,Female,41.0,6,160566.11,1,0.0,1.0,10074.05,0
19529,15757534,Hao,753,Germany,Female,45.0,4,133628.09,1,1.0,0.0,139919.38,1
19530,15740404,Achebe,634,Germany,Male,45.0,9,119624.6,1,1.0,0.0,161574.19,0
19539,15723989,Chukwudi,703,Germany,Male,38.0,6,161757.87,2,1.0,1.0,126469.09,0
19540,15595831,Shen,611,Germany,Female,41.0,4,145215.43,1,1.0,1.0,164083.72,1
19541,15790355,Henty,681,Germany,Male,55.0,2,116563.65,1,1.0,0.0,132467.99,1
19542,15641390,Ku,587,Germany,Female,50.0,5,145262.88,2,0.0,0.0,109608.18,1
19544,15682521,Akabueze,539,Germany,Female,51.0,9,132647.95,1,0.0,0.0,66896.28,1
19552,15641366,DeRose,684,Germany,Male,42.0,3,117413.67,1,0.0,0.0,172363.41,1
19566,15686963,Onyemauchechukwu,743,Germany,Male,33.0,5,137853.0,1,0.0,0.0,181224.56,0
19572,15614220,Bergamaschi,628,Germany,Female,47.0,2,145974.79,1,0.0,1.0,121232.62,1
19574,15598046,Johnstone,583,Germany,Male,40.0,9,128352.59,3,1.0,1.0,61636.22,0
19581,15662263,Nwora,733,Germany,Female,32.0,6,182275.23,1,1.0,1.0,113810.12,0
19584,15613463,Hackett,593,Germany,Male,31.0,6,132598.38,1,1.0,1.0,166586.99,0
19590,15575581,Dickson,614,Germany,Female,32.0,3,131344.52,2,1.0,0.0,54776.64,0
19599,15776733,H?,718,Germany,Female,44.0,1,114655.58,2,0.0,0.0,163570.25,0
19612,15581480,Hsueh,558,Germany,Male,28.0,7,123811.19,1,0.0,1.0,91884.7,0
19624,15781702,Pirogov,558,Germany,Female,59.0,6,111396.97,2,0.0,1.0,191070.01,0
19625,15731553,Ch'eng,586,Germany,Female,39.0,2,153467.27,2,1.0,0.0,86761.6,0
19626,15782210,T'ien,579,Germany,Male,31.0,9,152987.98,1,1.0,0.0,128548.66,1
19627,15802869,Martin,756,Germany,Male,25.0,9,99169.67,2,1.0,0.0,78650.95,0
19630,15661554,Okwudilichukwu,687,Germany,Female,34.0,7,120599.19,1,1.0,1.0,105818.05,0
19634,15723013,Chukwuhaenye,682,Germany,Female,51.0,9,73211.12,1,1.0,0.0,151365.84,1
19639,15800482,Martin,577,Germany,Female,46.0,0,113978.97,1,0.0,0.0,11199.04,1
19641,15626474,McIntosh,724,Germany,Male,31.0,1,152899.24,2,0.0,0.0,63736.17,0
19645,15652627,Trevisani,678,Germany,Female,26.0,1,114514.71,2,1.0,0.0,51709.12,1
19646,15795580,Bovee,596,Germany,Female,35.0,9,107907.12,1,1.0,1.0,163783.0,0
19648,15791321,Lombardi,521,Germany,Female,31.0,2,106086.42,1,1.0,1.0,156868.21,0
19650,15796351,Tsao,583,Germany,Male,29.0,4,105346.03,2,1.0,0.0,127528.84,0
19655,15585379,Mazzi,714,Germany,Male,43.0,3,123973.38,4,1.0,0.0,77879.17,1
19664,15623944,T'ien,712,Germany,Female,45.0,4,80958.36,1,1.0,0.0,1643.11,1
19666,15582066,Ting,756,Germany,Female,28.0,0,127290.61,1,1.0,1.0,121747.96,1
19672,15800620,H?,735,Germany,Male,38.0,2,123040.03,1,1.0,0.0,184350.24,1
19681,15604556,Ojiofor,529,Germany,Female,30.0,1,128015.54,2,1.0,1.0,115789.25,0
19685,15593943,Ugochukwu,599,Germany,Female,27.0,2,81132.21,2,1.0,0.0,177092.16,0
19692,15589348,Mao,681,Germany,Female,45.0,2,118897.1,1,1.0,1.0,132861.9,1
19706,15693205,Peng,691,Germany,Female,41.0,2,109153.96,3,1.0,1.0,148848.76,1
19707,15643679,Kambinachi,584,Germany,Male,49.0,6,106422.18,1,1.0,0.0,172097.4,1
19709,15705899,Chien,681,Germany,Male,48.0,10,131063.18,1,0.0,0.0,175843.53,1
19714,15579515,Ch'ien,644,Germany,Male,35.0,1,121703.28,2,1.0,1.0,147964.39,0
19728,15705001,Folliero,638,Germany,Male,55.0,9,111257.59,1,0.0,1.0,70849.47,1
19731,15683955,Hsia,725,Germany,Male,35.0,5,123599.49,1,1.0,1.0,163558.36,0
19732,15684925,Nwankwo,676,Germany,Male,38.0,9,82498.14,2,1.0,1.0,153983.99,0
19733,15660475,Ndubueze,678,Germany,Male,39.0,7,137843.8,1,1.0,1.0,115022.94,0
19734,15605826,Korovina,622,Germany,Male,34.0,10,121063.49,1,0.0,0.0,151481.86,0
19737,15729771,Davide,799,Germany,Male,32.0,9,154586.92,1,0.0,1.0,88604.89,1
19743,15790599,P'eng,712,Germany,Female,42.0,7,145726.55,1,1.0,0.0,176576.6,1
19744,15683471,Hansen,778,Germany,Male,38.0,4,97318.25,2,0.0,0.0,78416.14,0
19750,15690164,Tsai,546,Germany,Male,42.0,9,86351.85,2,0.0,0.0,57380.13,0
19754,15788096,Yudin,619,Germany,Male,21.0,8,118889.52,1,0.0,1.0,138851.07,0
19757,15648890,Ch'ang,714,Germany,Male,62.0,7,105102.5,1,1.0,1.0,15658.99,1
19760,15592091,Chia,588,Germany,Male,25.0,10,93616.61,2,1.0,1.0,93336.97,0
19767,15715510,Eluemuno,678,Germany,Male,29.0,8,95984.69,1,1.0,0.0,73551.44,1
19774,15692594,Hs?,825,Germany,Male,25.0,6,150186.43,1,1.0,0.0,158852.45,0
19779,15804816,Pinto,633,Germany,Male,51.0,1,96863.41,2,1.0,0.0,64724.24,1
19780,15622003,Chiu,644,Germany,Male,63.0,1,113711.57,1,1.0,0.0,96875.28,1
19784,15796414,Aksenov,774,Germany,Male,35.0,8,109805.99,1,0.0,1.0,85801.59,0
19786,15725034,Onyemauchechukwu,691,Germany,Female,48.0,7,115488.31,2,1.0,1.0,199761.48,0
19788,15762829,Smith,605,Germany,Female,36.0,3,108887.91,1,1.0,0.0,120893.03,1
19794,15612043,Yermakov,728,Germany,Male,40.0,4,115924.89,1,1.0,1.0,143628.31,0
19798,15766066,Chiu,572,Germany,Female,40.0,9,164496.99,2,1.0,0.0,16402.11,0
19801,15590810,Toscani,583,Germany,Female,33.0,1,137964.04,1,1.0,0.0,108891.2,1
19803,15714054,Nwebube,704,Germany,Female,35.0,3,113688.63,1,1.0,1.0,86937.2,0
19806,15648067,Kruglova,833,Germany,Female,59.0,2,120731.39,1,1.0,0.0,182247.77,1
19808,15692761,Onwudiwe,739,Germany,Male,42.0,9,181627.14,2,1.0,0.0,172668.39,0
19812,15763095,Chukwujamuike,711,Germany,Male,43.0,1,160132.88,1,0.0,1.0,60552.51,0
19827,15811842,Ts'ao,732,Germany,Female,49.0,10,88477.36,1,1.0,0.0,133871.83,1
19835,15589017,Nnamutaezinwa,834,Germany,Male,45.0,1,104786.54,3,0.0,0.0,111243.09,1
19836,15619340,Ch'ien,683,Germany,Male,49.0,4,88915.85,1,1.0,0.0,182025.95,1
19837,15612966,Milani,545,Germany,Female,60.0,7,128981.07,1,1.0,0.0,176924.21,1
19840,15601351,Fanucci,655,Germany,Female,28.0,5,120135.55,2,1.0,0.0,149537.43,0
19842,15682021,Lai,471,Germany,Male,40.0,6,104592.55,2,1.0,0.0,131736.23,0
19850,15747677,Cribb,774,Germany,Male,41.0,5,141069.43,1,0.0,0.0,159823.14,0
19853,15775295,Martin,763,Germany,Female,42.0,6,118633.08,1,0.0,0.0,60032.46,1
19863,15679967,Tung,716,Germany,Male,59.0,3,114899.55,1,1.0,0.0,101348.76,0
19869,15572022,Udinese,775,Germany,Male,48.0,4,117160.32,1,1.0,0.0,119712.78,1
19874,15721460,Martin,652,Germany,Male,34.0,8,185932.18,2,1.0,1.0,122810.53,0
19880,15781598,Cheng,785,Germany,Male,48.0,9,122031.55,1,0.0,0.0,33823.5,1
19881,15713854,De Mestre,558,Germany,Male,47.0,0,91827.73,2,1.0,0.0,169826.7,1
19887,15752857,Palerma,751,Germany,Male,52.0,6,98443.14,2,0.0,0.0,92033.98,0
19889,15753549,Hsiung,619,Germany,Male,50.0,9,121237.65,1,1.0,0.0,140763.18,1
19895,15578603,Pearce,631,Germany,Male,33.0,1,77354.37,2,0.0,0.0,138192.98,0
19896,15721730,Hsing,645,Germany,Female,58.0,7,125921.37,1,0.0,0.0,152740.15,1
19901,15672027,Onyemachukwu,686,Germany,Male,37.0,2,124781.67,2,1.0,0.0,122580.48,0
19905,15581526,Iweobiegbulam,574,Germany,Male,41.0,1,58469.37,2,1.0,0.0,70550.0,0
19906,15732963,Milanesi,629,Germany,Male,40.0,8,116498.22,1,1.0,0.0,143086.09,1
19909,15781534,Rapuluolisa,536,Germany,Female,40.0,4,121520.36,1,0.0,0.0,77178.42,1
19911,15609949,Tien,683,Germany,Female,39.0,8,164957.96,2,0.0,0.0,109623.31,0
19916,15600992,Uspenskaya,627,Germany,Male,43.0,2,109663.56,2,1.0,1.0,155053.08,0
19918,15785865,Gibbons,706,Germany,Male,44.0,9,108589.47,1,1.0,0.0,26362.4,1
19933,15772773,Tuan,705,Germany,Male,29.0,1,108239.5,2,1.0,1.0,90896.09,0
19939,15788676,Y?,526,Germany,Male,42.0,9,103549.24,1,1.0,0.0,64375.4,1
19948,15686983,Rohu,678,Germany,Female,25.0,10,76968.12,2,1.0,0.0,131501.72,0
19949,15751477,Aitken,638,Germany,Female,43.0,4,106917.52,1,1.0,0.0,87412.36,1
19957,15720671,Ibezimako,704,Germany,Male,42.0,8,129735.3,2,1.0,1.0,179565.57,0
19960,15589496,Nnamutaezinwa,581,Germany,Female,48.0,10,109974.47,1,1.0,0.0,77965.43,1
19962,15750248,Palerma,752,Germany,Female,43.0,6,138076.47,2,1.0,0.0,154767.34,0
19967,15641622,Ch'iu,589,Germany,Female,38.0,7,132724.2,2,1.0,0.0,136592.09,0
19975,15790336,Tokareva,825,Germany,Female,36.0,6,71142.77,2,1.0,0.0,122433.09,1
19977,15648064,Kennedy,629,Germany,Male,33.0,2,190125.43,2,0.0,0.0,21793.59,0
19979,15748608,Shih,585,Germany,Male,38.0,8,155062.6,1,1.0,1.0,160968.44,0
19980,15601787,Greco,641,Germany,Male,35.0,2,103711.56,2,0.0,1.0,192464.21,0
19982,15640521,Chidumaga,538,Germany,Female,33.0,8,128644.46,2,1.0,0.0,28226.15,0
19986,15581525,Walker,775,Germany,Male,33.0,5,83501.66,2,1.0,1.0,128841.31,0
19989,15806926,Ebelechukwu,548,Germany,Female,33.0,6,106871.81,1,1.0,0.0,153382.28,1
19995,15693732,Yermakova,722,Germany,Female,44.0,7,123276.69,1,0.0,0.0,58883.91,1
